dma_code,date,mnf,daily_total,cusum_cplus
DM-01-01-01-01,2026-07-08,,1133.0,
DM-01-01-01-01,2026-07-09,62.125,2047.0,
DM-01-01-01-01,2026-07-10,67.625,2069.25,
DM-01-01-01-01,2026-07-11,63.75,2144.75,
DM-01-01-01-01,2026-07-12,63.125,2100.5,
DM-01-01-01-01,2026-07-13,69.875,1992.25,
DM-01-01-01-01,2026-07-14,69.625,2145.25,
DM-01-01-01-01,2026-07-15,52.125,2033.25,
DM-01-01-01-01,2026-07-16,52.5,1999.75,
DM-01-01-01-01,2026-07-17,53.25,2012.5,
DM-01-01-01-01,2026-07-18,51.125,1967.0,
DM-01-01-01-01,2026-07-19,45.0,1882.75,
DM-01-01-01-01,2026-07-20,47.375,1815.25,
DM-01-01-01-01,2026-07-21,46.25,1793.0,
DM-01-01-01-01,2026-07-22,46.875,1850.75,0.0
DM-01-01-01-01,2026-07-23,46.75,1865.0,0.0
DM-01-01-01-01,2026-07-24,48.375,1878.5,0.0
DM-01-01-01-01,2026-07-25,47.125,1893.25,0.0
DM-01-01-01-01,2026-07-26,43.125,1891.75,0.0
DM-01-01-01-01,2026-07-27,45.625,1901.0,0.0
DM-01-01-01-01,2026-07-28,45.5,1940.5,0.0
DM-01-01-01-01,2026-07-29,46.375,1950.5,0.0
DM-01-01-01-01,2026-07-30,45.125,1884.5,0.0
DM-01-01-01-01,2026-07-31,45.75,1809.0,0.0
DM-01-01-01-01,2026-08-01,45.375,1813.75,0.0
DM-01-01-01-01,2026-08-02,43.0,1891.75,0.0
DM-01-01-01-01,2026-08-03,44.75,1856.5,0.0
DM-01-01-01-01,2026-08-04,46.125,1844.75,0.0
DM-01-01-01-01,2026-08-05,44.75,1834.5,0.0
DM-01-01-02-01,2026-07-08,,1498.75,
DM-01-01-02-01,2026-07-09,168.375,3142.0,
DM-01-01-02-01,2026-07-10,168.125,3164.75,
DM-01-01-02-01,2026-07-11,177.625,3159.5,
DM-01-01-02-01,2026-07-12,181.125,3178.0,
DM-01-01-02-01,2026-07-13,170.5,3169.25,
DM-01-01-02-01,2026-07-14,60.188,3022.88,
DM-01-01-02-01,2026-07-15,56.125,3036.5,
DM-01-01-02-01,2026-07-16,61.0,3227.75,
DM-01-01-02-01,2026-07-17,58.875,3085.25,
DM-01-01-02-01,2026-07-18,62.75,3139.0,
DM-01-01-02-01,2026-07-19,61.0,3065.75,
DM-01-01-02-01,2026-07-20,57.0,3007.25,
DM-01-01-02-01,2026-07-21,59.125,3078.75,
DM-01-01-02-01,2026-07-22,60.0,3146.0,0.0
DM-01-01-02-01,2026-07-23,62.0,3180.25,0.0
DM-01-01-02-01,2026-07-24,54.875,3111.0,0.0
DM-01-01-02-01,2026-07-25,65.875,3155.75,0.0
DM-01-01-02-01,2026-07-26,62.125,3083.25,0.0
DM-01-01-02-01,2026-07-27,57.875,3006.5,0.0
DM-01-01-02-01,2026-07-28,59.375,2957.5,0.0
DM-01-01-02-01,2026-07-29,59.5,2956.75,0.0
DM-01-01-02-01,2026-07-30,62.0,2365.25,0.0
DM-01-01-02-01,2026-07-31,53.375,2439.0,0.0
DM-01-01-02-01,2026-08-01,56.625,2971.5,0.0
DM-01-01-02-01,2026-08-02,58.0,2981.75,0.0
DM-01-01-02-01,2026-08-03,52.625,1888.0,0.0
DM-01-01-02-01,2026-08-04,52.375,2907.75,0.0
DM-01-01-02-01,2026-08-05,51.5,2901.75,0.0
DM-01-01-02-02,2026-07-08,,539.5,
DM-01-01-02-02,2026-07-09,24.0,893.75,
DM-01-01-02-02,2026-07-10,25.5,913.5,
DM-01-01-02-02,2026-07-11,23.5,912.0,
DM-01-01-02-02,2026-07-12,24.25,914.5,
DM-01-01-02-02,2026-07-13,24.875,916.0,
DM-01-01-02-02,2026-07-14,25.75,924.5,
DM-01-01-02-02,2026-07-15,23.375,885.75,
DM-01-01-02-02,2026-07-16,24.75,869.75,
DM-01-01-02-02,2026-07-17,24.625,887.75,
DM-01-01-02-02,2026-07-18,24.5,930.0,
DM-01-01-02-02,2026-07-19,25.25,939.0,
DM-01-01-02-02,2026-07-20,25.25,903.5,
DM-01-01-02-02,2026-07-21,25.0,902.75,
DM-01-01-02-02,2026-07-22,24.125,882.25,0.0
DM-01-01-02-02,2026-07-23,23.5,880.0,0.0
DM-01-01-02-02,2026-07-24,24.125,874.25,0.0
DM-01-01-02-02,2026-07-25,22.75,910.5,0.0
DM-01-01-02-02,2026-07-26,22.625,875.5,0.0
DM-01-01-02-02,2026-07-27,24.25,856.75,0.0
DM-01-01-02-02,2026-07-28,24.125,885.5,0.0
DM-01-01-02-02,2026-07-29,23.375,844.5,0.0
DM-01-01-02-02,2026-07-30,22.75,870.25,0.0
DM-01-01-02-02,2026-07-31,23.5,860.5,0.0
DM-01-01-02-02,2026-08-01,23.75,882.0,0.0
DM-01-01-02-02,2026-08-02,22.625,904.0,0.0
DM-01-01-02-02,2026-08-03,24.5,955.25,0.0
DM-01-01-02-02,2026-08-04,25.125,897.5,0.111
DM-01-01-02-02,2026-08-05,24.125,844.5,0.0
DM-01-01-05-01,2026-07-08,,2287.5,
DM-01-01-05-01,2026-07-09,99.625,3815.75,
DM-01-01-05-01,2026-07-10,98.75,3960.75,
DM-01-01-05-01,2026-07-11,93.75,3918.75,
DM-01-01-05-01,2026-07-12,105.75,3890.25,
DM-01-01-05-01,2026-07-13,96.0,3880.5,
DM-01-01-05-01,2026-07-14,98.875,3945.0,
DM-01-01-05-01,2026-07-15,99.125,3857.75,
DM-01-01-05-01,2026-07-16,100.875,4061.25,
DM-01-01-05-01,2026-07-17,104.75,3805.5,
DM-01-01-05-01,2026-07-18,95.875,3912.75,
DM-01-01-05-01,2026-07-19,91.875,3870.75,
DM-01-01-05-01,2026-07-20,100.25,3772.25,
DM-01-01-05-01,2026-07-21,100.5,3827.5,
DM-01-01-05-01,2026-07-22,105.625,3928.75,4.824
DM-01-01-05-01,2026-07-23,108.25,3922.75,12.272
DM-01-01-05-01,2026-07-24,103.625,3961.75,15.096
DM-01-01-05-01,2026-07-25,99.125,3944.0,13.42
DM-01-01-05-01,2026-07-26,94.25,3884.25,6.868
DM-01-01-05-01,2026-07-27,100.625,3792.25,6.692
DM-01-01-05-01,2026-07-28,93.75,3649.5,0.0
DM-01-01-05-01,2026-07-29,108.25,3695.75,7.449
DM-01-01-05-01,2026-07-30,95.375,3757.25,2.022
DM-01-01-05-01,2026-07-31,98.0,3675.75,0.0
DM-01-01-05-01,2026-08-01,94.625,3744.75,0.0
DM-01-01-05-01,2026-08-02,92.25,3820.25,0.0
DM-01-01-05-01,2026-08-03,98.25,3866.25,0.0
DM-01-01-05-01,2026-08-04,99.625,3755.75,0.0
DM-01-01-05-01,2026-08-05,99.375,3772.75,0.0
DM-01-02-02-01,2026-07-08,,3441.0,
DM-01-02-02-01,2026-07-09,237.375,7098.75,
DM-01-02-02-01,2026-07-10,318.875,8007.5,
DM-01-02-02-01,2026-07-11,286.25,8126.5,
DM-01-02-02-01,2026-07-12,273.875,8190.75,
DM-01-02-02-01,2026-07-13,307.875,7842.75,
DM-01-02-02-01,2026-07-14,317.375,7593.0,
DM-01-02-02-01,2026-07-15,196.625,8047.0,
DM-01-02-02-01,2026-07-16,214.5,8367.75,
DM-01-02-02-01,2026-07-17,220.5,8413.5,
DM-01-02-02-01,2026-07-18,221.5,8433.5,
DM-01-02-02-01,2026-07-19,201.875,7926.25,
DM-01-02-02-01,2026-07-20,186.5,7690.25,
DM-01-02-02-01,2026-07-21,197.625,7825.25,
DM-01-02-02-01,2026-07-22,203.375,7455.25,0.0
DM-01-02-02-01,2026-07-23,213.75,7433.5,0.0
DM-01-02-02-01,2026-07-24,203.375,7864.75,0.0
DM-01-02-02-01,2026-07-25,198.75,8096.5,0.0
DM-01-02-02-01,2026-07-26,196.5,8007.0,0.0
DM-01-02-02-01,2026-07-27,191.625,7823.75,0.0
DM-01-02-02-01,2026-07-28,184.375,7778.75,0.0
DM-01-02-02-01,2026-07-29,183.5,7764.0,0.0
DM-01-02-02-01,2026-07-30,184.625,7683.0,0.0
DM-01-02-02-01,2026-07-31,185.75,7551.75,0.0
DM-01-02-02-01,2026-08-01,195.375,7863.25,0.0
DM-01-02-02-01,2026-08-02,201.25,8030.5,0.0
DM-01-02-02-01,2026-08-03,199.25,7860.25,0.0
DM-01-02-02-01,2026-08-04,202.5,8119.0,0.0
DM-01-02-02-01,2026-08-05,224.0,8044.0,0.0
DM-01-02-02-02,2026-07-08,,163.0,
DM-01-02-02-02,2026-07-09,5.125,543.5,
DM-01-02-02-02,2026-07-10,42.625,716.0,
DM-01-02-02-02,2026-07-11,51.5,855.0,
DM-01-02-02-02,2026-07-12,51.375,862.75,
DM-01-02-02-02,2026-07-13,44.375,731.0,
DM-01-02-02-02,2026-07-14,10.062,742.0,
DM-01-02-02-02,2026-07-15,12.375,822.0,
DM-01-02-02-02,2026-07-16,22.0,965.5,
DM-01-02-02-02,2026-07-17,28.375,1098.75,
DM-01-02-02-02,2026-07-18,17.5,993.0,
DM-01-02-02-02,2026-07-19,8.625,798.5,
DM-01-02-02-02,2026-07-20,6.625,715.5,
DM-01-02-02-02,2026-07-21,7.0,687.0,
DM-01-02-02-02,2026-07-22,24.0,808.5,0.0
DM-01-02-02-02,2026-07-23,39.25,825.25,6.993
DM-01-02-02-02,2026-07-24,8.875,783.25,0.0
DM-01-02-02-02,2026-07-25,8.375,820.75,0.0
DM-01-02-02-02,2026-07-26,3.375,780.5,0.0
DM-01-02-02-02,2026-07-27,15.375,791.5,0.0
DM-01-02-02-02,2026-07-28,9.0,808.25,0.0
DM-01-02-02-02,2026-07-29,9.875,801.25,0.0
DM-01-02-02-02,2026-07-30,8.125,633.25,0.0
DM-01-02-02-02,2026-07-31,3.0,654.0,0.0
DM-01-02-02-02,2026-08-01,5.125,650.0,0.0
DM-01-02-02-02,2026-08-02,4.0,650.25,0.0
DM-01-02-02-02,2026-08-03,2.25,520.25,0.0
DM-01-02-02-02,2026-08-04,2.75,458.25,0.0
DM-01-02-02-02,2026-08-05,9.0,538.5,0.0
DM-01-02-04-02,2026-07-15,48.5,2036.0,
DM-01-02-04-02,2026-07-16,42.875,1933.25,
DM-01-02-04-02,2026-07-17,46.5,1951.5,
DM-01-02-04-02,2026-07-18,43.25,2128.0,
DM-01-02-04-02,2026-07-19,47.75,2140.25,
DM-01-02-04-02,2026-07-20,45.625,1960.0,
DM-01-02-04-02,2026-07-21,44.25,1929.0,
DM-01-02-04-02,2026-07-22,46.375,2008.75,
DM-01-02-04-02,2026-07-23,49.25,1989.25,
DM-01-02-04-02,2026-07-24,46.75,2028.0,
DM-01-02-04-02,2026-07-25,45.125,2066.25,
DM-01-02-04-02,2026-07-26,42.875,2018.25,
DM-01-02-04-02,2026-07-27,45.5,1983.25,
DM-01-02-04-02,2026-07-28,45.0,1963.75,
DM-01-02-04-02,2026-07-29,45.625,1983.25,0.0
DM-01-02-04-02,2026-07-30,46.75,1992.5,0.101
DM-01-02-04-02,2026-07-31,46.75,1951.25,0.202
DM-01-02-04-02,2026-08-01,47.0,1984.25,0.553
DM-01-02-04-02,2026-08-02,44.125,2039.75,0.0
DM-01-02-04-02,2026-08-03,45.625,2006.25,0.0
DM-01-02-04-02,2026-08-04,44.875,1978.25,0.0
DM-01-02-04-02,2026-08-05,44.375,1950.5,0.0
DM-01-02-05-01,2026-07-08,,1232.0,
DM-01-02-05-01,2026-07-09,122.5,2185.25,
DM-01-02-05-01,2026-07-10,128.125,2260.0,
DM-01-02-05-01,2026-07-11,130.75,2344.0,
DM-01-02-05-01,2026-07-12,126.875,2380.0,
DM-01-02-05-01,2026-07-13,127.625,2308.0,
DM-01-02-05-01,2026-07-14,126.375,2574.25,
DM-01-02-05-01,2026-07-15,58.75,2349.5,
DM-01-02-05-01,2026-07-16,57.5,2283.0,
DM-01-02-05-01,2026-07-17,58.125,2298.25,
DM-01-02-05-01,2026-07-18,56.625,2431.25,
DM-01-02-05-01,2026-07-19,58.75,2442.0,
DM-01-02-05-01,2026-07-20,55.0,2281.0,
DM-01-02-05-01,2026-07-21,53.0,2253.0,
DM-01-02-05-01,2026-07-22,53.0,2215.25,0.0
DM-01-02-05-01,2026-07-23,52.625,2238.5,0.0
DM-01-02-05-01,2026-07-24,55.625,2262.0,0.0
DM-01-02-05-01,2026-07-25,55.25,2328.25,0.0
DM-01-02-05-01,2026-07-26,53.375,2330.5,0.0
DM-01-02-05-01,2026-07-27,54.375,2250.0,0.0
DM-01-02-05-01,2026-07-28,54.0,2260.0,0.0
DM-01-02-05-01,2026-07-29,55.125,2263.0,0.0
DM-01-02-05-01,2026-07-30,55.125,2253.75,0.0
DM-01-02-05-01,2026-07-31,58.625,2257.25,0.0
DM-01-02-05-01,2026-08-01,54.625,2282.75,0.0
DM-01-02-05-01,2026-08-02,56.5,2372.5,0.0
DM-01-02-05-01,2026-08-03,53.375,2290.75,0.0
DM-01-02-05-01,2026-08-04,54.75,2271.0,0.0
DM-01-02-05-01,2026-08-05,56.0,2233.25,0.0
DM-01-03-04-01,2026-07-15,269.75,10257.0,
DM-01-03-04-01,2026-07-16,275.0,10515.5,
DM-01-03-04-01,2026-07-17,270.375,10620.75,
DM-01-03-04-01,2026-07-18,294.5,10876.0,
DM-01-03-04-01,2026-07-19,287.875,11075.75,
DM-01-03-04-01,2026-07-20,274.25,10825.25,
DM-01-03-04-01,2026-07-21,274.25,10783.5,
DM-01-03-04-01,2026-07-22,269.25,10673.0,
DM-01-03-04-01,2026-07-23,272.375,10754.25,
DM-01-03-04-01,2026-07-24,273.625,10776.25,
DM-01-03-04-01,2026-07-25,293.125,11059.5,
DM-01-03-04-01,2026-07-26,287.75,10864.75,
DM-01-03-04-01,2026-07-27,275.625,10532.5,
DM-01-03-04-01,2026-07-28,272.625,10318.25,
DM-01-03-04-01,2026-07-29,271.375,10313.25,0.0
DM-01-03-04-01,2026-07-30,269.875,10407.75,0.0
DM-01-03-04-01,2026-07-31,271.0,10433.5,0.0
DM-01-03-04-01,2026-08-01,292.75,10765.75,10.601
DM-01-03-04-01,2026-08-02,300.375,10994.25,28.827
DM-01-03-04-01,2026-08-03,276.875,10925.75,23.553
DM-01-03-04-01,2026-08-04,280.125,11050.75,21.53
DM-01-03-04-01,2026-08-05,279.5,11015.5,18.881
DM-01-03-05-01,2026-07-08,,3331.0,
DM-01-03-05-01,2026-07-09,112.5,5972.75,
DM-01-03-05-01,2026-07-10,120.375,5886.25,
DM-01-03-05-01,2026-07-11,95.5,6017.75,
DM-01-03-05-01,2026-07-12,96.375,6039.5,
DM-01-03-05-01,2026-07-13,134.0,5836.25,
DM-01-03-05-01,2026-07-14,115.25,6608.25,
DM-01-03-05-01,2026-07-15,74.5,5867.25,
DM-01-03-05-01,2026-07-16,115.25,5884.0,
DM-01-03-05-01,2026-07-17,84.75,5780.5,
DM-01-03-05-01,2026-07-18,33.875,5694.75,
DM-01-03-05-01,2026-07-19,49.5,5761.25,
DM-01-03-05-01,2026-07-20,56.125,5675.0,
DM-01-03-05-01,2026-07-21,59.0,5741.0,
DM-01-03-05-01,2026-07-22,64.75,5907.0,0.0
DM-01-03-05-01,2026-07-23,84.375,2851.5,0.0
DM-01-03-05-01,2026-07-24,109.25,5671.25,5.932
DM-01-03-05-01,2026-07-25,82.125,5779.0,0.0
DM-01-03-05-01,2026-07-26,82.875,5815.25,0.0
DM-01-03-05-01,2026-07-27,126.125,5853.75,22.807
DM-01-03-05-01,2026-07-28,107.125,5857.0,26.614
DM-01-03-05-01,2026-07-29,113.375,5820.25,36.67
DM-01-03-05-01,2026-07-30,101.125,5887.75,34.477
DM-01-03-05-01,2026-07-31,99.625,5483.75,30.784
DM-01-03-05-01,2026-08-01,52.875,5544.75,0.0
DM-01-03-05-01,2026-08-02,55.75,5723.5,0.0
DM-01-03-05-01,2026-08-03,108.125,5757.0,4.807
DM-01-03-05-01,2026-08-04,97.875,5653.0,0.0
DM-01-03-05-01,2026-08-05,68.875,5587.25,0.0
DM-01-03-06-01,2026-07-08,,1597.0,
DM-01-03-06-01,2026-07-09,48.75,2517.0,
DM-01-03-06-01,2026-07-10,53.0,2537.5,
DM-01-03-06-01,2026-07-11,48.5,2539.25,
DM-01-03-06-01,2026-07-12,46.0,2498.25,
DM-01-03-06-01,2026-07-13,46.375,2478.0,
DM-01-03-06-01,2026-07-14,51.0,2486.75,
DM-01-03-06-01,2026-07-15,52.625,2495.25,
DM-01-03-06-01,2026-07-16,54.125,2446.5,
DM-01-03-06-01,2026-07-17,54.5,2432.5,
DM-01-03-06-01,2026-07-18,43.875,2356.75,
DM-01-03-06-01,2026-07-19,42.625,2358.25,
DM-01-03-06-01,2026-07-20,45.0,2366.75,
DM-01-03-06-01,2026-07-21,47.125,2337.25,
DM-01-03-06-01,2026-07-22,46.0,2330.0,0.0
DM-01-03-06-01,2026-07-23,51.375,2322.0,0.726
DM-01-03-06-01,2026-07-24,44.625,2363.75,0.0
DM-01-03-06-01,2026-07-25,45.375,2337.25,0.0
DM-01-03-06-01,2026-07-26,47.25,2353.5,0.0
DM-01-03-06-01,2026-07-27,52.0,2347.5,1.351
DM-01-03-06-01,2026-07-28,50.875,2356.25,1.577
DM-01-03-06-01,2026-07-29,48.25,2328.25,0.0
DM-01-03-06-01,2026-07-30,47.375,2340.5,0.0
DM-01-03-06-01,2026-07-31,51.375,2308.25,0.726
DM-01-03-06-01,2026-08-01,42.0,2322.0,0.0
DM-01-03-06-01,2026-08-02,40.625,2385.75,0.0
DM-01-03-06-01,2026-08-03,42.875,2413.75,0.0
DM-01-03-06-01,2026-08-04,41.25,2383.25,0.0
DM-01-03-06-01,2026-08-05,35.875,2338.0,0.0
DM-01-04-05-01,2026-07-08,,2128.25,
DM-01-04-05-01,2026-07-09,27.75,3318.75,
DM-01-04-05-01,2026-07-10,38.375,3280.5,
DM-01-04-05-01,2026-07-11,18.125,3300.75,
DM-01-04-05-01,2026-07-12,22.75,3239.75,
DM-01-04-05-01,2026-07-13,22.875,3102.25,
DM-01-04-05-01,2026-07-14,27.0,3088.5,
DM-01-04-05-01,2026-07-15,31.875,3005.75,
DM-01-04-05-01,2026-07-16,38.125,3119.75,
DM-01-04-05-01,2026-07-17,38.625,3164.25,
DM-01-04-05-01,2026-07-18,11.375,3028.0,
DM-01-04-05-01,2026-07-19,12.75,2908.25,
DM-01-04-05-01,2026-07-20,25.0,3001.5,
DM-01-04-05-01,2026-07-21,17.625,2932.25,
DM-01-04-05-01,2026-07-22,22.625,3037.75,0.0
DM-01-04-05-01,2026-07-23,36.0,3182.75,5.973
DM-01-04-05-01,2026-07-24,27.5,3078.5,3.447
DM-01-04-05-01,2026-07-25,17.625,3070.25,0.0
DM-01-04-05-01,2026-07-26,14.5,3030.75,0.0
DM-01-04-05-01,2026-07-27,28.0,3139.0,0.0
DM-01-04-05-01,2026-07-28,23.5,3168.5,0.0
DM-01-04-05-01,2026-07-29,32.5,3234.0,2.473
DM-01-04-05-01,2026-07-30,15.75,3169.75,0.0
DM-01-04-05-01,2026-07-31,26.5,3126.5,0.0
DM-01-04-05-01,2026-08-01,10.75,3106.75,0.0
DM-01-04-05-01,2026-08-02,6.625,3025.5,0.0
DM-01-04-05-01,2026-08-03,16.25,3023.0,0.0
DM-01-04-05-01,2026-08-04,26.625,2931.75,0.0
DM-01-04-05-01,2026-08-05,12.5,3482.25,0.0
DM-01-04-05-02,2026-07-08,,3999.25,
DM-01-04-05-02,2026-07-09,91.75,6356.0,
DM-01-04-05-02,2026-07-10,104.375,6168.0,
DM-01-04-05-02,2026-07-11,87.75,6230.5,
DM-01-04-05-02,2026-07-12,85.375,6324.25,
DM-01-04-05-02,2026-07-13,85.875,6026.25,
DM-01-04-05-02,2026-07-14,84.625,5907.75,
DM-01-04-05-02,2026-07-15,109.625,6040.25,
DM-01-04-05-02,2026-07-16,102.375,5963.25,
DM-01-04-05-02,2026-07-17,118.125,6065.25,
DM-01-04-05-02,2026-07-18,69.25,5953.75,
DM-01-04-05-02,2026-07-19,77.125,5956.5,
DM-01-04-05-02,2026-07-20,98.875,6044.75,
DM-01-04-05-02,2026-07-21,84.5,5941.75,
DM-01-04-05-02,2026-07-22,90.875,5925.5,0.0
DM-01-04-05-02,2026-07-23,105.75,6064.0,6.894
DM-01-04-05-02,2026-07-24,90.125,6119.0,0.0
DM-01-04-05-02,2026-07-25,83.75,6004.25,0.0
DM-01-04-05-02,2026-07-26,89.25,6101.75,0.0
DM-01-04-05-02,2026-07-27,96.875,6186.25,0.0
DM-01-04-05-02,2026-07-28,91.625,5957.0,0.0
DM-01-04-05-02,2026-07-29,92.25,6084.25,0.0
DM-01-04-05-02,2026-07-30,88.125,6121.25,0.0
DM-01-04-05-02,2026-07-31,93.5,5830.5,0.0
DM-01-04-05-02,2026-08-01,60.625,5979.0,0.0
DM-01-04-05-02,2026-08-02,56.25,5837.75,0.0
DM-01-04-05-02,2026-08-03,72.0,5951.75,0.0
DM-01-04-05-02,2026-08-04,84.25,5819.0,0.0
DM-01-04-05-02,2026-08-05,39.625,5895.0,0.0
DM-01-04-06-01,2026-07-08,,6363.5,
DM-01-04-06-01,2026-07-09,258.875,10295.25,
DM-01-04-06-01,2026-07-10,259.625,10271.5,
DM-01-04-06-01,2026-07-11,306.375,10441.5,
DM-01-04-06-01,2026-07-12,324.625,10516.75,
DM-01-04-06-01,2026-07-13,262.25,10606.25,
DM-01-04-06-01,2026-07-14,262.0,10403.25,
DM-01-04-06-01,2026-07-15,265.75,10504.5,
DM-01-04-06-01,2026-07-16,260.625,10322.0,
DM-01-04-06-01,2026-07-17,262.0,10481.5,
DM-01-04-06-01,2026-07-18,328.75,10825.5,
DM-01-04-06-01,2026-07-19,315.25,10904.75,
DM-01-04-06-01,2026-07-20,261.0,10734.0,
DM-01-04-06-01,2026-07-21,263.75,10727.0,
DM-01-04-06-01,2026-07-22,273.375,10404.5,0.0
DM-01-04-06-01,2026-07-23,260.75,10279.5,0.0
DM-01-04-06-01,2026-07-24,265.125,10594.75,0.0
DM-01-04-06-01,2026-07-25,316.625,10652.0,23.934
DM-01-04-06-01,2026-07-26,310.125,10524.25,41.367
DM-01-04-06-01,2026-07-27,260.625,10214.5,9.301
DM-01-04-06-01,2026-07-28,259.75,9980.25,0.0
DM-01-04-06-01,2026-07-29,262.25,9958.5,0.0
DM-01-04-06-01,2026-07-30,259.125,9989.5,0.0
DM-01-04-06-01,2026-07-31,260.875,10082.75,0.0
DM-01-04-06-01,2026-08-01,322.75,10510.25,30.059
DM-01-04-06-01,2026-08-02,327.25,10575.25,64.617
DM-01-04-06-01,2026-08-03,267.375,10607.5,39.301
DM-01-04-06-01,2026-08-04,267.75,10582.75,14.36
DM-01-04-06-01,2026-08-05,285.875,10308.0,7.543
DM-01-04-07-01,2026-07-08,,3722.0,
DM-01-04-07-01,2026-07-09,73.25,5632.25,
DM-01-04-07-01,2026-07-10,78.0,5601.0,
DM-01-04-07-01,2026-07-11,68.5,5642.25,
DM-01-04-07-01,2026-07-12,108.5,5736.0,
DM-01-04-07-01,2026-07-13,82.375,5495.5,
DM-01-04-07-01,2026-07-14,70.625,5427.25,
DM-01-04-07-01,2026-07-15,97.5,5496.75,
DM-01-04-07-01,2026-07-16,90.75,5438.75,
DM-01-04-07-01,2026-07-17,95.25,5507.0,
DM-01-04-07-01,2026-07-18,68.75,5427.75,
DM-01-04-07-01,2026-07-19,73.375,5547.25,
DM-01-04-07-01,2026-07-20,107.25,5551.5,
DM-01-04-07-01,2026-07-21,83.625,5468.0,
DM-01-04-07-01,2026-07-22,83.25,5374.0,0.0
DM-01-04-07-01,2026-07-23,96.125,5481.25,4.873
DM-01-04-07-01,2026-07-24,77.75,5484.0,0.0
DM-01-04-07-01,2026-07-25,73.125,5421.75,0.0
DM-01-04-07-01,2026-07-26,82.25,5564.25,0.0
DM-01-04-07-01,2026-07-27,88.5,5530.5,0.0
DM-01-04-07-01,2026-07-28,77.75,5373.0,0.0
DM-01-04-07-01,2026-07-29,87.0,5545.25,0.0
DM-01-04-07-01,2026-07-30,77.75,5748.75,0.0
DM-01-04-07-01,2026-07-31,87.375,5273.75,0.0
DM-01-04-07-01,2026-08-01,61.75,5356.25,0.0
DM-01-04-07-01,2026-08-02,66.5,5339.0,0.0
DM-01-04-07-01,2026-08-03,66.75,5432.5,0.0
DM-01-04-07-01,2026-08-04,85.75,5453.25,0.0
DM-01-04-07-01,2026-08-05,47.875,4987.0,0.0
DM-01-05-01-01,2026-07-08,,3223.0,
DM-01-05-01-01,2026-07-09,113.125,5247.5,
DM-01-05-01-01,2026-07-10,115.875,5236.25,
DM-01-05-01-01,2026-07-11,126.625,5262.5,
DM-01-05-01-01,2026-07-12,126.125,5263.25,
DM-01-05-01-01,2026-07-13,117.25,5280.0,
DM-01-05-01-01,2026-07-14,118.375,5342.5,
DM-01-05-01-01,2026-07-15,127.0,5338.5,
DM-01-05-01-01,2026-07-16,123.75,5173.75,
DM-01-05-01-01,2026-07-17,133.25,5096.0,
DM-01-05-01-01,2026-07-18,109.75,5263.75,
DM-01-05-01-01,2026-07-19,112.875,5327.75,
DM-01-05-01-01,2026-07-20,115.75,5133.5,
DM-01-05-01-01,2026-07-21,110.75,5105.0,
DM-01-05-01-01,2026-07-22,114.75,5046.75,0.0
DM-01-05-01-01,2026-07-23,112.5,4888.75,0.0
DM-01-05-01-01,2026-07-24,111.625,4939.5,0.0
DM-01-05-01-01,2026-07-25,117.625,5132.75,0.0
DM-01-05-01-01,2026-07-26,124.0,5269.75,1.203
DM-01-05-01-01,2026-07-27,108.25,5012.75,0.0
DM-01-05-01-01,2026-07-28,110.625,4957.75,0.0
DM-01-05-01-01,2026-07-29,117.875,5044.25,0.0
DM-01-05-01-01,2026-07-30,116.375,5050.5,0.0
DM-01-05-01-01,2026-07-31,115.75,5133.5,0.0
DM-01-05-01-01,2026-08-01,113.875,5001.5,0.0
DM-01-05-01-01,2026-08-02,117.75,5105.0,0.0
DM-01-05-01-01,2026-08-03,108.125,4971.25,0.0
DM-01-05-01-01,2026-08-04,116.125,4988.25,0.0
DM-01-05-01-01,2026-08-05,115.25,4890.5,0.0
DM-01-05-02-01,2026-07-08,,1799.0,
DM-01-05-02-01,2026-07-09,36.25,2777.0,
DM-01-05-02-01,2026-07-10,43.5,2795.75,
DM-01-05-02-01,2026-07-11,31.125,2639.25,
DM-01-05-02-01,2026-07-12,42.75,2669.25,
DM-01-05-02-01,2026-07-13,27.25,3346.75,
DM-01-05-02-01,2026-07-14,95.25,4146.5,
DM-01-05-02-01,2026-07-15,91.0,4001.25,
DM-01-05-02-01,2026-07-16,84.875,3868.75,
DM-01-05-02-01,2026-07-17,114.125,4004.25,
DM-01-05-02-01,2026-07-18,83.875,4133.5,
DM-01-05-02-01,2026-07-19,104.875,3939.0,
DM-01-05-02-01,2026-07-20,84.625,4180.0,
DM-01-05-02-01,2026-07-21,110.625,4173.75,
DM-01-05-02-01,2026-07-22,108.625,4120.75,20.147
DM-01-05-02-01,2026-07-23,85.125,3905.25,16.794
DM-01-05-02-01,2026-07-24,86.25,4066.25,14.566
DM-01-05-02-01,2026-07-25,85.875,4100.0,11.963
DM-01-05-02-01,2026-07-26,84.0,3979.0,7.485
DM-01-05-02-01,2026-07-27,84.25,3926.75,3.257
DM-01-05-02-01,2026-07-28,83.5,3757.5,0.0
DM-01-05-02-01,2026-07-29,101.75,3828.5,13.272
DM-01-05-02-01,2026-07-30,85.25,3890.25,10.044
DM-01-05-02-01,2026-07-31,84.125,3818.25,5.691
DM-01-05-02-01,2026-08-01,77.625,3887.0,0.0
DM-01-05-02-01,2026-08-02,82.75,3910.0,0.0
DM-01-05-02-01,2026-08-03,80.25,4027.5,0.0
DM-01-05-02-01,2026-08-04,84.5,4009.5,0.0
DM-01-05-02-01,2026-08-05,79.125,3978.25,0.0
DM-01-05-03-02,2026-07-08,,1420.25,
DM-01-05-03-02,2026-07-09,48.375,2218.25,
DM-01-05-03-02,2026-07-10,48.625,2247.0,
DM-01-05-03-02,2026-07-11,45.0,2233.25,
DM-01-05-03-02,2026-07-12,45.125,2215.25,
DM-01-05-03-02,2026-07-13,48.25,2239.5,
DM-01-05-03-02,2026-07-14,41.625,2114.25,
DM-01-05-03-02,2026-07-15,43.5,2199.5,
DM-01-05-03-02,2026-07-16,46.125,2180.25,
DM-01-05-03-02,2026-07-17,44.125,2184.75,
DM-01-05-03-02,2026-07-18,43.375,2303.25,
DM-01-05-03-02,2026-07-19,44.5,2330.25,
DM-01-05-03-02,2026-07-20,45.625,2338.5,
DM-01-05-03-02,2026-07-21,45.0,2420.75,
DM-01-05-03-02,2026-07-22,48.5,2419.25,2.167
DM-01-05-03-02,2026-07-23,50.5,2395.25,6.333
DM-01-05-03-02,2026-07-24,50.25,2487.25,10.25
DM-01-05-03-02,2026-07-25,51.25,2548.0,15.167
DM-01-05-03-02,2026-07-26,50.625,2525.5,19.458
DM-01-05-03-02,2026-07-27,49.125,2401.25,22.25
DM-01-05-03-02,2026-07-28,47.125,2291.75,23.041
DM-01-05-03-02,2026-07-29,47.625,2380.5,24.333
DM-01-05-03-02,2026-07-30,44.625,2386.5,22.625
DM-01-05-03-02,2026-07-31,48.0,2201.75,24.291
DM-01-05-03-02,2026-08-01,45.875,2295.25,23.833
DM-01-05-03-02,2026-08-02,46.0,2337.5,23.5
DM-01-05-03-02,2026-08-03,47.0,2392.0,24.166
DM-01-05-03-02,2026-08-04,47.625,2286.25,25.458
DM-01-05-03-02,2026-08-05,49.875,2418.25,28.999
DM-01-05-04-01,2026-07-08,,3302.5,
DM-01-05-04-01,2026-07-09,127.5,5143.0,
DM-01-05-04-01,2026-07-10,118.875,4979.25,
DM-01-05-04-01,2026-07-11,117.125,5069.5,
DM-01-05-04-01,2026-07-12,115.625,5027.75,
DM-01-05-04-01,2026-07-13,117.125,4847.25,
DM-01-05-04-01,2026-07-14,106.875,4751.5,
DM-01-05-04-01,2026-07-15,108.5,4712.75,
DM-01-05-04-01,2026-07-16,107.5,4667.5,
DM-01-05-04-01,2026-07-17,107.75,4730.5,
DM-01-05-04-01,2026-07-18,103.75,4920.0,
DM-01-05-04-01,2026-07-19,107.875,4946.75,
DM-01-05-04-01,2026-07-20,108.625,4493.75,
DM-01-05-04-01,2026-07-21,98.125,3796.5,
DM-01-05-04-01,2026-07-22,75.875,3359.25,0.0
DM-01-05-04-01,2026-07-23,76.75,3384.75,0.0
DM-01-05-04-01,2026-07-24,77.125,3437.25,0.0
DM-01-05-04-01,2026-07-25,75.625,3503.75,0.0
DM-01-05-04-01,2026-07-26,75.625,3503.0,0.0
DM-01-05-04-01,2026-07-27,73.875,3405.75,0.0
DM-01-05-04-01,2026-07-28,77.875,3369.75,0.0
DM-01-05-04-01,2026-07-29,77.25,3388.75,0.0
DM-01-05-04-01,2026-07-30,78.125,3425.25,0.0
DM-01-05-04-01,2026-07-31,78.75,3358.25,0.0
DM-01-05-04-01,2026-08-01,74.25,3460.0,0.0
DM-01-05-04-01,2026-08-02,76.25,3517.75,0.0
DM-01-05-04-01,2026-08-03,77.875,3429.0,0.0
DM-01-05-04-01,2026-08-04,75.375,3425.0,0.0
DM-01-05-04-01,2026-08-05,78.5,3413.75,0.0
DM-01-05-04-02,2026-07-08,,1375.75,
DM-01-05-04-02,2026-07-09,153.75,2613.75,
DM-01-05-04-02,2026-07-10,161.125,2669.25,
DM-01-05-04-02,2026-07-11,168.75,2759.75,
DM-01-05-04-02,2026-07-12,161.5,2724.75,
DM-01-05-04-02,2026-07-13,161.125,2729.5,
DM-01-05-04-02,2026-07-14,157.875,3036.75,
DM-01-05-04-02,2026-07-15,51.125,2666.25,
DM-01-05-04-02,2026-07-16,48.625,2552.75,
DM-01-05-04-02,2026-07-17,49.875,2608.75,
DM-01-05-04-02,2026-07-18,49.25,2825.25,
DM-01-05-04-02,2026-07-19,51.625,2775.75,
DM-01-05-04-02,2026-07-20,47.125,2686.25,
DM-01-05-04-02,2026-07-21,49.75,2708.75,
DM-01-05-04-02,2026-07-22,49.375,2646.25,0.0
DM-01-05-04-02,2026-07-23,48.375,2566.25,0.0
DM-01-05-04-02,2026-07-24,47.625,2689.25,0.0
DM-01-05-04-02,2026-07-25,50.375,2801.75,0.0
DM-01-05-04-02,2026-07-26,52.625,2781.75,0.0
DM-01-05-04-02,2026-07-27,49.75,2658.5,0.0
DM-01-05-04-02,2026-07-28,49.625,2549.5,0.0
DM-01-05-04-02,2026-07-29,51.5,2648.0,0.0
DM-01-05-04-02,2026-07-30,49.25,2650.5,0.0
DM-01-05-04-02,2026-07-31,49.75,2523.0,0.0
DM-01-05-04-02,2026-08-01,48.375,2606.0,0.0
DM-01-05-04-02,2026-08-02,49.5,2704.75,0.0
DM-01-05-04-02,2026-08-03,49.0,2807.0,0.0
DM-01-05-04-02,2026-08-04,57.75,2759.75,0.0
DM-01-05-04-02,2026-08-05,48.75,2594.5,0.0
DM-01-06-01-02,2026-07-10,25.25,1444.25,
DM-01-06-01-02,2026-07-11,23.25,1450.0,
DM-01-06-01-02,2026-07-12,24.75,1433.75,
DM-01-06-01-02,2026-07-13,21.375,1421.0,
DM-01-06-01-02,2026-07-14,22.25,1427.5,
DM-01-06-01-02,2026-07-15,21.375,1395.25,
DM-01-06-01-02,2026-07-16,22.125,1353.0,
DM-01-06-01-02,2026-07-17,22.25,1401.0,
DM-01-06-01-02,2026-07-18,20.875,1484.5,
DM-01-06-01-02,2026-07-19,21.625,1469.25,
DM-01-06-01-02,2026-07-20,22.25,1464.5,
DM-01-06-01-02,2026-07-21,21.75,1445.25,
DM-01-06-01-02,2026-07-22,20.75,1409.25,
DM-01-06-01-02,2026-07-23,23.375,1358.75,
DM-01-06-01-02,2026-07-24,23.875,1409.75,0.85
DM-01-06-01-02,2026-07-25,21.5,1463.0,0.0
DM-01-06-01-02,2026-07-26,22.25,1468.25,0.0
DM-01-06-01-02,2026-07-27,23.125,1373.25,0.1
DM-01-06-01-02,2026-07-28,21.375,1325.0,0.0
DM-01-06-01-02,2026-07-29,22.125,1383.75,0.0
DM-01-06-01-02,2026-07-30,22.875,1412.5,0.0
DM-01-06-01-02,2026-07-31,23.125,1335.5,0.1
DM-01-06-01-02,2026-08-01,20.125,1368.5,0.0
DM-01-06-01-02,2026-08-02,20.125,1405.25,0.0
DM-01-06-01-02,2026-08-03,21.25,1401.5,0.0
DM-01-06-01-02,2026-08-04,21.875,1389.5,0.0
DM-01-06-01-02,2026-08-05,20.875,1370.0,0.0
DM-01-06-02-02,2026-07-08,,2717.75,
DM-01-06-02-02,2026-07-09,184.0,5182.75,
DM-01-06-02-02,2026-07-10,181.375,5177.5,
DM-01-06-02-02,2026-07-11,170.0,5267.25,
DM-01-06-02-02,2026-07-12,182.125,5207.25,
DM-01-06-02-02,2026-07-13,208.5,5082.0,
DM-01-06-02-02,2026-07-14,206.0,5552.0,
DM-01-06-02-02,2026-07-15,130.625,5120.5,
DM-01-06-02-02,2026-07-16,125.5,5014.25,
DM-01-06-02-02,2026-07-17,125.875,5092.0,
DM-01-06-02-02,2026-07-18,121.625,5269.25,
DM-01-06-02-02,2026-07-19,127.375,5279.25,
DM-01-06-02-02,2026-07-20,126.875,5137.5,
DM-01-06-02-02,2026-07-21,125.25,5140.75,
DM-01-06-02-02,2026-07-22,126.0,5138.5,0.0
DM-01-06-02-02,2026-07-23,122.25,5099.25,0.0
DM-01-06-02-02,2026-07-24,129.25,5141.0,0.0
DM-01-06-02-02,2026-07-25,131.375,5570.25,0.0
DM-01-06-02-02,2026-07-26,130.25,5335.0,0.0
DM-01-06-02-02,2026-07-27,129.0,5205.75,0.0
DM-01-06-02-02,2026-07-28,125.125,5180.5,0.0
DM-01-06-02-02,2026-07-29,126.125,5204.5,0.0
DM-01-06-02-02,2026-07-30,119.0,2860.0,0.0
DM-01-06-02-02,2026-07-31,125.375,5024.25,0.0
DM-01-06-02-02,2026-08-01,119.0,5190.0,0.0
DM-01-06-02-02,2026-08-02,122.625,5263.25,0.0
DM-01-06-02-02,2026-08-03,118.0,5195.25,0.0
DM-01-06-02-02,2026-08-04,119.625,5193.5,0.0
DM-01-06-02-02,2026-08-05,110.25,5202.25,0.0
DM-01-06-04-01,2026-07-09,97.375,4939.0,
DM-01-06-04-01,2026-07-10,97.25,5094.0,
DM-01-06-04-01,2026-07-11,101.25,5231.88,
DM-01-06-04-01,2026-07-12,101.25,5231.88,
DM-01-06-04-01,2026-07-13,102.125,5136.25,
DM-01-06-04-01,2026-07-14,99.625,5057.5,
DM-01-06-04-01,2026-07-15,103.75,5134.75,
DM-01-06-04-01,2026-07-16,99.125,5030.25,
DM-01-06-04-01,2026-07-17,101.5,5150.0,
DM-01-06-04-01,2026-07-18,96.75,5451.5,
DM-01-06-04-01,2026-07-19,103.25,5455.5,
DM-01-06-04-01,2026-07-20,105.25,5320.75,
DM-01-06-04-01,2026-07-21,99.375,5353.25,
DM-01-06-04-01,2026-07-22,100.0,5198.0,
DM-01-06-04-01,2026-07-23,101.0,5057.25,0.0
DM-01-06-04-01,2026-07-24,100.0,5327.5,0.0
DM-01-06-04-01,2026-07-25,101.75,5532.75,0.0
DM-01-06-04-01,2026-07-26,105.875,5511.0,4.088
DM-01-06-04-01,2026-07-27,102.75,5260.75,5.051
DM-01-06-04-01,2026-07-28,98.75,5036.25,2.014
DM-01-06-04-01,2026-07-29,103.0,5200.5,3.227
DM-01-06-04-01,2026-07-30,98.25,5281.0,0.0
DM-01-06-04-01,2026-07-31,103.375,4985.5,1.588
DM-01-06-04-01,2026-08-01,101.5,5219.25,1.301
DM-01-06-04-01,2026-08-02,101.125,5326.5,0.639
DM-01-06-04-01,2026-08-03,104.5,5403.75,3.352
DM-01-06-04-01,2026-08-04,101.375,5330.5,2.94
DM-01-06-04-01,2026-08-05,105.5,5284.25,6.653
DM-01-06-04-02,2026-07-08,,3773.5,
DM-01-06-04-02,2026-07-09,133.25,6006.75,
DM-01-06-04-02,2026-07-10,128.25,6133.0,
DM-01-06-04-02,2026-07-11,137.75,6284.0,
DM-01-06-04-02,2026-07-12,135.5,6126.0,
DM-01-06-04-02,2026-07-13,129.25,6207.0,
DM-01-06-04-02,2026-07-14,138.25,6177.5,
DM-01-06-04-02,2026-07-15,137.125,6281.25,
DM-01-06-04-02,2026-07-16,138.25,5972.25,
DM-01-06-04-02,2026-07-17,132.75,6044.75,
DM-01-06-04-02,2026-07-18,127.75,6314.0,
DM-01-06-04-02,2026-07-19,130.5,6315.25,
DM-01-06-04-02,2026-07-20,128.25,6167.25,
DM-01-06-04-02,2026-07-21,133.125,6234.75,
DM-01-06-04-02,2026-07-22,130.75,6047.0,0.0
DM-01-06-04-02,2026-07-23,128.875,5864.25,0.0
DM-01-06-04-02,2026-07-24,124.5,6113.25,0.0
DM-01-06-04-02,2026-07-25,135.375,6355.75,0.366
DM-01-06-04-02,2026-07-26,134.0,6308.0,0.0
DM-01-06-04-02,2026-07-27,132.0,5988.25,0.0
DM-01-06-04-02,2026-07-28,119.375,5728.0,0.0
DM-01-06-04-02,2026-07-29,130.25,5865.0,0.0
DM-01-06-04-02,2026-07-30,121.25,5887.25,0.0
DM-01-06-04-02,2026-07-31,121.625,5651.5,0.0
DM-01-06-04-02,2026-08-01,121.125,5906.25,0.0
DM-01-06-04-02,2026-08-02,124.25,6109.5,0.0
DM-01-06-04-02,2026-08-03,123.125,6094.25,0.0
DM-01-06-04-02,2026-08-04,125.0,5660.5,0.0
DM-01-06-04-02,2026-08-05,160.25,5832.5,25.241
DM-01-06-05-01,2026-07-08,,2221.0,
DM-01-06-05-01,2026-07-09,158.0,4023.5,
DM-01-06-05-01,2026-07-10,162.25,4096.75,
DM-01-06-05-01,2026-07-11,136.5,4112.0,
DM-01-06-05-01,2026-07-12,130.125,3994.75,
DM-01-06-05-01,2026-07-13,157.25,3893.75,
DM-01-06-05-01,2026-07-14,146.25,4074.75,
DM-01-06-05-01,2026-07-15,82.0,3814.75,
DM-01-06-05-01,2026-07-16,82.5,3334.25,
DM-01-06-05-01,2026-07-17,63.25,2577.0,
DM-01-06-05-01,2026-07-18,64.875,2730.75,
DM-01-06-05-01,2026-07-19,63.125,2644.0,
DM-01-06-05-01,2026-07-20,64.875,2627.25,
DM-01-06-05-01,2026-07-21,64.125,2619.25,
DM-01-06-05-01,2026-07-22,63.0,3443.75,0.0
DM-01-06-05-01,2026-07-23,82.25,3952.25,0.0
DM-01-06-05-01,2026-07-24,83.125,4123.5,0.0
DM-01-06-05-01,2026-07-25,83.75,4213.0,0.0
DM-01-06-05-01,2026-07-26,87.0,4164.75,0.0
DM-01-06-05-01,2026-07-27,85.875,4011.75,0.0
DM-01-06-05-01,2026-07-28,82.625,3924.5,0.0
DM-01-06-05-01,2026-07-29,84.25,4017.25,0.0
DM-01-06-05-01,2026-07-30,81.375,4026.25,0.0
DM-01-06-05-01,2026-07-31,84.75,3938.75,0.0
DM-01-06-05-01,2026-08-01,83.625,4059.75,0.0
DM-01-06-05-01,2026-08-02,83.5,4129.25,0.0
DM-01-06-05-01,2026-08-03,85.0,4033.0,0.0
DM-01-06-05-01,2026-08-04,85.125,4043.5,0.0
DM-01-06-05-01,2026-08-05,82.875,3969.0,0.0
DM-01-07-01-01,2026-07-08,,2091.75,
DM-01-07-01-01,2026-07-09,210.0,4322.25,
DM-01-07-01-01,2026-07-10,220.625,4335.75,
DM-01-07-01-01,2026-07-11,233.875,4400.25,
DM-01-07-01-01,2026-07-12,236.0,4503.5,
DM-01-07-01-01,2026-07-13,223.5,4390.25,
DM-01-07-01-01,2026-07-14,76.062,4334.25,
DM-01-07-01-01,2026-07-15,78.25,4497.0,
DM-01-07-01-01,2026-07-16,71.75,4340.25,
DM-01-07-01-01,2026-07-17,76.125,4525.25,
DM-01-07-01-01,2026-07-18,77.875,4768.0,
DM-01-07-01-01,2026-07-19,75.75,4700.75,
DM-01-07-01-01,2026-07-20,74.5,4666.75,
DM-01-07-01-01,2026-07-21,73.25,4622.75,
DM-01-07-01-01,2026-07-22,68.625,4461.75,0.0
DM-01-07-01-01,2026-07-23,74.5,4261.0,0.0
DM-01-07-01-01,2026-07-24,74.375,4539.0,0.0
DM-01-07-01-01,2026-07-25,76.0,4574.25,0.0
DM-01-07-01-01,2026-07-26,74.25,4557.0,0.0
DM-01-07-01-01,2026-07-27,75.375,4307.75,0.0
DM-01-07-01-01,2026-07-28,69.5,4092.75,0.0
DM-01-07-01-01,2026-07-29,74.75,4229.0,0.0
DM-01-07-01-01,2026-07-30,74.375,4258.0,0.0
DM-01-07-01-01,2026-07-31,74.375,4049.5,0.0
DM-01-07-01-01,2026-08-01,74.75,4215.75,0.0
DM-01-07-01-01,2026-08-02,80.0,4278.5,0.0
DM-01-07-01-01,2026-08-03,84.0,4486.5,0.0
DM-01-07-01-01,2026-08-04,87.5,4413.25,0.0
DM-01-07-01-01,2026-08-05,88.0,4192.75,0.0
DM-01-07-02-01,2026-07-08,,2809.75,
DM-01-07-02-01,2026-07-09,89.25,4406.75,
DM-01-07-02-01,2026-07-10,95.375,4538.5,
DM-01-07-02-01,2026-07-11,90.625,4626.0,
DM-01-07-02-01,2026-07-12,91.875,4504.25,
DM-01-07-02-01,2026-07-13,95.0,4432.75,
DM-01-07-02-01,2026-07-14,88.5,4394.75,
DM-01-07-02-01,2026-07-15,94.125,4480.25,
DM-01-07-02-01,2026-07-16,97.5,4467.5,
DM-01-07-02-01,2026-07-17,102.625,4538.25,
DM-01-07-02-01,2026-07-18,87.25,4704.25,
DM-01-07-02-01,2026-07-19,92.375,4648.5,
DM-01-07-02-01,2026-07-20,94.125,4592.0,
DM-01-07-02-01,2026-07-21,93.75,4613.5,
DM-01-07-02-01,2026-07-22,88.125,4475.75,0.0
DM-01-07-02-01,2026-07-23,105.875,4508.75,10.657
DM-01-07-02-01,2026-07-24,95.375,4618.5,10.814
DM-01-07-02-01,2026-07-25,104.375,4740.0,19.971
DM-01-07-02-01,2026-07-26,99.25,4736.5,24.003
DM-01-07-02-01,2026-07-27,94.375,4650.0,23.16
DM-01-07-02-01,2026-07-28,94.125,4579.75,22.067
DM-01-07-02-01,2026-07-29,94.875,4622.75,21.724
DM-01-07-02-01,2026-07-30,93.0,4635.75,19.507
DM-01-07-02-01,2026-07-31,90.25,4462.5,14.539
DM-01-07-02-01,2026-08-01,87.75,4597.25,7.071
DM-01-07-02-01,2026-08-02,90.25,4681.25,2.103
DM-01-07-02-01,2026-08-03,90.125,4674.25,0.0
DM-01-07-02-01,2026-08-04,92.0,4305.75,0.0
DM-01-07-02-01,2026-08-05,102.875,4426.5,7.657
DM-01-07-02-03,2026-07-08,,629.75,
DM-01-07-02-03,2026-07-09,13.375,1417.75,
DM-01-07-02-03,2026-07-10,26.25,2118.25,
DM-01-07-02-03,2026-07-11,20.0,1150.75,
DM-01-07-02-03,2026-07-12,21.25,1130.25,
DM-01-07-02-03,2026-07-13,18.125,1098.25,
DM-01-07-02-03,2026-07-14,17.5,1093.5,
DM-01-07-02-03,2026-07-15,18.75,1082.5,
DM-01-07-02-03,2026-07-16,20.25,1098.0,
DM-01-07-02-03,2026-07-17,19.5,1123.75,
DM-01-07-02-03,2026-07-18,17.375,1186.25,
DM-01-07-02-03,2026-07-19,18.875,1176.75,
DM-01-07-02-03,2026-07-20,18.75,1165.5,
DM-01-07-02-03,2026-07-21,18.75,1154.5,
DM-01-07-02-03,2026-07-22,18.875,1120.75,0.0
DM-01-07-02-03,2026-07-23,19.5,1071.5,0.0
DM-01-07-02-03,2026-07-24,17.625,1094.0,0.0
DM-01-07-02-03,2026-07-25,21.0,1220.0,0.495
DM-01-07-02-03,2026-07-26,20.75,1192.75,0.739
DM-01-07-02-03,2026-07-27,21.0,1134.25,1.234
DM-01-07-02-03,2026-07-28,19.375,1099.0,0.104
DM-01-07-02-03,2026-07-29,19.5,1075.25,0.0
DM-01-07-02-03,2026-07-30,18.875,1094.25,0.0
DM-01-07-02-03,2026-07-31,19.125,1120.12,0.0
DM-01-07-02-03,2026-08-01,18.875,1161.25,0.0
DM-01-07-02-03,2026-08-02,20.0,1148.5,0.0
DM-01-07-02-03,2026-08-03,19.125,1145.75,0.0
DM-01-07-02-03,2026-08-04,19.125,1159.0,0.0
DM-01-07-02-03,2026-08-05,18.75,1091.5,0.0
DM-01-07-03-01,2026-07-08,,1811.75,
DM-01-07-03-01,2026-07-09,146.25,3282.25,
DM-01-07-03-01,2026-07-10,150.375,3221.0,
DM-01-07-03-01,2026-07-11,168.625,3322.5,
DM-01-07-03-01,2026-07-12,175.25,3382.75,
DM-01-07-03-01,2026-07-13,150.0,3197.25,
DM-01-07-03-01,2026-07-14,80.562,3272.75,
DM-01-07-03-01,2026-07-15,77.5,3243.25,
DM-01-07-03-01,2026-07-16,79.125,3211.5,
DM-01-07-03-01,2026-07-17,79.125,3234.0,
DM-01-07-03-01,2026-07-18,78.25,3405.75,
DM-01-07-03-01,2026-07-19,78.125,3395.25,
DM-01-07-03-01,2026-07-20,79.125,3274.5,
DM-01-07-03-01,2026-07-21,77.75,3248.75,
DM-01-07-03-01,2026-07-22,79.125,3262.5,0.0
DM-01-07-03-01,2026-07-23,80.625,3233.75,0.0
DM-01-07-03-01,2026-07-24,82.625,3287.0,0.0
DM-01-07-03-01,2026-07-25,80.375,3398.0,0.0
DM-01-07-03-01,2026-07-26,79.625,3367.25,0.0
DM-01-07-03-01,2026-07-27,79.875,3264.0,0.0
DM-01-07-03-01,2026-07-28,79.875,3259.75,0.0
DM-01-07-03-01,2026-07-29,81.75,3275.75,0.0
DM-01-07-03-01,2026-07-30,80.0,3305.75,0.0
DM-01-07-03-01,2026-07-31,79.875,3199.75,0.0
DM-01-07-03-01,2026-08-01,78.625,3259.25,0.0
DM-01-07-03-01,2026-08-02,82.625,3378.0,0.0
DM-01-07-03-01,2026-08-03,84.875,3263.0,0.0
DM-01-07-03-01,2026-08-04,84.5,3252.75,0.0
DM-01-07-03-01,2026-08-05,83.375,3146.0,0.0
DM-01-07-03-02,2026-07-08,,1340.0,
DM-01-07-03-02,2026-07-09,102.625,2097.0,
DM-01-07-03-02,2026-07-10,86.25,2029.5,
DM-01-07-03-02,2026-07-11,105.75,2118.25,
DM-01-07-03-02,2026-07-12,113.25,2190.5,
DM-01-07-03-02,2026-07-13,87.125,2045.5,
DM-01-07-03-02,2026-07-14,43.438,2063.88,
DM-01-07-03-02,2026-07-15,43.125,2070.0,
DM-01-07-03-02,2026-07-16,44.5,2067.25,
DM-01-07-03-02,2026-07-17,43.875,2054.5,
DM-01-07-03-02,2026-07-18,41.75,2183.75,
DM-01-07-03-02,2026-07-19,43.375,2197.25,
DM-01-07-03-02,2026-07-20,44.375,2048.25,
DM-01-07-03-02,2026-07-21,42.125,2036.25,
DM-01-07-03-02,2026-07-22,41.75,2030.5,0.0
DM-01-07-03-02,2026-07-23,42.5,2004.25,0.0
DM-01-07-03-02,2026-07-24,42.375,2045.25,0.0
DM-01-07-03-02,2026-07-25,44.875,2155.25,0.0
DM-01-07-03-02,2026-07-26,43.875,2162.5,0.0
DM-01-07-03-02,2026-07-27,44.125,2022.0,0.0
DM-01-07-03-02,2026-07-28,41.875,2043.5,0.0
DM-01-07-03-02,2026-07-29,43.5,2086.25,0.0
DM-01-07-03-02,2026-07-30,43.25,2086.25,0.0
DM-01-07-03-02,2026-07-31,43.25,1989.5,0.0
DM-01-07-03-02,2026-08-01,39.0,2060.5,0.0
DM-01-07-03-02,2026-08-02,40.5,2150.75,0.0
DM-01-07-03-02,2026-08-03,39.75,2087.5,0.0
DM-01-07-03-02,2026-08-04,41.5,2053.25,0.0
DM-01-07-03-02,2026-08-05,39.125,1990.75,0.0
DM-01-07-03-03,2026-07-09,42.75,2130.75,
DM-01-07-03-03,2026-07-10,43.875,2138.75,
DM-01-07-03-03,2026-07-11,42.438,2129.25,
DM-01-07-03-03,2026-07-12,42.438,2129.25,
DM-01-07-03-03,2026-07-13,43.875,2127.5,
DM-01-07-03-03,2026-07-14,42.5,2139.0,
DM-01-07-03-03,2026-07-15,44.625,2163.25,
DM-01-07-03-03,2026-07-16,43.125,2123.5,
DM-01-07-03-03,2026-07-17,43.0,2143.5,
DM-01-07-03-03,2026-07-18,42.75,2292.5,
DM-01-07-03-03,2026-07-19,43.5,2272.25,
DM-01-07-03-03,2026-07-20,43.0,2223.25,
DM-01-07-03-03,2026-07-21,44.125,2217.5,
DM-01-07-03-03,2026-07-22,44.75,2178.75,
DM-01-07-03-03,2026-07-23,43.375,2064.0,0.0
DM-01-07-03-03,2026-07-24,42.5,2107.5,0.0
DM-01-07-03-03,2026-07-25,41.875,2200.25,0.0
DM-01-07-03-03,2026-07-26,42.875,2194.5,0.0
DM-01-07-03-03,2026-07-27,41.5,2119.75,0.0
DM-01-07-03-03,2026-07-28,42.375,2047.5,0.0
DM-01-07-03-03,2026-07-29,42.0,2074.0,0.0
DM-01-07-03-03,2026-07-30,40.375,2096.75,0.0
DM-01-07-03-03,2026-07-31,42.125,2036.5,0.0
DM-01-07-03-03,2026-08-01,40.375,2078.5,0.0
DM-01-07-03-03,2026-08-02,40.875,2125.75,0.0
DM-01-07-03-03,2026-08-03,39.625,2112.25,0.0
DM-01-07-03-03,2026-08-04,39.875,2100.75,0.0
DM-01-07-03-03,2026-08-05,39.125,2009.25,0.0
DM-01-07-04-01,2026-07-08,,1068.5,
DM-01-07-04-01,2026-07-09,89.875,1969.5,
DM-01-07-04-01,2026-07-10,92.0,2003.25,
DM-01-07-04-01,2026-07-11,75.875,2017.75,
DM-01-07-04-01,2026-07-12,73.625,2013.0,
DM-01-07-04-01,2026-07-13,91.375,2011.5,
DM-01-07-04-01,2026-07-14,88.5,2204.75,
DM-01-07-04-01,2026-07-15,40.25,2034.75,
DM-01-07-04-01,2026-07-16,39.0,1986.25,
DM-01-07-04-01,2026-07-17,40.25,2026.75,
DM-01-07-04-01,2026-07-18,39.0,2146.0,
DM-01-07-04-01,2026-07-19,40.875,2121.0,
DM-01-07-04-01,2026-07-20,40.375,2115.5,
DM-01-07-04-01,2026-07-21,42.0,2118.25,
DM-01-07-04-01,2026-07-22,38.375,1999.75,0.0
DM-01-07-04-01,2026-07-23,41.875,2001.5,0.0
DM-01-07-04-01,2026-07-24,42.25,2044.5,0.0
DM-01-07-04-01,2026-07-25,41.875,2132.25,0.0
DM-01-07-04-01,2026-07-26,40.0,2089.25,0.0
DM-01-07-04-01,2026-07-27,39.75,2067.25,0.0
DM-01-07-04-01,2026-07-28,43.625,2034.75,0.0
DM-01-07-04-01,2026-07-29,44.0,2062.5,0.0
DM-01-07-04-01,2026-07-30,41.25,2049.0,0.0
DM-01-07-04-01,2026-07-31,42.5,2118.25,0.0
DM-01-07-04-01,2026-08-01,39.5,1987.5,0.0
DM-01-07-04-01,2026-08-02,38.125,1996.75,0.0
DM-01-07-04-01,2026-08-03,40.875,2010.0,0.0
DM-01-07-04-01,2026-08-04,41.25,2011.5,0.0
DM-01-07-04-01,2026-08-05,42.375,1978.5,0.0
DM-01-07-04-03,2026-07-08,,993.5,
DM-01-07-04-03,2026-07-09,77.0,1809.5,
DM-01-07-04-03,2026-07-10,78.625,1874.5,
DM-01-07-04-03,2026-07-11,66.625,1879.25,
DM-01-07-04-03,2026-07-12,64.625,1874.25,
DM-01-07-04-03,2026-07-13,78.5,1874.75,
DM-01-07-04-03,2026-07-14,74.25,1996.0,
DM-01-07-04-03,2026-07-15,33.25,1890.5,
DM-01-07-04-03,2026-07-16,31.75,1836.5,
DM-01-07-04-03,2026-07-17,33.0,1877.25,
DM-01-07-04-03,2026-07-18,30.75,2000.25,
DM-01-07-04-03,2026-07-19,33.625,2005.5,
DM-01-07-04-03,2026-07-20,35.625,2004.5,
DM-01-07-04-03,2026-07-21,33.25,1986.5,
DM-01-07-04-03,2026-07-22,33.25,1891.75,0.0
DM-01-07-04-03,2026-07-23,33.625,1811.5,0.0
DM-01-07-04-03,2026-07-24,31.875,1882.25,0.0
DM-01-07-04-03,2026-07-25,33.5,1959.25,0.0
DM-01-07-04-03,2026-07-26,33.0,1931.75,0.0
DM-01-07-04-03,2026-07-27,32.75,1887.5,0.0
DM-01-07-04-03,2026-07-28,32.25,1772.0,0.0
DM-01-07-04-03,2026-07-29,32.75,1840.5,0.0
DM-01-07-04-03,2026-07-30,32.625,1814.75,0.0
DM-01-07-04-03,2026-07-31,31.0,1784.25,0.0
DM-01-07-04-03,2026-08-01,29.875,1822.25,0.0
DM-01-07-04-03,2026-08-02,30.25,1833.75,0.0
DM-01-07-04-03,2026-08-03,32.375,1880.75,0.0
DM-01-07-04-03,2026-08-04,30.5,1912.75,0.0
DM-01-07-04-03,2026-08-05,33.625,1814.75,0.0
DM-01-07-05-01,2026-07-09,68.75,3138.5,
DM-01-07-05-01,2026-07-10,69.75,3209.0,
DM-01-07-05-01,2026-07-11,69.562,3183.5,
DM-01-07-05-01,2026-07-12,69.562,3183.5,
DM-01-07-05-01,2026-07-13,69.75,3235.25,
DM-01-07-05-01,2026-07-14,72.5,3312.5,
DM-01-07-05-01,2026-07-15,76.375,3409.25,
DM-01-07-05-01,2026-07-16,75.25,3302.5,
DM-01-07-05-01,2026-07-17,75.625,3325.5,
DM-01-07-05-01,2026-07-18,72.375,3469.0,
DM-01-07-05-01,2026-07-19,77.625,3474.0,
DM-01-07-05-01,2026-07-20,73.125,3377.0,
DM-01-07-05-01,2026-07-21,73.25,3376.5,
DM-01-07-05-01,2026-07-22,72.875,3282.75,
DM-01-07-05-01,2026-07-23,70.75,3141.25,0.0
DM-01-07-05-01,2026-07-24,69.125,3335.5,0.0
DM-01-07-05-01,2026-07-25,79.125,3406.25,5.151
DM-01-07-05-01,2026-07-26,68.75,3233.5,0.0
DM-01-07-05-01,2026-07-27,66.625,3028.25,0.0
DM-01-07-05-01,2026-07-28,64.5,2884.0,0.0
DM-01-07-05-01,2026-07-29,64.25,2935.0,0.0
DM-01-07-05-01,2026-07-30,64.125,3005.25,0.0
DM-01-07-05-01,2026-07-31,63.625,2868.25,0.0
DM-01-07-05-01,2026-08-01,62.25,2964.25,0.0
DM-01-07-05-01,2026-08-02,61.375,3032.25,0.0
DM-01-07-05-01,2026-08-03,63.875,3035.0,0.0
DM-01-07-05-01,2026-08-04,70.125,3097.0,0.0
DM-01-07-05-01,2026-08-05,64.5,2880.25,0.0
DM-01-07-06-01,2026-07-08,,411.75,
DM-01-07-06-01,2026-07-09,27.5,733.0,
DM-01-07-06-01,2026-07-10,122.5,1492.75,
DM-01-07-06-01,2026-07-11,38.25,776.25,
DM-01-07-06-01,2026-07-12,37.625,768.0,
DM-01-07-06-01,2026-07-13,44.875,755.25,
DM-01-07-06-01,2026-07-14,41.375,844.5,
DM-01-07-06-01,2026-07-15,9.875,758.0,
DM-01-07-06-01,2026-07-16,11.125,728.75,
DM-01-07-06-01,2026-07-17,11.25,777.25,
DM-01-07-06-01,2026-07-18,11.625,846.75,
DM-01-07-06-01,2026-07-19,12.0,831.75,
DM-01-07-06-01,2026-07-20,10.75,822.0,
DM-01-07-06-01,2026-07-21,10.625,865.0,
DM-01-07-06-01,2026-07-22,11.25,798.25,0.0
DM-01-07-06-01,2026-07-23,12.5,741.5,0.0
DM-01-07-06-01,2026-07-24,9.875,787.0,0.0
DM-01-07-06-01,2026-07-25,11.375,804.0,0.0
DM-01-07-06-01,2026-07-26,11.125,791.75,0.0
DM-01-07-06-01,2026-07-27,11.875,764.25,0.0
DM-01-07-06-01,2026-07-28,11.375,694.25,0.0
DM-01-07-06-01,2026-07-29,11.5,740.25,0.0
DM-01-07-06-01,2026-07-30,11.75,761.5,0.0
DM-01-07-06-01,2026-07-31,11.375,752.0,0.0
DM-01-07-06-01,2026-08-01,12.5,782.0,0.0
DM-01-07-06-01,2026-08-02,11.875,816.5,0.0
DM-01-07-06-01,2026-08-03,13.25,840.0,0.0
DM-01-07-06-01,2026-08-04,15.625,845.75,0.0
DM-01-07-06-01,2026-08-05,13.75,787.0,0.0
DM-01-08-01-03,2026-07-08,,1672.25,
DM-01-08-01-03,2026-07-09,55.25,2602.25,
DM-01-08-01-03,2026-07-10,54.375,2725.75,
DM-01-08-01-03,2026-07-11,58.75,2803.5,
DM-01-08-01-03,2026-07-12,57.0,2701.0,
DM-01-08-01-03,2026-07-13,53.75,2625.25,
DM-01-08-01-03,2026-07-14,50.75,2604.25,
DM-01-08-01-03,2026-07-15,51.625,2651.0,
DM-01-08-01-03,2026-07-16,52.0,2393.75,
DM-01-08-01-03,2026-07-17,56.625,2761.25,
DM-01-08-01-03,2026-07-18,53.0,2836.0,
DM-01-08-01-03,2026-07-19,56.0,2844.75,
DM-01-08-01-03,2026-07-20,56.875,2818.5,
DM-01-08-01-03,2026-07-21,52.875,2773.0,
DM-01-08-01-03,2026-07-22,53.75,2729.0,0.0
DM-01-08-01-03,2026-07-23,54.375,2641.75,0.0
DM-01-08-01-03,2026-07-24,53.5,2711.75,0.0
DM-01-08-01-03,2026-07-25,57.125,2782.0,1.425
DM-01-08-01-03,2026-07-26,55.0,2788.75,0.725
DM-01-08-01-03,2026-07-27,56.625,2740.5,1.65
DM-01-08-01-03,2026-07-28,55.0,2679.75,0.95
DM-01-08-01-03,2026-07-29,56.375,2675.75,1.625
DM-01-08-01-03,2026-07-30,52.75,2649.75,0.0
DM-01-08-01-03,2026-07-31,55.125,2553.5,0.0
DM-01-08-01-03,2026-08-01,58.625,2633.25,2.925
DM-01-08-01-03,2026-08-02,59.0,2719.0,6.225
DM-01-08-01-03,2026-08-03,58.625,2760.75,9.15
DM-01-08-01-03,2026-08-04,58.375,2699.75,11.825
DM-01-08-01-03,2026-08-05,56.75,2550.5,12.875
DM-01-08-02-01,2026-07-08,,1661.25,
DM-01-08-02-01,2026-07-09,60.5,2651.75,
DM-01-08-02-01,2026-07-10,61.0,2722.0,
DM-01-08-02-01,2026-07-11,59.125,2715.75,
DM-01-08-02-01,2026-07-12,59.75,2658.25,
DM-01-08-02-01,2026-07-13,62.375,2685.5,
DM-01-08-02-01,2026-07-14,62.125,2735.5,
DM-01-08-02-01,2026-07-15,66.25,2753.25,
DM-01-08-02-01,2026-07-16,65.625,2719.25,
DM-01-08-02-01,2026-07-17,62.75,2740.75,
DM-01-08-02-01,2026-07-18,60.375,2829.0,
DM-01-08-02-01,2026-07-19,63.5,2785.5,
DM-01-08-02-01,2026-07-20,63.5,2783.25,
DM-01-08-02-01,2026-07-21,63.375,2807.75,
DM-01-08-02-01,2026-07-22,63.0,2788.5,0.0
DM-01-08-02-01,2026-07-23,66.875,2692.5,3.509
DM-01-08-02-01,2026-07-24,62.875,2754.25,3.018
DM-01-08-02-01,2026-07-25,64.25,2855.25,3.902
DM-01-08-02-01,2026-07-26,63.875,2806.5,4.411
DM-01-08-02-01,2026-07-27,63.625,2723.5,4.67
DM-01-08-02-01,2026-07-28,58.875,2592.5,0.179
DM-01-08-02-01,2026-07-29,61.625,2626.75,0.0
DM-01-08-02-01,2026-07-30,67.125,2744.25,3.759
DM-01-08-02-01,2026-07-31,58.0,2610.0,0.0
DM-01-08-02-01,2026-08-01,57.375,2675.5,0.0
DM-01-08-02-01,2026-08-02,59.5,2714.5,0.0
DM-01-08-02-01,2026-08-03,58.875,2773.0,0.0
DM-01-08-02-01,2026-08-04,63.875,2820.25,0.509
DM-01-08-02-01,2026-08-05,65.75,2711.5,2.893
DM-01-08-04-01,2026-07-08,,1244.5,
DM-01-08-04-01,2026-07-09,46.0,1983.25,
DM-01-08-04-01,2026-07-10,43.875,1983.25,
DM-01-08-04-01,2026-07-11,43.625,1974.5,
DM-01-08-04-01,2026-07-12,44.25,1911.5,
DM-01-08-04-01,2026-07-13,46.5,1928.75,
DM-01-08-04-01,2026-07-14,41.375,2045.75,
DM-01-08-04-01,2026-07-15,44.875,1979.25,
DM-01-08-04-01,2026-07-16,44.0,1893.25,
DM-01-08-04-01,2026-07-17,44.625,1884.75,
DM-01-08-04-01,2026-07-18,39.625,1951.75,
DM-01-08-04-01,2026-07-19,42.125,1960.25,
DM-01-08-04-01,2026-07-20,45.5,1956.0,
DM-01-08-04-01,2026-07-21,42.5,1930.5,
DM-01-08-04-01,2026-07-22,43.875,1894.0,0.0
DM-01-08-04-01,2026-07-23,37.25,1760.25,0.0
DM-01-08-04-01,2026-07-24,42.5,1813.25,0.0
DM-01-08-04-01,2026-07-25,40.875,1840.0,0.0
DM-01-08-04-01,2026-07-26,40.0,1807.75,0.0
DM-01-08-04-01,2026-07-27,39.125,1814.5,0.0
DM-01-08-04-01,2026-07-28,39.0,1838.0,0.0
DM-01-08-04-01,2026-07-29,39.75,1844.0,0.0
DM-01-08-04-01,2026-07-30,42.75,1823.0,0.0
DM-01-08-04-01,2026-07-31,40.875,1790.0,0.0
DM-01-08-04-01,2026-08-01,40.0,1836.25,0.0
DM-01-08-04-01,2026-08-02,41.0,1874.5,0.0
DM-01-08-04-01,2026-08-03,39.75,1900.75,0.0
DM-01-08-04-01,2026-08-04,41.625,1894.5,0.0
DM-01-08-04-01,2026-08-05,42.625,1872.25,0.0
DM-01-08-04-03,2026-07-08,,3329.75,
DM-01-08-04-03,2026-07-09,141.125,5889.75,
DM-01-08-04-03,2026-07-10,147.0,5898.5,
DM-01-08-04-03,2026-07-11,143.875,5946.75,
DM-01-08-04-03,2026-07-12,136.25,5842.0,
DM-01-08-04-03,2026-07-13,142.375,5759.0,
DM-01-08-04-03,2026-07-14,142.375,6737.75,
DM-01-08-04-03,2026-07-15,257.625,8234.75,
DM-01-08-04-03,2026-07-16,203.5,7500.5,
DM-01-08-04-03,2026-07-17,198.875,7875.0,
DM-01-08-04-03,2026-07-18,185.125,8213.5,
DM-01-08-04-03,2026-07-19,192.375,8245.25,
DM-01-08-04-03,2026-07-20,195.625,8035.75,
DM-01-08-04-03,2026-07-21,196.625,8057.75,
DM-01-08-04-03,2026-07-22,187.625,7897.25,0.0
DM-01-08-04-03,2026-07-23,195.0,7876.5,1.845
DM-01-08-04-03,2026-07-24,188.75,8008.5,0.0
DM-01-08-04-03,2026-07-25,197.375,8249.0,4.22
DM-01-08-04-03,2026-07-26,194.25,8199.5,5.315
DM-01-08-04-03,2026-07-27,200.125,8034.5,12.284
DM-01-08-04-03,2026-07-28,187.0,7865.0,6.129
DM-01-08-04-03,2026-07-29,199.625,7854.75,12.599
DM-01-08-04-03,2026-07-30,188.25,7839.5,7.694
DM-01-08-04-03,2026-07-31,183.5,7654.75,0.0
DM-01-08-04-03,2026-08-01,181.875,7910.0,0.0
DM-01-08-04-03,2026-08-02,186.875,8100.75,0.0
DM-01-08-04-03,2026-08-03,191.875,8068.25,0.0
DM-01-08-04-03,2026-08-04,189.5,7982.75,0.0
DM-01-08-04-03,2026-08-05,188.5,7949.75,0.0
DM-01-09-01-01,2026-07-08,,3965.5,
DM-01-09-01-01,2026-07-09,165.5,6375.0,
DM-01-09-01-01,2026-07-10,163.25,6291.25,
DM-01-09-01-01,2026-07-11,175.75,6350.5,
DM-01-09-01-01,2026-07-12,175.375,6394.25,
DM-01-09-01-01,2026-07-13,193.75,6551.0,
DM-01-09-01-01,2026-07-14,170.625,6544.75,
DM-01-09-01-01,2026-07-15,181.75,6617.0,
DM-01-09-01-01,2026-07-16,185.375,6291.25,
DM-01-09-01-01,2026-07-17,188.375,6590.5,
DM-01-09-01-01,2026-07-18,185.625,6700.25,
DM-01-09-01-01,2026-07-19,173.75,6718.0,
DM-01-09-01-01,2026-07-20,175.375,6718.75,
DM-01-09-01-01,2026-07-21,174.0,6744.25,
DM-01-09-01-01,2026-07-22,179.0,6852.5,0.0
DM-01-09-01-01,2026-07-23,307.125,7339.5,125.249
DM-01-09-01-01,2026-07-24,0.0,6280.0,0.0
DM-01-09-01-01,2026-07-25,170.875,6740.0,0.0
DM-01-09-01-01,2026-07-26,175.0,6718.5,0.0
DM-01-09-01-01,2026-07-27,183.5,6759.25,1.624
DM-01-09-01-01,2026-07-28,180.5,6504.75,0.248
DM-01-09-01-01,2026-07-29,186.125,6457.0,4.497
DM-01-09-01-01,2026-07-30,169.375,6457.5,0.0
DM-01-09-01-01,2026-07-31,172.5,6527.0,0.0
DM-01-09-01-01,2026-08-01,164.625,6513.25,0.0
DM-01-09-01-01,2026-08-02,170.375,6581.5,0.0
DM-01-09-01-01,2026-08-03,188.625,6640.25,6.749
DM-01-09-01-01,2026-08-04,174.75,6563.0,0.0
DM-01-09-01-01,2026-08-05,187.875,6426.5,5.999
DM-01-09-02-01,2026-07-08,,928.25,
DM-01-09-02-01,2026-07-09,100.125,1676.5,
DM-01-09-02-01,2026-07-10,106.125,1674.5,
DM-01-09-02-01,2026-07-11,98.25,1755.25,
DM-01-09-02-01,2026-07-12,89.875,1766.25,
DM-01-09-02-01,2026-07-13,103.125,1672.75,
DM-01-09-02-01,2026-07-14,101.375,1917.0,
DM-01-09-02-01,2026-07-15,38.375,1721.5,
DM-01-09-02-01,2026-07-16,38.375,1637.75,
DM-01-09-02-01,2026-07-17,38.625,1706.25,
DM-01-09-02-01,2026-07-18,34.375,1801.5,
DM-01-09-02-01,2026-07-19,37.0,1844.5,
DM-01-09-02-01,2026-07-20,41.0,1745.75,
DM-01-09-02-01,2026-07-21,40.875,1721.25,
DM-01-09-02-01,2026-07-22,37.625,1700.0,0.0
DM-01-09-02-01,2026-07-23,35.75,1689.5,0.0
DM-01-09-02-01,2026-07-24,43.75,1750.75,0.0
DM-01-09-02-01,2026-07-25,36.375,1776.0,0.0
DM-01-09-02-01,2026-07-26,37.75,1784.0,0.0
DM-01-09-02-01,2026-07-27,38.375,1695.0,0.0
DM-01-09-02-01,2026-07-28,34.875,1688.5,0.0
DM-01-09-02-01,2026-07-29,38.125,1706.25,0.0
DM-01-09-02-01,2026-07-30,35.0,1680.0,0.0
DM-01-09-02-01,2026-07-31,39.75,1675.5,0.0
DM-01-09-02-01,2026-08-01,35.125,1729.0,0.0
DM-01-09-02-01,2026-08-02,37.0,1807.75,0.0
DM-01-09-02-01,2026-08-03,36.875,1745.5,0.0
DM-01-09-02-01,2026-08-04,42.625,1750.25,0.0
DM-01-09-02-01,2026-08-05,40.375,1718.75,0.0
DM-01-09-02-02,2026-07-08,,999.25,
DM-01-09-02-02,2026-07-09,38.75,1629.75,
DM-01-09-02-02,2026-07-10,34.375,1559.75,
DM-01-09-02-02,2026-07-11,35.125,1628.0,
DM-01-09-02-02,2026-07-12,32.0,1607.25,
DM-01-09-02-02,2026-07-13,33.75,1555.25,
DM-01-09-02-02,2026-07-14,32.375,1562.75,
DM-01-09-02-02,2026-07-15,35.5,1578.75,
DM-01-09-02-02,2026-07-16,33.125,1543.0,
DM-01-09-02-02,2026-07-17,33.125,1568.0,
DM-01-09-02-02,2026-07-18,33.25,1662.0,
DM-01-09-02-02,2026-07-19,34.25,1628.75,
DM-01-09-02-02,2026-07-20,34.375,1570.5,
DM-01-09-02-02,2026-07-21,36.125,1568.0,
DM-01-09-02-02,2026-07-22,35.5,1551.5,0.323
DM-01-09-02-02,2026-07-23,31.625,1557.75,0.0
DM-01-09-02-02,2026-07-24,30.75,1596.75,0.0
DM-01-09-02-02,2026-07-25,35.75,1673.25,0.573
DM-01-09-02-02,2026-07-26,34.0,1634.0,0.0
DM-01-09-02-02,2026-07-27,34.375,1554.0,0.0
DM-01-09-02-02,2026-07-28,31.5,1538.75,0.0
DM-01-09-02-02,2026-07-29,31.75,1515.0,0.0
DM-01-09-02-02,2026-07-30,32.5,1529.75,0.0
DM-01-09-02-02,2026-07-31,33.875,1582.12,0.0
DM-01-09-02-02,2026-08-01,34.0,1590.75,0.0
DM-01-09-02-02,2026-08-02,34.0,1649.75,0.0
DM-01-09-02-02,2026-08-03,32.125,1640.75,0.0
DM-01-09-02-02,2026-08-04,36.375,1605.75,1.198
DM-01-09-02-02,2026-08-05,36.125,1569.75,2.146
DM-01-09-03-01,2026-07-08,,1613.75,
DM-01-09-03-01,2026-07-09,66.375,2659.0,
DM-01-09-03-01,2026-07-10,67.0,2610.75,
DM-01-09-03-01,2026-07-11,66.875,2759.0,
DM-01-09-03-01,2026-07-12,66.25,2665.25,
DM-01-09-03-01,2026-07-13,66.5,2665.5,
DM-01-09-03-01,2026-07-14,66.75,2639.25,
DM-01-09-03-01,2026-07-15,69.875,2760.25,
DM-01-09-03-01,2026-07-16,69.5,2681.5,
DM-01-09-03-01,2026-07-17,68.875,2624.25,
DM-01-09-03-01,2026-07-18,67.0,2781.75,
DM-01-09-03-01,2026-07-19,67.125,2730.0,
DM-01-09-03-01,2026-07-20,69.25,2694.0,
DM-01-09-03-01,2026-07-21,69.125,2772.25,
DM-01-09-03-01,2026-07-22,69.25,2707.75,0.869
DM-01-09-03-01,2026-07-23,68.75,2639.25,1.239
DM-01-09-03-01,2026-07-24,72.125,2810.0,4.983
DM-01-09-03-01,2026-07-25,70.375,2738.0,6.977
DM-01-09-03-01,2026-07-26,69.625,2800.0,8.222
DM-01-09-03-01,2026-07-27,69.75,2656.0,9.591
DM-01-09-03-01,2026-07-28,67.125,2615.0,8.335
DM-01-09-03-01,2026-07-29,69.0,2731.0,8.955
DM-01-09-03-01,2026-07-30,68.75,2654.5,9.324
DM-01-09-03-01,2026-07-31,73.625,2715.75,14.568
DM-01-09-03-01,2026-08-01,69.0,2690.0,15.188
DM-01-09-03-01,2026-08-02,69.125,2803.5,15.932
DM-01-09-03-01,2026-08-03,72.0,2753.25,19.551
DM-01-09-03-01,2026-08-04,70.375,2789.5,21.545
DM-01-09-03-01,2026-08-05,73.75,2694.75,26.915
DM-01-09-04-01,2026-07-08,,3111.25,
DM-01-09-04-01,2026-07-09,288.375,5625.25,
DM-01-09-04-01,2026-07-10,287.25,5629.25,
DM-01-09-04-01,2026-07-11,266.875,5724.0,
DM-01-09-04-01,2026-07-12,254.75,5667.5,
DM-01-09-04-01,2026-07-13,281.875,5509.75,
DM-01-09-04-01,2026-07-14,279.0,6083.75,
DM-01-09-04-01,2026-07-15,137.0,5509.5,
DM-01-09-04-01,2026-07-16,136.125,5480.5,
DM-01-09-04-01,2026-07-17,137.5,5503.0,
DM-01-09-04-01,2026-07-18,133.25,5651.75,
DM-01-09-04-01,2026-07-19,136.0,5653.0,
DM-01-09-04-01,2026-07-20,135.875,5536.75,
DM-01-09-04-01,2026-07-21,135.75,5543.5,
DM-01-09-04-01,2026-07-22,135.125,5516.25,0.0
DM-01-09-04-01,2026-07-23,133.125,5513.5,0.0
DM-01-09-04-01,2026-07-24,136.0,5612.0,0.0
DM-01-09-04-01,2026-07-25,139.75,5731.0,0.0
DM-01-09-04-01,2026-07-26,140.875,5703.75,0.0
DM-01-09-04-01,2026-07-27,142.625,5576.25,0.0
DM-01-09-04-01,2026-07-28,136.125,5558.5,0.0
DM-01-09-04-01,2026-07-29,138.125,5584.25,0.0
DM-01-09-04-01,2026-07-30,138.0,5633.75,0.0
DM-01-09-04-01,2026-07-31,140.5,5573.5,0.0
DM-01-09-04-01,2026-08-01,136.125,5669.75,0.0
DM-01-09-04-01,2026-08-02,141.625,5705.0,0.0
DM-01-09-04-01,2026-08-03,140.875,5682.5,0.0
DM-01-09-04-01,2026-08-04,139.125,5631.75,0.0
DM-01-09-04-01,2026-08-05,141.25,5629.0,0.0
DM-01-09-05-01,2026-07-08,,1508.75,
DM-01-09-05-01,2026-07-09,103.5,2683.75,
DM-01-09-05-01,2026-07-10,105.0,2705.0,
DM-01-09-05-01,2026-07-11,93.75,2774.5,
DM-01-09-05-01,2026-07-12,92.75,2794.5,
DM-01-09-05-01,2026-07-13,106.25,2795.25,
DM-01-09-05-01,2026-07-14,105.125,3028.5,
DM-01-09-05-01,2026-07-15,68.0,2811.0,
DM-01-09-05-01,2026-07-16,69.875,2680.25,
DM-01-09-05-01,2026-07-17,66.125,2754.75,
DM-01-09-05-01,2026-07-18,64.625,2887.0,
DM-01-09-05-01,2026-07-19,64.5,2874.75,
DM-01-09-05-01,2026-07-20,72.0,1727.75,
DM-01-09-05-01,2026-07-21,64.5,2790.25,
DM-01-09-05-01,2026-07-22,64.125,2743.0,0.0
DM-01-09-05-01,2026-07-23,66.125,2744.5,0.0
DM-01-09-05-01,2026-07-24,71.625,2814.25,0.0
DM-01-09-05-01,2026-07-25,62.75,2924.75,0.0
DM-01-09-05-01,2026-07-26,70.625,2975.5,0.0
DM-01-09-05-01,2026-07-27,71.0,2801.25,0.0
DM-01-09-05-01,2026-07-28,62.5,2657.25,0.0
DM-01-09-05-01,2026-07-29,61.75,2709.5,0.0
DM-01-09-05-01,2026-07-30,62.5,2728.75,0.0
DM-01-09-05-01,2026-07-31,66.625,2715.25,0.0
DM-01-09-05-01,2026-08-01,62.875,2764.0,0.0
DM-01-09-05-01,2026-08-02,63.375,2840.5,0.0
DM-01-09-05-01,2026-08-03,66.375,2721.75,0.0
DM-01-09-05-01,2026-08-04,63.5,2496.5,0.0
DM-01-09-05-01,2026-08-05,53.5,2377.0,0.0
DM-01-09-06-01,2026-07-08,,984.0,
DM-01-09-06-01,2026-07-09,101.125,1807.25,
DM-01-09-06-01,2026-07-10,99.375,1792.0,
DM-01-09-06-01,2026-07-11,98.375,1856.5,
DM-01-09-06-01,2026-07-12,92.75,1867.0,
DM-01-09-06-01,2026-07-13,101.75,1840.5,
DM-01-09-06-01,2026-07-14,99.625,2048.75,
DM-01-09-06-01,2026-07-15,47.5,1861.25,
DM-01-09-06-01,2026-07-16,47.0,1797.5,
DM-01-09-06-01,2026-07-17,49.0,1857.5,
DM-01-09-06-01,2026-07-18,45.625,1925.5,
DM-01-09-06-01,2026-07-19,47.5,1935.75,
DM-01-09-06-01,2026-07-20,44.5,1845.25,
DM-01-09-06-01,2026-07-21,46.875,1860.0,
DM-01-09-06-01,2026-07-22,45.25,1758.5,0.0
DM-01-09-06-01,2026-07-23,40.375,1706.5,0.0
DM-01-09-06-01,2026-07-24,45.625,1823.0,0.0
DM-01-09-06-01,2026-07-25,46.75,1895.75,0.0
DM-01-09-06-01,2026-07-26,46.875,1903.25,0.0
DM-01-09-06-01,2026-07-27,47.375,1858.25,0.0
DM-01-09-06-01,2026-07-28,46.5,1816.5,0.0
DM-01-09-06-01,2026-07-29,45.75,1841.75,0.0
DM-01-09-06-01,2026-07-30,46.25,1856.0,0.0
DM-01-09-06-01,2026-07-31,48.25,1818.5,0.0
DM-01-09-06-01,2026-08-01,45.625,1823.25,0.0
DM-01-09-06-01,2026-08-02,41.75,1801.0,0.0
DM-01-09-06-01,2026-08-03,43.375,1759.5,0.0
DM-01-09-06-01,2026-08-04,43.0,1764.5,0.0
DM-01-09-06-01,2026-08-05,43.5,1712.5,0.0
DM-01-09-07-01,2026-07-08,,3465.0,
DM-01-09-07-01,2026-07-09,146.5,5636.5,
DM-01-09-07-01,2026-07-10,153.875,5520.25,
DM-01-09-07-01,2026-07-11,141.5,5761.75,
DM-01-09-07-01,2026-07-12,141.25,5808.75,
DM-01-09-07-01,2026-07-13,144.375,5693.75,
DM-01-09-07-01,2026-07-14,142.75,5769.75,
DM-01-09-07-01,2026-07-15,145.75,5719.75,
DM-01-09-07-01,2026-07-16,151.625,5633.0,
DM-01-09-07-01,2026-07-17,146.75,5657.75,
DM-01-09-07-01,2026-07-18,144.0,5880.5,
DM-01-09-07-01,2026-07-19,142.625,5947.75,
DM-01-09-07-01,2026-07-20,151.25,5776.0,
DM-01-09-07-01,2026-07-21,146.0,5724.25,
DM-01-09-07-01,2026-07-22,145.875,5672.25,0.0
DM-01-09-07-01,2026-07-23,150.625,5649.25,2.677
DM-01-09-07-01,2026-07-24,151.625,5646.5,6.354
DM-01-09-07-01,2026-07-25,134.625,5798.75,0.0
DM-01-09-07-01,2026-07-26,142.5,5715.25,0.0
DM-01-09-07-01,2026-07-27,137.375,5525.25,0.0
DM-01-09-07-01,2026-07-28,133.625,5436.75,0.0
DM-01-09-07-01,2026-07-29,133.5,5414.25,0.0
DM-01-09-07-01,2026-07-30,137.875,5433.25,0.0
DM-01-09-07-01,2026-07-31,139.875,5415.25,0.0
DM-01-09-07-01,2026-08-01,129.375,5534.75,0.0
DM-01-09-07-01,2026-08-02,136.125,5699.25,0.0
DM-01-09-07-01,2026-08-03,142.0,5594.75,0.0
DM-01-09-07-01,2026-08-04,140.875,5498.0,0.0
DM-01-09-07-01,2026-08-05,140.0,5447.0,0.0
DM-01-09-08-01,2026-07-08,,3405.0,
DM-01-09-08-01,2026-07-09,134.625,5488.75,
DM-01-09-08-01,2026-07-10,133.625,5567.75,
DM-01-09-08-01,2026-07-11,130.125,5760.75,
DM-01-09-08-01,2026-07-12,129.25,5833.5,
DM-01-09-08-01,2026-07-13,131.375,5661.25,
DM-01-09-08-01,2026-07-14,124.125,5733.5,
DM-01-09-08-01,2026-07-15,137.0,5763.25,
DM-01-09-08-01,2026-07-16,142.75,5611.25,
DM-01-09-08-01,2026-07-17,136.25,5356.0,
DM-01-09-08-01,2026-07-18,122.375,5751.25,
DM-01-09-08-01,2026-07-19,134.625,5676.75,
DM-01-09-08-01,2026-07-20,126.25,5609.75,
DM-01-09-08-01,2026-07-21,120.125,5388.25,
DM-01-09-08-01,2026-07-22,135.625,5387.25,1.559
DM-01-09-08-01,2026-07-23,128.0,5453.5,0.0
DM-01-09-08-01,2026-07-24,130.5,5546.75,0.0
DM-01-09-08-01,2026-07-25,134.0,5707.75,0.0
DM-01-09-08-01,2026-07-26,123.875,5552.5,0.0
DM-01-09-08-01,2026-07-27,129.875,5300.0,0.0
DM-01-09-08-01,2026-07-28,128.125,5280.75,0.0
DM-01-09-08-01,2026-07-29,135.375,5340.0,1.309
DM-01-09-08-01,2026-07-30,123.875,5477.25,0.0
DM-01-09-08-01,2026-07-31,120.875,5252.25,0.0
DM-01-09-08-01,2026-08-01,117.625,5422.0,0.0
DM-01-09-08-01,2026-08-02,138.625,5753.75,4.559
DM-01-09-08-01,2026-08-03,136.75,5555.0,7.243
DM-01-09-08-01,2026-08-04,128.25,5496.75,1.426
DM-01-09-08-01,2026-08-05,126.75,5426.25,0.0
DM-01-09-09-01,2026-07-15,56.375,2668.75,
DM-01-09-09-01,2026-07-16,72.625,2639.25,
DM-01-09-09-01,2026-07-17,56.5,2681.75,
DM-01-09-09-01,2026-07-18,68.625,2865.75,
DM-01-09-09-01,2026-07-19,54.5,2836.0,
DM-01-09-09-01,2026-07-20,59.5,2925.75,
DM-01-09-09-01,2026-07-21,61.0,2739.5,
DM-01-09-09-01,2026-07-22,62.375,2677.5,
DM-01-09-09-01,2026-07-23,60.125,2652.0,
DM-01-09-09-01,2026-07-24,66.875,2700.5,
DM-01-09-09-01,2026-07-25,73.0,2776.25,
DM-01-09-09-01,2026-07-26,60.375,2644.75,
DM-01-09-09-01,2026-07-27,69.5,2616.75,
DM-01-09-09-01,2026-07-28,57.25,2602.75,
DM-01-09-09-01,2026-07-29,52.125,2634.5,0.0
DM-01-09-09-01,2026-07-30,64.375,2608.75,0.0
DM-01-09-09-01,2026-07-31,60.0,2545.25,0.0
DM-01-09-09-01,2026-08-01,81.375,2699.5,15.616
DM-01-09-09-01,2026-08-02,66.375,2753.25,16.232
DM-01-09-09-01,2026-08-03,56.5,2752.0,6.973
DM-01-09-09-01,2026-08-04,65.25,2714.25,6.464
DM-01-09-09-01,2026-08-05,69.75,2602.0,10.456
DM-02-01-01-01,2026-07-08,,973.5,
DM-02-01-01-01,2026-07-09,98.0,1805.75,
DM-02-01-01-01,2026-07-10,97.75,1790.75,
DM-02-01-01-01,2026-07-11,86.125,1717.0,
DM-02-01-01-01,2026-07-12,83.0,1730.25,
DM-02-01-01-01,2026-07-13,100.25,1727.0,
DM-02-01-01-01,2026-07-14,108.25,2075.25,
DM-02-01-01-01,2026-07-15,111.875,2165.5,
DM-02-01-01-01,2026-07-16,46.25,1906.25,
DM-02-01-01-01,2026-07-17,49.25,1978.25,
DM-02-01-01-01,2026-07-18,46.0,1879.0,
DM-02-01-01-01,2026-07-19,45.5,1862.5,
DM-02-01-01-01,2026-07-20,44.25,1905.5,
DM-02-01-01-01,2026-07-21,44.375,1893.25,
DM-02-01-01-01,2026-07-22,43.0,2160.0,0.0
DM-02-01-01-01,2026-07-23,54.0,2018.5,0.0
DM-02-01-01-01,2026-07-24,47.125,1879.25,0.0
DM-02-01-01-01,2026-07-25,37.875,1672.75,0.0
DM-02-01-01-01,2026-07-26,36.0,1809.5,0.0
DM-02-01-01-01,2026-07-27,44.0,1670.5,0.0
DM-02-01-01-01,2026-07-28,41.25,1573.25,0.0
DM-02-01-01-01,2026-07-29,37.125,1522.25,0.0
DM-02-01-01-01,2026-07-30,38.0,1591.5,0.0
DM-02-01-01-01,2026-07-31,43.125,1670.0,0.0
DM-02-01-01-01,2026-08-01,40.5,1751.25,0.0
DM-02-01-01-01,2026-08-02,40.25,1728.75,0.0
DM-02-01-01-01,2026-08-03,40.5,1918.25,0.0
DM-02-01-01-01,2026-08-04,47.125,2031.75,0.0
DM-02-01-01-01,2026-08-05,48.125,1921.0,0.0
DM-02-01-01-02,2026-07-08,,1610.0,
DM-02-01-01-02,2026-07-09,110.625,2868.5,
DM-02-01-01-02,2026-07-10,111.75,2834.25,
DM-02-01-01-02,2026-07-11,103.25,2953.0,
DM-02-01-01-02,2026-07-12,101.875,2850.75,
DM-02-01-01-02,2026-07-13,107.125,2717.25,
DM-02-01-01-02,2026-07-14,111.375,2776.75,
DM-02-01-01-02,2026-07-15,112.875,2879.25,
DM-02-01-01-02,2026-07-16,65.0,2692.75,
DM-02-01-01-02,2026-07-17,65.5,2795.25,
DM-02-01-01-02,2026-07-18,63.375,2882.5,
DM-02-01-01-02,2026-07-19,64.5,2854.75,
DM-02-01-01-02,2026-07-20,63.875,2830.5,
DM-02-01-01-02,2026-07-21,72.0,2867.0,
DM-02-01-01-02,2026-07-22,68.875,2811.25,0.0
DM-02-01-01-02,2026-07-23,64.875,2803.75,0.0
DM-02-01-01-02,2026-07-24,71.125,2806.5,0.0
DM-02-01-01-02,2026-07-25,65.375,2813.75,0.0
DM-02-01-01-02,2026-07-26,65.625,2799.0,0.0
DM-02-01-01-02,2026-07-27,64.375,2682.75,0.0
DM-02-01-01-02,2026-07-28,63.75,2645.25,0.0
DM-02-01-01-02,2026-07-29,62.875,2670.25,0.0
DM-02-01-01-02,2026-07-30,63.625,2688.75,0.0
DM-02-01-01-02,2026-07-31,67.625,2678.25,0.0
DM-02-01-01-02,2026-08-01,65.0,2720.25,0.0
DM-02-01-01-02,2026-08-02,64.875,2819.75,0.0
DM-02-01-01-02,2026-08-03,66.25,2796.5,0.0
DM-02-01-01-02,2026-08-04,68.875,2790.5,0.0
DM-02-01-01-02,2026-08-05,71.75,2730.5,0.0
DM-02-01-02-01,2026-07-09,52.25,2075.5,
DM-02-01-02-01,2026-07-10,50.875,2054.25,
DM-02-01-02-01,2026-07-11,49.688,2066.25,
DM-02-01-02-01,2026-07-12,49.688,2066.25,
DM-02-01-02-01,2026-07-13,53.375,2103.25,
DM-02-01-02-01,2026-07-14,66.0,2328.5,
DM-02-01-02-01,2026-07-15,50.625,2050.5,
DM-02-01-02-01,2026-07-16,49.25,2019.25,
DM-02-01-02-01,2026-07-17,54.625,2089.5,
DM-02-01-02-01,2026-07-18,52.375,2156.25,
DM-02-01-02-01,2026-07-19,46.625,2212.5,
DM-02-01-02-01,2026-07-20,47.375,2088.5,
DM-02-01-02-01,2026-07-21,45.125,2104.0,
DM-02-01-02-01,2026-07-22,45.5,2058.5,
DM-02-01-02-01,2026-07-23,53.375,2113.25,0.0
DM-02-01-02-01,2026-07-24,55.0,2117.0,1.541
DM-02-01-02-01,2026-07-25,53.375,2107.75,1.458
DM-02-01-02-01,2026-07-26,45.75,2059.25,0.0
DM-02-01-02-01,2026-07-27,48.75,1983.25,0.0
DM-02-01-02-01,2026-07-28,46.875,1960.75,0.0
DM-02-01-02-01,2026-07-29,49.125,1961.25,0.0
DM-02-01-02-01,2026-07-30,46.75,1979.75,0.0
DM-02-01-02-01,2026-07-31,46.875,1972.25,0.0
DM-02-01-02-01,2026-08-01,50.125,2019.0,0.0
DM-02-01-02-01,2026-08-02,48.125,2135.0,0.0
DM-02-01-02-01,2026-08-03,48.75,2161.5,0.0
DM-02-01-02-01,2026-08-04,50.5,2106.5,0.0
DM-02-01-02-01,2026-08-05,52.625,1951.5,0.0
DM-02-01-02-02,2026-07-08,,1378.25,
DM-02-01-02-02,2026-07-09,93.75,2383.75,
DM-02-01-02-02,2026-07-10,93.875,2333.0,
DM-02-01-02-02,2026-07-11,81.125,2365.0,
DM-02-01-02-02,2026-07-12,82.0,2395.75,
DM-02-01-02-02,2026-07-13,90.375,2468.5,
DM-02-01-02-02,2026-07-14,59.25,2389.25,
DM-02-01-02-02,2026-07-15,61.625,2361.0,
DM-02-01-02-02,2026-07-16,61.625,2361.0,
DM-02-01-02-02,2026-07-17,61.125,2377.25,
DM-02-01-02-02,2026-07-18,59.25,2444.5,
DM-02-01-02-02,2026-07-19,60.375,2434.75,
DM-02-01-02-02,2026-07-20,62.625,2424.0,
DM-02-01-02-02,2026-07-21,63.375,2440.5,
DM-02-01-02-02,2026-07-22,60.625,2401.75,0.0
DM-02-01-02-02,2026-07-23,60.25,2426.0,0.0
DM-02-01-02-02,2026-07-24,64.25,2400.25,0.0
DM-02-01-02-02,2026-07-25,59.5,2377.5,0.0
DM-02-01-02-02,2026-07-26,60.625,2308.5,0.0
DM-02-01-02-02,2026-07-27,57.875,2245.5,0.0
DM-02-01-02-02,2026-07-28,57.125,2208.0,0.0
DM-02-01-02-02,2026-07-29,59.75,2219.0,0.0
DM-02-01-02-02,2026-07-30,60.375,2232.75,0.0
DM-02-01-02-02,2026-07-31,63.25,2262.75,0.0
DM-02-01-02-02,2026-08-01,57.75,2286.5,0.0
DM-02-01-02-02,2026-08-02,60.75,2369.75,0.0
DM-02-01-02-02,2026-08-03,60.0,2424.25,0.0
DM-02-01-02-02,2026-08-04,63.25,2454.0,0.0
DM-02-01-02-02,2026-08-05,66.0,2406.75,0.0
DM-02-01-03-02,2026-07-08,,917.0,
DM-02-01-03-02,2026-07-09,38.0,1494.5,
DM-02-01-03-02,2026-07-10,35.0,1328.5,
DM-02-01-03-02,2026-07-11,37.125,1443.0,
DM-02-01-03-02,2026-07-12,36.875,1438.75,
DM-02-01-03-02,2026-07-13,37.125,1353.25,
DM-02-01-03-02,2026-07-14,45.375,1445.25,
DM-02-01-03-02,2026-07-15,39.25,1469.25,
DM-02-01-03-02,2026-07-16,38.875,1456.5,
DM-02-01-03-02,2026-07-17,38.25,1354.75,
DM-02-01-03-02,2026-07-18,36.5,1375.5,
DM-02-01-03-02,2026-07-19,37.625,1384.75,
DM-02-01-03-02,2026-07-20,35.75,1378.0,
DM-02-01-03-02,2026-07-21,34.75,1397.75,
DM-02-01-03-02,2026-07-22,37.0,1415.0,0.0
DM-02-01-03-02,2026-07-23,37.5,1175.75,0.0
DM-02-01-03-02,2026-07-24,39.375,1367.0,0.361
DM-02-01-03-02,2026-07-25,37.0,1371.0,0.0
DM-02-01-03-02,2026-07-26,35.125,1333.0,0.0
DM-02-01-03-02,2026-07-27,37.125,1235.0,0.0
DM-02-01-03-02,2026-07-28,35.875,1294.25,0.0
DM-02-01-03-02,2026-07-29,32.875,1300.75,0.0
DM-02-01-03-02,2026-07-30,35.25,1318.75,0.0
DM-02-01-03-02,2026-07-31,35.625,1329.75,0.0
DM-02-01-03-02,2026-08-01,34.0,1337.25,0.0
DM-02-01-03-02,2026-08-02,35.625,1339.25,0.0
DM-02-01-03-02,2026-08-03,35.0,1370.25,0.0
DM-02-01-03-02,2026-08-04,35.875,1296.5,0.0
DM-02-01-03-02,2026-08-05,29.5,1275.75,0.0
DM-02-01-03-03,2026-07-08,,3941.25,
DM-02-01-03-03,2026-07-09,155.625,6284.5,
DM-02-01-03-03,2026-07-10,141.75,6240.5,
DM-02-01-03-03,2026-07-11,150.125,6293.75,
DM-02-01-03-03,2026-07-12,143.625,6158.75,
DM-02-01-03-03,2026-07-13,147.875,6009.75,
DM-02-01-03-03,2026-07-14,201.375,6541.5,
DM-02-01-03-03,2026-07-15,165.75,6602.5,
DM-02-01-03-03,2026-07-16,168.75,6296.75,
DM-02-01-03-03,2026-07-17,168.625,6628.75,
DM-02-01-03-03,2026-07-18,177.875,6767.75,
DM-02-01-03-03,2026-07-19,190.75,6677.0,
DM-02-01-03-03,2026-07-20,166.125,6832.5,
DM-02-01-03-03,2026-07-21,156.25,6597.75,
DM-02-01-03-03,2026-07-22,202.25,6924.25,29.454
DM-02-01-03-03,2026-07-23,168.5,6448.25,25.159
DM-02-01-03-03,2026-07-24,177.875,6689.25,30.238
DM-02-01-03-03,2026-07-25,179.375,6777.5,36.817
DM-02-01-03-03,2026-07-26,185.625,6490.25,49.646
DM-02-01-03-03,2026-07-27,175.875,6311.0,52.726
DM-02-01-03-03,2026-07-28,153.25,5924.5,33.18
DM-02-01-03-03,2026-07-29,139.125,6047.75,0.0
DM-02-01-03-03,2026-07-30,152.875,6021.0,0.0
DM-02-01-03-03,2026-07-31,161.75,6169.0,0.0
DM-02-01-03-03,2026-08-01,142.125,6049.5,0.0
DM-02-01-03-03,2026-08-02,175.0,6141.0,2.204
DM-02-01-03-03,2026-08-03,153.375,6434.0,0.0
DM-02-01-03-03,2026-08-04,163.625,6257.0,0.0
DM-02-01-03-03,2026-08-05,164.5,6205.75,0.0
DM-02-01-04-01,2026-07-08,,999.25,
DM-02-01-04-01,2026-07-09,22.125,1526.0,
DM-02-01-04-01,2026-07-10,51.0,1606.5,
DM-02-01-04-01,2026-07-11,22.5,1564.25,
DM-02-01-04-01,2026-07-12,22.125,1613.5,
DM-02-01-04-01,2026-07-13,31.25,1559.5,
DM-02-01-04-01,2026-07-14,35.75,1634.0,
DM-02-01-04-01,2026-07-15,22.875,1536.75,
DM-02-01-04-01,2026-07-16,22.375,1555.5,
DM-02-01-04-01,2026-07-17,23.625,1461.5,
DM-02-01-04-01,2026-07-18,34.375,1580.5,
DM-02-01-04-01,2026-07-19,37.875,1639.25,
DM-02-01-04-01,2026-07-20,33.5,1612.75,
DM-02-01-04-01,2026-07-21,23.0,1610.5,
DM-02-01-04-01,2026-07-22,36.0,1541.25,2.327
DM-02-01-04-01,2026-07-23,25.125,1567.25,0.0
DM-02-01-04-01,2026-07-24,26.375,1570.0,0.0
DM-02-01-04-01,2026-07-25,23.125,1547.0,0.0
DM-02-01-04-01,2026-07-26,23.875,1703.25,0.0
DM-02-01-04-01,2026-07-27,24.125,1609.5,0.0
DM-02-01-04-01,2026-07-28,24.5,1472.5,0.0
DM-02-01-04-01,2026-07-29,25.875,1499.0,0.0
DM-02-01-04-01,2026-07-30,29.5,1558.25,0.0
DM-02-01-04-01,2026-07-31,24.562,1397.12,0.0
DM-02-01-04-01,2026-08-01,24.25,1480.0,0.0
DM-02-01-04-01,2026-08-02,25.875,1542.0,0.0
DM-02-01-04-01,2026-08-03,24.25,1577.75,0.0
DM-02-01-04-01,2026-08-04,27.625,1576.75,0.0
DM-02-01-04-01,2026-08-05,39.375,1561.25,5.702
DM-02-02-01-01,2026-07-08,,2331.75,
DM-02-02-01-01,2026-07-09,122.0,3846.25,
DM-02-02-01-01,2026-07-10,124.625,3911.5,
DM-02-02-01-01,2026-07-11,127.375,3917.75,
DM-02-02-01-01,2026-07-12,128.875,3829.0,
DM-02-02-01-01,2026-07-13,117.25,3779.75,
DM-02-02-01-01,2026-07-14,120.875,3850.25,
DM-02-02-01-01,2026-07-15,121.25,3845.0,
DM-02-02-01-01,2026-07-16,119.75,3752.75,
DM-02-02-01-01,2026-07-17,121.125,3721.0,
DM-02-02-01-01,2026-07-18,115.875,3881.0,
DM-02-02-01-01,2026-07-19,123.375,3867.5,
DM-02-02-01-01,2026-07-20,123.125,3894.75,
DM-02-02-01-01,2026-07-21,124.125,3851.5,
DM-02-02-01-01,2026-07-22,123.875,3817.5,0.0
DM-02-02-01-01,2026-07-23,121.625,3772.0,0.0
DM-02-02-01-01,2026-07-24,121.5,3775.0,0.0
DM-02-02-01-01,2026-07-25,117.875,3840.5,0.0
DM-02-02-01-01,2026-07-26,121.375,3792.5,0.0
DM-02-02-01-01,2026-07-27,121.75,3738.0,0.0
DM-02-02-01-01,2026-07-28,114.0,3592.25,0.0
DM-02-02-01-01,2026-07-29,114.375,3651.0,0.0
DM-02-02-01-01,2026-07-30,113.875,3647.5,0.0
DM-02-02-01-01,2026-07-31,120.062,3763.38,0.0
DM-02-02-01-01,2026-08-01,117.0,3517.75,0.0
DM-02-02-01-01,2026-08-02,113.75,3634.5,0.0
DM-02-02-01-01,2026-08-03,115.375,3693.5,0.0
DM-02-02-01-01,2026-08-04,116.125,3696.25,0.0
DM-02-02-01-01,2026-08-05,121.375,3695.75,0.0
DM-02-02-02-01,2026-07-15,103.375,4663.75,
DM-02-02-02-01,2026-07-16,101.25,4596.75,
DM-02-02-02-01,2026-07-17,109.0,4616.25,
DM-02-02-02-01,2026-07-18,91.875,4711.0,
DM-02-02-02-01,2026-07-19,100.0,4684.5,
DM-02-02-02-01,2026-07-20,110.125,4753.25,
DM-02-02-02-01,2026-07-21,97.25,4598.75,
DM-02-02-02-01,2026-07-22,109.75,4650.5,
DM-02-02-02-01,2026-07-23,108.25,4615.0,
DM-02-02-02-01,2026-07-24,130.875,4725.25,
DM-02-02-02-01,2026-07-25,99.875,4785.75,
DM-02-02-02-01,2026-07-26,108.625,4830.75,
DM-02-02-02-01,2026-07-27,104.375,4201.25,
DM-02-02-02-01,2026-07-28,98.625,4526.25,
DM-02-02-02-01,2026-07-29,95.875,4550.75,0.0
DM-02-02-02-01,2026-07-30,92.5,4537.5,0.0
DM-02-02-02-01,2026-07-31,98.25,4492.25,0.0
DM-02-02-02-01,2026-08-01,93.375,4672.25,0.0
DM-02-02-02-01,2026-08-02,99.5,4686.25,0.0
DM-02-02-02-01,2026-08-03,104.25,4969.5,0.0
DM-02-02-02-01,2026-08-04,102.0,4673.5,0.0
DM-02-02-02-01,2026-08-05,106.375,4590.25,0.0
DM-02-02-03-01,2026-07-08,,1489.5,
DM-02-02-03-01,2026-07-09,103.125,2621.25,
DM-02-02-03-01,2026-07-10,105.875,2613.75,
DM-02-02-03-01,2026-07-11,101.125,2638.5,
DM-02-02-03-01,2026-07-12,95.75,2630.0,
DM-02-02-03-01,2026-07-13,120.5,2702.5,
DM-02-02-03-01,2026-07-14,117.75,2642.25,
DM-02-02-03-01,2026-07-15,109.75,2802.75,
DM-02-02-03-01,2026-07-16,54.25,2668.0,
DM-02-02-03-01,2026-07-17,66.875,2661.0,
DM-02-02-03-01,2026-07-18,64.25,2748.5,
DM-02-02-03-01,2026-07-19,55.75,2683.0,
DM-02-02-03-01,2026-07-20,65.625,2672.75,
DM-02-02-03-01,2026-07-21,62.125,2658.75,
DM-02-02-03-01,2026-07-22,55.875,2616.25,0.0
DM-02-02-03-01,2026-07-23,63.375,2701.5,0.0
DM-02-02-03-01,2026-07-24,73.5,2707.0,0.0
DM-02-02-03-01,2026-07-25,60.125,2708.5,0.0
DM-02-02-03-01,2026-07-26,61.625,2673.5,0.0
DM-02-02-03-01,2026-07-27,57.375,2598.0,0.0
DM-02-02-03-01,2026-07-28,55.25,2534.5,0.0
DM-02-02-03-01,2026-07-29,52.625,2617.0,0.0
DM-02-02-03-01,2026-07-30,62.5,2670.5,0.0
DM-02-02-03-01,2026-07-31,63.5,2605.5,0.0
DM-02-02-03-01,2026-08-01,51.625,2656.75,0.0
DM-02-02-03-01,2026-08-02,56.25,2656.25,0.0
DM-02-02-03-01,2026-08-03,65.25,2737.5,0.0
DM-02-02-03-01,2026-08-04,56.75,2665.0,0.0
DM-02-02-03-01,2026-08-05,62.875,2547.75,0.0
DM-02-02-04-01,2026-07-08,,849.25,
DM-02-02-04-01,2026-07-09,35.0,1462.25,
DM-02-02-04-01,2026-07-10,30.625,1463.25,
DM-02-02-04-01,2026-07-11,31.625,1463.5,
DM-02-02-04-01,2026-07-12,28.75,1489.25,
DM-02-02-04-01,2026-07-13,33.0,1670.0,
DM-02-02-04-01,2026-07-14,31.125,1475.5,
DM-02-02-04-01,2026-07-15,35.0,1565.75,
DM-02-02-04-01,2026-07-16,30.125,1498.25,
DM-02-02-04-01,2026-07-17,31.75,1517.5,
DM-02-02-04-01,2026-07-18,29.375,1551.75,
DM-02-02-04-01,2026-07-19,32.625,1563.0,
DM-02-02-04-01,2026-07-20,30.125,1529.5,
DM-02-02-04-01,2026-07-21,32.0,1520.0,
DM-02-02-04-01,2026-07-22,29.25,1485.0,0.0
DM-02-02-04-01,2026-07-23,28.25,1496.75,0.0
DM-02-02-04-01,2026-07-24,34.0,1508.5,1.446
DM-02-02-04-01,2026-07-25,28.625,1553.25,0.0
DM-02-02-04-01,2026-07-26,33.0,792.25,0.446
DM-02-02-04-01,2026-07-27,30.875,1542.0,0.0
DM-02-02-04-01,2026-07-28,31.625,1504.0,0.0
DM-02-02-04-01,2026-07-29,29.5,1461.5,0.0
DM-02-02-04-01,2026-07-30,27.75,1434.5,0.0
DM-02-02-04-01,2026-07-31,31.625,1464.25,0.0
DM-02-02-04-01,2026-08-01,27.125,1442.25,0.0
DM-02-02-04-01,2026-08-02,29.75,1510.25,0.0
DM-02-02-04-01,2026-08-03,28.875,1524.5,0.0
DM-02-02-04-01,2026-08-04,30.0,1484.25,0.0
DM-02-02-04-01,2026-08-05,18.75,1478.25,0.0
DM-02-02-04-02,2026-07-08,,1798.75,
DM-02-02-04-02,2026-07-09,172.375,3220.75,
DM-02-02-04-02,2026-07-10,175.5,3227.25,
DM-02-02-04-02,2026-07-11,156.5,3288.75,
DM-02-02-04-02,2026-07-12,145.375,3275.75,
DM-02-02-04-02,2026-07-13,175.25,3321.75,
DM-02-02-04-02,2026-07-14,182.25,3287.75,
DM-02-02-04-02,2026-07-15,172.125,3458.75,
DM-02-02-04-02,2026-07-16,69.25,3255.75,
DM-02-02-04-02,2026-07-17,71.25,3280.5,
DM-02-02-04-02,2026-07-18,64.375,3377.5,
DM-02-02-04-02,2026-07-19,69.375,3428.5,
DM-02-02-04-02,2026-07-20,68.125,3354.5,
DM-02-02-04-02,2026-07-21,71.375,3274.0,
DM-02-02-04-02,2026-07-22,70.125,3286.5,0.0
DM-02-02-04-02,2026-07-23,72.625,3212.25,0.0
DM-02-02-04-02,2026-07-24,80.75,3319.5,0.0
DM-02-02-04-02,2026-07-25,62.25,3284.0,0.0
DM-02-02-04-02,2026-07-26,68.125,3266.5,0.0
DM-02-02-04-02,2026-07-27,67.875,3239.75,0.0
DM-02-02-04-02,2026-07-28,58.25,3128.5,0.0
DM-02-02-04-02,2026-07-29,66.375,3237.25,0.0
DM-02-02-04-02,2026-07-30,62.875,3184.0,0.0
DM-02-02-04-02,2026-07-31,65.625,3141.25,0.0
DM-02-02-04-02,2026-08-01,61.5,3215.0,0.0
DM-02-02-04-02,2026-08-02,61.75,3293.75,0.0
DM-02-02-04-02,2026-08-03,66.625,3275.75,0.0
DM-02-02-04-02,2026-08-04,68.75,3173.0,0.0
DM-02-02-04-02,2026-08-05,66.375,3086.75,0.0
DM-02-02-05-01,2026-07-08,,676.25,
DM-02-02-05-01,2026-07-09,30.125,1160.0,
DM-02-02-05-01,2026-07-10,25.75,1144.75,
DM-02-02-05-01,2026-07-11,30.625,1191.5,
DM-02-02-05-01,2026-07-12,32.125,1136.75,
DM-02-02-05-01,2026-07-13,26.125,1189.0,
DM-02-02-05-01,2026-07-14,27.5,1151.75,
DM-02-02-05-01,2026-07-15,29.125,1063.5,
DM-02-02-05-01,2026-07-16,24.0,1431.25,
DM-02-02-05-01,2026-07-17,52.125,1180.25,
DM-02-02-05-01,2026-07-18,45.375,1239.5,
DM-02-02-05-01,2026-07-19,23.75,1096.25,
DM-02-02-05-01,2026-07-20,27.375,1191.75,
DM-02-02-05-01,2026-07-21,27.0,1077.25,
DM-02-02-05-01,2026-07-22,37.25,1107.5,2.355
DM-02-02-05-01,2026-07-23,25.375,1275.25,0.0
DM-02-02-05-01,2026-07-24,61.625,1198.75,26.73
DM-02-02-05-01,2026-07-25,22.875,1136.75,14.709
DM-02-02-05-01,2026-07-26,28.5,1096.25,8.314
DM-02-02-05-01,2026-07-27,23.125,1099.25,0.0
DM-02-02-05-01,2026-07-28,21.25,1166.75,0.0
DM-02-02-05-01,2026-07-29,21.5,980.5,0.0
DM-02-02-05-01,2026-07-30,22.25,1083.5,0.0
DM-02-02-05-01,2026-07-31,35.25,1110.75,0.355
DM-02-02-05-01,2026-08-01,39.625,1104.75,5.084
DM-02-02-05-01,2026-08-02,30.125,1095.5,0.314
DM-02-02-05-01,2026-08-03,23.625,1149.5,0.0
DM-02-02-05-01,2026-08-04,23.625,1055.5,0.0
DM-02-02-05-01,2026-08-05,34.5,1019.25,0.0
DM-02-02-05-02,2026-07-08,,1413.75,
DM-02-02-05-02,2026-07-09,51.375,2483.0,
DM-02-02-05-02,2026-07-10,47.875,2475.5,
DM-02-02-05-02,2026-07-11,58.625,2528.5,
DM-02-02-05-02,2026-07-12,63.375,2220.0,
DM-02-02-05-02,2026-07-13,82.875,2442.5,
DM-02-02-05-02,2026-07-14,76.75,2548.75,
DM-02-02-05-02,2026-07-15,44.375,2490.0,
DM-02-02-05-02,2026-07-16,85.0,2531.0,
DM-02-02-05-02,2026-07-17,63.125,2248.5,
DM-02-02-05-02,2026-07-18,59.625,2143.75,
DM-02-02-05-02,2026-07-19,83.375,2312.0,
DM-02-02-05-02,2026-07-20,60.875,2307.0,
DM-02-02-05-02,2026-07-21,52.125,2317.5,
DM-02-02-05-02,2026-07-22,61.0,2136.25,0.0
DM-02-02-05-02,2026-07-23,48.875,2243.5,0.0
DM-02-02-05-02,2026-07-24,105.75,2661.0,35.245
DM-02-02-05-02,2026-07-25,55.375,2696.0,20.115
DM-02-02-05-02,2026-07-26,45.5,2340.5,0.0
DM-02-02-05-02,2026-07-27,48.5,2178.0,0.0
DM-02-02-05-02,2026-07-28,69.375,2199.25,0.0
DM-02-02-05-02,2026-07-29,49.5,2215.25,0.0
DM-02-02-05-02,2026-07-30,56.375,2075.5,0.0
DM-02-02-05-02,2026-07-31,44.75,2497.0,0.0
DM-02-02-05-02,2026-08-01,44.875,2114.0,0.0
DM-02-02-05-02,2026-08-02,43.5,2163.25,0.0
DM-02-02-05-02,2026-08-03,49.375,2127.5,0.0
DM-02-02-05-02,2026-08-04,61.25,2166.25,0.0
DM-02-02-05-02,2026-08-05,42.625,2056.0,0.0
DM-02-02-06-01,2026-07-08,,1235.5,
DM-02-02-06-01,2026-07-09,36.25,1877.0,
DM-02-02-06-01,2026-07-10,37.5,1978.25,
DM-02-02-06-01,2026-07-11,37.75,1856.25,
DM-02-02-06-01,2026-07-12,40.875,1906.75,
DM-02-02-06-01,2026-07-13,36.125,1923.5,
DM-02-02-06-01,2026-07-14,76.75,1982.0,
DM-02-02-06-01,2026-07-15,48.0,1961.25,
DM-02-02-06-01,2026-07-16,37.5,1897.0,
DM-02-02-06-01,2026-07-17,36.625,1857.5,
DM-02-02-06-01,2026-07-18,53.0,1939.75,
DM-02-02-06-01,2026-07-19,40.125,1941.0,
DM-02-02-06-01,2026-07-20,38.125,1926.75,
DM-02-02-06-01,2026-07-21,66.875,1963.75,
DM-02-02-06-01,2026-07-22,46.75,1904.25,0.0
DM-02-02-06-01,2026-07-23,45.25,1945.75,0.0
DM-02-02-06-01,2026-07-24,39.25,1939.75,0.0
DM-02-02-06-01,2026-07-25,37.625,1903.0,0.0
DM-02-02-06-01,2026-07-26,42.25,1911.5,0.0
DM-02-02-06-01,2026-07-27,42.0,1975.0,0.0
DM-02-02-06-01,2026-07-28,51.375,1878.5,0.076
DM-02-02-06-01,2026-07-29,44.625,1959.5,0.0
DM-02-02-06-01,2026-07-30,39.375,1907.0,0.0
DM-02-02-06-01,2026-07-31,48.875,1925.5,0.0
DM-02-02-06-01,2026-08-01,43.0,1889.25,0.0
DM-02-02-06-01,2026-08-02,38.625,1890.0,0.0
DM-02-02-06-01,2026-08-03,48.5,2013.0,0.0
DM-02-02-06-01,2026-08-04,57.125,1980.0,5.826
DM-02-02-06-01,2026-08-05,28.375,1936.5,0.0
DM-02-02-06-02,2026-07-08,,870.75,
DM-02-02-06-02,2026-07-09,17.5,1440.5,
DM-02-02-06-02,2026-07-10,43.375,1451.75,
DM-02-02-06-02,2026-07-11,27.0,1352.25,
DM-02-02-06-02,2026-07-12,28.75,1471.5,
DM-02-02-06-02,2026-07-13,33.75,1475.5,
DM-02-02-06-02,2026-07-14,32.625,1432.0,
DM-02-02-06-02,2026-07-15,19.5,1579.25,
DM-02-02-06-02,2026-07-16,22.75,1354.0,
DM-02-02-06-02,2026-07-17,12.5,1363.5,
DM-02-02-06-02,2026-07-18,15.5,1346.0,
DM-02-02-06-02,2026-07-19,26.5,1352.75,
DM-02-02-06-02,2026-07-20,20.625,1506.0,
DM-02-02-06-02,2026-07-21,19.375,1377.25,
DM-02-02-06-02,2026-07-22,22.125,1385.75,0.0
DM-02-02-06-02,2026-07-23,16.25,1378.75,0.0
DM-02-02-06-02,2026-07-24,13.0,1341.5,0.0
DM-02-02-06-02,2026-07-25,16.875,1516.0,0.0
DM-02-02-06-02,2026-07-26,20.75,1377.5,0.0
DM-02-02-06-02,2026-07-27,24.5,1352.25,0.0
DM-02-02-06-02,2026-07-28,12.125,1325.0,0.0
DM-02-02-06-02,2026-07-29,30.0,1387.5,1.292
DM-02-02-06-02,2026-07-30,21.75,1512.0,0.0
DM-02-02-06-02,2026-07-31,19.625,1446.5,0.0
DM-02-02-06-02,2026-08-01,19.125,1344.75,0.0
DM-02-02-06-02,2026-08-02,30.125,1418.5,1.417
DM-02-02-06-02,2026-08-03,18.25,1472.0,0.0
DM-02-02-06-02,2026-08-04,21.5,1365.25,0.0
DM-02-02-06-02,2026-08-05,13.0,1483.75,0.0
DM-02-02-07-01,2026-07-08,,907.0,
DM-02-02-07-01,2026-07-09,29.25,1454.5,
DM-02-02-07-01,2026-07-10,31.625,1475.0,
DM-02-02-07-01,2026-07-11,30.125,1488.75,
DM-02-02-07-01,2026-07-12,30.375,1554.0,
DM-02-02-07-01,2026-07-13,30.25,1488.5,
DM-02-02-07-01,2026-07-14,28.625,2096.5,
DM-02-02-07-01,2026-07-15,47.125,1902.75,
DM-02-02-07-01,2026-07-16,33.0,1503.75,
DM-02-02-07-01,2026-07-17,29.25,1433.25,
DM-02-02-07-01,2026-07-18,26.75,1477.0,
DM-02-02-07-01,2026-07-19,28.875,1426.75,
DM-02-02-07-01,2026-07-20,27.875,1509.25,
DM-02-02-07-01,2026-07-21,33.25,1454.0,
DM-02-02-07-01,2026-07-22,34.375,1434.5,0.656
DM-02-02-07-01,2026-07-23,27.0,1420.75,0.0
DM-02-02-07-01,2026-07-24,36.75,1449.25,3.031
DM-02-02-07-01,2026-07-25,33.125,1474.25,2.438
DM-02-02-07-01,2026-07-26,29.5,1398.75,0.0
DM-02-02-07-01,2026-07-27,29.5,1482.75,0.0
DM-02-02-07-01,2026-07-28,27.25,1378.5,0.0
DM-02-02-07-01,2026-07-29,28.125,1424.25,0.0
DM-02-02-07-01,2026-07-30,31.5,1449.0,0.0
DM-02-02-07-01,2026-07-31,29.5,1461.5,0.0
DM-02-02-07-01,2026-08-01,29.5,1492.25,0.0
DM-02-02-07-01,2026-08-02,34.0,1523.5,0.281
DM-02-02-07-01,2026-08-03,39.125,1458.0,5.688
DM-02-02-07-01,2026-08-04,27.5,1420.25,0.0
DM-02-02-07-01,2026-08-05,31.5,1412.75,0.0
DM-02-02-07-03,2026-07-08,,934.0,
DM-02-02-07-03,2026-07-09,30.25,1493.75,
DM-02-02-07-03,2026-07-10,29.375,1505.25,
DM-02-02-07-03,2026-07-11,29.25,1598.5,
DM-02-02-07-03,2026-07-12,30.125,1562.75,
DM-02-02-07-03,2026-07-13,29.0,1493.25,
DM-02-02-07-03,2026-07-14,26.625,1522.5,
DM-02-02-07-03,2026-07-15,28.75,1494.75,
DM-02-02-07-03,2026-07-16,29.25,1520.0,
DM-02-02-07-03,2026-07-17,29.375,1484.25,
DM-02-02-07-03,2026-07-18,27.875,1561.5,
DM-02-02-07-03,2026-07-19,29.5,1570.0,
DM-02-02-07-03,2026-07-20,29.375,1506.5,
DM-02-02-07-03,2026-07-21,26.875,1480.0,
DM-02-02-07-03,2026-07-22,30.5,1484.75,1.069
DM-02-02-07-03,2026-07-23,30.0,1494.25,1.639
DM-02-02-07-03,2026-07-24,33.625,1518.25,5.833
DM-02-02-07-03,2026-07-25,30.875,1574.75,7.277
DM-02-02-07-03,2026-07-26,28.5,1539.75,6.347
DM-02-02-07-03,2026-07-27,28.75,1447.25,5.666
DM-02-02-07-03,2026-07-28,26.625,1477.0,2.86
DM-02-02-07-03,2026-07-29,29.875,1465.25,3.305
DM-02-02-07-03,2026-07-30,26.75,1500.75,0.624
DM-02-02-07-03,2026-07-31,32.75,1479.75,3.943
DM-02-02-07-03,2026-08-01,25.375,1485.0,0.0
DM-02-02-07-03,2026-08-02,26.625,1508.5,0.0
DM-02-02-07-03,2026-08-03,26.0,1460.75,0.0
DM-02-02-07-03,2026-08-04,28.375,1443.75,0.0
DM-02-02-07-03,2026-08-05,32.5,1413.0,3.069
DM-02-02-08-01,2026-07-08,,1577.5,
DM-02-02-08-01,2026-07-09,55.625,2559.0,
DM-02-02-08-01,2026-07-10,49.75,2549.0,
DM-02-02-08-01,2026-07-11,56.25,2626.0,
DM-02-02-08-01,2026-07-12,54.875,2598.0,
DM-02-02-08-01,2026-07-13,57.75,2635.0,
DM-02-02-08-01,2026-07-14,53.25,2612.5,
DM-02-02-08-01,2026-07-15,53.375,2597.5,
DM-02-02-08-01,2026-07-16,54.25,2602.5,
DM-02-02-08-01,2026-07-17,63.75,2613.75,
DM-02-02-08-01,2026-07-18,50.625,2704.25,
DM-02-02-08-01,2026-07-19,61.25,2730.5,
DM-02-02-08-01,2026-07-20,50.375,2632.25,
DM-02-02-08-01,2026-07-21,55.5,2595.5,
DM-02-02-08-01,2026-07-22,52.5,2637.75,0.0
DM-02-02-08-01,2026-07-23,54.875,2597.25,0.0
DM-02-02-08-01,2026-07-24,62.75,2650.25,5.666
DM-02-02-08-01,2026-07-25,53.125,2678.75,1.707
DM-02-02-08-01,2026-07-26,61.25,2634.0,5.873
DM-02-02-08-01,2026-07-27,56.0,2625.25,4.789
DM-02-02-08-01,2026-07-28,51.375,2551.0,0.0
DM-02-02-08-01,2026-07-29,56.25,2614.75,0.0
DM-02-02-08-01,2026-07-30,50.625,2579.25,0.0
DM-02-02-08-01,2026-07-31,55.625,2614.0,0.0
DM-02-02-08-01,2026-08-01,54.75,2672.0,0.0
DM-02-02-08-01,2026-08-02,49.875,2662.5,0.0
DM-02-02-08-01,2026-08-03,60.625,2694.5,3.541
DM-02-02-08-01,2026-08-04,57.25,2623.5,3.707
DM-02-02-08-01,2026-08-05,59.5,2591.25,6.123
DM-02-03-01-01,2026-07-08,,929.75,
DM-02-03-01-01,2026-07-09,36.5,1461.0,
DM-02-03-01-01,2026-07-10,37.625,1489.0,
DM-02-03-01-01,2026-07-11,39.75,1511.0,
DM-02-03-01-01,2026-07-12,42.125,1560.5,
DM-02-03-01-01,2026-07-13,36.375,1489.5,
DM-02-03-01-01,2026-07-14,39.5,1507.25,
DM-02-03-01-01,2026-07-15,39.125,1533.5,
DM-02-03-01-01,2026-07-16,41.625,1581.5,
DM-02-03-01-01,2026-07-17,41.125,1524.5,
DM-02-03-01-01,2026-07-18,41.125,1543.75,
DM-02-03-01-01,2026-07-19,37.875,1576.75,
DM-02-03-01-01,2026-07-20,39.5,1520.75,
DM-02-03-01-01,2026-07-21,38.5,1504.5,
DM-02-03-01-01,2026-07-22,37.875,1551.5,0.0
DM-02-03-01-01,2026-07-23,41.625,1502.75,1.435
DM-02-03-01-01,2026-07-24,41.625,1562.5,2.871
DM-02-03-01-01,2026-07-25,40.125,1555.25,2.806
DM-02-03-01-01,2026-07-26,41.625,1538.75,4.241
DM-02-03-01-01,2026-07-27,40.0,1534.5,4.052
DM-02-03-01-01,2026-07-28,40.375,1496.75,4.237
DM-02-03-01-01,2026-07-29,40.625,1503.5,4.672
DM-02-03-01-01,2026-07-30,42.125,1559.5,6.608
DM-02-03-01-01,2026-07-31,42.75,1539.75,9.168
DM-02-03-01-01,2026-08-01,38.75,1541.5,7.729
DM-02-03-01-01,2026-08-02,39.875,1619.0,7.414
DM-02-03-02-02,2026-07-08,,339.25,
DM-02-03-02-02,2026-07-09,20.75,604.0,
DM-02-03-02-02,2026-07-10,21.75,1017.0,
DM-02-03-02-02,2026-07-11,59.375,1529.25,
DM-02-03-02-02,2026-07-12,66.5,1543.75,
DM-02-03-02-02,2026-07-13,60.125,1538.5,
DM-02-03-02-02,2026-07-14,68.75,1560.75,
DM-02-03-02-02,2026-07-15,69.625,1514.75,
DM-02-03-02-02,2026-07-16,62.375,1541.5,
DM-02-03-02-02,2026-07-17,57.5,1101.75,
DM-02-03-02-02,2026-07-18,11.25,642.25,
DM-02-03-02-02,2026-07-19,11.5,647.5,
DM-02-03-02-02,2026-07-20,11.125,610.0,
DM-02-03-02-02,2026-07-21,11.375,593.25,
DM-02-03-02-02,2026-07-22,11.75,583.5,0.0
DM-02-03-02-02,2026-07-23,11.25,584.5,0.0
DM-02-03-02-02,2026-07-24,12.25,596.0,0.0
DM-02-03-02-02,2026-07-25,11.375,620.0,0.0
DM-02-03-02-02,2026-07-26,11.75,616.25,0.0
DM-02-03-02-02,2026-07-27,11.875,585.5,0.0
DM-02-03-02-02,2026-07-28,11.0,612.25,0.0
DM-02-03-02-02,2026-07-29,12.625,623.25,0.0
DM-02-03-02-02,2026-07-30,11.0,613.5,0.0
DM-02-03-02-02,2026-07-31,11.625,591.0,0.0
DM-02-03-02-02,2026-08-01,10.75,606.75,0.0
DM-02-03-02-02,2026-08-02,11.75,623.75,0.0
DM-02-03-02-02,2026-08-03,11.25,608.5,0.0
DM-02-03-02-02,2026-08-04,12.5,620.0,0.0
DM-02-03-02-02,2026-08-05,11.25,590.25,0.0
DM-02-03-03-01,2026-07-08,,1144.75,
DM-02-03-03-01,2026-07-09,40.75,1580.75,
DM-02-03-03-01,2026-07-10,38.25,1827.25,
DM-02-03-03-01,2026-07-11,39.75,1896.0,
DM-02-03-03-01,2026-07-12,39.375,1918.5,
DM-02-03-03-01,2026-07-13,39.625,1954.75,
DM-02-03-03-01,2026-07-14,48.25,1900.5,
DM-02-03-03-01,2026-07-15,40.5,1853.25,
DM-02-03-03-01,2026-07-16,41.625,1867.0,
DM-02-03-03-01,2026-07-17,38.5,1816.25,
DM-02-03-03-01,2026-07-18,37.875,1889.75,
DM-02-03-03-01,2026-07-19,38.125,1886.0,
DM-02-03-03-01,2026-07-20,41.375,1830.75,
DM-02-03-03-01,2026-07-21,38.875,1818.5,
DM-02-03-03-01,2026-07-22,40.25,1821.0,0.0
DM-02-03-03-01,2026-07-23,40.375,1820.5,0.0
DM-02-03-03-01,2026-07-24,42.875,1831.25,1.353
DM-02-03-03-01,2026-07-25,38.5,1919.0,0.0
DM-02-03-03-01,2026-07-26,44.0,1880.25,2.478
DM-02-03-03-01,2026-07-27,42.375,1922.75,3.331
DM-02-03-03-01,2026-07-28,46.5,1988.75,8.309
DM-02-03-03-01,2026-07-29,45.625,1978.5,12.413
DM-02-03-03-01,2026-07-30,44.75,2004.0,15.641
DM-02-03-03-01,2026-07-31,46.625,2252.0,20.744
DM-02-03-03-01,2026-08-01,81.625,2597.75,60.847
DM-02-03-03-01,2026-08-02,48.25,1834.0,67.575
DM-02-03-03-01,2026-08-03,39.125,1814.25,65.178
DM-02-03-03-01,2026-08-04,41.125,1775.5,64.782
DM-02-03-03-01,2026-08-05,52.75,1834.0,76.01
DM-02-03-04-01,2026-07-08,,2360.75,
DM-02-03-04-01,2026-07-09,88.125,3902.0,
DM-02-03-04-01,2026-07-10,87.625,3875.5,
DM-02-03-04-01,2026-07-11,92.875,4041.5,
DM-02-03-04-01,2026-07-12,85.75,4026.0,
DM-02-03-04-01,2026-07-13,88.0,3962.5,
DM-02-03-04-01,2026-07-14,89.375,3963.5,
DM-02-03-04-01,2026-07-15,95.75,3945.0,
DM-02-03-04-01,2026-07-16,90.125,3933.5,
DM-02-03-04-01,2026-07-17,96.0,3862.75,
DM-02-03-04-01,2026-07-18,86.5,3965.0,
DM-02-03-04-01,2026-07-19,90.625,4011.5,
DM-02-03-04-01,2026-07-20,87.75,3851.5,
DM-02-03-04-01,2026-07-21,86.25,3841.0,
DM-02-03-04-01,2026-07-22,88.0,3758.0,0.0
DM-02-03-04-01,2026-07-23,87.625,3704.0,0.0
DM-02-03-04-01,2026-07-24,109.375,3893.25,18.146
DM-02-03-04-01,2026-07-25,82.125,3906.75,9.043
DM-02-03-04-01,2026-07-26,88.5,3929.0,6.314
DM-02-03-04-01,2026-07-27,89.25,3843.75,4.335
DM-02-03-04-01,2026-07-28,87.875,3792.0,0.981
DM-02-03-04-01,2026-07-29,80.5,3714.75,0.0
DM-02-03-04-01,2026-07-30,80.75,3722.0,0.0
DM-02-03-04-01,2026-07-31,86.625,3698.5,0.0
DM-02-03-04-01,2026-08-01,81.875,3724.75,0.0
DM-02-03-04-01,2026-08-02,78.375,3825.0,0.0
DM-02-03-04-01,2026-08-03,85.125,3781.75,0.0
DM-02-03-04-01,2026-08-04,82.375,3699.0,0.0
DM-02-03-04-01,2026-08-05,90.625,3618.25,0.0
DM-02-03-06-01,2026-07-08,,1108.0,
DM-02-03-06-01,2026-07-09,8.625,2138.75,
DM-02-03-06-01,2026-07-10,21.125,2554.5,
DM-02-03-06-01,2026-07-11,30.125,2695.25,
DM-02-03-06-01,2026-07-12,6.125,3038.75,
DM-02-03-06-01,2026-07-13,29.0,2817.25,
DM-02-03-06-01,2026-07-14,22.0,2491.75,
DM-02-03-06-01,2026-07-15,32.5,3473.75,
DM-02-03-06-01,2026-07-16,34.5,3026.0,
DM-02-03-06-01,2026-07-17,55.5,2411.25,
DM-02-03-06-01,2026-07-18,1.25,2563.25,
DM-02-03-06-01,2026-07-19,21.75,2688.25,
DM-02-03-06-01,2026-07-20,1.5,2566.75,
DM-02-03-06-01,2026-07-21,0.25,2122.5,
DM-02-03-06-01,2026-07-22,0.0,2446.75,0.0
DM-02-03-06-01,2026-07-23,27.0,2656.75,0.0
DM-02-03-06-01,2026-07-24,45.625,2411.75,17.425
DM-02-03-06-01,2026-07-25,10.375,2908.25,0.0
DM-02-03-06-01,2026-07-26,0.75,2794.75,0.0
DM-02-03-06-01,2026-07-27,30.5,2233.0,2.3
DM-02-03-06-01,2026-07-28,0.375,1731.0,0.0
DM-02-03-06-01,2026-07-29,26.0,2101.0,0.0
DM-02-03-06-01,2026-07-30,0.0,2120.0,0.0
DM-02-03-06-01,2026-07-31,0.25,2466.75,0.0
DM-02-03-06-01,2026-08-01,0.0,2520.25,0.0
DM-02-03-06-01,2026-08-02,0.0,2340.0,0.0
DM-02-03-06-01,2026-08-03,15.625,2596.25,0.0
DM-02-03-06-01,2026-08-04,1.625,2280.5,0.0
DM-02-03-06-01,2026-08-05,28.0,2624.75,0.0
DM-02-03-06-03,2026-07-08,60.25,933.25,
DM-02-03-06-03,2026-07-09,59.375,1750.25,
DM-02-03-06-03,2026-07-10,62.25,1705.0,
DM-02-03-06-03,2026-07-11,61.625,1616.5,
DM-02-03-06-03,2026-07-12,64.75,1695.0,
DM-02-03-06-03,2026-07-13,58.125,1680.75,
DM-02-03-06-03,2026-07-14,56.0,1666.25,
DM-02-03-06-03,2026-07-15,59.25,1724.0,
DM-02-03-06-03,2026-07-16,62.0,1726.25,
DM-02-03-06-03,2026-07-17,53.25,1666.5,
DM-02-03-06-03,2026-07-18,66.25,1789.5,
DM-02-03-06-03,2026-07-19,66.5,1778.0,
DM-02-03-06-03,2026-07-20,59.625,1804.75,
DM-02-03-06-03,2026-07-21,57.5,1699.75,
DM-02-03-06-03,2026-07-22,57.875,1708.0,0.0
DM-02-03-06-03,2026-07-23,52.625,1640.0,0.0
DM-02-03-06-03,2026-07-24,59.5,1616.25,0.0
DM-02-03-06-03,2026-07-25,58.5,1722.75,0.0
DM-02-03-06-03,2026-07-26,58.375,1640.75,0.0
DM-02-03-06-03,2026-07-27,49.25,1656.25,0.0
DM-02-03-06-03,2026-07-28,57.125,1666.75,0.0
DM-02-03-06-03,2026-07-29,63.5,1689.75,1.201
DM-02-03-06-03,2026-07-30,61.125,1733.25,0.027
DM-02-03-06-03,2026-07-31,64.0,1764.75,1.729
DM-02-03-06-03,2026-08-01,60.125,1731.25,0.0
DM-02-03-06-03,2026-08-02,59.5,1784.25,0.0
DM-02-03-06-03,2026-08-03,57.0,1765.75,0.0
DM-02-03-06-03,2026-08-04,66.0,1916.0,3.701
DM-02-03-06-03,2026-08-05,70.875,1774.25,12.277
DM-02-04-01-02,2026-07-09,59.625,2630.25,
DM-02-04-01-02,2026-07-10,54.25,2585.75,
DM-02-04-01-02,2026-07-11,62.188,2937.0,
DM-02-04-01-02,2026-07-12,62.188,2937.0,
DM-02-04-01-02,2026-07-13,55.75,2723.25,
DM-02-04-01-02,2026-07-14,59.0,2664.0,
DM-02-04-01-02,2026-07-15,58.375,2707.5,
DM-02-04-01-02,2026-07-16,59.375,2635.75,
DM-02-04-01-02,2026-07-17,63.5,2652.5,
DM-02-04-01-02,2026-07-18,55.25,2729.25,
DM-02-04-01-02,2026-07-19,62.25,3038.25,
DM-02-04-01-02,2026-07-20,64.0,2972.75,
DM-02-04-01-02,2026-07-21,61.375,2931.5,
DM-02-04-01-02,2026-07-22,60.75,2943.0,
DM-02-04-01-02,2026-07-23,63.125,2970.5,1.796
DM-02-04-01-02,2026-07-24,76.125,3002.0,16.591
DM-02-04-01-02,2026-07-25,66.0,3157.0,21.262
DM-02-04-01-02,2026-07-26,71.875,3107.5,31.807
DM-02-04-01-02,2026-07-27,68.0,2987.5,38.478
DM-02-04-01-02,2026-07-28,65.625,3011.75,42.773
DM-02-04-01-02,2026-07-29,63.5,2997.75,44.944
DM-02-04-01-02,2026-07-30,63.375,3053.5,46.989
DM-02-04-01-02,2026-07-31,62.875,3012.0,48.535
DM-02-04-01-02,2026-08-01,55.125,2999.5,42.33
DM-02-04-01-02,2026-08-02,62.125,3127.75,43.126
DM-02-04-01-02,2026-08-03,62.75,3120.75,44.546
DM-02-04-01-02,2026-08-04,68.625,3065.0,51.842
DM-02-04-01-02,2026-08-05,54.875,2967.75,45.387
DM-02-04-01-03,2026-07-09,33.625,1639.5,
DM-02-04-01-03,2026-07-10,31.125,1592.5,
DM-02-04-01-03,2026-07-11,37.188,1913.38,
DM-02-04-01-03,2026-07-12,37.188,1913.38,
DM-02-04-01-03,2026-07-13,30.875,1689.5,
DM-02-04-01-03,2026-07-14,36.625,1651.25,
DM-02-04-01-03,2026-07-15,33.625,1694.75,
DM-02-04-01-03,2026-07-16,35.125,1648.0,
DM-02-04-01-03,2026-07-17,35.25,1635.0,
DM-02-04-01-03,2026-07-18,30.375,1686.25,
DM-02-04-01-03,2026-07-19,35.0,1929.25,
DM-02-04-01-03,2026-07-20,37.375,1898.75,
DM-02-04-01-03,2026-07-21,36.75,1912.0,
DM-02-04-01-03,2026-07-22,36.75,1934.0,
DM-02-04-01-03,2026-07-23,39.5,1948.0,3.524
DM-02-04-01-03,2026-07-24,46.0,1972.5,13.548
DM-02-04-01-03,2026-07-25,40.625,2110.5,18.196
DM-02-04-01-03,2026-07-26,44.875,2053.5,27.095
DM-02-04-01-03,2026-07-27,40.625,2001.0,31.744
DM-02-04-01-03,2026-07-28,41.125,1988.5,36.893
DM-02-04-01-03,2026-07-29,39.25,1972.0,40.167
DM-02-04-01-03,2026-07-30,40.75,2024.0,44.94
DM-02-04-01-03,2026-07-31,38.625,1989.0,47.589
DM-02-04-01-03,2026-08-01,33.375,1960.5,44.988
DM-02-04-01-03,2026-08-02,37.75,2069.25,46.762
DM-02-04-01-03,2026-08-03,38.125,2068.75,48.911
DM-02-04-01-03,2026-08-04,42.875,2029.75,55.809
DM-02-04-01-03,2026-08-05,28.0,1943.0,47.833
DM-02-04-02-01,2026-07-08,,544.75,
DM-02-04-02-01,2026-07-09,18.75,883.25,
DM-02-04-02-01,2026-07-10,21.75,888.0,
DM-02-04-02-01,2026-07-11,18.5,908.5,
DM-02-04-02-01,2026-07-12,18.75,898.25,
DM-02-04-02-01,2026-07-13,19.125,906.0,
DM-02-04-02-01,2026-07-14,20.875,907.0,
DM-02-04-02-01,2026-07-15,19.875,895.5,
DM-02-04-02-01,2026-07-16,20.75,891.0,
DM-02-04-02-01,2026-07-17,21.5,902.25,
DM-02-04-02-01,2026-07-18,19.375,928.25,
DM-02-04-02-01,2026-07-19,22.875,919.25,
DM-02-04-02-01,2026-07-20,24.25,924.25,
DM-02-04-02-01,2026-07-21,18.0,889.25,
DM-02-04-02-01,2026-07-22,18.875,896.75,0.0
DM-02-04-02-01,2026-07-23,22.125,908.75,0.889
DM-02-04-02-01,2026-07-24,21.875,938.0,1.529
DM-02-04-02-01,2026-07-25,21.875,925.75,2.168
DM-02-04-02-01,2026-07-26,21.625,913.0,2.557
DM-02-04-02-01,2026-07-27,22.125,882.5,3.446
DM-02-04-02-01,2026-07-28,20.125,868.25,2.336
DM-02-04-02-01,2026-07-29,19.75,868.0,0.85
DM-02-04-02-01,2026-07-30,19.25,891.25,0.0
DM-02-04-02-01,2026-07-31,20.25,879.25,0.0
DM-02-04-02-01,2026-08-01,20.375,889.75,0.0
DM-02-04-02-01,2026-08-02,21.5,908.25,0.264
DM-02-04-02-01,2026-08-03,18.125,905.0,0.0
DM-02-04-02-01,2026-08-04,21.75,895.5,0.514
DM-02-04-02-01,2026-08-05,19.75,891.0,0.0
DM-02-04-02-02,2026-07-08,,3139.75,
DM-02-04-02-02,2026-07-09,126.0,5259.25,
DM-02-04-02-02,2026-07-10,127.75,5416.75,
DM-02-04-02-02,2026-07-11,128.875,5554.75,
DM-02-04-02-02,2026-07-12,131.25,5461.5,
DM-02-04-02-02,2026-07-13,123.625,5348.25,
DM-02-04-02-02,2026-07-14,123.75,5425.25,
DM-02-04-02-02,2026-07-15,129.125,5442.75,
DM-02-04-02-02,2026-07-16,129.5,5224.25,
DM-02-04-02-02,2026-07-17,125.5,5205.0,
DM-02-04-02-02,2026-07-18,126.625,5600.0,
DM-02-04-02-02,2026-07-19,134.625,5630.25,
DM-02-04-02-02,2026-07-20,126.875,5417.25,
DM-02-04-02-02,2026-07-21,124.625,5379.0,
DM-02-04-02-02,2026-07-22,124.625,5255.5,0.0
DM-02-04-02-02,2026-07-23,132.375,5223.75,3.32
DM-02-04-02-02,2026-07-24,126.5,5307.75,0.764
DM-02-04-02-02,2026-07-25,124.375,5408.0,0.0
DM-02-04-02-02,2026-07-26,127.875,5339.75,0.0
DM-02-04-02-02,2026-07-27,128.25,5135.5,0.0
DM-02-04-02-02,2026-07-28,127.875,5015.5,0.0
DM-02-04-02-02,2026-07-29,123.75,5162.25,0.0
DM-02-04-02-02,2026-07-30,120.375,5211.25,0.0
DM-02-04-02-02,2026-07-31,130.5,5134.25,1.445
DM-02-04-02-02,2026-08-01,129.75,5348.0,2.139
DM-02-04-02-02,2026-08-02,127.75,5489.25,0.834
DM-02-04-02-02,2026-08-03,128.75,5420.25,0.528
DM-02-04-02-02,2026-08-04,130.0,5417.75,1.473
DM-02-04-02-02,2026-08-05,120.75,5176.0,0.0
DM-02-04-03-01,2026-07-08,,4100.0,
DM-02-04-03-01,2026-07-09,395.375,7171.75,
DM-02-04-03-01,2026-07-10,385.0,7524.0,
DM-02-04-03-01,2026-07-11,364.5,7220.75,
DM-02-04-03-01,2026-07-12,366.5,6997.75,
DM-02-04-03-01,2026-07-13,373.125,7107.0,
DM-02-04-03-01,2026-07-14,391.0,7197.25,
DM-02-04-03-01,2026-07-15,291.25,7034.38,
DM-02-04-03-01,2026-07-16,174.625,6978.25,
DM-02-04-03-01,2026-07-17,174.375,6970.5,
DM-02-04-03-01,2026-07-18,170.625,7537.5,
DM-02-04-03-01,2026-07-19,177.375,7373.5,
DM-02-04-03-01,2026-07-20,180.0,7152.5,
DM-02-04-03-01,2026-07-21,199.375,7208.75,
DM-02-04-03-01,2026-07-22,216.875,7045.75,0.0
DM-02-04-03-01,2026-07-23,216.375,6902.25,0.0
DM-02-04-03-01,2026-07-24,235.375,6661.25,0.0
DM-02-04-03-01,2026-07-25,456.5,7226.0,127.955
DM-02-04-03-01,2026-07-26,341.625,7085.25,141.035
DM-02-04-03-01,2026-07-27,280.125,6602.0,92.615
DM-02-04-03-01,2026-07-28,294.625,6633.0,58.695
DM-02-04-03-01,2026-07-29,304.75,6781.75,34.9
DM-02-04-03-01,2026-07-30,293.375,6960.75,0.0
DM-02-04-03-01,2026-07-31,273.0,7144.25,0.0
DM-02-04-03-01,2026-08-01,255.75,7110.75,0.0
DM-02-04-03-01,2026-08-02,259.625,7054.0,0.0
DM-02-04-03-01,2026-08-03,395.375,7152.0,66.83
DM-02-04-03-01,2026-08-04,376.75,7531.0,115.035
DM-02-04-03-01,2026-08-05,166.25,7039.5,0.0
DM-02-04-04-01,2026-07-09,123.875,5402.5,
DM-02-04-04-01,2026-07-10,122.5,5342.5,
DM-02-04-04-01,2026-07-11,151.875,6307.88,
DM-02-04-04-01,2026-07-12,151.875,6307.88,
DM-02-04-04-01,2026-07-13,120.125,5350.25,
DM-02-04-04-01,2026-07-14,117.875,5424.75,
DM-02-04-04-01,2026-07-15,125.625,5440.0,
DM-02-04-04-01,2026-07-16,126.375,5252.25,
DM-02-04-04-01,2026-07-17,127.375,5295.5,
DM-02-04-04-01,2026-07-18,129.375,5621.25,
DM-02-04-04-01,2026-07-19,136.625,5767.5,
DM-02-04-04-01,2026-07-20,97.5,5655.25,
DM-02-04-04-01,2026-07-21,187.25,6955.75,
DM-02-04-04-01,2026-07-22,164.125,6725.25,
DM-02-04-04-01,2026-07-23,161.5,6631.0,16.189
DM-02-04-04-01,2026-07-24,165.5,6756.25,36.378
DM-02-04-04-01,2026-07-25,168.375,6874.0,59.442
DM-02-04-04-01,2026-07-26,165.0,6581.75,79.131
DM-02-04-04-01,2026-07-27,154.875,6395.75,88.695
DM-02-04-04-01,2026-07-28,160.5,6100.75,103.885
DM-02-04-04-01,2026-07-29,152.875,6296.5,111.449
DM-02-04-04-01,2026-07-30,145.75,6492.0,111.888
DM-02-04-04-01,2026-07-31,160.5,6459.75,127.077
DM-02-04-04-01,2026-08-01,167.75,6643.5,149.516
DM-02-04-04-01,2026-08-02,167.125,6700.25,171.33
DM-02-04-04-01,2026-08-03,153.625,6683.25,179.644
DM-02-04-04-01,2026-08-04,154.875,6706.0,189.208
DM-02-04-04-01,2026-08-05,157.625,6664.25,201.522
DM-02-04-04-02,2026-07-09,193.375,5828.75,
DM-02-04-04-02,2026-07-10,137.625,5664.75,
DM-02-04-04-02,2026-07-11,120.25,4798.25,
DM-02-04-04-02,2026-07-12,120.25,4798.25,
DM-02-04-04-02,2026-07-13,116.25,5476.75,
DM-02-04-04-02,2026-07-14,163.125,5544.5,
DM-02-04-04-02,2026-07-15,136.75,5578.0,
DM-02-04-04-02,2026-07-16,143.0,5459.75,
DM-02-04-04-02,2026-07-17,128.125,5603.25,
DM-02-04-04-02,2026-07-18,146.375,5862.5,
DM-02-04-04-02,2026-07-19,150.5,5892.25,
DM-02-04-04-02,2026-07-20,156.75,4920.0,
DM-02-04-04-02,2026-07-21,95.75,4255.75,
DM-02-04-04-02,2026-07-22,100.5,4379.0,
DM-02-04-04-02,2026-07-23,79.5,4191.5,0.0
DM-02-04-04-02,2026-07-24,131.25,4452.5,0.0
DM-02-04-04-02,2026-07-25,138.625,4666.25,0.0
DM-02-04-04-02,2026-07-26,105.125,4608.75,0.0
DM-02-04-04-02,2026-07-27,95.25,4318.75,0.0
DM-02-04-04-02,2026-07-28,129.625,4539.75,0.0
DM-02-04-04-02,2026-07-29,88.75,4318.25,0.0
DM-02-04-04-02,2026-07-30,109.0,4295.25,0.0
DM-02-04-04-02,2026-07-31,86.875,4356.5,0.0
DM-02-04-04-02,2026-08-01,95.5,4587.75,0.0
DM-02-04-04-02,2026-08-02,129.375,4738.5,0.0
DM-02-04-04-02,2026-08-03,99.375,4334.25,0.0
DM-02-04-04-02,2026-08-04,150.375,4418.0,1.612
DM-02-04-04-02,2026-08-05,111.125,4390.5,0.0
DM-02-04-05-01,2026-07-08,,2524.25,
DM-02-04-05-01,2026-07-09,253.25,4817.5,
DM-02-04-05-01,2026-07-10,271.5,4846.5,
DM-02-04-05-01,2026-07-11,271.25,4984.5,
DM-02-04-05-01,2026-07-12,262.125,4961.0,
DM-02-04-05-01,2026-07-13,254.875,4806.5,
DM-02-04-05-01,2026-07-14,268.625,4940.0,
DM-02-04-05-01,2026-07-15,118.125,4851.75,
DM-02-04-05-01,2026-07-16,107.625,4677.25,
DM-02-04-05-01,2026-07-17,118.0,4550.5,
DM-02-04-05-01,2026-07-18,112.125,5151.5,
DM-02-04-05-01,2026-07-19,124.375,5159.75,
DM-02-04-05-01,2026-07-20,104.0,4809.5,
DM-02-04-05-01,2026-07-21,116.625,4744.5,
DM-02-04-05-01,2026-07-22,112.375,4902.75,0.0
DM-02-04-05-01,2026-07-23,120.875,4838.5,0.0
DM-02-04-05-01,2026-07-24,123.25,4793.5,0.0
DM-02-04-05-01,2026-07-25,123.125,5034.25,0.0
DM-02-04-05-01,2026-07-26,105.125,4921.75,0.0
DM-02-04-05-01,2026-07-27,121.625,4833.25,0.0
DM-02-04-05-01,2026-07-28,95.5,4617.25,0.0
DM-02-04-05-01,2026-07-29,98.5,4765.25,0.0
DM-02-04-05-01,2026-07-30,108.25,4678.25,0.0
DM-02-04-05-01,2026-07-31,95.375,4637.5,0.0
DM-02-04-05-01,2026-08-01,114.625,4927.5,0.0
DM-02-04-05-01,2026-08-02,109.75,5017.25,0.0
DM-02-04-05-01,2026-08-03,99.25,4778.25,0.0
DM-02-04-05-01,2026-08-04,122.125,4999.0,0.0
DM-02-04-05-01,2026-08-05,113.875,4807.5,0.0
DM-02-04-05-02,2026-07-08,,1916.5,
DM-02-04-05-02,2026-07-09,184.0,3608.5,
DM-02-04-05-02,2026-07-10,190.375,3651.5,
DM-02-04-05-02,2026-07-11,180.125,3758.0,
DM-02-04-05-02,2026-07-12,178.125,3757.0,
DM-02-04-05-02,2026-07-13,189.5,3658.75,
DM-02-04-05-02,2026-07-14,185.25,3644.25,
DM-02-04-05-02,2026-07-15,184.625,3951.75,
DM-02-04-05-02,2026-07-16,99.0,3553.25,
DM-02-04-05-02,2026-07-17,100.875,3594.75,
DM-02-04-05-02,2026-07-18,103.375,3748.75,
DM-02-04-05-02,2026-07-19,107.0,3725.5,
DM-02-04-05-02,2026-07-20,105.75,3634.0,
DM-02-04-05-02,2026-07-21,105.625,3622.75,
DM-02-04-05-02,2026-07-22,95.875,3598.25,0.0
DM-02-04-05-02,2026-07-23,102.875,3629.5,0.0
DM-02-04-05-02,2026-07-24,101.75,3635.0,0.0
DM-02-04-05-02,2026-07-25,102.375,3673.75,0.0
DM-02-04-05-02,2026-07-26,105.375,3780.25,0.0
DM-02-04-05-02,2026-07-27,109.875,3727.75,0.0
DM-02-04-05-02,2026-07-28,107.375,3708.5,0.0
DM-02-04-05-02,2026-07-29,106.625,3710.75,0.0
DM-02-04-05-02,2026-07-30,108.0,3683.0,0.0
DM-02-04-05-02,2026-07-31,104.625,3556.0,0.0
DM-02-04-05-02,2026-08-01,102.125,3620.25,0.0
DM-02-04-05-02,2026-08-02,99.25,3649.75,0.0
DM-02-04-05-02,2026-08-03,101.5,3636.75,0.0
DM-02-04-05-02,2026-08-04,98.625,3619.25,0.0
DM-02-04-05-02,2026-08-05,99.25,3590.25,0.0
DM-02-08-01-01,2026-07-08,,3041.75,
DM-02-08-01-01,2026-07-09,369.375,5841.75,
DM-02-08-01-01,2026-07-10,371.0,5814.25,
DM-02-08-01-01,2026-07-11,320.75,5756.25,
DM-02-08-01-01,2026-07-12,293.125,5440.25,
DM-02-08-01-01,2026-07-13,357.0,5516.0,
DM-02-08-01-01,2026-07-14,346.625,5607.0,
DM-02-08-01-01,2026-07-15,357.25,6265.0,
DM-02-08-01-01,2026-07-16,111.125,5276.75,
DM-02-08-01-01,2026-07-17,115.0,5311.75,
DM-02-08-01-01,2026-07-18,117.0,5755.75,
DM-02-08-01-01,2026-07-19,125.75,5747.75,
DM-02-08-01-01,2026-07-20,114.625,5713.25,
DM-02-08-01-01,2026-07-21,126.375,5669.0,
DM-02-08-01-01,2026-07-22,112.875,5414.75,0.0
DM-02-08-01-01,2026-07-23,118.0,5189.75,0.0
DM-02-08-01-01,2026-07-24,109.75,5416.75,0.0
DM-02-08-01-01,2026-07-25,115.5,5593.25,0.0
DM-02-08-01-01,2026-07-26,126.625,5393.5,0.0
DM-02-08-01-01,2026-07-27,113.375,5118.25,0.0
DM-02-08-01-01,2026-07-28,115.25,4954.5,0.0
DM-02-08-01-01,2026-07-29,112.5,5057.0,0.0
DM-02-08-01-01,2026-07-30,105.25,5074.25,0.0
DM-02-08-01-01,2026-07-31,113.0,4990.25,0.0
DM-02-08-01-01,2026-08-01,130.5,5543.5,0.0
DM-02-08-01-01,2026-08-02,159.875,5691.75,0.0
DM-02-08-01-01,2026-08-03,140.25,5493.5,0.0
DM-02-08-01-01,2026-08-04,135.125,5559.0,0.0
DM-02-08-01-01,2026-08-05,141.75,5474.0,0.0
DM-02-08-02-01,2026-07-08,,2774.75,
DM-02-08-02-01,2026-07-09,120.625,4761.0,
DM-02-08-02-01,2026-07-10,117.5,4814.5,
DM-02-08-02-01,2026-07-11,121.0,4940.0,
DM-02-08-02-01,2026-07-12,125.375,4915.5,
DM-02-08-02-01,2026-07-13,121.375,4786.75,
DM-02-08-02-01,2026-07-14,119.875,4654.25,
DM-02-08-02-01,2026-07-15,120.125,4684.0,
DM-02-08-02-01,2026-07-16,113.125,4508.5,
DM-02-08-02-01,2026-07-17,114.0,4557.25,
DM-02-08-02-01,2026-07-18,114.5,4844.75,
DM-02-08-02-01,2026-07-19,130.875,4905.0,
DM-02-08-02-01,2026-07-20,127.0,4662.75,
DM-02-08-02-01,2026-07-21,126.125,4723.0,
DM-02-08-02-01,2026-07-22,112.625,4581.0,0.0
DM-02-08-02-01,2026-07-23,124.25,4677.0,0.784
DM-02-08-02-01,2026-07-24,125.0,4769.5,2.317
DM-02-08-02-01,2026-07-25,124.125,4926.5,2.976
DM-02-08-02-01,2026-07-26,128.25,4873.75,7.76
DM-02-08-02-01,2026-07-27,124.625,4663.5,8.919
DM-02-08-02-01,2026-07-28,124.0,4602.0,9.452
DM-02-08-02-01,2026-07-29,123.25,4690.25,9.236
DM-02-08-02-01,2026-07-30,118.125,4748.25,3.895
DM-02-08-02-01,2026-07-31,124.25,4704.75,4.679
DM-02-08-02-01,2026-08-01,127.875,4796.25,9.087
DM-02-08-02-01,2026-08-02,123.875,4884.0,9.496
DM-02-08-02-01,2026-08-03,120.625,4752.0,6.655
DM-02-08-02-01,2026-08-04,120.75,4711.0,3.938
DM-02-08-02-01,2026-08-05,121.375,4707.0,1.847
DM-02-08-03-03,2026-07-08,,3944.25,
DM-02-08-03-03,2026-07-09,375.75,7328.25,
DM-02-08-03-03,2026-07-10,373.25,7376.5,
DM-02-08-03-03,2026-07-11,342.75,7623.5,
DM-02-08-03-03,2026-07-12,338.25,7710.25,
DM-02-08-03-03,2026-07-13,372.0,7392.0,
DM-02-08-03-03,2026-07-14,378.5,7010.0,
DM-02-08-03-03,2026-07-15,368.375,7735.25,
DM-02-08-03-03,2026-07-16,131.0,6843.0,
DM-02-08-03-03,2026-07-17,129.625,6934.0,
DM-02-08-03-03,2026-07-18,132.625,7344.5,
DM-02-08-03-03,2026-07-19,153.5,7453.25,
DM-02-08-03-03,2026-07-20,138.625,7033.25,
DM-02-08-03-03,2026-07-21,135.875,6988.75,
DM-02-08-03-03,2026-07-22,140.375,6941.75,0.0
DM-02-08-03-03,2026-07-23,125.25,6920.25,0.0
DM-02-08-03-03,2026-07-24,131.125,6989.25,0.0
DM-02-08-03-03,2026-07-25,144.5,7212.75,0.0
DM-02-08-03-03,2026-07-26,143.125,7398.75,0.0
DM-02-08-03-03,2026-07-27,135.625,7012.0,0.0
DM-02-08-03-03,2026-07-28,133.375,7067.75,0.0
DM-02-08-03-03,2026-07-29,150.75,7165.75,0.0
DM-02-08-03-03,2026-07-30,139.875,7120.5,0.0
DM-02-08-03-03,2026-07-31,148.875,7083.25,0.0
DM-02-08-03-03,2026-08-01,149.75,7279.0,0.0
DM-02-08-03-03,2026-08-02,153.0,7563.75,0.0
DM-02-08-03-03,2026-08-03,141.75,7070.75,0.0
DM-02-08-03-03,2026-08-04,143.875,7197.0,0.0
DM-02-08-03-03,2026-08-05,139.25,7129.75,0.0
DM-02-08-04-01,2026-07-08,,1570.5,
DM-02-08-04-01,2026-07-09,43.5,2533.75,
DM-02-08-04-01,2026-07-10,45.125,2723.75,
DM-02-08-04-01,2026-07-11,43.0,2733.0,
DM-02-08-04-01,2026-07-12,44.875,2657.0,
DM-02-08-04-01,2026-07-13,43.75,2683.25,
DM-02-08-04-01,2026-07-14,43.625,2662.75,
DM-02-08-04-01,2026-07-15,45.75,2648.25,
DM-02-08-04-01,2026-07-16,45.25,2618.25,
DM-02-08-04-01,2026-07-17,43.875,2595.5,
DM-02-08-04-01,2026-07-18,48.0,2967.0,
DM-02-08-04-01,2026-07-19,58.125,2925.25,
DM-02-08-04-01,2026-07-20,56.0,3014.25,
DM-02-08-04-01,2026-07-21,58.125,3197.0,
DM-02-08-04-01,2026-07-22,59.0,3320.0,8.621
DM-02-08-04-01,2026-07-23,73.125,3478.25,31.366
DM-02-08-04-01,2026-07-24,73.625,3586.75,54.612
DM-02-08-04-01,2026-07-25,83.25,4198.0,87.483
DM-02-08-04-01,2026-07-26,87.125,3858.25,124.229
DM-02-08-04-01,2026-07-27,94.625,4024.5,168.474
DM-02-08-04-01,2026-07-28,94.875,3893.75,212.97
DM-02-08-04-01,2026-07-29,95.0,4071.5,257.591
DM-02-08-04-01,2026-07-30,94.875,4070.25,302.087
DM-02-08-04-01,2026-07-31,97.125,3882.5,348.832
DM-02-08-04-01,2026-08-01,34.75,2241.0,333.203
DM-02-08-04-01,2026-08-02,34.75,2216.0,317.574
DM-02-08-04-01,2026-08-03,32.125,2303.0,299.319
DM-02-08-04-01,2026-08-04,35.375,2197.25,284.315
DM-02-08-04-01,2026-08-05,33.625,2313.25,267.561
DM-02-12-01-01,2026-07-08,,3554.25,
DM-02-12-01-01,2026-07-09,125.625,5682.5,
DM-02-12-01-01,2026-07-10,125.125,5785.0,
DM-02-12-01-01,2026-07-11,135.5,6043.25,
DM-02-12-01-01,2026-07-12,131.375,6038.0,
DM-02-12-01-01,2026-07-13,130.25,5883.0,
DM-02-12-01-01,2026-07-14,136.125,5806.25,
DM-02-12-01-01,2026-07-15,137.625,5768.5,
DM-02-12-01-01,2026-07-16,125.875,5583.5,
DM-02-12-01-01,2026-07-17,130.25,5592.5,
DM-02-12-01-01,2026-07-18,119.375,5783.0,
DM-02-12-01-01,2026-07-19,128.75,5830.5,
DM-02-12-01-01,2026-07-20,123.875,5668.25,
DM-02-12-01-01,2026-07-21,123.375,5607.0,
DM-02-12-01-01,2026-07-22,121.25,5514.25,0.0
DM-02-12-01-01,2026-07-23,122.125,5595.0,0.0
DM-02-12-01-01,2026-07-24,140.25,5603.25,8.91
DM-02-12-01-01,2026-07-25,120.0,5760.25,0.0
DM-02-12-01-01,2026-07-26,128.25,5735.5,0.0
DM-02-12-01-01,2026-07-27,119.125,5470.0,0.0
DM-02-12-01-01,2026-07-28,113.75,5384.0,0.0
DM-02-12-01-01,2026-07-29,118.25,5467.75,0.0
DM-02-12-01-01,2026-07-30,115.625,5443.0,0.0
DM-02-12-01-01,2026-07-31,116.875,5325.5,0.0
DM-02-12-01-01,2026-08-01,112.5,5404.75,0.0
DM-02-12-01-01,2026-08-02,114.875,5645.25,0.0
DM-02-12-01-01,2026-08-03,117.0,5499.5,0.0
DM-02-12-01-01,2026-08-04,116.25,5347.25,0.0
DM-02-12-01-01,2026-08-05,107.875,5310.75,0.0
DM-02-12-01-02,2026-07-09,117.25,5058.25,
DM-02-12-01-02,2026-07-10,122.5,5149.25,
DM-02-12-01-02,2026-07-11,129.0,5267.62,
DM-02-12-01-02,2026-07-12,129.0,5267.62,
DM-02-12-01-02,2026-07-13,132.375,5239.25,
DM-02-12-01-02,2026-07-14,120.25,5304.5,
DM-02-12-01-02,2026-07-15,129.625,5100.75,
DM-02-12-01-02,2026-07-16,129.375,5232.5,
DM-02-12-01-02,2026-07-17,141.375,5203.0,
DM-02-12-01-02,2026-07-18,124.0,5402.5,
DM-02-12-01-02,2026-07-19,137.625,5488.0,
DM-02-12-01-02,2026-07-20,133.25,5248.5,
DM-02-12-01-02,2026-07-21,131.625,5211.0,
DM-02-12-01-02,2026-07-22,122.25,5297.75,
DM-02-12-01-02,2026-07-23,127.875,5162.0,0.0
DM-02-12-01-02,2026-07-24,151.25,5190.75,19.472
DM-02-12-01-02,2026-07-25,125.125,5261.0,12.818
DM-02-12-01-02,2026-07-26,128.5,5468.25,9.54
DM-02-12-01-02,2026-07-27,129.0,5181.5,6.762
DM-02-12-01-02,2026-07-28,121.75,5177.25,0.0
DM-02-12-01-02,2026-07-29,130.75,5280.5,0.0
DM-02-12-01-02,2026-07-30,118.5,5161.0,0.0
DM-02-12-01-02,2026-07-31,127.25,5221.0,0.0
DM-02-12-01-02,2026-08-01,123.125,5462.75,0.0
DM-02-12-01-02,2026-08-02,132.5,5663.5,0.722
DM-02-12-01-02,2026-08-03,132.375,5529.25,1.318
DM-02-12-01-02,2026-08-04,132.125,5537.75,1.665
DM-02-12-01-02,2026-08-05,135.375,5372.75,5.262
DM-02-12-01-03,2026-07-08,,2353.5,
DM-02-12-01-03,2026-07-09,157.375,3697.5,
DM-02-12-01-03,2026-07-10,158.875,4325.0,
DM-02-12-01-03,2026-07-11,150.125,4362.25,
DM-02-12-01-03,2026-07-12,144.875,4331.5,
DM-02-12-01-03,2026-07-13,160.75,4400.75,
DM-02-12-01-03,2026-07-14,155.875,4349.0,
DM-02-12-01-03,2026-07-15,158.375,4676.0,
DM-02-12-01-03,2026-07-16,119.0,4421.75,
DM-02-12-01-03,2026-07-17,126.75,4414.0,
DM-02-12-01-03,2026-07-18,113.875,4507.25,
DM-02-12-01-03,2026-07-19,120.875,4491.25,
DM-02-12-01-03,2026-07-20,119.75,4511.5,
DM-02-12-01-03,2026-07-21,121.875,4483.25,
DM-02-12-01-03,2026-07-22,115.875,4409.0,0.0
DM-02-12-01-03,2026-07-23,120.0,4398.25,0.0
DM-02-12-01-03,2026-07-24,123.75,4405.5,0.0
DM-02-12-01-03,2026-07-25,114.25,4454.75,0.0
DM-02-12-01-03,2026-07-26,120.0,4186.75,0.0
DM-02-12-01-03,2026-07-27,100.625,3932.25,0.0
DM-02-12-01-03,2026-07-28,96.5,3795.75,0.0
DM-02-12-01-03,2026-07-29,99.0,3902.5,0.0
DM-02-12-01-03,2026-07-30,99.75,3910.75,0.0
DM-02-12-01-03,2026-07-31,102.5,3797.25,0.0
DM-02-12-01-03,2026-08-01,90.875,3803.25,0.0
DM-02-12-01-03,2026-08-02,95.75,3878.0,0.0
DM-02-12-01-03,2026-08-03,99.625,3956.0,0.0
DM-02-12-01-03,2026-08-04,98.0,3830.25,0.0
DM-02-12-01-03,2026-08-05,64.25,3697.75,0.0
DM-02-12-02-01,2026-07-08,,2039.25,
DM-02-12-02-01,2026-07-09,78.75,3283.75,
DM-02-12-02-01,2026-07-10,78.75,3296.5,
DM-02-12-02-01,2026-07-11,79.375,3336.5,
DM-02-12-02-01,2026-07-12,77.375,3364.5,
DM-02-12-02-01,2026-07-13,80.625,3396.5,
DM-02-12-02-01,2026-07-14,80.5,3388.0,
DM-02-12-02-01,2026-07-15,81.375,3340.25,
DM-02-12-02-01,2026-07-16,83.375,3295.75,
DM-02-12-02-01,2026-07-17,82.625,3297.75,
DM-02-12-02-01,2026-07-18,81.125,3421.25,
DM-02-12-02-01,2026-07-19,84.375,3490.25,
DM-02-12-02-01,2026-07-20,81.625,3361.75,
DM-02-12-02-01,2026-07-21,77.375,3395.5,
DM-02-12-02-01,2026-07-22,81.625,3297.5,0.019
DM-02-12-02-01,2026-07-23,79.25,3327.75,0.0
DM-02-12-02-01,2026-07-24,81.75,3341.0,0.144
DM-02-12-02-01,2026-07-25,75.625,3383.0,0.0
DM-02-12-02-01,2026-07-26,82.375,3390.0,0.769
DM-02-12-02-01,2026-07-27,80.625,3337.0,0.0
DM-02-12-02-01,2026-07-28,76.5,3342.75,0.0
DM-02-12-02-01,2026-07-29,81.625,3413.25,0.019
DM-02-12-02-01,2026-07-30,77.875,3379.5,0.0
DM-02-12-02-01,2026-07-31,81.625,3292.5,0.019
DM-02-12-02-01,2026-08-01,76.875,3343.75,0.0
DM-02-12-02-01,2026-08-02,80.375,3435.25,0.0
DM-02-12-02-01,2026-08-03,80.625,3404.25,0.0
DM-02-12-02-01,2026-08-04,82.0,3418.25,0.394
DM-02-12-02-01,2026-08-05,38.375,3179.5,0.0
DM-02-12-02-02,2026-07-08,,1053.75,
DM-02-12-02-02,2026-07-09,45.75,1706.0,
DM-02-12-02-02,2026-07-10,38.875,1725.0,
DM-02-12-02-02,2026-07-11,39.375,1738.25,
DM-02-12-02-02,2026-07-12,41.75,1778.0,
DM-02-12-02-02,2026-07-13,42.25,1772.5,
DM-02-12-02-02,2026-07-14,40.5,1793.25,
DM-02-12-02-02,2026-07-15,43.625,1753.5,
DM-02-12-02-02,2026-07-16,41.5,1729.75,
DM-02-12-02-02,2026-07-17,41.125,1692.25,
DM-02-12-02-02,2026-07-18,41.875,1787.5,
DM-02-12-02-02,2026-07-19,42.0,1810.0,
DM-02-12-02-02,2026-07-20,45.25,1771.5,
DM-02-12-02-02,2026-07-21,43.125,1777.75,
DM-02-12-02-02,2026-07-22,41.875,1701.75,0.0
DM-02-12-02-02,2026-07-23,39.0,1712.25,0.0
DM-02-12-02-02,2026-07-24,44.375,1741.5,1.332
DM-02-12-02-02,2026-07-25,40.0,1766.25,0.0
DM-02-12-02-02,2026-07-26,42.875,1756.75,0.0
DM-02-12-02-02,2026-07-27,41.875,1733.5,0.0
DM-02-12-02-02,2026-07-28,39.375,1701.0,0.0
DM-02-12-02-02,2026-07-29,41.125,1756.5,0.0
DM-02-12-02-02,2026-07-30,40.0,1722.75,0.0
DM-02-12-02-02,2026-07-31,42.0,1695.25,0.0
DM-02-12-02-02,2026-08-01,40.625,1731.25,0.0
DM-02-12-02-02,2026-08-02,38.25,1781.5,0.0
DM-02-12-02-02,2026-08-03,41.75,1776.5,0.0
DM-02-12-02-02,2026-08-04,40.5,1759.25,0.0
DM-02-12-02-02,2026-08-05,29.125,1642.0,0.0
DM-02-12-03-01,2026-07-08,,1796.0,
DM-02-12-03-01,2026-07-09,70.5,2916.0,
DM-02-12-03-01,2026-07-10,70.5,2916.5,
DM-02-12-03-01,2026-07-11,72.25,2944.75,
DM-02-12-03-01,2026-07-12,71.75,2939.0,
DM-02-12-03-01,2026-07-13,71.25,2931.25,
DM-02-12-03-01,2026-07-14,76.0,2939.5,
DM-02-12-03-01,2026-07-15,75.375,2920.75,
DM-02-12-03-01,2026-07-16,72.0,2890.5,
DM-02-12-03-01,2026-07-17,75.5,2883.25,
DM-02-12-03-01,2026-07-18,70.25,2980.25,
DM-02-12-03-01,2026-07-19,75.875,2977.0,
DM-02-12-03-01,2026-07-20,70.75,2944.5,
DM-02-12-03-01,2026-07-21,72.375,2955.5,
DM-02-12-03-01,2026-07-22,70.875,2919.25,0.0
DM-02-12-03-01,2026-07-23,73.25,2927.25,0.0
DM-02-12-03-01,2026-07-24,78.5,2869.25,4.789
DM-02-12-03-01,2026-07-25,67.75,2876.0,0.0
DM-02-12-03-01,2026-07-26,73.0,2889.75,0.0
DM-02-12-03-01,2026-07-27,69.75,2804.5,0.0
DM-02-12-03-01,2026-07-28,68.25,2767.0,0.0
DM-02-12-03-01,2026-07-29,70.5,2829.5,0.0
DM-02-12-03-01,2026-07-30,67.25,2822.0,0.0
DM-02-12-03-01,2026-07-31,69.125,2753.75,0.0
DM-02-12-03-01,2026-08-01,65.75,2813.0,0.0
DM-02-12-03-01,2026-08-02,67.5,2849.75,0.0
DM-02-12-03-01,2026-08-03,68.375,2901.75,0.0
DM-02-12-03-01,2026-08-04,68.625,2864.75,0.0
DM-02-12-03-01,2026-08-05,63.5,2826.0,0.0
DM-02-13-01-01,2026-07-08,,2091.0,
DM-02-13-01-01,2026-07-09,232.5,3908.5,
DM-02-13-01-01,2026-07-10,236.625,4017.5,
DM-02-13-01-01,2026-07-11,231.0,4095.75,
DM-02-13-01-01,2026-07-12,219.625,4162.75,
DM-02-13-01-01,2026-07-13,235.25,4020.5,
DM-02-13-01-01,2026-07-14,236.75,4079.75,
DM-02-13-01-01,2026-07-15,238.375,4485.5,
DM-02-13-01-01,2026-07-16,85.5,3966.25,
DM-02-13-01-01,2026-07-17,89.875,4011.75,
DM-02-13-01-01,2026-07-18,86.375,4265.75,
DM-02-13-01-01,2026-07-19,93.875,4323.75,
DM-02-13-01-01,2026-07-20,85.375,4039.75,
DM-02-13-01-01,2026-07-21,87.125,4050.25,
DM-02-13-01-01,2026-07-22,86.5,3956.75,0.0
DM-02-13-01-01,2026-07-23,85.375,3977.75,0.0
DM-02-13-01-01,2026-07-24,94.5,4024.75,0.0
DM-02-13-01-01,2026-07-25,84.0,4138.0,0.0
DM-02-13-01-01,2026-07-26,92.75,4206.5,0.0
DM-02-13-01-01,2026-07-27,85.75,4022.5,0.0
DM-02-13-01-01,2026-07-28,81.75,3962.75,0.0
DM-02-13-01-01,2026-07-29,88.125,4072.5,0.0
DM-02-13-01-01,2026-07-30,86.875,4041.5,0.0
DM-02-13-01-01,2026-07-31,88.25,3985.25,0.0
DM-02-13-01-01,2026-08-01,81.5,4098.25,0.0
DM-02-13-01-01,2026-08-02,86.5,4254.25,0.0
DM-02-13-01-01,2026-08-03,85.25,4146.5,0.0
DM-02-13-01-01,2026-08-04,85.875,4129.5,0.0
DM-02-13-01-01,2026-08-05,91.875,4182.0,0.0
DM-02-13-02-02,2026-07-08,,1201.0,
DM-02-13-02-02,2026-07-09,111.5,1960.25,
DM-02-13-02-02,2026-07-10,113.0,2195.0,
DM-02-13-02-02,2026-07-11,123.375,2314.25,
DM-02-13-02-02,2026-07-12,123.875,2335.25,
DM-02-13-02-02,2026-07-13,115.375,2308.75,
DM-02-13-02-02,2026-07-14,117.5,2335.5,
DM-02-13-02-02,2026-07-15,57.25,2318.0,
DM-02-13-02-02,2026-07-16,56.375,2323.75,
DM-02-13-02-02,2026-07-17,59.625,2289.75,
DM-02-13-02-02,2026-07-18,53.5,2369.0,
DM-02-13-02-02,2026-07-19,61.0,2381.5,
DM-02-13-02-02,2026-07-20,56.125,2369.75,
DM-02-13-02-02,2026-07-21,58.25,2326.75,
DM-02-13-02-02,2026-07-22,55.5,2238.5,0.0
DM-02-13-02-02,2026-07-23,56.125,2265.5,0.0
DM-02-13-02-02,2026-07-24,68.625,2276.75,0.0
DM-02-13-02-02,2026-07-25,54.625,2348.75,0.0
DM-02-13-02-02,2026-07-26,59.125,2338.0,0.0
DM-02-13-02-02,2026-07-27,54.125,2320.0,0.0
DM-02-13-02-02,2026-07-28,53.875,2270.0,0.0
DM-02-13-02-02,2026-07-29,54.25,2296.0,0.0
DM-02-13-02-02,2026-07-30,55.125,2307.0,0.0
DM-02-13-02-02,2026-07-31,60.875,2325.25,0.0
DM-02-13-02-02,2026-08-01,53.625,2313.0,0.0
DM-02-13-02-02,2026-08-02,53.625,2349.75,0.0
DM-02-13-02-02,2026-08-03,57.25,2338.75,0.0
DM-02-13-02-02,2026-08-04,56.625,2273.0,0.0
DM-02-13-02-02,2026-08-05,52.75,2217.0,0.0
DM-02-13-03-01,2026-07-08,,1728.75,
DM-02-13-03-01,2026-07-09,72.125,2804.0,
DM-02-13-03-01,2026-07-10,71.375,2802.5,
DM-02-13-03-01,2026-07-11,76.125,2880.75,
DM-02-13-03-01,2026-07-12,71.125,2842.5,
DM-02-13-03-01,2026-07-13,76.75,2843.5,
DM-02-13-03-01,2026-07-14,76.375,2831.0,
DM-02-13-03-01,2026-07-15,76.625,2835.75,
DM-02-13-03-01,2026-07-16,74.375,2805.5,
DM-02-13-03-01,2026-07-17,78.5,2838.75,
DM-02-13-03-01,2026-07-18,70.5,2896.75,
DM-02-13-03-01,2026-07-19,81.375,2943.0,
DM-02-13-03-01,2026-07-20,72.375,2816.0,
DM-02-13-03-01,2026-07-21,72.25,2783.5,
DM-02-13-03-01,2026-07-22,69.875,2759.5,0.0
DM-02-13-03-01,2026-07-23,75.375,2775.0,0.0
DM-02-13-03-01,2026-07-24,78.625,2812.0,2.431
DM-02-13-03-01,2026-07-25,72.375,2824.25,0.0
DM-02-13-03-01,2026-07-26,78.25,2869.0,2.056
DM-02-13-03-01,2026-07-27,73.25,2795.75,0.0
DM-02-13-03-01,2026-07-28,70.125,2729.75,0.0
DM-02-13-03-01,2026-07-29,73.5,2802.5,0.0
DM-02-13-03-01,2026-07-30,70.5,2804.75,0.0
DM-02-13-03-01,2026-07-31,75.625,2790.75,0.0
DM-02-13-03-01,2026-08-01,69.625,2819.0,0.0
DM-02-13-03-01,2026-08-02,71.5,2870.25,0.0
DM-02-13-03-01,2026-08-03,71.25,2839.75,0.0
DM-02-13-03-01,2026-08-04,71.625,2792.75,0.0
DM-02-13-03-01,2026-08-05,69.25,2764.25,0.0
DM-02-13-03-02,2026-07-08,,1888.0,
DM-02-13-03-02,2026-07-09,188.0,3273.75,
DM-02-13-03-02,2026-07-10,193.125,3671.5,
DM-02-13-03-02,2026-07-11,193.25,3657.25,
DM-02-13-03-02,2026-07-12,189.125,3711.0,
DM-02-13-03-02,2026-07-13,191.25,3633.0,
DM-02-13-03-02,2026-07-14,191.375,3683.0,
DM-02-13-03-02,2026-07-15,199.0,4069.5,
DM-02-13-03-02,2026-07-16,79.25,3609.75,
DM-02-13-03-02,2026-07-17,88.375,3613.25,
DM-02-13-03-02,2026-07-18,86.25,3804.5,
DM-02-13-03-02,2026-07-19,80.5,3704.75,
DM-02-13-03-02,2026-07-20,76.5,3541.25,
DM-02-13-03-02,2026-07-21,75.5,3476.0,
DM-02-13-03-02,2026-07-22,73.375,3462.25,0.0
DM-02-13-03-02,2026-07-23,77.875,3528.25,0.0
DM-02-13-03-02,2026-07-24,93.5,3574.0,0.0
DM-02-13-03-02,2026-07-25,75.0,3589.0,0.0
DM-02-13-03-02,2026-07-26,82.125,3662.75,0.0
DM-02-13-03-02,2026-07-27,85.75,3561.0,0.0
DM-02-13-03-02,2026-07-28,70.25,3417.0,0.0
DM-02-13-03-02,2026-07-29,74.625,3649.0,0.0
DM-02-13-03-02,2026-07-30,68.875,3428.0,0.0
DM-02-13-03-02,2026-07-31,75.0,3429.0,0.0
DM-02-13-03-02,2026-08-01,72.375,3526.75,0.0
DM-02-13-03-02,2026-08-02,72.75,3521.0,0.0
DM-02-13-03-02,2026-08-03,71.375,3435.0,0.0
DM-02-13-03-02,2026-08-04,77.25,3441.0,0.0
DM-02-13-03-02,2026-08-05,77.25,3401.75,0.0
DM-02-13-04-01,2026-07-08,,2031.5,
DM-02-13-04-01,2026-07-09,75.625,3276.25,
DM-02-13-04-01,2026-07-10,77.25,3362.75,
DM-02-13-04-01,2026-07-11,72.375,3409.0,
DM-02-13-04-01,2026-07-12,68.125,3428.25,
DM-02-13-04-01,2026-07-13,70.125,3301.0,
DM-02-13-04-01,2026-07-14,71.125,3373.25,
DM-02-13-04-01,2026-07-15,76.875,3365.5,
DM-02-13-04-01,2026-07-16,88.5,3339.0,
DM-02-13-04-01,2026-07-17,69.875,3261.0,
DM-02-13-04-01,2026-07-18,73.625,3451.75,
DM-02-13-04-01,2026-07-19,76.375,3494.0,
DM-02-13-04-01,2026-07-20,75.75,3330.75,
DM-02-13-04-01,2026-07-21,67.375,3266.75,
DM-02-13-04-01,2026-07-22,78.5,3336.25,1.785
DM-02-13-04-01,2026-07-23,80.25,3290.75,5.32
DM-02-13-04-01,2026-07-24,77.0,3255.25,5.606
DM-02-13-04-01,2026-07-25,79.625,3408.0,8.516
DM-02-13-04-01,2026-07-26,69.125,3394.25,0.926
DM-02-13-04-01,2026-07-27,67.625,3245.75,0.0
DM-02-13-04-01,2026-07-28,70.0,3234.75,0.0
DM-02-13-04-01,2026-07-29,70.875,3257.5,0.0
DM-02-13-04-01,2026-07-30,77.875,3275.5,1.16
DM-02-13-04-01,2026-07-31,74.75,3243.75,0.0
DM-02-13-04-01,2026-08-01,70.0,3351.0,0.0
DM-02-13-04-01,2026-08-02,65.25,3367.75,0.0
DM-02-13-04-01,2026-08-03,72.25,3292.0,0.0
DM-02-13-04-01,2026-08-04,79.5,3358.25,2.785
DM-02-13-04-01,2026-08-05,68.125,3298.25,0.0
DM-02-13-04-02,2026-07-08,,1572.0,
DM-02-13-04-02,2026-07-09,51.75,2522.25,
DM-02-13-04-02,2026-07-10,54.0,2572.0,
DM-02-13-04-02,2026-07-11,55.75,2614.25,
DM-02-13-04-02,2026-07-12,52.5,2559.0,
DM-02-13-04-02,2026-07-13,57.25,2521.5,
DM-02-13-04-02,2026-07-14,53.125,2539.5,
DM-02-13-04-02,2026-07-15,54.125,2519.25,
DM-02-13-04-02,2026-07-16,53.5,2501.5,
DM-02-13-04-02,2026-07-17,57.375,2481.25,
DM-02-13-04-02,2026-07-18,49.0,2576.25,
DM-02-13-04-02,2026-07-19,59.0,2643.75,
DM-02-13-04-02,2026-07-20,53.875,2536.75,
DM-02-13-04-02,2026-07-21,55.25,2497.5,
DM-02-13-04-02,2026-07-22,54.0,2459.75,0.0
DM-02-13-04-02,2026-07-23,55.5,2506.25,0.0
DM-02-13-04-02,2026-07-24,60.125,2500.75,4.513
DM-02-13-04-02,2026-07-25,51.125,2574.25,0.025
DM-02-13-04-02,2026-07-26,56.75,2567.75,1.163
DM-02-13-04-02,2026-07-27,51.875,2484.75,0.0
DM-02-13-04-02,2026-07-28,50.875,2417.0,0.0
DM-02-13-04-02,2026-07-29,53.625,2485.25,0.0
DM-02-13-04-02,2026-07-30,51.5,2485.25,0.0
DM-02-13-04-02,2026-07-31,54.125,2491.5,0.0
DM-02-13-04-02,2026-08-01,50.625,2523.0,0.0
DM-02-13-04-02,2026-08-02,51.5,2555.25,0.0
DM-02-13-04-02,2026-08-03,54.25,2547.75,0.0
DM-02-13-04-02,2026-08-04,49.875,2500.0,0.0
DM-02-13-04-02,2026-08-05,51.75,2481.5,0.0
DM-02-13-05-02,2026-07-08,,1747.0,
DM-02-13-05-02,2026-07-09,62.0,2810.75,
DM-02-13-05-02,2026-07-10,63.5,2844.5,
DM-02-13-05-02,2026-07-11,69.375,2902.0,
DM-02-13-05-02,2026-07-12,61.75,2858.75,
DM-02-13-05-02,2026-07-13,68.25,2850.0,
DM-02-13-05-02,2026-07-14,63.75,2854.5,
DM-02-13-05-02,2026-07-15,68.75,2831.25,
DM-02-13-05-02,2026-07-16,65.5,2881.0,
DM-02-13-05-02,2026-07-17,82.0,2941.75,
DM-02-13-05-02,2026-07-18,61.125,2878.25,
DM-02-13-05-02,2026-07-19,68.75,2933.75,
DM-02-13-05-02,2026-07-20,64.0,2867.5,
DM-02-13-05-02,2026-07-21,63.75,2905.75,
DM-02-13-05-02,2026-07-22,66.0,2863.5,0.0
DM-02-13-05-02,2026-07-23,66.625,2896.25,0.0
DM-02-13-05-02,2026-07-24,71.875,2907.0,2.881
DM-02-13-05-02,2026-07-25,64.25,2919.0,0.0
DM-02-13-05-02,2026-07-26,70.75,2921.5,1.756
DM-02-13-05-02,2026-07-27,66.75,2844.25,0.0
DM-02-13-05-02,2026-07-28,61.0,2767.75,0.0
DM-02-13-05-02,2026-07-29,64.0,2784.0,0.0
DM-02-13-05-02,2026-07-30,64.125,2755.75,0.0
DM-02-13-05-02,2026-07-31,63.0,2711.5,0.0
DM-02-13-05-02,2026-08-01,55.875,2708.75,0.0
DM-02-13-05-02,2026-08-02,59.0,2794.75,0.0
DM-02-13-05-02,2026-08-03,61.75,2829.5,0.0
DM-02-13-05-02,2026-08-04,60.125,2695.5,0.0
DM-02-13-05-02,2026-08-05,55.125,2654.0,0.0
DM-02-13-06-01,2026-07-08,,1136.75,
DM-02-13-06-01,2026-07-09,35.125,1812.5,
DM-02-13-06-01,2026-07-10,33.875,1806.25,
DM-02-13-06-01,2026-07-11,35.875,1894.25,
DM-02-13-06-01,2026-07-12,36.875,1867.75,
DM-02-13-06-01,2026-07-13,36.125,1847.75,
DM-02-13-06-01,2026-07-14,33.625,1833.75,
DM-02-13-06-01,2026-07-15,38.375,1832.25,
DM-02-13-06-01,2026-07-16,35.5,1796.5,
DM-02-13-06-01,2026-07-17,37.75,1801.25,
DM-02-13-06-01,2026-07-18,33.75,1878.75,
DM-02-13-06-01,2026-07-19,38.625,1904.25,
DM-02-13-06-01,2026-07-20,34.25,1864.5,
DM-02-13-06-01,2026-07-21,35.5,1811.75,
DM-02-13-06-01,2026-07-22,33.875,1818.25,0.0
DM-02-13-06-01,2026-07-23,34.75,1810.25,0.0
DM-02-13-06-01,2026-07-24,38.875,1843.25,2.262
DM-02-13-06-01,2026-07-25,34.25,1862.5,0.0
DM-02-13-06-01,2026-07-26,36.375,1872.75,0.0
DM-02-13-06-01,2026-07-27,35.625,1820.0,0.0
DM-02-13-06-01,2026-07-28,33.875,1783.25,0.0
DM-02-13-06-01,2026-07-29,37.25,1858.25,0.637
DM-02-13-06-01,2026-07-30,36.625,1844.25,0.649
DM-02-13-06-01,2026-07-31,35.75,1830.75,0.0
DM-02-13-06-01,2026-08-01,35.5,1848.0,0.0
DM-02-13-06-01,2026-08-02,38.25,1907.25,1.637
DM-02-13-06-01,2026-08-03,35.25,1867.25,0.274
DM-02-13-06-01,2026-08-04,36.0,1834.5,0.0
DM-02-13-06-01,2026-08-05,36.0,1800.25,0.0
DM-02-13-06-02,2026-07-08,,2535.5,
DM-02-13-06-02,2026-07-09,83.125,3944.0,
DM-02-13-06-02,2026-07-10,81.5,3959.25,
DM-02-13-06-02,2026-07-11,86.75,4014.5,
DM-02-13-06-02,2026-07-12,80.875,3864.5,
DM-02-13-06-02,2026-07-13,80.375,3909.0,
DM-02-13-06-02,2026-07-14,78.625,3878.75,
DM-02-13-06-02,2026-07-15,84.25,3905.0,
DM-02-13-06-02,2026-07-16,79.25,3821.75,
DM-02-13-06-02,2026-07-17,83.625,3836.5,
DM-02-13-06-02,2026-07-18,80.625,4031.0,
DM-02-13-06-02,2026-07-19,91.875,3997.5,
DM-02-13-06-02,2026-07-20,77.875,3924.25,
DM-02-13-06-02,2026-07-21,83.0,3857.5,
DM-02-13-06-02,2026-07-22,77.25,3842.5,0.0
DM-02-13-06-02,2026-07-23,79.5,3873.5,0.0
DM-02-13-06-02,2026-07-24,85.625,3898.5,1.377
DM-02-13-06-02,2026-07-25,87.25,3975.25,4.379
DM-02-13-06-02,2026-07-26,86.625,3919.75,6.756
DM-02-13-06-02,2026-07-27,85.5,3761.5,8.009
DM-02-13-06-02,2026-07-28,74.25,3707.75,0.0
DM-02-13-06-02,2026-07-29,84.25,3827.25,0.002
DM-02-13-06-02,2026-07-30,78.75,3830.25,0.0
DM-02-13-06-02,2026-07-31,88.25,3770.25,4.002
DM-02-13-06-02,2026-08-01,74.125,3783.75,0.0
DM-02-13-06-02,2026-08-02,75.125,3800.75,0.0
DM-02-13-06-02,2026-08-03,76.25,3832.0,0.0
DM-02-13-06-02,2026-08-04,74.125,3759.25,0.0
DM-02-13-06-02,2026-08-05,77.625,3697.75,0.0
DM-02-14-03-02,2026-07-08,,2255.0,
DM-02-14-03-02,2026-07-09,231.625,4194.5,
DM-02-14-03-02,2026-07-10,245.75,4224.5,
DM-02-14-03-02,2026-07-11,262.875,4442.0,
DM-02-14-03-02,2026-07-12,268.625,4537.0,
DM-02-14-03-02,2026-07-13,235.75,4230.25,
DM-02-14-03-02,2026-07-14,220.5,4322.5,
DM-02-14-03-02,2026-07-15,98.938,4226.62,
DM-02-14-03-02,2026-07-16,82.5,4140.75,
DM-02-14-03-02,2026-07-17,88.625,4116.75,
DM-02-14-03-02,2026-07-18,91.125,4466.5,
DM-02-14-03-02,2026-07-19,96.125,4383.5,
DM-02-14-03-02,2026-07-20,104.0,4261.75,
DM-02-14-03-02,2026-07-21,103.5,4202.5,
DM-02-14-03-02,2026-07-22,81.375,4158.25,0.0
DM-02-14-03-02,2026-07-23,89.125,4171.75,0.0
DM-02-14-03-02,2026-07-24,85.625,4241.75,0.0
DM-02-14-03-02,2026-07-25,103.25,4381.25,0.0
DM-02-14-03-02,2026-07-26,113.5,4446.75,0.0
DM-02-14-03-02,2026-07-27,105.0,4189.75,0.0
DM-02-14-03-02,2026-07-28,91.125,4130.25,0.0
DM-02-14-03-02,2026-07-29,92.125,4085.5,0.0
DM-02-14-03-02,2026-07-30,85.625,4157.0,0.0
DM-02-14-03-02,2026-07-31,86.125,4042.5,0.0
DM-02-14-03-02,2026-08-01,86.125,4233.5,0.0
DM-02-14-03-02,2026-08-02,99.125,4450.75,0.0
DM-02-14-03-02,2026-08-03,90.125,4285.75,0.0
DM-02-14-03-02,2026-08-04,102.625,4373.25,0.0
DM-02-14-03-02,2026-08-05,96.875,4333.0,0.0
DM-02-14-03-03,2026-07-08,,1035.5,
DM-02-14-03-03,2026-07-09,104.375,2067.5,
DM-02-14-03-03,2026-07-10,97.5,2008.0,
DM-02-14-03-03,2026-07-11,99.125,2191.75,
DM-02-14-03-03,2026-07-12,84.375,1842.0,
DM-02-14-03-03,2026-07-13,103.875,2191.75,
DM-02-14-03-03,2026-07-14,105.875,2216.75,
DM-02-14-03-03,2026-07-15,105.75,2452.0,
DM-02-14-03-03,2026-07-16,37.375,2044.0,
DM-02-14-03-03,2026-07-17,43.625,2022.0,
DM-02-14-03-03,2026-07-18,9.875,1856.0,
DM-02-14-03-03,2026-07-19,28.0,1390.25,
DM-02-14-03-03,2026-07-20,22.5,1658.25,
DM-02-14-03-03,2026-07-21,35.5,1777.0,
DM-02-14-03-03,2026-07-22,27.375,1705.75,0.0
DM-02-14-03-03,2026-07-23,34.25,1723.25,0.0
DM-02-14-03-03,2026-07-24,28.375,1692.5,0.0
DM-02-14-03-03,2026-07-25,29.125,1777.5,0.0
DM-02-14-03-03,2026-07-26,31.0,1364.25,0.0
DM-02-14-03-03,2026-07-27,23.125,1577.75,0.0
DM-02-14-03-03,2026-07-28,33.25,1613.25,0.0
DM-02-14-03-03,2026-07-29,26.625,1357.25,0.0
DM-02-14-03-03,2026-07-30,22.375,1597.5,0.0
DM-02-14-03-03,2026-07-31,31.75,1677.25,0.0
DM-02-14-03-03,2026-08-01,32.5,1820.5,0.0
DM-02-14-03-03,2026-08-02,26.5,1353.5,0.0
DM-02-14-03-03,2026-08-03,29.625,1767.25,0.0
DM-02-14-03-03,2026-08-04,30.375,1813.25,0.0
DM-02-14-03-03,2026-08-05,33.5,1797.5,0.0
DM-02-14-04-01,2026-07-08,,53.0,
DM-02-14-04-01,2026-07-09,0.0,61.0,
DM-02-14-04-01,2026-07-10,0.0,39.75,
DM-02-14-04-01,2026-07-11,0.0,241.5,
DM-02-14-04-01,2026-07-12,0.0,226.25,
DM-02-14-04-01,2026-07-13,150.0,2663.0,
DM-02-14-04-01,2026-07-14,150.0,2663.0,
DM-02-14-04-01,2026-07-15,156.25,2677.75,
DM-02-14-04-01,2026-07-16,149.0,2644.5,
DM-02-14-04-01,2026-07-17,148.75,2680.75,
DM-02-14-04-01,2026-07-18,155.375,2756.0,
DM-02-14-04-01,2026-07-19,151.375,2769.25,
DM-02-14-04-01,2026-07-20,156.875,2700.25,
DM-02-14-04-01,2026-07-21,151.375,2724.5,
DM-02-14-04-01,2026-07-22,153.125,2724.5,12.692
DM-02-14-04-01,2026-07-23,149.125,2702.0,21.385
DM-02-14-04-01,2026-07-24,155.25,2761.0,36.202
DM-02-14-04-01,2026-07-25,160.625,2821.5,56.395
DM-02-14-04-01,2026-07-26,154.75,2780.0,70.712
DM-02-14-04-01,2026-07-27,151.125,2664.75,81.405
DM-02-14-04-01,2026-07-28,149.75,2238.25,90.722
DM-02-14-04-01,2026-07-29,147.875,2787.0,98.165
DM-02-14-04-01,2026-07-30,148.875,2637.5,106.607
DM-02-14-04-01,2026-07-31,150.0,2637.75,116.174
DM-02-14-04-01,2026-08-01,149.0,2667.0,124.742
DM-02-14-04-01,2026-08-02,146.5,2697.5,130.809
DM-02-14-04-01,2026-08-03,153.75,2666.75,144.127
DM-02-14-04-01,2026-08-04,149.375,2691.5,153.069
DM-02-14-04-01,2026-08-05,151.375,2686.25,164.012
DM-02-14-04-03,2026-07-08,,3515.0,
DM-02-14-04-03,2026-07-09,125.625,5721.0,
DM-02-14-04-03,2026-07-10,127.5,5835.25,
DM-02-14-04-03,2026-07-11,130.0,6012.75,
DM-02-14-04-03,2026-07-12,131.125,5922.75,
DM-02-14-04-03,2026-07-13,127.0,5807.75,
DM-02-14-04-03,2026-07-14,125.625,5758.75,
DM-02-14-04-03,2026-07-15,134.25,5826.0,
DM-02-14-04-03,2026-07-16,123.625,5631.75,
DM-02-14-04-03,2026-07-17,127.625,5699.0,
DM-02-14-04-03,2026-07-18,129.125,6060.0,
DM-02-14-04-03,2026-07-19,135.375,6020.75,
DM-02-14-04-03,2026-07-20,132.875,5765.25,
DM-02-14-04-03,2026-07-21,130.75,5725.5,
DM-02-14-04-03,2026-07-22,131.5,5776.25,0.528
DM-02-14-04-03,2026-07-23,134.375,5744.25,3.932
DM-02-14-04-03,2026-07-24,132.125,5749.5,5.085
DM-02-14-04-03,2026-07-25,134.75,5948.75,8.864
DM-02-14-04-03,2026-07-26,135.0,6019.25,12.892
DM-02-14-04-03,2026-07-27,131.125,5689.75,13.046
DM-02-14-04-03,2026-07-28,126.875,5687.0,8.949
DM-02-14-04-03,2026-07-29,127.875,5674.5,5.853
DM-02-14-04-03,2026-07-30,129.75,5742.75,4.631
DM-02-14-04-03,2026-07-31,131.375,5668.25,5.035
DM-02-14-04-03,2026-08-01,127.625,5844.25,1.688
DM-02-14-04-03,2026-08-02,130.25,6003.0,0.967
DM-02-14-04-03,2026-08-03,129.625,5738.75,0.0
DM-02-14-04-03,2026-08-04,128.625,5797.5,0.0
DM-02-14-04-03,2026-08-05,126.875,5722.75,0.0
DM-02-14-05-01,2026-07-08,,1889.5,
DM-02-14-05-01,2026-07-09,57.75,3081.25,
DM-02-14-05-01,2026-07-10,57.75,3223.25,
DM-02-14-05-01,2026-07-11,59.875,3184.75,
DM-02-14-05-01,2026-07-12,59.25,3073.25,
DM-02-14-05-01,2026-07-13,56.25,3068.75,
DM-02-14-05-01,2026-07-14,55.25,3154.5,
DM-02-14-05-01,2026-07-15,56.625,3147.0,
DM-02-14-05-01,2026-07-16,56.75,2897.5,
DM-02-14-05-01,2026-07-17,56.25,2900.25,
DM-02-14-05-01,2026-07-18,57.625,3136.75,
DM-02-14-05-01,2026-07-19,66.125,3224.0,
DM-02-14-05-01,2026-07-20,61.25,3129.5,
DM-02-14-05-01,2026-07-21,62.25,3127.0,
DM-02-14-05-01,2026-07-22,59.125,3087.25,0.0
DM-02-14-05-01,2026-07-23,62.5,3076.75,2.347
DM-02-14-05-01,2026-07-24,61.125,3112.5,3.32
DM-02-14-05-01,2026-07-25,64.375,3117.75,7.542
DM-02-14-05-01,2026-07-26,64.875,3093.75,12.264
DM-02-14-05-01,2026-07-27,64.375,3070.25,16.487
DM-02-14-05-01,2026-07-28,59.625,2854.75,15.959
DM-02-14-05-01,2026-07-29,59.25,2911.25,15.056
DM-02-14-05-01,2026-07-30,59.375,3002.75,14.279
DM-02-14-05-01,2026-07-31,63.75,2992.25,17.876
DM-02-14-05-01,2026-08-01,59.25,3009.25,16.974
DM-02-14-05-01,2026-08-02,59.25,3125.25,16.071
DM-02-14-05-01,2026-08-03,57.875,3065.0,13.793
DM-02-14-05-01,2026-08-04,57.625,3049.25,11.266
DM-02-14-05-01,2026-08-05,56.125,3006.0,7.238
DM-02-14-05-02,2026-07-08,,2695.0,
DM-02-14-05-02,2026-07-09,109.75,4312.0,
DM-02-14-05-02,2026-07-10,110.875,4599.0,
DM-02-14-05-02,2026-07-11,116.0,4699.0,
DM-02-14-05-02,2026-07-12,107.625,4363.5,
DM-02-14-05-02,2026-07-13,106.625,4539.5,
DM-02-14-05-02,2026-07-14,108.5,4598.75,
DM-02-14-05-02,2026-07-15,111.875,4575.0,
DM-02-14-05-02,2026-07-16,106.875,4472.5,
DM-02-14-05-02,2026-07-17,108.875,4456.5,
DM-02-14-05-02,2026-07-18,112.0,4619.75,
DM-02-14-05-02,2026-07-19,117.125,4408.25,
DM-02-14-05-02,2026-07-20,111.875,4478.75,
DM-02-14-05-02,2026-07-21,115.0,4498.5,
DM-02-14-05-02,2026-07-22,110.375,4457.25,0.0
DM-02-14-05-02,2026-07-23,112.5,4487.0,0.0
DM-02-14-05-02,2026-07-24,113.625,4522.75,0.979
DM-02-14-05-02,2026-07-25,115.25,4571.75,3.582
DM-02-14-05-02,2026-07-26,114.0,4360.5,4.936
DM-02-14-05-02,2026-07-27,107.25,4295.75,0.0
DM-02-14-05-02,2026-07-28,109.625,4171.0,0.0
DM-02-14-05-02,2026-07-29,108.625,4397.25,0.0
DM-02-14-05-02,2026-07-30,106.75,4393.5,0.0
DM-02-14-05-02,2026-07-31,108.0,4297.75,0.0
DM-02-14-05-02,2026-08-01,107.375,4443.0,0.0
DM-02-14-05-02,2026-08-02,101.125,4251.25,0.0
DM-02-14-05-02,2026-08-03,101.5,4409.5,0.0
DM-02-14-05-02,2026-08-04,105.0,4485.5,0.0
DM-02-14-05-02,2026-08-05,104.125,4461.25,0.0
DM-02-14-06-01,2026-07-08,,1661.75,
DM-02-14-06-01,2026-07-09,51.875,2717.25,
DM-02-14-06-01,2026-07-10,54.875,2770.0,
DM-02-14-06-01,2026-07-11,53.625,2904.25,
DM-02-14-06-01,2026-07-12,56.125,2922.5,
DM-02-14-06-01,2026-07-13,56.75,2769.5,
DM-02-14-06-01,2026-07-14,52.25,2773.25,
DM-02-14-06-01,2026-07-15,52.75,2737.5,
DM-02-14-06-01,2026-07-16,52.75,2635.25,
DM-02-14-06-01,2026-07-17,50.625,2623.0,
DM-02-14-06-01,2026-07-18,52.625,2866.25,
DM-02-14-06-01,2026-07-19,56.75,2857.5,
DM-02-14-06-01,2026-07-20,54.125,2680.75,
DM-02-14-06-01,2026-07-21,53.375,2715.5,
DM-02-14-06-01,2026-07-22,50.75,2672.0,0.0
DM-02-14-06-01,2026-07-23,56.0,2728.0,1.349
DM-02-14-06-01,2026-07-24,55.0,2711.0,1.699
DM-02-14-06-01,2026-07-25,56.5,2818.25,3.548
DM-02-14-06-01,2026-07-26,56.75,2781.5,5.648
DM-02-14-06-01,2026-07-27,50.75,2559.75,1.747
DM-02-14-06-01,2026-07-28,51.375,2551.75,0.0
DM-02-14-06-01,2026-07-29,52.75,2598.0,0.0
DM-02-14-06-01,2026-07-30,51.75,2669.75,0.0
DM-02-14-06-01,2026-07-31,52.375,2598.25,0.0
DM-02-14-06-01,2026-08-01,51.5,2712.5,0.0
DM-02-14-06-01,2026-08-02,51.125,2797.5,0.0
DM-02-14-06-01,2026-08-03,51.0,2692.5,0.0
DM-02-14-06-01,2026-08-04,50.25,2689.5,0.0
DM-02-14-06-01,2026-08-05,48.625,2616.0,0.0
DM-02-14-06-02,2026-07-08,,1846.0,
DM-02-14-06-02,2026-07-09,155.625,3325.0,
DM-02-14-06-02,2026-07-10,157.25,3346.75,
DM-02-14-06-02,2026-07-11,150.125,3417.25,
DM-02-14-06-02,2026-07-12,151.75,3432.0,
DM-02-14-06-02,2026-07-13,156.375,3354.75,
DM-02-14-06-02,2026-07-14,157.125,3366.5,
DM-02-14-06-02,2026-07-15,154.0,3539.0,
DM-02-14-06-02,2026-07-16,97.75,3272.5,
DM-02-14-06-02,2026-07-17,100.0,3275.75,
DM-02-14-06-02,2026-07-18,100.5,3371.0,
DM-02-14-06-02,2026-07-19,106.25,3383.25,
DM-02-14-06-02,2026-07-20,103.125,3246.25,
DM-02-14-06-02,2026-07-21,102.5,3220.25,
DM-02-14-06-02,2026-07-22,94.5,3177.0,0.0
DM-02-14-06-02,2026-07-23,99.375,3213.5,0.0
DM-02-14-06-02,2026-07-24,98.75,3242.75,0.0
DM-02-14-06-02,2026-07-25,101.0,3254.5,0.0
DM-02-14-06-02,2026-07-26,98.875,3277.0,0.0
DM-02-14-06-02,2026-07-27,97.25,3170.25,0.0
DM-02-14-06-02,2026-07-28,99.125,3226.75,0.0
DM-02-14-06-02,2026-07-29,98.25,3202.0,0.0
DM-02-14-06-02,2026-07-30,101.75,3288.5,0.0
DM-02-14-06-02,2026-07-31,97.625,3205.75,0.0
DM-02-14-06-02,2026-08-01,94.5,3224.5,0.0
DM-02-14-06-02,2026-08-02,94.25,3270.75,0.0
DM-02-14-06-02,2026-08-03,96.25,3242.0,0.0
DM-02-14-06-02,2026-08-04,94.375,3236.25,0.0
DM-02-14-06-02,2026-08-05,95.375,3212.0,0.0
DM-02-14-07-02,2026-07-08,,3735.0,
DM-02-14-07-02,2026-07-09,152.5,6432.0,
DM-02-14-07-02,2026-07-10,152.875,6294.25,
DM-02-14-07-02,2026-07-11,154.875,6541.0,
DM-02-14-07-02,2026-07-12,160.5,6351.0,
DM-02-14-07-02,2026-07-13,136.0,6090.25,
DM-02-14-07-02,2026-07-14,154.75,6410.75,
DM-02-14-07-02,2026-07-15,149.375,5148.0,
DM-02-14-07-02,2026-07-16,202.875,6732.75,
DM-02-14-07-02,2026-07-17,156.25,6142.0,
DM-02-14-07-02,2026-07-18,138.875,6491.75,
DM-02-14-07-02,2026-07-19,168.0,6626.25,
DM-02-14-07-02,2026-07-20,154.25,6182.5,
DM-02-14-07-02,2026-07-21,158.5,6078.0,
DM-02-14-07-02,2026-07-22,156.75,6272.25,0.0
DM-02-14-07-02,2026-07-23,153.875,6194.5,0.0
DM-02-14-07-02,2026-07-24,162.875,6350.0,0.0
DM-02-14-07-02,2026-07-25,161.5,6454.75,0.0
DM-02-14-07-02,2026-07-26,162.125,6458.25,0.0
DM-02-14-07-02,2026-07-27,156.0,6178.75,0.0
DM-02-14-07-02,2026-07-28,156.125,6157.5,0.0
DM-02-14-07-02,2026-07-29,154.125,6293.25,0.0
DM-02-14-07-02,2026-07-30,154.625,6428.5,0.0
DM-02-14-07-02,2026-07-31,166.125,6213.25,1.482
DM-02-14-07-02,2026-08-01,148.5,6321.5,0.0
DM-02-14-07-02,2026-08-02,161.75,6499.0,0.0
DM-02-14-07-02,2026-08-03,152.5,6166.0,0.0
DM-02-14-07-02,2026-08-04,152.375,6282.5,0.0
DM-02-14-07-02,2026-08-05,156.25,6163.75,0.0
DM-02-14-07-03,2026-07-08,,1715.75,
DM-02-14-07-03,2026-07-09,62.0,2853.25,
DM-02-14-07-03,2026-07-10,52.25,2982.25,
DM-02-14-07-03,2026-07-11,62.25,3175.75,
DM-02-14-07-03,2026-07-12,62.375,2965.5,
DM-02-14-07-03,2026-07-13,53.75,2951.25,
DM-02-14-07-03,2026-07-14,61.375,3006.25,
DM-02-14-07-03,2026-07-15,51.5,3101.25,
DM-02-14-07-03,2026-07-16,58.125,2920.5,
DM-02-14-07-03,2026-07-17,60.625,2954.75,
DM-02-14-07-03,2026-07-18,54.125,3108.0,
DM-02-14-07-03,2026-07-19,62.25,3102.25,
DM-02-14-07-03,2026-07-20,58.125,3112.0,
DM-02-14-07-03,2026-07-21,62.125,3112.75,
DM-02-14-07-03,2026-07-22,59.875,3171.75,0.0
DM-02-14-07-03,2026-07-23,65.25,2986.5,4.705
DM-02-14-07-03,2026-07-24,50.875,2833.25,0.0
DM-02-14-07-03,2026-07-25,55.625,2993.0,0.0
DM-02-14-07-03,2026-07-26,55.5,2863.5,0.0
DM-02-14-07-03,2026-07-27,52.875,2825.25,0.0
DM-02-14-07-03,2026-07-28,59.875,2631.0,0.0
DM-02-14-07-03,2026-07-29,52.375,2691.0,0.0
DM-02-14-07-03,2026-07-30,50.25,2798.25,0.0
DM-02-14-07-03,2026-07-31,66.5,2754.25,5.955
DM-02-14-07-03,2026-08-01,51.75,2892.75,0.0
DM-02-14-07-03,2026-08-02,53.25,2855.5,0.0
DM-02-14-07-03,2026-08-03,52.125,2852.5,0.0
DM-02-14-07-03,2026-08-04,54.625,2869.5,0.0
DM-02-14-07-03,2026-08-05,53.625,2795.5,0.0
DM-02-14-07-04,2026-07-08,,2311.25,
DM-02-14-07-04,2026-07-09,183.125,4139.0,
DM-02-14-07-04,2026-07-10,190.0,4127.0,
DM-02-14-07-04,2026-07-11,225.875,4254.25,
DM-02-14-07-04,2026-07-12,226.125,4238.75,
DM-02-14-07-04,2026-07-13,189.25,4116.5,
DM-02-14-07-04,2026-07-14,189.375,4194.75,
DM-02-14-07-04,2026-07-15,103.062,4145.25,
DM-02-14-07-04,2026-07-16,97.625,4019.75,
DM-02-14-07-04,2026-07-17,103.0,4039.25,
DM-02-14-07-04,2026-07-18,102.375,4281.0,
DM-02-14-07-04,2026-07-19,107.5,4303.25,
DM-02-14-07-04,2026-07-20,96.75,4117.0,
DM-02-14-07-04,2026-07-21,101.375,4158.75,
DM-02-14-07-04,2026-07-22,95.375,4091.75,0.0
DM-02-14-07-04,2026-07-23,101.75,4117.25,0.0
DM-02-14-07-04,2026-07-24,103.375,4135.0,0.0
DM-02-14-07-04,2026-07-25,102.75,4268.0,0.0
DM-02-14-07-04,2026-07-26,109.0,4330.5,0.0
DM-02-14-07-04,2026-07-27,104.25,4125.75,0.0
DM-02-14-07-04,2026-07-28,106.375,4049.25,0.0
DM-02-14-07-04,2026-07-29,101.25,4121.5,0.0
DM-02-14-07-04,2026-07-30,98.875,4119.75,0.0
DM-02-14-07-04,2026-07-31,101.25,4062.5,0.0
DM-02-14-07-04,2026-08-01,99.75,4229.25,0.0
DM-02-14-07-04,2026-08-02,102.375,4320.75,0.0
DM-02-14-07-04,2026-08-03,99.75,4222.75,0.0
DM-02-14-07-04,2026-08-04,98.75,4218.25,0.0
DM-02-14-07-04,2026-08-05,99.625,4173.0,0.0
DM-02-14-08-01,2026-07-08,141.125,3536.5,
DM-02-14-08-01,2026-07-09,141.75,6651.25,
DM-02-14-08-01,2026-07-10,143.625,6707.25,
DM-02-14-08-01,2026-07-11,147.375,6889.0,
DM-02-14-08-01,2026-07-12,139.375,6579.25,
DM-02-14-08-01,2026-07-13,148.25,6648.5,
DM-02-14-08-01,2026-07-14,146.75,6842.5,
DM-02-14-08-01,2026-07-15,144.25,6797.25,
DM-02-14-08-01,2026-07-16,146.625,6492.0,
DM-02-14-08-01,2026-07-17,147.5,6563.5,
DM-02-14-08-01,2026-07-18,151.375,6816.75,
DM-02-14-08-01,2026-07-19,149.125,6793.0,
DM-02-14-08-01,2026-07-20,149.75,6671.5,
DM-02-14-08-01,2026-07-21,152.0,6753.0,
DM-02-14-08-01,2026-07-22,144.0,6619.0,0.0
DM-02-14-08-01,2026-07-23,148.875,6554.75,0.677
DM-02-14-08-01,2026-07-24,150.625,6647.5,3.104
DM-02-14-08-01,2026-07-25,149.875,6752.25,4.781
DM-02-14-08-01,2026-07-26,147.25,6685.75,3.833
DM-02-14-08-01,2026-07-27,143.25,6412.25,0.0
DM-02-14-08-01,2026-07-28,144.5,6317.25,0.0
DM-02-14-08-01,2026-07-29,144.125,6517.25,0.0
DM-02-14-08-01,2026-07-30,148.75,6538.5,0.552
DM-02-14-08-01,2026-07-31,144.875,6402.25,0.0
DM-02-14-08-01,2026-08-01,145.0,6627.25,0.0
DM-02-14-08-01,2026-08-02,142.125,6761.25,0.0
DM-02-14-08-01,2026-08-03,141.875,6755.75,0.0
DM-02-14-08-01,2026-08-04,145.5,6766.5,0.0
DM-02-14-08-01,2026-08-05,149.0,6650.25,0.802
DM-02-15-01-01,2026-07-08,,3426.5,
DM-02-15-01-01,2026-07-09,160.0,5869.75,
DM-02-15-01-01,2026-07-10,163.25,5950.75,
DM-02-15-01-01,2026-07-11,158.25,5780.75,
DM-02-15-01-01,2026-07-12,154.875,5822.0,
DM-02-15-01-01,2026-07-13,165.375,6102.0,
DM-02-15-01-01,2026-07-14,160.875,6048.0,
DM-02-15-01-01,2026-07-15,171.25,6253.25,
DM-02-15-01-01,2026-07-16,157.25,6091.75,
DM-02-15-01-01,2026-07-17,168.125,5939.5,
DM-02-15-01-01,2026-07-18,150.125,5958.75,
DM-02-15-01-01,2026-07-19,153.0,5820.5,
DM-02-15-01-01,2026-07-20,158.25,6021.0,
DM-02-15-01-01,2026-07-21,158.375,5993.0,
DM-02-15-01-01,2026-07-22,157.25,5840.0,0.0
DM-02-15-01-01,2026-07-23,163.0,5935.5,0.229
DM-02-15-01-01,2026-07-24,174.5,6060.5,11.957
DM-02-15-01-01,2026-07-25,152.5,5808.25,1.686
DM-02-15-01-01,2026-07-26,155.625,5750.75,0.0
DM-02-15-01-01,2026-07-27,152.75,5894.75,0.0
DM-02-15-01-01,2026-07-28,148.875,5648.5,0.0
DM-02-15-01-01,2026-07-29,148.125,5638.25,0.0
DM-02-15-01-01,2026-07-30,149.125,5862.5,0.0
DM-02-15-01-01,2026-07-31,163.375,5826.75,0.604
DM-02-15-01-01,2026-08-01,146.625,5793.25,0.0
DM-02-15-01-01,2026-08-02,149.125,5770.25,0.0
DM-02-15-01-01,2026-08-03,157.0,6022.75,0.0
DM-02-15-01-01,2026-08-04,161.75,5964.75,0.0
DM-02-15-01-01,2026-08-05,108.25,5800.0,0.0
DM-02-15-02-01,2026-07-08,,3078.0,
DM-02-15-02-01,2026-07-09,102.375,4841.0,
DM-02-15-02-01,2026-07-10,108.0,4880.25,
DM-02-15-02-01,2026-07-11,107.125,4991.25,
DM-02-15-02-01,2026-07-12,108.5,4897.75,
DM-02-15-02-01,2026-07-13,105.25,4632.5,
DM-02-15-02-01,2026-07-14,151.375,5129.25,
DM-02-15-02-01,2026-07-15,110.625,5051.25,
DM-02-15-02-01,2026-07-16,110.875,4958.0,
DM-02-15-02-01,2026-07-17,112.0,5031.5,
DM-02-15-02-01,2026-07-18,103.875,5073.25,
DM-02-15-02-01,2026-07-19,105.875,5015.5,
DM-02-15-02-01,2026-07-20,110.25,5004.0,
DM-02-15-02-01,2026-07-21,112.0,4937.75,
DM-02-15-02-01,2026-07-22,108.875,4963.0,0.0
DM-02-15-02-01,2026-07-23,108.5,4916.0,0.0
DM-02-15-02-01,2026-07-24,120.25,5068.25,2.898
DM-02-15-02-01,2026-07-25,106.75,5062.0,0.0
DM-02-15-02-01,2026-07-26,93.75,4736.0,0.0
DM-02-15-02-01,2026-07-27,99.5,4792.75,0.0
DM-02-15-02-01,2026-07-28,95.75,4600.5,0.0
DM-02-15-02-01,2026-07-29,102.625,4914.0,0.0
DM-02-15-02-01,2026-07-30,105.0,4926.5,0.0
DM-02-15-02-01,2026-07-31,100.375,4820.5,0.0
DM-02-15-02-01,2026-08-01,105.25,4967.25,0.0
DM-02-15-02-01,2026-08-02,106.125,4902.0,0.0
DM-02-15-02-01,2026-08-03,106.25,5211.25,0.0
DM-02-15-02-01,2026-08-04,128.875,5135.25,11.523
DM-02-15-02-01,2026-08-05,145.25,4766.0,39.421
DM-02-16-02-01,2026-07-08,,899.25,
DM-02-16-02-01,2026-07-09,92.875,1669.75,
DM-02-16-02-01,2026-07-10,93.375,1642.25,
DM-02-16-02-01,2026-07-11,85.5,1682.0,
DM-02-16-02-01,2026-07-12,85.375,1699.75,
DM-02-16-02-01,2026-07-13,92.25,1659.75,
DM-02-16-02-01,2026-07-14,93.0,1659.5,
DM-02-16-02-01,2026-07-15,92.125,1804.5,
DM-02-16-02-01,2026-07-16,39.375,1663.5,
DM-02-16-02-01,2026-07-17,42.25,1649.75,
DM-02-16-02-01,2026-07-18,37.625,1713.5,
DM-02-16-02-01,2026-07-19,41.5,1732.5,
DM-02-16-02-01,2026-07-20,39.0,1691.25,
DM-02-16-02-01,2026-07-21,39.0,1675.0,
DM-02-16-02-01,2026-07-22,39.0,1662.0,0.0
DM-02-16-02-01,2026-07-23,39.875,1669.25,0.0
DM-02-16-02-01,2026-07-24,44.625,1680.75,0.0
DM-02-16-02-01,2026-07-25,39.625,1729.0,0.0
DM-02-16-02-01,2026-07-26,40.5,1697.0,0.0
DM-02-16-02-01,2026-07-27,39.375,1664.5,0.0
DM-02-16-02-01,2026-07-28,38.375,1666.5,0.0
DM-02-16-02-01,2026-07-29,38.375,1673.75,0.0
DM-02-16-02-01,2026-07-30,37.75,1692.75,0.0
DM-02-16-02-01,2026-07-31,40.375,1693.0,0.0
DM-02-16-02-01,2026-08-01,38.5,1717.25,0.0
DM-02-16-02-01,2026-08-02,39.25,1726.5,0.0
DM-02-16-02-01,2026-08-03,41.0,1697.75,0.0
DM-02-16-02-01,2026-08-04,37.25,1610.75,0.0
DM-02-16-02-01,2026-08-05,37.375,1590.0,0.0
DM-02-16-03-01,2026-07-09,57.125,2356.0,
DM-02-16-03-01,2026-07-10,59.375,2379.75,
DM-02-16-03-01,2026-07-11,60.25,2416.75,
DM-02-16-03-01,2026-07-12,60.25,2416.75,
DM-02-16-03-01,2026-07-13,57.5,2425.25,
DM-02-16-03-01,2026-07-14,66.25,2458.0,
DM-02-16-03-01,2026-07-15,61.0,2411.25,
DM-02-16-03-01,2026-07-16,60.125,2405.0,
DM-02-16-03-01,2026-07-17,67.75,2444.5,
DM-02-16-03-01,2026-07-18,59.875,2504.75,
DM-02-16-03-01,2026-07-19,60.25,2416.75,
DM-02-16-03-01,2026-07-20,60.25,2416.75,
DM-02-16-03-01,2026-07-21,60.75,2424.0,
DM-02-16-03-01,2026-07-22,59.25,2451.75,
DM-02-16-03-01,2026-07-23,58.75,2350.5,0.0
DM-02-16-03-01,2026-07-24,84.75,2475.0,22.639
DM-02-16-03-01,2026-07-25,67.5,2510.0,28.027
DM-02-16-03-01,2026-07-26,64.0,2481.0,29.916
DM-02-16-03-01,2026-07-27,60.25,2495.5,28.055
DM-02-16-03-01,2026-07-28,55.375,2400.75,21.318
DM-02-16-03-01,2026-07-29,58.125,2429.5,17.332
DM-02-16-03-01,2026-07-30,56.625,2482.25,11.846
DM-02-16-03-01,2026-07-31,60.25,2416.75,9.984
DM-02-16-03-01,2026-08-01,59.375,2482.5,7.248
DM-02-16-03-01,2026-08-02,59.0,2463.25,4.137
DM-02-16-03-01,2026-08-03,70.875,2512.0,12.901
DM-02-16-03-01,2026-08-04,59.0,2639.75,9.789
DM-02-16-03-01,2026-08-05,71.5,3012.0,19.178
DM-02-16-06-02,2026-07-08,,1283.75,
DM-02-16-06-02,2026-07-09,39.625,1730.25,
DM-02-16-06-02,2026-07-10,38.0,1750.75,
DM-02-16-06-02,2026-07-11,41.0,1806.5,
DM-02-16-06-02,2026-07-12,40.375,1787.75,
DM-02-16-06-02,2026-07-13,40.0,1759.5,
DM-02-16-06-02,2026-07-14,38.75,1739.0,
DM-02-16-06-02,2026-07-15,40.75,1765.75,
DM-02-16-06-02,2026-07-16,40.0,1742.75,
DM-02-16-06-02,2026-07-17,43.375,1749.25,
DM-02-16-06-02,2026-07-18,39.875,1830.5,
DM-02-16-06-02,2026-07-19,42.75,1818.75,
DM-02-16-06-02,2026-07-20,38.125,1765.75,
DM-02-16-06-02,2026-07-21,38.25,1748.5,
DM-02-16-06-02,2026-07-22,38.0,1677.5,0.0
DM-02-16-06-02,2026-07-23,36.875,1670.5,0.0
DM-02-16-06-02,2026-07-24,41.125,1709.5,0.262
DM-02-16-06-02,2026-07-25,36.75,1738.5,0.0
DM-02-16-06-02,2026-07-26,38.0,1749.25,0.0
DM-02-16-06-02,2026-07-27,36.875,1671.5,0.0
DM-02-16-06-02,2026-07-28,33.5,1660.25,0.0
DM-02-16-06-02,2026-07-29,36.875,1678.5,0.0
DM-02-16-06-02,2026-07-30,33.0,1675.5,0.0
DM-02-16-06-02,2026-07-31,34.75,1623.75,0.0
DM-02-16-06-02,2026-08-01,33.75,1670.75,0.0
DM-02-16-06-02,2026-08-02,36.375,1727.5,0.0
DM-02-16-06-02,2026-08-03,34.5,1683.25,0.0
DM-02-16-06-02,2026-08-04,34.75,1647.5,0.0
DM-02-16-06-02,2026-08-05,32.75,1625.25,0.0
DM-02-16-07-01,2026-07-08,,2159.75,
DM-02-16-07-01,2026-07-09,75.25,3481.75,
DM-02-16-07-01,2026-07-10,76.125,3491.0,
DM-02-16-07-01,2026-07-11,79.25,3674.75,
DM-02-16-07-01,2026-07-12,77.5,3628.0,
DM-02-16-07-01,2026-07-13,77.75,3565.25,
DM-02-16-07-01,2026-07-14,79.75,3551.75,
DM-02-16-07-01,2026-07-15,78.5,3476.0,
DM-02-16-07-01,2026-07-16,73.25,3376.25,
DM-02-16-07-01,2026-07-17,78.875,3441.5,
DM-02-16-07-01,2026-07-18,71.5,3544.25,
DM-02-16-07-01,2026-07-19,77.625,3601.75,
DM-02-16-07-01,2026-07-20,72.75,3447.75,
DM-02-16-07-01,2026-07-21,73.875,3302.25,
DM-02-16-07-01,2026-07-22,67.25,3157.5,0.0
DM-02-16-07-01,2026-07-23,67.125,3186.5,0.0
DM-02-16-07-01,2026-07-24,72.875,3246.5,0.0
DM-02-16-07-01,2026-07-25,65.5,3318.75,0.0
DM-02-16-07-01,2026-07-26,71.375,3343.5,0.0
DM-02-16-07-01,2026-07-27,70.625,3238.75,0.0
DM-02-16-07-01,2026-07-28,62.875,3180.25,0.0
DM-02-16-07-01,2026-07-29,68.875,3248.25,0.0
DM-02-16-07-01,2026-07-30,65.5,3233.0,0.0
DM-02-16-07-01,2026-07-31,68.875,3212.5,0.0
DM-02-16-07-01,2026-08-01,67.0,3331.0,0.0
DM-02-16-07-01,2026-08-02,66.875,3348.75,0.0
DM-02-16-07-01,2026-08-03,68.625,3302.0,0.0
DM-02-16-07-01,2026-08-04,67.75,3250.5,0.0
DM-02-16-07-01,2026-08-05,69.0,3238.25,0.0
DM-03-01-01-01,2026-07-08,,2236.75,
DM-03-01-01-01,2026-07-09,78.25,3776.5,
DM-03-01-01-01,2026-07-10,84.0,3738.75,
DM-03-01-01-01,2026-07-11,83.625,3810.25,
DM-03-01-01-01,2026-07-12,90.375,3625.5,
DM-03-01-01-01,2026-07-13,72.375,3820.75,
DM-03-01-01-01,2026-07-14,89.875,3756.75,
DM-03-01-01-01,2026-07-15,80.75,3823.75,
DM-03-01-01-01,2026-07-16,88.125,3610.75,
DM-03-01-01-01,2026-07-17,90.75,3731.75,
DM-03-01-01-01,2026-07-18,92.375,3767.0,
DM-03-01-01-01,2026-07-19,90.25,3664.75,
DM-03-01-01-01,2026-07-20,81.125,3856.5,
DM-03-01-01-01,2026-07-21,76.125,3844.0,
DM-03-01-01-01,2026-07-22,118.25,3764.0,30.708
DM-03-01-01-01,2026-07-23,89.125,3737.0,32.292
DM-03-01-01-01,2026-07-24,85.0,3654.25,29.75
DM-03-01-01-01,2026-07-25,82.875,3621.75,25.083
DM-03-01-01-01,2026-07-26,68.125,3381.75,5.666
DM-03-01-01-01,2026-07-27,93.5,3498.25,11.625
DM-03-01-01-01,2026-07-28,75.125,3183.25,0.0
DM-03-01-01-01,2026-07-29,85.0,3138.75,0.0
DM-03-01-01-01,2026-07-30,90.5,3325.5,2.958
DM-03-01-01-01,2026-07-31,79.25,3433.0,0.0
DM-03-01-01-01,2026-08-01,74.75,3421.75,0.0
DM-03-01-01-01,2026-08-02,100.625,3558.75,13.083
DM-03-01-01-01,2026-08-03,78.625,3686.5,4.167
DM-03-01-01-01,2026-08-04,77.25,3733.75,0.0
DM-03-01-01-01,2026-08-05,86.375,3795.0,0.0
DM-03-01-02-01,2026-07-08,,1682.5,
DM-03-01-02-01,2026-07-09,42.0,2351.75,
DM-03-01-02-01,2026-07-10,40.125,3091.0,
DM-03-01-02-01,2026-07-11,72.5,2168.75,
DM-03-01-02-01,2026-07-12,39.25,1752.25,
DM-03-01-02-01,2026-07-13,67.0,2512.75,
DM-03-01-02-01,2026-07-14,45.875,2611.75,
DM-03-01-02-01,2026-07-15,50.125,2388.5,
DM-03-01-02-01,2026-07-16,54.375,2561.25,
DM-03-01-02-01,2026-07-17,46.5,2428.5,
DM-03-01-02-01,2026-07-18,51.375,1921.0,
DM-03-01-02-01,2026-07-19,40.375,1749.5,
DM-03-01-02-01,2026-07-20,33.375,2660.0,
DM-03-01-02-01,2026-07-21,50.875,2738.0,
DM-03-01-02-01,2026-07-22,47.875,2562.0,0.0
DM-03-01-02-01,2026-07-23,46.625,2253.25,0.0
DM-03-01-02-01,2026-07-24,90.125,2527.25,36.054
DM-03-01-02-01,2026-07-25,59.375,2098.5,41.359
DM-03-01-02-01,2026-07-26,37.25,1752.25,24.538
DM-03-01-02-01,2026-07-27,42.625,2141.0,13.092
DM-03-01-02-01,2026-07-28,40.625,1474.0,0.0
DM-03-01-02-01,2026-07-29,43.875,1454.75,0.0
DM-03-01-02-01,2026-07-30,32.5,1637.5,0.0
DM-03-01-02-01,2026-07-31,50.375,1897.25,0.0
DM-03-01-02-01,2026-08-01,40.625,1859.0,0.0
DM-03-01-02-01,2026-08-02,51.75,1829.5,0.0
DM-03-01-02-01,2026-08-03,81.75,2472.25,27.679
DM-03-01-02-01,2026-08-04,50.375,2331.5,23.984
DM-03-01-02-01,2026-08-05,51.125,2496.5,21.038
DM-03-01-02-03,2026-07-08,47.875,885.5,
DM-03-01-02-03,2026-07-09,44.375,1602.0,
DM-03-01-02-03,2026-07-10,38.5,1729.5,
DM-03-01-02-03,2026-07-11,25.875,1131.75,
DM-03-01-02-03,2026-07-12,18.75,848.25,
DM-03-01-02-03,2026-07-13,20.25,1177.5,
DM-03-01-02-03,2026-07-14,32.875,1438.25,
DM-03-01-02-03,2026-07-15,25.375,1166.5,
DM-03-01-02-03,2026-07-16,19.125,1262.5,
DM-03-01-02-03,2026-07-17,19.25,1251.0,
DM-03-01-02-03,2026-07-18,21.375,985.0,
DM-03-01-02-03,2026-07-19,21.75,847.5,
DM-03-01-02-03,2026-07-20,28.375,1403.75,
DM-03-01-02-03,2026-07-21,18.5,1266.5,
DM-03-01-02-03,2026-07-22,21.75,1369.25,0.0
DM-03-01-02-03,2026-07-23,23.875,1212.5,0.0
DM-03-01-02-03,2026-07-24,22.625,1235.5,0.0
DM-03-01-02-03,2026-07-25,21.125,919.25,0.0
DM-03-01-02-03,2026-07-26,17.75,820.25,0.0
DM-03-01-02-03,2026-07-27,21.625,1220.5,0.0
DM-03-01-02-03,2026-07-28,21.625,796.0,0.0
DM-03-01-02-03,2026-07-29,20.125,832.0,0.0
DM-03-01-02-03,2026-07-30,22.125,823.75,0.0
DM-03-01-02-03,2026-07-31,23.125,1000.75,0.0
DM-03-01-02-03,2026-08-01,25.125,876.25,0.0
DM-03-01-02-03,2026-08-02,23.875,890.5,0.0
DM-03-01-02-03,2026-08-03,25.625,1260.25,0.0
DM-03-01-02-03,2026-08-04,32.375,1297.25,0.298
DM-03-01-02-03,2026-08-05,24.625,1282.25,0.0
DM-03-01-03-01,2026-07-08,,4568.25,
DM-03-01-03-01,2026-07-09,204.125,7518.0,
DM-03-01-03-01,2026-07-10,235.375,7565.5,
DM-03-01-03-01,2026-07-11,206.875,7684.25,
DM-03-01-03-01,2026-07-12,210.375,7733.0,
DM-03-01-03-01,2026-07-13,199.5,7785.75,
DM-03-01-03-01,2026-07-14,201.375,7614.5,
DM-03-01-03-01,2026-07-15,199.625,7355.5,
DM-03-01-03-01,2026-07-16,183.25,7291.25,
DM-03-01-03-01,2026-07-17,196.5,7480.75,
DM-03-01-03-01,2026-07-18,192.875,7550.75,
DM-03-01-03-01,2026-07-19,201.125,7595.5,
DM-03-01-03-01,2026-07-20,200.0,7794.75,
DM-03-01-03-01,2026-07-21,191.125,7654.0,
DM-03-01-03-01,2026-07-22,199.625,7466.25,0.0
DM-03-01-03-01,2026-07-23,201.875,7453.75,0.0
DM-03-01-03-01,2026-07-24,177.125,7362.0,0.0
DM-03-01-03-01,2026-07-25,193.375,7608.5,0.0
DM-03-01-03-01,2026-07-26,195.0,7328.75,0.0
DM-03-01-03-01,2026-07-27,183.5,7253.0,0.0
DM-03-01-03-01,2026-07-28,193.75,7114.0,0.0
DM-03-01-03-01,2026-07-29,212.125,7379.0,4.521
DM-03-01-03-01,2026-07-30,205.0,7838.5,1.917
DM-03-01-03-01,2026-07-31,231.625,7694.75,25.937
DM-03-01-03-01,2026-08-01,219.75,8306.5,38.083
DM-03-01-03-01,2026-08-02,236.5,8441.5,66.979
DM-03-01-03-01,2026-08-03,233.125,8561.25,92.5
DM-03-01-03-01,2026-08-04,229.0,8530.25,113.895
DM-03-01-03-01,2026-08-05,243.25,8531.5,149.541
DM-03-01-04-01,2026-07-08,,3562.25,
DM-03-01-04-01,2026-07-09,197.125,6054.0,
DM-03-01-04-01,2026-07-10,157.0,6249.0,
DM-03-01-04-01,2026-07-11,188.625,5981.25,
DM-03-01-04-01,2026-07-12,158.125,6054.0,
DM-03-01-04-01,2026-07-13,168.375,5894.5,
DM-03-01-04-01,2026-07-14,200.75,5936.25,
DM-03-01-04-01,2026-07-15,197.125,5839.0,
DM-03-01-04-01,2026-07-16,152.875,5918.75,
DM-03-01-04-01,2026-07-17,153.625,5818.5,
DM-03-01-04-01,2026-07-18,159.125,6232.25,
DM-03-01-04-01,2026-07-19,166.375,6121.25,
DM-03-01-04-01,2026-07-20,160.75,5886.5,
DM-03-01-04-01,2026-07-21,156.75,6005.25,
DM-03-01-04-01,2026-07-22,166.875,5603.25,0.0
DM-03-01-04-01,2026-07-23,179.875,5953.5,0.565
DM-03-01-04-01,2026-07-24,184.375,5559.75,5.63
DM-03-01-04-01,2026-07-25,160.125,6226.75,0.0
DM-03-01-04-01,2026-07-26,162.0,5590.25,0.0
DM-03-01-04-01,2026-07-27,153.75,5847.0,0.0
DM-03-01-04-01,2026-07-28,146.5,5373.75,0.0
DM-03-01-04-01,2026-07-29,160.875,5247.75,0.0
DM-03-01-04-01,2026-07-30,144.125,5715.25,0.0
DM-03-01-04-01,2026-07-31,171.375,5568.0,0.0
DM-03-01-04-01,2026-08-01,166.375,5953.25,0.0
DM-03-01-04-01,2026-08-02,143.25,5560.25,0.0
DM-03-01-04-01,2026-08-03,147.875,6184.75,0.0
DM-03-01-04-01,2026-08-04,142.25,5955.75,0.0
DM-03-01-04-01,2026-08-05,177.375,6005.75,0.0
DM-03-01-06-01,2026-07-08,,2923.5,
DM-03-01-06-01,2026-07-09,103.375,4503.75,
DM-03-01-06-01,2026-07-10,109.375,4635.5,
DM-03-01-06-01,2026-07-11,125.5,3591.75,
DM-03-01-06-01,2026-07-12,103.125,3508.75,
DM-03-01-06-01,2026-07-13,84.75,4353.0,
DM-03-01-06-01,2026-07-14,99.25,4433.75,
DM-03-01-06-01,2026-07-15,131.75,4324.5,
DM-03-01-06-01,2026-07-16,103.125,4280.25,
DM-03-01-06-01,2026-07-17,95.0,4233.0,
DM-03-01-06-01,2026-07-18,107.125,3779.25,
DM-03-01-06-01,2026-07-19,81.125,3502.25,
DM-03-01-06-01,2026-07-20,89.625,4468.75,
DM-03-01-06-01,2026-07-21,97.5,4586.75,
DM-03-01-06-01,2026-07-22,95.25,4550.25,0.0
DM-03-01-06-01,2026-07-23,104.375,4228.75,0.0
DM-03-01-06-01,2026-07-24,90.75,4082.25,0.0
DM-03-01-06-01,2026-07-25,109.125,3523.0,0.0
DM-03-01-06-01,2026-07-26,97.0,3422.75,0.0
DM-03-01-06-01,2026-07-27,97.5,4156.0,0.0
DM-03-01-06-01,2026-07-28,107.0,3040.5,0.0
DM-03-01-06-01,2026-07-29,108.125,3295.5,0.0
DM-03-01-06-01,2026-07-30,83.0,4206.5,0.0
DM-03-01-06-01,2026-07-31,102.25,3900.0,0.0
DM-03-01-06-01,2026-08-01,89.125,3166.25,0.0
DM-03-01-06-01,2026-08-02,78.5,3249.5,0.0
DM-03-01-06-01,2026-08-03,86.625,4462.25,0.0
DM-03-01-06-01,2026-08-04,98.625,4458.5,0.0
DM-03-01-06-01,2026-08-05,97.75,4518.25,0.0
DM-03-01-06-02,2026-07-08,,1861.75,
DM-03-01-06-02,2026-07-09,,3085.25,
DM-03-01-06-02,2026-07-10,,3080.25,
DM-03-01-06-02,2026-07-11,,2770.25,
DM-03-01-06-02,2026-07-12,,2523.75,
DM-03-01-06-02,2026-07-13,,3182.25,
DM-03-01-06-02,2026-07-14,,3170.75,
DM-03-01-06-02,2026-07-15,,3240.5,
DM-03-01-06-02,2026-07-16,,3019.75,
DM-03-01-06-02,2026-07-17,,3094.75,
DM-03-01-06-02,2026-07-18,,2861.75,
DM-03-01-06-02,2026-07-19,,2811.5,
DM-03-01-06-02,2026-07-20,,3200.0,
DM-03-01-06-02,2026-07-21,,3246.75,
DM-03-01-06-02,2026-07-22,,3241.25,0.0
DM-03-01-06-02,2026-07-23,,3111.25,0.0
DM-03-01-06-02,2026-07-24,,3089.0,0.0
DM-03-01-06-02,2026-07-25,,2837.5,0.0
DM-03-01-06-02,2026-07-26,,2745.25,0.0
DM-03-01-06-02,2026-07-27,,2795.5,0.0
DM-03-01-06-02,2026-07-28,,2414.5,0.0
DM-03-01-06-02,2026-07-29,,2386.25,0.0
DM-03-01-06-02,2026-07-30,,2840.5,0.0
DM-03-01-06-02,2026-07-31,,2920.25,0.0
DM-03-01-06-02,2026-08-01,,2728.0,0.0
DM-03-01-06-02,2026-08-02,,2532.75,0.0
DM-03-01-06-02,2026-08-03,,3002.5,0.0
DM-03-01-06-02,2026-08-04,,3156.0,0.0
DM-03-01-06-02,2026-08-05,,3011.5,0.0
DM-03-01-08-01,2026-07-08,,3534.0,
DM-03-01-08-01,2026-07-09,177.0,5760.25,
DM-03-01-08-01,2026-07-10,193.875,5736.25,
DM-03-01-08-01,2026-07-11,170.875,5711.75,
DM-03-01-08-01,2026-07-12,164.5,5829.0,
DM-03-01-08-01,2026-07-13,168.625,5874.75,
DM-03-01-08-01,2026-07-14,175.75,5822.25,
DM-03-01-08-01,2026-07-15,157.375,5752.75,
DM-03-01-08-01,2026-07-16,165.125,5671.0,
DM-03-01-08-01,2026-07-17,152.25,5200.0,
DM-03-01-08-01,2026-07-18,176.75,5766.0,
DM-03-01-08-01,2026-07-19,183.75,5867.75,
DM-03-01-08-01,2026-07-20,184.125,5738.25,
DM-03-01-08-01,2026-07-21,162.75,5566.75,
DM-03-01-08-01,2026-07-22,155.125,5569.0,0.0
DM-03-01-08-01,2026-07-23,169.5,5730.75,0.0
DM-03-01-08-01,2026-07-24,153.5,5532.0,0.0
DM-03-01-08-01,2026-07-25,178.125,5726.75,0.776
DM-03-01-08-01,2026-07-26,153.125,5560.75,0.0
DM-03-01-08-01,2026-07-27,191.625,5726.75,14.276
DM-03-01-08-01,2026-07-28,167.5,5640.5,4.427
DM-03-01-08-01,2026-07-29,152.125,5486.25,0.0
DM-03-01-08-01,2026-07-30,174.0,5668.25,0.0
DM-03-01-08-01,2026-07-31,168.875,5420.5,0.0
DM-03-01-08-01,2026-08-01,166.75,5695.5,0.0
DM-03-01-08-01,2026-08-02,158.0,5641.0,0.0
DM-03-01-08-01,2026-08-03,198.375,5829.0,21.026
DM-03-01-08-01,2026-08-04,179.5,5790.0,23.177
DM-03-01-08-01,2026-08-05,171.875,5482.5,17.703
DM-03-02-01-01,2026-07-08,,1459.75,
DM-03-02-01-01,2026-07-09,,2623.0,
DM-03-02-01-01,2026-07-10,,2524.5,
DM-03-02-01-01,2026-07-11,,2468.5,
DM-03-02-01-01,2026-07-12,,2438.25,
DM-03-02-01-01,2026-07-13,,2605.75,
DM-03-02-01-01,2026-07-14,,2753.0,
DM-03-02-01-01,2026-07-15,,2987.5,
DM-03-02-01-01,2026-07-16,,2881.5,
DM-03-02-01-01,2026-07-17,,2697.5,
DM-03-02-01-01,2026-07-18,,2676.25,
DM-03-02-01-01,2026-07-19,,2712.75,
DM-03-02-01-01,2026-07-20,,2684.25,
DM-03-02-01-01,2026-07-21,,2699.5,
DM-03-02-01-01,2026-07-22,,2724.25,0.0
DM-03-02-01-01,2026-07-23,,2647.75,0.0
DM-03-02-01-01,2026-07-24,,2677.5,0.0
DM-03-02-01-01,2026-07-25,,2629.25,0.0
DM-03-02-01-01,2026-07-26,,2667.25,0.0
DM-03-02-01-01,2026-07-27,,2501.25,0.0
DM-03-02-01-01,2026-07-28,,2241.0,0.0
DM-03-02-01-01,2026-07-29,,2252.75,0.0
DM-03-02-01-01,2026-07-30,,2523.5,0.0
DM-03-02-01-01,2026-07-31,,2431.75,0.0
DM-03-02-01-01,2026-08-01,,2546.25,0.0
DM-03-02-01-01,2026-08-02,,2587.0,0.0
DM-03-02-01-01,2026-08-03,,2670.0,0.0
DM-03-02-01-01,2026-08-04,,2609.0,0.0
DM-03-02-01-01,2026-08-05,,2520.25,0.0
DM-03-02-02-01,2026-07-08,,1689.0,
DM-03-02-02-01,2026-07-09,81.25,2854.5,
DM-03-02-02-01,2026-07-10,73.875,2934.75,
DM-03-02-02-01,2026-07-11,73.125,2863.25,
DM-03-02-02-01,2026-07-12,93.25,2814.75,
DM-03-02-02-01,2026-07-13,70.875,2845.5,
DM-03-02-02-01,2026-07-14,86.125,2959.25,
DM-03-02-02-01,2026-07-15,99.375,2973.25,
DM-03-02-02-01,2026-07-16,93.125,2893.5,
DM-03-02-02-01,2026-07-17,75.125,2904.25,
DM-03-02-02-01,2026-07-18,74.875,3034.25,
DM-03-02-02-01,2026-07-19,90.375,2969.75,
DM-03-02-02-01,2026-07-20,67.5,2927.75,
DM-03-02-02-01,2026-07-21,84.75,2938.25,
DM-03-02-02-01,2026-07-22,70.0,2925.0,0.0
DM-03-02-02-01,2026-07-23,89.25,2906.0,2.581
DM-03-02-02-01,2026-07-24,74.375,2906.0,0.0
DM-03-02-02-01,2026-07-25,75.5,2826.75,0.0
DM-03-02-02-01,2026-07-26,71.375,2947.0,0.0
DM-03-02-02-01,2026-07-27,77.0,2847.5,0.0
DM-03-02-02-01,2026-07-28,70.375,2619.5,0.0
DM-03-02-02-01,2026-07-29,92.625,2656.0,5.956
DM-03-02-02-01,2026-07-30,69.125,2734.75,0.0
DM-03-02-02-01,2026-07-31,81.375,2841.25,0.0
DM-03-02-02-01,2026-08-01,76.25,2738.25,0.0
DM-03-02-02-01,2026-08-02,73.125,2932.0,0.0
DM-03-02-02-01,2026-08-03,79.875,2967.0,0.0
DM-03-02-02-01,2026-08-04,80.0,2945.25,0.0
DM-03-02-02-01,2026-08-05,86.625,2967.0,0.0
DM-03-02-03-01,2026-07-08,,4711.75,
DM-03-02-03-01,2026-07-09,207.625,7942.75,
DM-03-02-03-01,2026-07-10,219.375,8138.75,
DM-03-02-03-01,2026-07-11,234.75,8446.0,
DM-03-02-03-01,2026-07-12,232.375,8577.75,
DM-03-02-03-01,2026-07-13,231.875,8388.5,
DM-03-02-03-01,2026-07-14,224.25,8292.75,
DM-03-02-03-01,2026-07-15,224.875,8258.75,
DM-03-02-03-01,2026-07-16,229.25,8304.5,
DM-03-02-03-01,2026-07-17,232.25,8397.5,
DM-03-02-03-01,2026-07-18,232.5,8735.0,
DM-03-02-03-01,2026-07-19,261.125,8892.75,
DM-03-02-03-01,2026-07-20,244.625,8669.0,
DM-03-02-03-01,2026-07-21,228.375,8449.5,
DM-03-02-03-01,2026-07-22,238.875,8548.25,1.83
DM-03-02-03-01,2026-07-23,235.875,8488.75,0.66
DM-03-02-03-01,2026-07-24,234.25,8317.25,0.0
DM-03-02-03-01,2026-07-25,225.875,8636.0,0.0
DM-03-02-03-01,2026-07-26,234.875,8512.75,0.0
DM-03-02-03-01,2026-07-27,237.0,8306.5,0.0
DM-03-02-03-01,2026-07-28,230.75,8201.75,0.0
DM-03-02-03-01,2026-07-29,220.375,8271.25,0.0
DM-03-02-03-01,2026-07-30,223.75,8181.75,0.0
DM-03-02-03-01,2026-07-31,230.125,8287.25,0.0
DM-03-02-03-01,2026-08-01,251.25,8779.25,14.205
DM-03-02-03-01,2026-08-02,230.625,9014.5,7.785
DM-03-02-03-01,2026-08-03,258.5,8769.25,29.239
DM-03-02-03-01,2026-08-04,244.5,8895.25,36.694
DM-03-02-03-01,2026-08-05,273.5,8370.75,73.149
DM-03-02-06-01,2026-07-08,,828.5,
DM-03-02-06-01,2026-07-09,30.625,1534.25,
DM-03-02-06-01,2026-07-10,32.0,1609.75,
DM-03-02-06-01,2026-07-11,31.875,1559.25,
DM-03-02-06-01,2026-07-12,29.25,1535.25,
DM-03-02-06-01,2026-07-13,30.5,1546.75,
DM-03-02-06-01,2026-07-14,29.125,1582.75,
DM-03-02-06-01,2026-07-15,30.125,1498.25,
DM-03-02-06-01,2026-07-16,30.0,1520.75,
DM-03-02-06-01,2026-07-17,29.625,1535.25,
DM-03-02-06-01,2026-07-18,28.75,1632.75,
DM-03-02-06-01,2026-07-19,29.75,1636.75,
DM-03-02-06-01,2026-07-20,28.25,1585.75,
DM-03-02-06-01,2026-07-21,30.25,1590.25,
DM-03-02-06-01,2026-07-22,33.625,1593.5,3.089
DM-03-02-06-01,2026-07-23,32.5,1491.25,5.054
DM-03-02-06-01,2026-07-24,29.875,1502.0,4.393
DM-03-02-06-01,2026-07-25,28.875,1640.75,2.732
DM-03-02-06-01,2026-07-26,29.75,1528.25,1.947
DM-03-02-06-01,2026-07-27,27.5,1530.5,0.0
DM-03-02-06-01,2026-07-28,28.875,1419.25,0.0
DM-03-02-06-01,2026-07-29,31.625,1461.75,1.089
DM-03-02-06-01,2026-07-30,30.0,1497.5,0.554
DM-03-02-06-01,2026-07-31,28.625,1473.25,0.0
DM-03-02-06-01,2026-08-01,31.875,1504.5,1.339
DM-03-02-06-01,2026-08-02,32.75,1565.75,3.554
DM-03-02-06-01,2026-08-03,30.875,1579.75,3.893
DM-03-02-06-01,2026-08-04,31.375,1569.25,4.732
DM-03-02-06-01,2026-08-05,28.875,1519.25,3.072
DM-03-02-07-01,2026-07-08,,3232.0,
DM-03-02-07-01,2026-07-09,103.625,5777.25,
DM-03-02-07-01,2026-07-10,175.0,6569.0,
DM-03-02-07-01,2026-07-11,169.5,6750.25,
DM-03-02-07-01,2026-07-12,176.375,7150.75,
DM-03-02-07-01,2026-07-13,180.875,6695.75,
DM-03-02-07-01,2026-07-14,163.0,6752.0,
DM-03-02-07-01,2026-07-15,182.375,6845.5,
DM-03-02-07-01,2026-07-16,168.625,6500.0,
DM-03-02-07-01,2026-07-17,186.625,6607.25,
DM-03-02-07-01,2026-07-18,177.25,6806.25,
DM-03-02-07-01,2026-07-19,184.375,7134.0,
DM-03-02-07-01,2026-07-20,180.375,6794.5,
DM-03-02-07-01,2026-07-21,191.375,6982.5,
DM-03-02-07-01,2026-07-22,200.25,6926.25,17.404
DM-03-02-07-01,2026-07-23,171.125,6628.25,5.683
DM-03-02-07-01,2026-07-24,190.5,6716.75,13.337
DM-03-02-07-01,2026-07-25,165.625,6615.0,0.0
DM-03-02-07-01,2026-07-26,185.0,6746.5,2.154
DM-03-02-07-01,2026-07-27,192.0,6377.0,11.308
DM-03-02-07-01,2026-07-28,173.125,6143.75,1.587
DM-03-02-07-01,2026-07-29,167.5,6155.0,0.0
DM-03-02-07-01,2026-07-30,162.0,6248.5,0.0
DM-03-02-07-01,2026-07-31,163.375,5871.5,0.0
DM-03-02-07-01,2026-08-01,142.375,5845.75,0.0
DM-03-02-07-01,2026-08-02,155.125,6208.75,0.0
DM-03-02-07-01,2026-08-03,153.625,6195.5,0.0
DM-03-02-07-01,2026-08-04,155.875,6111.75,0.0
DM-03-02-07-01,2026-08-05,146.0,6344.75,0.0
DM-03-02-08-01,2026-07-08,,3296.5,
DM-03-02-08-01,2026-07-09,135.0,5645.5,
DM-03-02-08-01,2026-07-10,143.0,5658.25,
DM-03-02-08-01,2026-07-11,137.875,5772.25,
DM-03-02-08-01,2026-07-12,145.75,5825.5,
DM-03-02-08-01,2026-07-13,141.0,5753.25,
DM-03-02-08-01,2026-07-14,134.75,5492.25,
DM-03-02-08-01,2026-07-15,166.75,5762.0,
DM-03-02-08-01,2026-07-16,145.125,5638.0,
DM-03-02-08-01,2026-07-17,140.25,5778.5,
DM-03-02-08-01,2026-07-18,144.5,5901.25,
DM-03-02-08-01,2026-07-19,134.375,6016.5,
DM-03-02-08-01,2026-07-20,140.875,5771.0,
DM-03-02-08-01,2026-07-21,139.75,5644.0,
DM-03-02-08-01,2026-07-22,143.125,5664.25,0.0
DM-03-02-08-01,2026-07-23,134.0,5483.25,0.0
DM-03-02-08-01,2026-07-24,129.875,5610.5,0.0
DM-03-02-08-01,2026-07-25,139.0,5681.5,0.0
DM-03-02-08-01,2026-07-26,135.125,5602.75,0.0
DM-03-02-08-01,2026-07-27,137.0,5418.5,0.0
DM-03-02-08-01,2026-07-28,134.75,5219.25,0.0
DM-03-02-08-01,2026-07-29,128.875,5290.25,0.0
DM-03-02-08-01,2026-07-30,128.625,5311.25,0.0
DM-03-02-08-01,2026-07-31,129.25,5209.0,0.0
DM-03-02-08-01,2026-08-01,132.25,5429.25,0.0
DM-03-02-08-01,2026-08-02,128.5,5763.25,0.0
DM-03-02-08-01,2026-08-03,147.25,5640.25,1.024
DM-03-02-08-01,2026-08-04,139.5,5604.5,0.0
DM-03-02-08-01,2026-08-05,131.125,5481.75,0.0
DM-03-03-01-01,2026-07-08,,1060.75,
DM-03-03-01-01,2026-07-09,29.875,1744.75,
DM-03-03-01-01,2026-07-10,29.5,1793.5,
DM-03-03-01-01,2026-07-11,24.5,1667.25,
DM-03-03-01-01,2026-07-12,27.5,1673.75,
DM-03-03-01-01,2026-07-13,29.75,1757.0,
DM-03-03-01-01,2026-07-14,29.625,1613.75,
DM-03-03-01-01,2026-07-15,21.25,1694.75,
DM-03-03-01-01,2026-07-16,32.125,1582.25,
DM-03-03-01-01,2026-07-17,29.0,1808.25,
DM-03-03-01-01,2026-07-18,21.5,1816.25,
DM-03-03-01-01,2026-07-19,26.5,1856.75,
DM-03-03-01-01,2026-07-20,23.625,1707.75,
DM-03-03-01-01,2026-07-21,35.0,1889.0,
DM-03-03-01-01,2026-07-22,27.25,1806.75,0.0
DM-03-03-01-01,2026-07-23,38.875,1833.0,9.247
DM-03-03-01-01,2026-07-24,22.75,1852.5,2.368
DM-03-03-01-01,2026-07-25,37.0,1655.75,9.74
DM-03-03-01-01,2026-07-26,33.0,1883.0,13.112
DM-03-03-01-01,2026-07-27,41.5,1896.25,24.983
DM-03-03-01-01,2026-07-28,24.0,1765.5,19.355
DM-03-03-01-01,2026-07-29,33.75,1633.25,23.477
DM-03-03-01-01,2026-07-30,20.625,1749.75,14.473
DM-03-03-01-01,2026-07-31,29.875,1734.5,14.72
DM-03-03-01-01,2026-08-01,36.125,1840.0,21.217
DM-03-03-01-01,2026-08-02,30.125,1685.25,21.713
DM-03-03-01-01,2026-08-03,29.25,1798.25,21.335
DM-03-03-01-01,2026-08-04,35.25,1804.0,26.957
DM-03-03-01-01,2026-08-05,31.75,1783.5,29.078
DM-03-03-02-01,2026-07-08,,2919.0,
DM-03-03-02-01,2026-07-09,104.5,4379.5,
DM-03-03-02-01,2026-07-10,110.5,4134.0,
DM-03-03-02-01,2026-07-11,105.0,2793.25,
DM-03-03-02-01,2026-07-12,76.5,2557.75,
DM-03-03-02-01,2026-07-13,70.75,4382.5,
DM-03-03-02-01,2026-07-14,100.875,4202.0,
DM-03-03-02-01,2026-07-15,78.0,4029.75,
DM-03-03-02-01,2026-07-16,101.875,4322.75,
DM-03-03-02-01,2026-07-17,86.75,3832.75,
DM-03-03-02-01,2026-07-18,83.625,3384.75,
DM-03-03-02-01,2026-07-19,127.125,4005.0,
DM-03-03-02-01,2026-07-20,88.125,4577.25,
DM-03-03-02-01,2026-07-21,161.125,5059.25,
DM-03-03-02-01,2026-07-22,84.75,4547.25,0.0
DM-03-03-02-01,2026-07-23,78.75,4067.5,0.0
DM-03-03-02-01,2026-07-24,66.0,4433.75,0.0
DM-03-03-02-01,2026-07-25,83.125,2834.0,0.0
DM-03-03-02-01,2026-07-26,90.25,2707.25,0.0
DM-03-03-02-01,2026-07-27,72.75,3893.0,0.0
DM-03-03-02-01,2026-07-28,67.625,2298.5,0.0
DM-03-03-02-01,2026-07-29,53.875,2535.75,0.0
DM-03-03-02-01,2026-07-30,79.625,4170.5,0.0
DM-03-03-02-01,2026-07-31,80.0,3806.75,0.0
DM-03-03-02-01,2026-08-01,67.125,2786.5,0.0
DM-03-03-02-01,2026-08-02,55.375,2445.5,0.0
DM-03-03-02-01,2026-08-03,59.25,4085.75,0.0
DM-03-03-02-01,2026-08-04,99.625,4675.25,0.0
DM-03-03-02-01,2026-08-05,106.25,4269.5,0.0
DM-03-03-03-01,2026-07-08,,1038.5,
DM-03-03-03-01,2026-07-09,26.875,1555.25,
DM-03-03-03-01,2026-07-10,37.75,1646.0,
DM-03-03-03-01,2026-07-11,33.5,1619.75,
DM-03-03-03-01,2026-07-12,37.875,1647.25,
DM-03-03-03-01,2026-07-13,38.5,1624.75,
DM-03-03-03-01,2026-07-14,33.875,1580.0,
DM-03-03-03-01,2026-07-15,30.75,1632.0,
DM-03-03-03-01,2026-07-16,29.75,1554.25,
DM-03-03-03-01,2026-07-17,34.625,1649.25,
DM-03-03-03-01,2026-07-18,30.75,1709.0,
DM-03-03-03-01,2026-07-19,37.25,1684.5,
DM-03-03-03-01,2026-07-20,41.75,1635.75,
DM-03-03-03-01,2026-07-21,30.625,1718.75,
DM-03-03-03-01,2026-07-22,33.75,1625.5,0.0
DM-03-03-03-01,2026-07-23,33.625,1585.75,0.0
DM-03-03-03-01,2026-07-24,25.875,1621.0,0.0
DM-03-03-03-01,2026-07-25,30.0,1621.0,0.0
DM-03-03-03-01,2026-07-26,25.5,1573.75,0.0
DM-03-03-03-01,2026-07-27,28.125,1585.25,0.0
DM-03-03-03-01,2026-07-28,27.625,1534.0,0.0
DM-03-03-03-01,2026-07-29,27.625,1504.75,0.0
DM-03-03-03-01,2026-07-30,35.0,1483.25,0.0
DM-03-03-03-01,2026-07-31,31.375,1593.12,0.0
DM-03-03-03-01,2026-08-01,26.875,1661.25,0.0
DM-03-03-03-01,2026-08-02,23.0,1578.25,0.0
DM-03-03-03-01,2026-08-03,32.875,1597.75,0.0
DM-03-03-03-01,2026-08-04,35.5,1625.5,0.0
DM-03-03-03-01,2026-08-05,27.125,1631.75,0.0
DM-03-03-03-02,2026-07-08,,2320.75,
DM-03-03-03-02,2026-07-09,79.875,3638.25,
DM-03-03-03-02,2026-07-10,96.375,3645.25,
DM-03-03-03-02,2026-07-11,94.125,3991.25,
DM-03-03-03-02,2026-07-12,86.125,3753.75,
DM-03-03-03-02,2026-07-13,91.875,3909.0,
DM-03-03-03-02,2026-07-14,85.875,3803.75,
DM-03-03-03-02,2026-07-15,92.25,3847.0,
DM-03-03-03-02,2026-07-16,79.875,3713.75,
DM-03-03-03-02,2026-07-17,78.875,3625.5,
DM-03-03-03-02,2026-07-18,77.75,3839.0,
DM-03-03-03-02,2026-07-19,90.5,3937.0,
DM-03-03-03-02,2026-07-20,85.5,3829.25,
DM-03-03-03-02,2026-07-21,91.5,3852.5,
DM-03-03-03-02,2026-07-22,112.25,3908.25,22.251
DM-03-03-03-02,2026-07-23,85.375,3740.25,17.626
DM-03-03-03-02,2026-07-24,88.625,3728.75,16.252
DM-03-03-03-02,2026-07-25,91.625,3847.5,17.878
DM-03-03-03-02,2026-07-26,93.875,3827.0,21.753
DM-03-03-03-02,2026-07-27,80.0,3639.75,11.754
DM-03-03-03-02,2026-07-28,83.375,3484.25,5.13
DM-03-03-03-02,2026-07-29,90.875,3723.75,6.006
DM-03-03-03-02,2026-07-30,86.375,3634.25,2.381
DM-03-03-03-02,2026-07-31,82.125,3513.25,0.0
DM-03-03-03-02,2026-08-01,94.875,3591.25,4.876
DM-03-03-03-02,2026-08-02,118.625,3909.25,33.501
DM-03-03-03-02,2026-08-03,89.125,3746.75,32.627
DM-03-03-03-02,2026-08-04,102.25,3765.0,44.878
DM-03-03-03-02,2026-08-05,87.125,3692.0,42.003
DM-03-03-06-01,2026-07-08,,1959.0,
DM-03-03-06-01,2026-07-09,54.0,2974.25,
DM-03-03-06-01,2026-07-10,70.375,3044.25,
DM-03-03-06-01,2026-07-11,51.75,2686.5,
DM-03-03-06-01,2026-07-12,59.125,2656.25,
DM-03-03-06-01,2026-07-13,52.75,2960.5,
DM-03-03-06-01,2026-07-14,61.5,3008.75,
DM-03-03-06-01,2026-07-15,62.375,3052.25,
DM-03-03-06-01,2026-07-16,67.75,2918.0,
DM-03-03-06-01,2026-07-17,64.375,2929.75,
DM-03-03-06-01,2026-07-18,56.75,2785.0,
DM-03-03-06-01,2026-07-19,66.75,2744.0,
DM-03-03-06-01,2026-07-20,55.75,3045.75,
DM-03-03-06-01,2026-07-21,63.75,3161.75,
DM-03-03-06-01,2026-07-22,54.0,2967.0,0.0
DM-03-03-06-01,2026-07-23,62.5,3018.0,0.0
DM-03-03-06-01,2026-07-24,67.375,3112.25,3.939
DM-03-03-06-01,2026-07-25,67.75,2723.5,8.253
DM-03-03-06-01,2026-07-26,52.25,2626.0,0.0
DM-03-03-06-01,2026-07-27,63.375,2759.75,0.0
DM-03-03-06-01,2026-07-28,56.375,2435.25,0.0
DM-03-03-06-01,2026-07-29,64.625,2444.0,1.189
DM-03-03-06-01,2026-07-30,59.75,2691.5,0.0
DM-03-03-06-01,2026-07-31,52.125,2712.25,0.0
DM-03-03-06-01,2026-08-01,62.75,2542.0,0.0
DM-03-03-06-01,2026-08-02,51.25,2571.0,0.0
DM-03-03-06-01,2026-08-03,64.625,2987.75,1.189
DM-03-03-06-01,2026-08-04,65.875,3083.25,3.628
DM-03-03-06-01,2026-08-05,54.5,2904.75,0.0
DM-03-03-07-02,2026-07-08,,2259.5,
DM-03-03-07-02,2026-07-09,93.375,3547.5,
DM-03-03-07-02,2026-07-10,105.0,3628.75,
DM-03-03-07-02,2026-07-11,88.125,3494.75,
DM-03-03-07-02,2026-07-12,91.5,3455.25,
DM-03-03-07-02,2026-07-13,91.625,3664.5,
DM-03-03-07-02,2026-07-14,90.25,3683.75,
DM-03-03-07-02,2026-07-15,91.375,3683.25,
DM-03-03-07-02,2026-07-16,92.125,3559.25,
DM-03-03-07-02,2026-07-17,93.875,3646.5,
DM-03-03-07-02,2026-07-18,98.25,3585.0,
DM-03-03-07-02,2026-07-19,91.625,3530.0,
DM-03-03-07-02,2026-07-20,96.375,3649.5,
DM-03-03-07-02,2026-07-21,90.5,3709.25,
DM-03-03-07-02,2026-07-22,100.75,3758.25,5.267
DM-03-03-07-02,2026-07-23,97.75,3736.75,7.534
DM-03-03-07-02,2026-07-24,101.0,3780.25,13.051
DM-03-03-07-02,2026-07-25,96.5,3588.5,14.068
DM-03-03-07-02,2026-07-26,91.125,3463.75,9.71
DM-03-03-07-02,2026-07-27,97.0,3539.25,11.227
DM-03-03-07-02,2026-07-28,92.875,3287.0,8.619
DM-03-03-07-02,2026-07-29,84.5,3207.5,0.0
DM-03-03-07-02,2026-07-30,80.125,3166.25,0.0
DM-03-03-07-02,2026-07-31,85.0,3188.75,0.0
DM-03-03-07-02,2026-08-01,82.875,3166.25,0.0
DM-03-03-07-02,2026-08-02,86.5,3181.75,0.0
DM-03-03-07-02,2026-08-03,78.375,3341.0,0.0
DM-03-03-07-02,2026-08-04,82.25,3406.0,0.0
DM-03-03-07-02,2026-08-05,88.0,3345.5,0.0
DM-03-03-08-01,2026-07-09,67.875,2790.25,
DM-03-03-08-01,2026-07-10,74.625,2998.5,
DM-03-03-08-01,2026-07-11,69.0,2828.0,
DM-03-03-08-01,2026-07-12,69.0,2828.0,
DM-03-03-08-01,2026-07-13,75.625,2868.75,
DM-03-03-08-01,2026-07-14,69.0,2828.0,
DM-03-03-08-01,2026-07-15,77.375,2969.75,
DM-03-03-08-01,2026-07-16,66.375,2899.75,
DM-03-03-08-01,2026-07-17,60.75,2848.75,
DM-03-03-08-01,2026-07-18,60.875,2775.75,
DM-03-03-08-01,2026-07-19,73.5,2614.5,
DM-03-03-08-01,2026-07-20,78.875,2989.25,
DM-03-03-08-01,2026-07-21,72.25,3074.0,
DM-03-03-08-01,2026-07-22,61.125,2888.0,
DM-03-03-08-01,2026-07-23,88.375,2923.5,15.744
DM-03-03-08-01,2026-07-24,62.75,2890.0,5.862
DM-03-03-08-01,2026-07-25,64.625,2841.25,0.0
DM-03-03-08-01,2026-07-26,79.5,2650.0,6.869
DM-03-03-08-01,2026-07-27,65.125,2812.25,0.0
DM-03-03-08-01,2026-07-28,89.25,2623.5,16.619
DM-03-03-08-01,2026-07-29,50.5,2448.75,0.0
DM-03-03-08-01,2026-07-30,69.125,2796.0,0.0
DM-03-03-08-01,2026-07-31,69.5,2740.25,0.0
DM-03-03-08-01,2026-08-01,59.375,2571.75,0.0
DM-03-03-08-01,2026-08-02,80.5,2594.75,7.869
DM-03-03-08-01,2026-08-03,62.75,2962.5,0.0
DM-03-03-08-01,2026-08-04,63.5,2970.5,0.0
DM-03-03-08-01,2026-08-05,61.625,2698.5,0.0
DM-03-03-10-01,2026-07-08,,1591.25,
DM-03-03-10-01,2026-07-09,48.125,2642.0,
DM-03-03-10-01,2026-07-10,52.875,2752.5,
DM-03-03-10-01,2026-07-11,65.0,2405.25,
DM-03-03-10-01,2026-07-12,43.375,2238.25,
DM-03-03-10-01,2026-07-13,38.75,2558.75,
DM-03-03-10-01,2026-07-14,42.75,2737.0,
DM-03-03-10-01,2026-07-15,47.625,2757.0,
DM-03-03-10-01,2026-07-16,38.5,2520.75,
DM-03-03-10-01,2026-07-17,40.25,2580.0,
DM-03-03-10-01,2026-07-18,42.0,2378.5,
DM-03-03-10-01,2026-07-19,42.375,2208.5,
DM-03-03-10-01,2026-07-20,41.875,2614.0,
DM-03-03-10-01,2026-07-21,43.5,2715.25,
DM-03-03-10-01,2026-07-22,39.875,2605.0,0.0
DM-03-03-10-01,2026-07-23,51.0,2679.75,2.399
DM-03-03-10-01,2026-07-24,46.25,2656.75,0.048
DM-03-03-10-01,2026-07-25,43.375,2404.25,0.0
DM-03-03-10-01,2026-07-26,54.5,2089.0,5.899
DM-03-03-10-01,2026-07-27,62.375,2562.75,19.673
DM-03-03-10-01,2026-07-28,44.625,2004.25,15.698
DM-03-03-10-01,2026-07-29,50.875,2196.75,17.972
DM-03-03-10-01,2026-07-30,41.375,2315.5,10.746
DM-03-03-10-01,2026-07-31,57.25,2537.25,19.395
DM-03-03-10-01,2026-08-01,48.25,2403.75,19.044
DM-03-03-10-01,2026-08-02,49.25,2249.75,19.693
DM-03-03-10-01,2026-08-03,50.125,2761.75,21.218
DM-03-03-10-01,2026-08-04,50.75,2779.0,23.367
DM-03-03-10-01,2026-08-05,49.375,2631.0,24.141
DM-03-03-12-01,2026-07-08,,4322.75,
DM-03-03-12-01,2026-07-09,177.5,6697.0,
DM-03-03-12-01,2026-07-10,174.5,6569.5,
DM-03-03-12-01,2026-07-11,163.5,6654.75,
DM-03-03-12-01,2026-07-12,147.75,6649.25,
DM-03-03-12-01,2026-07-13,168.75,6765.25,
DM-03-03-12-01,2026-07-14,158.125,6728.25,
DM-03-03-12-01,2026-07-15,166.75,6778.5,
DM-03-03-12-01,2026-07-16,177.625,6633.0,
DM-03-03-12-01,2026-07-17,169.125,6660.0,
DM-03-03-12-01,2026-07-18,183.625,6872.5,
DM-03-03-12-01,2026-07-19,177.125,6828.25,
DM-03-03-12-01,2026-07-20,174.375,6778.25,
DM-03-03-12-01,2026-07-21,164.5,6763.5,
DM-03-03-12-01,2026-07-22,157.375,6649.75,0.0
DM-03-03-12-01,2026-07-23,172.125,6714.0,0.0
DM-03-03-12-01,2026-07-24,159.0,6707.25,0.0
DM-03-03-12-01,2026-07-25,165.75,6741.5,0.0
DM-03-03-12-01,2026-07-26,172.5,6701.75,0.0
DM-03-03-12-01,2026-07-27,170.0,6640.0,0.0
DM-03-03-12-01,2026-07-28,163.875,6362.75,0.0
DM-03-03-12-01,2026-07-29,152.5,6500.75,0.0
DM-03-03-12-01,2026-07-30,153.25,6380.0,0.0
DM-03-03-12-01,2026-07-31,155.75,6350.25,0.0
DM-03-03-12-01,2026-08-01,159.875,6563.25,0.0
DM-03-03-12-01,2026-08-02,161.125,6699.0,0.0
DM-03-03-12-01,2026-08-03,166.875,6889.25,0.0
DM-03-03-12-01,2026-08-04,167.625,6824.75,0.0
DM-03-03-12-01,2026-08-05,167.25,6655.75,0.0
DM-03-04-02-01,2026-07-08,,3458.5,
DM-03-04-02-01,2026-07-09,129.75,5856.5,
DM-03-04-02-01,2026-07-10,148.875,6049.0,
DM-03-04-02-01,2026-07-11,134.25,5791.25,
DM-03-04-02-01,2026-07-12,137.0,5701.5,
DM-03-04-02-01,2026-07-13,129.875,5877.25,
DM-03-04-02-01,2026-07-14,118.0,5879.0,
DM-03-04-02-01,2026-07-15,148.125,5986.5,
DM-03-04-02-01,2026-07-16,132.75,5781.5,
DM-03-04-02-01,2026-07-17,126.25,6000.5,
DM-03-04-02-01,2026-07-18,139.125,6058.0,
DM-03-04-02-01,2026-07-19,131.0,5883.25,
DM-03-04-02-01,2026-07-20,145.75,6089.5,
DM-03-04-02-01,2026-07-21,133.125,6018.0,
DM-03-04-02-01,2026-07-22,130.625,5838.0,0.0
DM-03-04-02-01,2026-07-23,133.875,5920.0,0.0
DM-03-04-02-01,2026-07-24,136.0,5953.5,0.0
DM-03-04-02-01,2026-07-25,135.5,6002.75,0.0
DM-03-04-02-01,2026-07-26,137.5,5796.75,0.0
DM-03-04-02-01,2026-07-27,137.25,5865.5,0.0
DM-03-04-02-01,2026-07-28,133.375,5450.25,0.0
DM-03-04-02-01,2026-07-29,116.0,5517.0,0.0
DM-03-04-02-01,2026-07-30,129.125,5780.75,0.0
DM-03-04-02-01,2026-07-31,137.5,6866.75,0.0
DM-03-04-02-01,2026-08-01,395.125,7295.25,255.947
DM-03-04-02-01,2026-08-02,150.0,6016.75,266.769
DM-03-04-02-01,2026-08-03,144.5,5973.25,272.09
DM-03-04-02-01,2026-08-04,135.5,6127.0,268.412
DM-03-04-02-01,2026-08-05,141.75,5913.75,270.984
DM-03-04-06-01,2026-07-08,,2234.25,
DM-03-04-06-01,2026-07-09,94.0,3664.5,
DM-03-04-06-01,2026-07-10,95.5,3605.25,
DM-03-04-06-01,2026-07-11,85.25,3666.0,
DM-03-04-06-01,2026-07-12,88.125,3638.0,
DM-03-04-06-01,2026-07-13,93.375,3428.5,
DM-03-04-06-01,2026-07-14,98.375,3494.5,
DM-03-04-06-01,2026-07-15,89.25,3660.75,
DM-03-04-06-01,2026-07-16,87.125,3585.75,
DM-03-04-06-01,2026-07-17,88.125,3585.0,
DM-03-04-06-01,2026-07-18,89.25,3758.75,
DM-03-04-06-01,2026-07-19,87.375,3488.5,
DM-03-04-06-01,2026-07-20,93.25,3753.25,
DM-03-04-06-01,2026-07-21,88.625,3685.25,
DM-03-04-06-01,2026-07-22,88.875,3584.0,0.0
DM-03-04-06-01,2026-07-23,85.375,3612.0,0.0
DM-03-04-06-01,2026-07-24,85.625,3636.25,0.0
DM-03-04-06-01,2026-07-25,83.125,3634.5,0.0
DM-03-04-06-01,2026-07-26,86.5,3454.0,0.0
DM-03-04-06-01,2026-07-27,75.125,3276.5,0.0
DM-03-04-06-01,2026-07-28,75.5,3248.75,0.0
DM-03-04-06-01,2026-07-29,70.5,3258.0,0.0
DM-03-04-06-01,2026-07-30,76.0,3352.0,0.0
DM-03-04-06-01,2026-07-31,82.375,3320.75,0.0
DM-03-04-06-01,2026-08-01,84.75,3382.5,0.0
DM-03-04-06-01,2026-08-02,79.25,3490.25,0.0
DM-03-04-06-01,2026-08-03,75.625,3412.5,0.0
DM-03-04-06-01,2026-08-04,76.0,3428.75,0.0
DM-03-04-06-01,2026-08-05,82.25,3376.25,0.0
DM-03-04-07-01,2026-07-08,,1274.0,
DM-03-04-07-01,2026-07-09,33.75,2201.25,
DM-03-04-07-01,2026-07-10,44.25,2253.25,
DM-03-04-07-01,2026-07-11,31.875,2132.5,
DM-03-04-07-01,2026-07-12,28.5,2113.75,
DM-03-04-07-01,2026-07-13,30.875,2365.5,
DM-03-04-07-01,2026-07-14,38.375,2297.5,
DM-03-04-07-01,2026-07-15,31.5,2264.0,
DM-03-04-07-01,2026-07-16,27.375,2173.5,
DM-03-04-07-01,2026-07-17,31.125,2166.25,
DM-03-04-07-01,2026-07-18,30.875,2268.75,
DM-03-04-07-01,2026-07-19,30.25,2234.0,
DM-03-04-07-01,2026-07-20,29.5,2318.0,
DM-03-04-07-01,2026-07-21,33.25,2338.75,
DM-03-04-07-01,2026-07-22,33.0,2280.5,0.0
DM-03-04-07-01,2026-07-23,33.0,2288.75,0.0
DM-03-04-07-01,2026-07-24,33.625,2333.25,0.0
DM-03-04-07-01,2026-07-25,35.375,2221.75,0.806
DM-03-04-07-01,2026-07-26,31.875,2127.0,0.0
DM-03-04-07-01,2026-07-27,25.25,2143.25,0.0
DM-03-04-07-01,2026-07-28,34.625,1897.75,0.056
DM-03-04-07-01,2026-07-29,22.75,1947.0,0.0
DM-03-04-07-01,2026-07-30,28.875,2102.25,0.0
DM-03-04-07-01,2026-07-31,14.75,2060.5,0.0
DM-03-04-07-01,2026-08-01,27.375,2135.75,0.0
DM-03-04-07-01,2026-08-02,30.25,2172.25,0.0
DM-03-04-07-01,2026-08-03,30.125,2349.0,0.0
DM-03-04-07-01,2026-08-04,36.125,2325.75,1.556
DM-03-04-07-01,2026-08-05,34.25,2312.75,1.236
DM-03-05-01-01,2026-07-08,,3555.0,
DM-03-05-01-01,2026-07-09,167.125,5810.5,
DM-03-05-01-01,2026-07-10,178.375,5813.75,
DM-03-05-01-01,2026-07-11,159.5,5830.75,
DM-03-05-01-01,2026-07-12,161.875,5776.5,
DM-03-05-01-01,2026-07-13,161.375,5878.0,
DM-03-05-01-01,2026-07-14,149.75,5833.0,
DM-03-05-01-01,2026-07-15,165.375,5920.5,
DM-03-05-01-01,2026-07-16,160.875,5856.75,
DM-03-05-01-01,2026-07-17,161.75,5833.25,
DM-03-05-01-01,2026-07-18,169.125,6011.25,
DM-03-05-01-01,2026-07-19,168.125,5994.5,
DM-03-05-01-01,2026-07-20,170.25,5864.0,
DM-03-05-01-01,2026-07-21,161.625,5953.5,
DM-03-05-01-01,2026-07-22,170.875,5942.0,3.367
DM-03-05-01-01,2026-07-23,169.125,5911.25,4.985
DM-03-05-01-01,2026-07-24,168.5,5918.5,5.977
DM-03-05-01-01,2026-07-25,165.25,5960.25,3.72
DM-03-05-01-01,2026-07-26,171.25,5878.75,7.462
DM-03-05-01-01,2026-07-27,165.5,5822.5,5.455
DM-03-05-01-01,2026-07-28,162.75,5561.0,0.697
DM-03-05-01-01,2026-07-29,161.875,5631.25,0.0
DM-03-05-01-01,2026-07-30,159.875,5928.25,0.0
DM-03-05-01-01,2026-07-31,166.875,5750.75,0.0
DM-03-05-01-01,2026-08-01,163.25,5748.25,0.0
DM-03-05-01-01,2026-08-02,163.25,5793.75,0.0
DM-03-05-01-01,2026-08-03,164.25,5887.25,0.0
DM-03-05-01-01,2026-08-04,159.875,5969.0,0.0
DM-03-05-01-01,2026-08-05,170.0,5899.5,2.492
DM-03-05-02-01,2026-07-08,,2346.5,
DM-03-05-02-01,2026-07-09,116.125,3852.5,
DM-03-05-02-01,2026-07-10,97.125,3938.75,
DM-03-05-02-01,2026-07-11,91.125,3918.75,
DM-03-05-02-01,2026-07-12,95.75,3992.25,
DM-03-05-02-01,2026-07-13,113.5,3671.75,
DM-03-05-02-01,2026-07-14,81.625,4114.75,
DM-03-05-02-01,2026-07-15,117.75,3953.5,
DM-03-05-02-01,2026-07-16,93.375,3952.25,
DM-03-05-02-01,2026-07-17,84.875,3873.75,
DM-03-05-02-01,2026-07-18,98.125,4154.5,
DM-03-05-02-01,2026-07-19,86.75,4217.25,
DM-03-05-02-01,2026-07-20,91.25,3983.75,
DM-03-05-02-01,2026-07-21,89.0,3807.0,
DM-03-05-02-01,2026-07-22,83.875,3926.0,0.0
DM-03-05-02-01,2026-07-23,93.0,4031.5,0.0
DM-03-05-02-01,2026-07-24,96.25,3906.75,0.0
DM-03-05-02-01,2026-07-25,88.875,3872.5,0.0
DM-03-05-02-01,2026-07-26,101.25,4058.25,0.0
DM-03-05-02-01,2026-07-27,119.875,3829.25,17.508
DM-03-05-02-01,2026-07-28,95.125,3781.0,10.266
DM-03-05-02-01,2026-07-29,108.125,3770.75,16.024
DM-03-05-02-01,2026-07-30,104.5,3717.5,18.157
DM-03-05-02-01,2026-07-31,77.0,3711.0,0.0
DM-03-05-02-01,2026-08-01,95.0,3929.25,0.0
DM-03-05-02-01,2026-08-02,99.125,3821.5,0.0
DM-03-05-02-01,2026-08-03,91.625,3959.0,0.0
DM-03-05-02-01,2026-08-04,111.5,3897.25,9.133
DM-03-05-02-01,2026-08-05,83.625,3798.75,0.0
DM-03-05-03-01,2026-07-08,,1321.25,
DM-03-05-03-01,2026-07-09,,2314.0,
DM-03-05-03-01,2026-07-10,,2340.25,
DM-03-05-03-01,2026-07-11,,2302.75,
DM-03-05-03-01,2026-07-12,,2247.5,
DM-03-05-03-01,2026-07-13,,2316.75,
DM-03-05-03-01,2026-07-14,,2324.25,
DM-03-05-03-01,2026-07-15,,2353.0,
DM-03-05-03-01,2026-07-16,,2285.0,
DM-03-05-03-01,2026-07-17,,2289.75,
DM-03-05-03-01,2026-07-18,,2357.0,
DM-03-05-03-01,2026-07-19,,2329.25,
DM-03-05-03-01,2026-07-20,,2190.75,
DM-03-05-03-01,2026-07-21,,2347.25,
DM-03-05-03-01,2026-07-22,,2319.75,0.0
DM-03-05-03-01,2026-07-23,,2338.75,0.0
DM-03-05-03-01,2026-07-24,,2333.75,0.0
DM-03-05-03-01,2026-07-25,,2344.5,0.0
DM-03-05-03-01,2026-07-26,,2274.75,0.0
DM-03-05-03-01,2026-07-27,,2272.0,0.0
DM-03-05-03-01,2026-07-28,,2162.5,0.0
DM-03-05-03-01,2026-07-29,,2216.5,0.0
DM-03-05-03-01,2026-07-30,,2415.0,0.0
DM-03-05-03-01,2026-07-31,,2286.5,0.0
DM-03-05-03-01,2026-08-01,,2258.75,0.0
DM-03-05-03-01,2026-08-02,,2286.5,0.0
DM-03-05-03-01,2026-08-03,,2318.5,0.0
DM-03-05-03-01,2026-08-04,,2417.25,0.0
DM-03-05-03-01,2026-08-05,,2320.75,0.0
DM-03-05-05-01,2026-07-08,,4045.25,
DM-03-05-05-01,2026-07-09,183.75,7006.75,
DM-03-05-05-01,2026-07-10,221.125,7227.5,
DM-03-05-05-01,2026-07-11,183.0,7171.75,
DM-03-05-05-01,2026-07-12,196.125,7248.5,
DM-03-05-05-01,2026-07-13,185.75,6995.5,
DM-03-05-05-01,2026-07-14,189.375,7151.25,
DM-03-05-05-01,2026-07-15,188.5,7095.75,
DM-03-05-05-01,2026-07-16,183.75,6953.5,
DM-03-05-05-01,2026-07-17,192.375,7035.75,
DM-03-05-05-01,2026-07-18,182.125,7232.25,
DM-03-05-05-01,2026-07-19,189.25,7255.5,
DM-03-05-05-01,2026-07-20,185.75,7014.5,
DM-03-05-05-01,2026-07-21,182.5,7096.5,
DM-03-05-05-01,2026-07-22,181.75,6937.5,0.0
DM-03-05-05-01,2026-07-23,185.25,7019.0,0.0
DM-03-05-05-01,2026-07-24,180.875,7096.5,0.0
DM-03-05-05-01,2026-07-25,183.625,7125.0,0.0
DM-03-05-05-01,2026-07-26,187.75,7228.75,0.0
DM-03-05-05-01,2026-07-27,184.5,7022.5,0.0
DM-03-05-05-01,2026-07-28,183.0,6872.25,0.0
DM-03-05-05-01,2026-07-29,189.625,6941.75,0.0
DM-03-05-05-01,2026-07-30,185.625,6998.5,0.0
DM-03-05-05-01,2026-07-31,184.625,6882.25,0.0
DM-03-05-05-01,2026-08-01,182.75,7083.0,0.0
DM-03-05-05-01,2026-08-02,191.875,7317.75,0.0
DM-03-05-05-01,2026-08-03,186.625,7143.25,0.0
DM-03-05-05-01,2026-08-04,206.625,7197.5,12.148
DM-03-05-05-01,2026-08-05,194.875,7080.0,12.545
DM-03-05-08-01,2026-07-08,,1710.25,
DM-03-05-08-01,2026-07-09,,3040.5,
DM-03-05-08-01,2026-07-10,,3063.75,
DM-03-05-08-01,2026-07-11,,3074.5,
DM-03-05-08-01,2026-07-12,,3167.0,
DM-03-05-08-01,2026-07-13,,3035.0,
DM-03-05-08-01,2026-07-14,,3075.75,
DM-03-05-08-01,2026-07-15,,3091.0,
DM-03-05-08-01,2026-07-16,,3044.5,
DM-03-05-08-01,2026-07-17,,3015.5,
DM-03-05-08-01,2026-07-18,,3175.0,
DM-03-05-08-01,2026-07-19,,3224.0,
DM-03-05-08-01,2026-07-20,,3098.5,
DM-03-05-08-01,2026-07-21,,3110.75,
DM-03-05-08-01,2026-07-22,,3022.75,0.0
DM-03-05-08-01,2026-07-23,,3164.0,0.0
DM-03-05-08-01,2026-07-24,,3189.5,0.0
DM-03-05-08-01,2026-07-25,,3256.25,0.0
DM-03-05-08-01,2026-07-26,,3247.5,0.0
DM-03-05-08-01,2026-07-27,,3073.25,0.0
DM-03-05-08-01,2026-07-28,,2992.25,0.0
DM-03-05-08-01,2026-07-29,,3017.75,0.0
DM-03-05-08-01,2026-07-30,,3028.0,0.0
DM-03-05-08-01,2026-07-31,,3013.75,0.0
DM-03-05-08-01,2026-08-01,,3144.25,0.0
DM-03-05-08-01,2026-08-02,,3270.5,0.0
DM-03-05-08-01,2026-08-03,,3175.75,0.0
DM-03-05-08-01,2026-08-04,,3168.25,0.0
DM-03-05-08-01,2026-08-05,,3149.75,0.0
DM-03-05-11-01,2026-07-08,,2990.75,
DM-03-05-11-01,2026-07-09,114.5,5330.25,
DM-03-05-11-01,2026-07-10,117.625,5147.0,
DM-03-05-11-01,2026-07-11,110.25,4975.5,
DM-03-05-11-01,2026-07-12,125.25,4886.5,
DM-03-05-11-01,2026-07-13,108.5,5070.5,
DM-03-05-11-01,2026-07-14,122.625,5167.75,
DM-03-05-11-01,2026-07-15,146.25,5261.75,
DM-03-05-11-01,2026-07-16,121.875,5250.25,
DM-03-05-11-01,2026-07-17,121.5,4955.5,
DM-03-05-11-01,2026-07-18,144.375,5169.5,
DM-03-05-11-01,2026-07-19,111.25,4846.5,
DM-03-05-11-01,2026-07-20,117.25,5271.5,
DM-03-05-11-01,2026-07-21,133.125,5166.25,
DM-03-05-11-01,2026-07-22,143.375,5189.75,14.926
DM-03-05-11-01,2026-07-23,117.625,5114.0,4.102
DM-03-05-11-01,2026-07-24,119.375,5374.25,0.0
DM-03-05-11-01,2026-07-25,145.625,4947.25,17.176
DM-03-05-11-01,2026-07-26,117.0,4850.5,5.727
DM-03-05-11-01,2026-07-27,116.5,5254.25,0.0
DM-03-05-11-01,2026-07-28,119.25,4610.5,0.0
DM-03-05-11-01,2026-07-29,114.5,4958.0,0.0
DM-03-05-11-01,2026-07-30,110.625,4953.25,0.0
DM-03-05-11-01,2026-07-31,107.875,5200.75,0.0
DM-03-05-11-01,2026-08-01,120.25,4879.0,0.0
DM-03-05-11-01,2026-08-02,121.75,4818.0,0.0
DM-03-05-11-01,2026-08-03,117.125,5420.5,0.0
DM-03-05-11-01,2026-08-04,120.375,5322.75,0.0
DM-03-05-11-01,2026-08-05,141.75,5296.5,13.301
DM-03-05-12-01,2026-07-08,,4663.25,
DM-03-05-12-01,2026-07-09,228.0,8011.25,
DM-03-05-12-01,2026-07-10,240.125,8064.5,
DM-03-05-12-01,2026-07-11,219.0,8166.75,
DM-03-05-12-01,2026-07-12,206.75,8146.5,
DM-03-05-12-01,2026-07-13,218.875,8172.75,
DM-03-05-12-01,2026-07-14,218.375,8165.5,
DM-03-05-12-01,2026-07-15,232.125,7969.0,
DM-03-05-12-01,2026-07-16,237.125,7840.0,
DM-03-05-12-01,2026-07-17,237.25,7967.25,
DM-03-05-12-01,2026-07-18,214.75,8224.5,
DM-03-05-12-01,2026-07-19,220.25,8216.0,
DM-03-05-12-01,2026-07-20,226.125,8064.5,
DM-03-05-12-01,2026-07-21,225.25,8066.75,
DM-03-05-12-01,2026-07-22,224.125,7944.75,0.0
DM-03-05-12-01,2026-07-23,220.0,8091.0,0.0
DM-03-05-12-01,2026-07-24,219.5,8163.0,0.0
DM-03-05-12-01,2026-07-25,224.625,8252.5,0.0
DM-03-05-12-01,2026-07-26,228.0,8210.75,0.0
DM-03-05-12-01,2026-07-27,224.0,5035.75,0.0
DM-03-05-12-01,2026-07-28,222.875,7881.75,0.0
DM-03-05-12-01,2026-07-29,234.5,8008.0,4.844
DM-03-05-12-01,2026-07-30,224.75,8011.0,0.0
DM-03-05-12-01,2026-07-31,225.375,7904.5,0.0
DM-03-05-12-01,2026-08-01,226.25,8149.75,0.0
DM-03-05-12-01,2026-08-02,231.75,8340.25,2.094
DM-03-05-12-01,2026-08-03,242.375,8478.0,14.812
DM-03-05-12-01,2026-08-04,233.875,8228.75,19.031
DM-03-05-12-01,2026-08-05,223.125,8208.5,12.5
DM-03-06-01-01,2026-07-08,,1823.0,
DM-03-06-01-01,2026-07-09,,3453.25,
DM-03-06-01-01,2026-07-10,,3468.75,
DM-03-06-01-01,2026-07-11,,3135.75,
DM-03-06-01-01,2026-07-12,,2983.5,
DM-03-06-01-01,2026-07-13,,3392.25,
DM-03-06-01-01,2026-07-14,,3433.25,
DM-03-06-01-01,2026-07-15,,3490.25,
DM-03-06-01-01,2026-07-16,,3172.5,
DM-03-06-01-01,2026-07-17,,3321.75,
DM-03-06-01-01,2026-07-18,,3461.25,
DM-03-06-01-01,2026-07-19,,3253.25,
DM-03-06-01-01,2026-07-20,,3529.75,
DM-03-06-01-01,2026-07-21,,3512.25,
DM-03-06-01-01,2026-07-22,,3329.75,0.0
DM-03-06-01-01,2026-07-23,,3374.25,0.0
DM-03-06-01-01,2026-07-24,,3559.75,0.0
DM-03-06-01-01,2026-07-25,,3255.75,0.0
DM-03-06-01-01,2026-07-26,,3205.0,0.0
DM-03-06-01-01,2026-07-27,,3277.0,0.0
DM-03-06-01-01,2026-07-28,,2628.75,0.0
DM-03-06-01-01,2026-07-29,,2735.5,0.0
DM-03-06-01-01,2026-07-30,,3101.25,0.0
DM-03-06-01-01,2026-07-31,,3171.25,0.0
DM-03-06-01-01,2026-08-01,,3088.0,0.0
DM-03-06-01-01,2026-08-02,,3041.25,0.0
DM-03-06-01-01,2026-08-03,,3602.5,0.0
DM-03-06-01-01,2026-08-04,,3495.25,0.0
DM-03-06-01-01,2026-08-05,,3453.75,0.0
DM-03-06-02-01,2026-07-08,135.375,1675.25,
DM-03-06-02-01,2026-07-09,129.125,2826.25,
DM-03-06-02-01,2026-07-10,143.875,2977.25,
DM-03-06-02-01,2026-07-11,137.375,2861.5,
DM-03-06-02-01,2026-07-12,145.5,2936.25,
DM-03-06-02-01,2026-07-13,131.0,2676.5,
DM-03-06-02-01,2026-07-14,125.75,2840.5,
DM-03-06-02-01,2026-07-15,149.0,2915.0,
DM-03-06-02-01,2026-07-16,125.875,2757.0,
DM-03-06-02-01,2026-07-17,152.25,3003.0,
DM-03-06-02-01,2026-07-18,66.125,2674.5,
DM-03-06-02-01,2026-07-19,78.25,3087.0,
DM-03-06-02-01,2026-07-20,96.875,2976.0,
DM-03-06-02-01,2026-07-21,65.25,2664.25,
DM-03-06-02-01,2026-07-22,84.75,2851.5,0.0
DM-03-06-02-01,2026-07-23,71.75,2900.75,0.0
DM-03-06-02-01,2026-07-24,82.5,2991.0,0.0
DM-03-06-02-01,2026-07-25,72.625,2972.25,0.0
DM-03-06-02-01,2026-07-26,81.625,2990.5,0.0
DM-03-06-02-01,2026-07-27,70.125,2762.25,0.0
DM-03-06-02-01,2026-07-28,74.5,2721.25,0.0
DM-03-06-02-01,2026-07-29,88.0,2793.5,0.0
DM-03-06-02-01,2026-07-30,66.875,2819.0,0.0
DM-03-06-02-01,2026-07-31,92.25,2955.5,0.0
DM-03-06-02-01,2026-08-01,66.125,2745.0,0.0
DM-03-06-02-01,2026-08-02,91.5,3048.5,0.0
DM-03-06-02-01,2026-08-03,84.375,2922.5,0.0
DM-03-06-02-01,2026-08-04,81.75,3033.75,0.0
DM-03-06-02-01,2026-08-05,72.5,2814.25,0.0
DM-03-06-02-02,2026-07-09,111.0,3831.0,
DM-03-06-02-02,2026-07-10,119.0,3912.25,
DM-03-06-02-02,2026-07-11,117.125,4009.25,
DM-03-06-02-02,2026-07-12,116.75,4065.25,
DM-03-06-02-02,2026-07-13,112.75,3923.75,
DM-03-06-02-02,2026-07-14,107.75,3897.5,
DM-03-06-02-02,2026-07-15,114.125,3892.5,
DM-03-06-02-02,2026-07-16,106.75,3879.5,
DM-03-06-02-02,2026-07-17,108.75,3861.0,
DM-03-06-02-02,2026-07-18,117.0,3928.75,
DM-03-06-02-02,2026-07-19,118.125,3974.0,
DM-03-06-02-02,2026-07-20,116.625,3910.25,
DM-03-06-02-02,2026-07-21,111.875,3850.75,
DM-03-06-02-02,2026-07-22,116.375,3889.25,
DM-03-06-02-02,2026-07-23,122.25,3994.75,6.434
DM-03-06-02-02,2026-07-24,117.0,3961.25,7.618
DM-03-06-02-02,2026-07-25,131.5,4089.25,23.302
DM-03-06-02-02,2026-07-26,122.125,4094.25,29.611
DM-03-06-02-02,2026-07-27,122.125,4009.75,35.92
DM-03-06-02-02,2026-07-28,121.875,4018.75,41.979
DM-03-06-02-02,2026-07-29,121.5,3946.75,47.663
DM-03-06-02-02,2026-07-30,116.875,3917.75,48.722
DM-03-06-02-02,2026-07-31,115.25,3854.0,48.156
DM-03-06-02-02,2026-08-01,106.625,3872.0,38.965
DM-03-06-02-02,2026-08-02,113.125,3956.25,36.274
DM-03-06-02-02,2026-08-03,123.75,3901.0,44.208
DM-03-06-02-02,2026-08-04,119.25,3855.75,47.642
DM-03-06-02-02,2026-08-05,116.875,3859.5,48.702
DM-03-06-03-01,2026-07-08,,6352.0,
DM-03-06-03-01,2026-07-09,220.125,10178.25,
DM-03-06-03-01,2026-07-10,273.0,10978.5,
DM-03-06-03-01,2026-07-11,285.25,11057.5,
DM-03-06-03-01,2026-07-12,298.75,11182.5,
DM-03-06-03-01,2026-07-13,271.75,11146.0,
DM-03-06-03-01,2026-07-14,294.25,11107.5,
DM-03-06-03-01,2026-07-15,274.5,11122.0,
DM-03-06-03-01,2026-07-16,269.625,10868.25,
DM-03-06-03-01,2026-07-17,268.625,10825.0,
DM-03-06-03-01,2026-07-18,285.375,11192.0,
DM-03-06-03-01,2026-07-19,286.625,11313.75,
DM-03-06-03-01,2026-07-20,297.0,11215.0,
DM-03-06-03-01,2026-07-21,269.875,11038.0,
DM-03-06-03-01,2026-07-22,277.125,11117.0,0.0
DM-03-06-03-01,2026-07-23,287.125,11091.5,0.94
DM-03-06-03-01,2026-07-24,282.125,11083.25,0.0
DM-03-06-03-01,2026-07-25,281.125,11084.75,0.0
DM-03-06-03-01,2026-07-26,285.625,11062.5,0.0
DM-03-06-03-01,2026-07-27,277.75,10949.25,0.0
DM-03-06-03-01,2026-07-28,277.625,10678.0,0.0
DM-03-06-03-01,2026-07-29,288.125,10762.75,1.94
DM-03-06-03-01,2026-07-30,273.0,10912.0,0.0
DM-03-06-03-01,2026-07-31,295.375,10758.5,9.19
DM-03-06-03-01,2026-08-01,278.875,10968.25,1.88
DM-03-06-03-01,2026-08-02,273.5,10980.0,0.0
DM-03-06-03-01,2026-08-03,275.875,11085.0,0.0
DM-03-06-03-01,2026-08-04,280.5,11133.0,0.0
DM-03-06-03-01,2026-08-05,286.125,11123.0,0.0
DM-03-06-04-01,2026-07-08,,2029.75,
DM-03-06-04-01,2026-07-09,,3764.25,
DM-03-06-04-01,2026-07-10,,3703.5,
DM-03-06-04-01,2026-07-11,,3596.75,
DM-03-06-04-01,2026-07-12,,3447.25,
DM-03-06-04-01,2026-07-13,,3104.75,
DM-03-06-04-01,2026-07-14,,3627.0,
DM-03-06-04-01,2026-07-15,,3660.25,
DM-03-06-04-01,2026-07-16,,3559.0,
DM-03-06-04-01,2026-07-17,,3459.25,
DM-03-06-04-01,2026-07-18,,3617.0,
DM-03-06-04-01,2026-07-19,,3450.75,
DM-03-06-04-01,2026-07-20,,3528.25,
DM-03-06-04-01,2026-07-21,,3506.25,
DM-03-06-04-01,2026-07-22,,3614.25,0.0
DM-03-06-04-01,2026-07-23,,3548.25,0.0
DM-03-06-04-01,2026-07-24,,3774.0,0.0
DM-03-06-04-01,2026-07-25,,3588.75,0.0
DM-03-06-04-01,2026-07-26,,3516.75,0.0
DM-03-06-04-01,2026-07-27,,3463.75,0.0
DM-03-06-04-01,2026-07-28,,3293.0,0.0
DM-03-06-04-01,2026-07-29,,3343.75,0.0
DM-03-06-04-01,2026-07-30,,3417.75,0.0
DM-03-06-04-01,2026-07-31,,3387.75,0.0
DM-03-06-04-01,2026-08-01,,3507.0,0.0
DM-03-06-04-01,2026-08-02,,3532.5,0.0
DM-03-06-04-01,2026-08-03,,3580.5,0.0
DM-03-06-04-01,2026-08-04,,3568.5,0.0
DM-03-06-04-01,2026-08-05,,3613.25,0.0
DM-03-06-04-02,2026-07-08,37.625,1061.0,
DM-03-06-04-02,2026-07-09,61.125,1799.75,
DM-03-06-04-02,2026-07-10,56.125,2051.25,
DM-03-06-04-02,2026-07-11,53.625,2058.75,
DM-03-06-04-02,2026-07-12,54.625,1946.25,
DM-03-06-04-02,2026-07-13,59.25,2098.0,
DM-03-06-04-02,2026-07-14,50.0,2117.25,
DM-03-06-04-02,2026-07-15,53.125,2086.75,
DM-03-06-04-02,2026-07-16,53.5,2064.75,
DM-03-06-04-02,2026-07-17,56.375,2093.75,
DM-03-06-04-02,2026-07-18,52.0,2067.5,
DM-03-06-04-02,2026-07-19,52.875,2005.75,
DM-03-06-04-02,2026-07-20,53.125,2059.5,
DM-03-06-04-02,2026-07-21,59.5,2125.75,
DM-03-06-04-02,2026-07-22,54.25,2053.75,0.0
DM-03-06-04-02,2026-07-23,55.375,2004.5,0.0
DM-03-06-04-02,2026-07-24,53.875,2048.5,0.0
DM-03-06-04-02,2026-07-25,53.625,2048.75,0.0
DM-03-06-04-02,2026-07-26,52.75,1964.0,0.0
DM-03-06-04-02,2026-07-27,53.625,2032.75,0.0
DM-03-06-04-02,2026-07-28,52.375,1927.0,0.0
DM-03-06-04-02,2026-07-29,56.5,1936.0,0.018
DM-03-06-04-02,2026-07-30,57.25,2021.0,0.786
DM-03-06-04-02,2026-07-31,55.75,2031.5,0.055
DM-03-06-04-02,2026-08-01,56.25,1967.75,0.0
DM-03-06-04-02,2026-08-02,58.625,2024.0,2.143
DM-03-06-04-02,2026-08-03,58.75,2104.5,4.411
DM-03-06-04-02,2026-08-04,61.625,2106.0,9.555
DM-03-06-04-02,2026-08-05,56.75,2046.75,9.823
DM-03-06-04-03,2026-07-08,,1153.75,
DM-03-06-04-03,2026-07-09,28.0,1763.25,
DM-03-06-04-03,2026-07-10,37.625,1696.75,
DM-03-06-04-03,2026-07-11,39.75,1405.75,
DM-03-06-04-03,2026-07-12,28.875,1455.75,
DM-03-06-04-03,2026-07-13,31.25,1703.25,
DM-03-06-04-03,2026-07-14,30.375,1666.0,
DM-03-06-04-03,2026-07-15,46.625,1740.75,
DM-03-06-04-03,2026-07-16,44.375,1684.5,
DM-03-06-04-03,2026-07-17,45.0,1647.25,
DM-03-06-04-03,2026-07-18,32.125,1394.75,
DM-03-06-04-03,2026-07-19,30.5,1455.75,
DM-03-06-04-03,2026-07-20,27.875,1719.0,
DM-03-06-04-03,2026-07-21,31.375,1751.5,
DM-03-06-04-03,2026-07-22,34.75,1722.25,0.0
DM-03-06-04-03,2026-07-23,30.25,1695.5,0.0
DM-03-06-04-03,2026-07-24,33.625,1676.5,0.0
DM-03-06-04-03,2026-07-25,33.125,1478.5,0.0
DM-03-06-04-03,2026-07-26,45.5,1361.25,7.295
DM-03-06-04-03,2026-07-27,30.375,1543.75,0.0
DM-03-06-04-03,2026-07-28,32.75,1360.5,0.0
DM-03-06-04-03,2026-07-29,31.375,1424.0,0.0
DM-03-06-04-03,2026-07-30,43.375,1655.5,5.17
DM-03-06-04-03,2026-07-31,34.75,1614.25,1.715
DM-03-06-04-03,2026-08-01,43.5,1472.25,7.009
DM-03-06-04-03,2026-08-02,32.0,1416.5,0.804
DM-03-06-04-03,2026-08-03,47.75,1717.75,10.349
DM-03-06-04-03,2026-08-04,34.75,1798.0,6.894
DM-03-06-04-03,2026-08-05,29.875,1795.0,0.0
DM-03-06-05-02,2026-07-08,,2340.25,
DM-03-06-05-02,2026-07-09,47.75,2961.75,
DM-03-06-05-02,2026-07-10,58.125,3181.0,
DM-03-06-05-02,2026-07-11,33.75,2956.75,
DM-03-06-05-02,2026-07-12,35.625,2669.0,
DM-03-06-05-02,2026-07-13,25.875,2979.0,
DM-03-06-05-02,2026-07-14,41.5,3038.5,
DM-03-06-05-02,2026-07-15,32.75,2671.5,
DM-03-06-05-02,2026-07-16,37.0,3390.5,
DM-03-06-05-02,2026-07-17,44.5,2943.75,
DM-03-06-05-02,2026-07-18,64.0,2965.0,
DM-03-06-05-02,2026-07-19,19.75,2765.75,
DM-03-06-05-02,2026-07-20,43.625,3110.25,
DM-03-06-05-02,2026-07-21,43.125,3216.75,
DM-03-06-05-02,2026-07-22,51.25,3000.75,4.906
DM-03-06-05-02,2026-07-23,34.25,3526.75,0.0
DM-03-06-05-02,2026-07-24,51.875,3034.0,5.531
DM-03-06-05-02,2026-07-25,63.125,2968.75,22.312
DM-03-06-05-02,2026-07-26,38.25,2718.25,14.219
DM-03-06-05-02,2026-07-27,91.25,2764.0,59.125
DM-03-06-05-02,2026-07-28,36.375,2755.25,49.156
DM-03-06-05-02,2026-07-29,20.0,2778.0,22.812
DM-03-06-05-02,2026-07-30,27.375,2981.5,3.843
DM-03-06-05-02,2026-07-31,31.25,2612.0,0.0
DM-03-06-05-02,2026-08-01,26.75,2901.0,0.0
DM-03-06-05-02,2026-08-02,26.5,2717.75,0.0
DM-03-06-05-02,2026-08-03,43.75,2928.5,0.0
DM-03-06-05-02,2026-08-04,40.25,3228.25,0.0
DM-03-06-05-02,2026-08-05,56.625,3157.5,10.281
DM-03-06-05-03,2026-07-08,,2734.0,
DM-03-06-05-03,2026-07-09,108.625,4456.0,
DM-03-06-05-03,2026-07-10,95.125,4342.25,
DM-03-06-05-03,2026-07-11,61.125,3589.0,
DM-03-06-05-03,2026-07-12,134.375,4416.5,
DM-03-06-05-03,2026-07-13,97.0,4441.25,
DM-03-06-05-03,2026-07-14,74.5,4329.5,
DM-03-06-05-03,2026-07-15,107.25,4335.75,
DM-03-06-05-03,2026-07-16,76.125,4152.75,
DM-03-06-05-03,2026-07-17,79.375,4097.0,
DM-03-06-05-03,2026-07-18,69.375,3634.25,
DM-03-06-05-03,2026-07-19,75.5,3305.75,
DM-03-06-05-03,2026-07-20,79.25,4599.5,
DM-03-06-05-03,2026-07-21,96.125,4527.75,
DM-03-06-05-03,2026-07-22,77.5,4523.5,0.0
DM-03-06-05-03,2026-07-23,97.5,4329.25,0.0
DM-03-06-05-03,2026-07-24,67.375,4236.75,0.0
DM-03-06-05-03,2026-07-25,105.875,3393.75,7.481
DM-03-06-05-03,2026-07-26,95.75,4061.25,4.836
DM-03-06-05-03,2026-07-27,110.875,4307.5,17.317
DM-03-06-05-03,2026-07-28,85.125,2859.0,4.048
DM-03-06-05-03,2026-07-29,76.875,3323.25,0.0
DM-03-06-05-03,2026-07-30,55.125,4176.0,0.0
DM-03-06-05-03,2026-07-31,85.625,4303.5,0.0
DM-03-06-05-03,2026-08-01,94.375,3430.0,0.0
DM-03-06-05-03,2026-08-02,83.5,3435.25,0.0
DM-03-06-05-03,2026-08-03,103.125,4513.25,4.731
DM-03-06-05-03,2026-08-04,102.625,4704.0,8.961
DM-03-06-05-03,2026-08-05,95.625,4405.0,6.192
DM-03-06-06-01,2026-07-08,,2784.75,
DM-03-06-06-01,2026-07-09,65.625,4000.75,
DM-03-06-06-01,2026-07-10,106.75,4236.5,
DM-03-06-06-01,2026-07-11,86.25,3933.5,
DM-03-06-06-01,2026-07-12,84.875,3735.5,
DM-03-06-06-01,2026-07-13,62.625,3856.0,
DM-03-06-06-01,2026-07-14,106.25,4090.25,
DM-03-06-06-01,2026-07-15,76.25,4154.25,
DM-03-06-06-01,2026-07-16,84.0,3922.75,
DM-03-06-06-01,2026-07-17,88.75,4057.25,
DM-03-06-06-01,2026-07-18,83.875,3849.25,
DM-03-06-06-01,2026-07-19,84.5,3671.75,
DM-03-06-06-01,2026-07-20,82.375,3907.75,
DM-03-06-06-01,2026-07-21,60.75,4145.5,
DM-03-06-06-01,2026-07-22,88.5,4115.75,0.0
DM-03-06-06-01,2026-07-23,72.875,3879.0,0.0
DM-03-06-06-01,2026-07-24,92.25,4089.5,2.912
DM-03-06-06-01,2026-07-25,74.25,4001.25,0.0
DM-03-06-06-01,2026-07-26,71.25,3681.5,0.0
DM-03-06-06-01,2026-07-27,73.625,3997.5,0.0
DM-03-06-06-01,2026-07-28,79.25,3507.75,0.0
DM-03-06-06-01,2026-07-29,63.5,3329.25,0.0
DM-03-06-06-01,2026-07-30,90.875,3591.0,1.537
DM-03-06-06-01,2026-07-31,66.5,3588.75,0.0
DM-03-06-06-01,2026-08-01,68.125,3414.75,0.0
DM-03-06-06-01,2026-08-02,65.375,3622.75,0.0
DM-03-06-06-01,2026-08-03,68.75,3927.25,0.0
DM-03-06-06-01,2026-08-04,70.875,4041.0,0.0
DM-03-06-06-01,2026-08-05,92.875,3716.25,3.537
DM-03-06-07-02,2026-07-08,,1515.75,
DM-03-06-07-02,2026-07-09,47.25,2275.25,
DM-03-06-07-02,2026-07-10,54.625,2412.5,
DM-03-06-07-02,2026-07-11,57.125,2503.0,
DM-03-06-07-02,2026-07-12,54.625,2284.75,
DM-03-06-07-02,2026-07-13,58.25,2608.25,
DM-03-06-07-02,2026-07-14,60.125,2521.75,
DM-03-06-07-02,2026-07-15,49.125,2418.75,
DM-03-06-07-02,2026-07-16,59.375,2300.75,
DM-03-06-07-02,2026-07-17,49.25,2188.25,
DM-03-06-07-02,2026-07-18,52.0,2534.75,
DM-03-06-07-02,2026-07-19,49.625,2387.0,
DM-03-06-07-02,2026-07-20,49.75,2273.0,
DM-03-06-07-02,2026-07-21,48.75,2335.0,
DM-03-06-07-02,2026-07-22,44.375,2224.5,0.0
DM-03-06-07-02,2026-07-23,59.75,2315.75,4.515
DM-03-06-07-02,2026-07-24,48.875,2280.75,0.0
DM-03-06-07-02,2026-07-25,52.125,2272.5,0.0
DM-03-06-07-02,2026-07-26,45.5,2213.75,0.0
DM-03-06-07-02,2026-07-27,43.125,2212.25,0.0
DM-03-06-07-02,2026-07-28,48.75,2087.0,0.0
DM-03-06-07-02,2026-07-29,51.625,2143.0,0.0
DM-03-06-07-02,2026-07-30,48.375,2178.75,0.0
DM-03-06-07-02,2026-07-31,51.25,2167.75,0.0
DM-03-06-07-02,2026-08-01,51.625,2160.25,0.0
DM-03-06-07-02,2026-08-02,45.375,2254.0,0.0
DM-03-06-07-02,2026-08-03,45.25,2194.25,0.0
DM-03-06-07-02,2026-08-04,49.75,2228.25,0.0
DM-03-06-07-02,2026-08-05,51.5,2266.25,0.0
DM-03-06-08-01,2026-07-08,74.875,1444.5,
DM-03-06-08-01,2026-07-09,76.25,2428.5,
DM-03-06-08-01,2026-07-10,98.75,2881.75,
DM-03-06-08-01,2026-07-11,85.25,2689.0,
DM-03-06-08-01,2026-07-12,83.25,2577.75,
DM-03-06-08-01,2026-07-13,80.125,2648.75,
DM-03-06-08-01,2026-07-14,80.625,2620.5,
DM-03-06-08-01,2026-07-15,80.25,2607.25,
DM-03-06-08-01,2026-07-16,82.375,2639.75,
DM-03-06-08-01,2026-07-17,85.75,2608.5,
DM-03-06-08-01,2026-07-18,69.125,2710.25,
DM-03-06-08-01,2026-07-19,79.375,2548.5,
DM-03-06-08-01,2026-07-20,70.625,2635.0,
DM-03-06-08-01,2026-07-21,75.625,2530.25,
DM-03-06-08-01,2026-07-22,70.5,2721.5,0.0
DM-03-06-08-01,2026-07-23,0.0,2100.25,0.0
DM-03-06-08-01,2026-07-24,19.375,501.75,0.0
DM-03-06-08-01,2026-07-25,8.375,503.75,0.0
DM-03-06-08-01,2026-07-26,6.625,428.5,0.0
DM-03-06-08-01,2026-07-27,5.0,379.25,0.0
DM-03-06-08-01,2026-07-28,5.625,331.0,0.0
DM-03-06-08-01,2026-07-29,3.125,320.75,0.0
DM-03-06-08-01,2026-07-30,6.375,363.5,0.0
DM-03-06-08-01,2026-07-31,3.75,363.5,0.0
DM-03-06-08-01,2026-08-01,7.625,365.5,0.0
DM-03-06-08-01,2026-08-02,7.875,368.75,0.0
DM-03-06-08-01,2026-08-03,7.75,431.25,0.0
DM-03-06-08-01,2026-08-04,8.375,429.25,0.0
DM-03-06-08-01,2026-08-05,17.875,577.5,0.0
DM-03-06-09-01,2026-07-08,,1499.0,
DM-03-06-09-01,2026-07-09,1.0,1590.25,
DM-03-06-09-01,2026-07-10,8.0,2783.0,
DM-03-06-09-01,2026-07-11,12.429,1526.0,
DM-03-06-09-01,2026-07-12,4.0,1350.25,
DM-03-06-09-01,2026-07-13,,1722.5,
DM-03-06-09-01,2026-07-14,,1746.0,
DM-03-06-09-01,2026-07-15,,1914.0,
DM-03-06-09-01,2026-07-16,,1571.5,
DM-03-06-09-01,2026-07-17,3.0,1680.75,
DM-03-06-09-01,2026-07-18,19.5,1561.75,
DM-03-06-09-01,2026-07-19,15.6,1474.5,
DM-03-06-09-01,2026-07-20,6.0,1986.25,
DM-03-06-09-01,2026-07-21,8.0,1752.25,
DM-03-06-09-01,2026-07-22,,2004.25,0.0
DM-03-06-09-01,2026-07-23,6.0,1863.5,0.0
DM-03-06-09-01,2026-07-24,,1958.75,0.0
DM-03-06-09-01,2026-07-25,58.75,1814.5,47.248
DM-03-06-09-01,2026-07-26,16.875,1701.75,52.621
DM-03-06-09-01,2026-07-27,5.5,1724.5,46.619
DM-03-06-09-01,2026-07-28,24.0,1378.5,59.117
DM-03-06-09-01,2026-07-29,19.0,1371.25,66.614
DM-03-06-09-01,2026-07-30,9.8,1606.75,64.912
DM-03-06-09-01,2026-07-31,,1639.25,0.0
DM-03-06-09-01,2026-08-01,17.0,1622.5,5.498
DM-03-06-09-01,2026-08-02,21.333,1613.75,15.329
DM-03-06-09-01,2026-08-03,,2191.25,0.0
DM-03-06-09-01,2026-08-04,10.0,2321.25,0.0
DM-03-06-09-01,2026-08-05,13.5,2454.75,1.998
DM-03-06-10-01,2026-07-12,76.875,3049.25,
DM-03-06-10-01,2026-07-13,64.75,2882.75,
DM-03-06-10-01,2026-07-14,78.125,2910.0,
DM-03-06-10-01,2026-07-15,49.0,2848.75,
DM-03-06-10-01,2026-07-16,35.75,2827.75,
DM-03-06-10-01,2026-07-17,56.25,2876.75,
DM-03-06-10-01,2026-07-18,65.375,2976.0,
DM-03-06-10-01,2026-07-19,66.375,3063.75,
DM-03-06-10-01,2026-07-20,75.0,2904.25,
DM-03-06-10-01,2026-07-21,42.125,2779.25,
DM-03-06-10-01,2026-07-22,56.0,2843.0,
DM-03-06-10-01,2026-07-23,73.75,2889.25,
DM-03-06-10-01,2026-07-24,56.5,2652.75,
DM-03-06-10-01,2026-07-25,54.125,2716.5,
DM-03-06-10-01,2026-07-26,66.25,2770.75,0.0
DM-03-06-10-01,2026-07-27,41.5,2595.25,0.0
DM-03-06-10-01,2026-07-28,60.625,2864.25,0.0
DM-03-06-10-01,2026-07-29,72.75,2880.25,5.743
DM-03-06-10-01,2026-07-30,73.125,2779.75,11.86
DM-03-06-10-01,2026-07-31,76.375,2755.75,21.228
DM-03-06-10-01,2026-08-01,52.0,2777.75,6.221
DM-03-06-10-01,2026-08-02,31.625,2733.5,0.0
DM-03-06-10-01,2026-08-03,49.0,2639.75,0.0
DM-03-06-10-01,2026-08-04,24.5,2477.25,0.0
DM-03-06-10-01,2026-08-05,42.5,2556.5,0.0
DM-03-06-12-01,2026-07-08,,1627.75,
DM-03-06-12-01,2026-07-09,53.5,2452.0,
DM-03-06-12-01,2026-07-10,44.375,2406.5,
DM-03-06-12-01,2026-07-11,54.875,2345.75,
DM-03-06-12-01,2026-07-12,42.125,2206.25,
DM-03-06-12-01,2026-07-13,61.125,2437.75,
DM-03-06-12-01,2026-07-14,54.0,2361.0,
DM-03-06-12-01,2026-07-15,54.875,2471.0,
DM-03-06-12-01,2026-07-16,55.875,2338.5,
DM-03-06-12-01,2026-07-17,53.0,2443.25,
DM-03-06-12-01,2026-07-18,63.625,2429.5,
DM-03-06-12-01,2026-07-19,53.125,2387.25,
DM-03-06-12-01,2026-07-20,49.5,2434.25,
DM-03-06-12-01,2026-07-21,52.375,2360.25,
DM-03-06-12-01,2026-07-22,59.875,2501.5,3.842
DM-03-06-12-01,2026-07-23,72.875,2904.75,20.685
DM-03-06-12-01,2026-07-24,85.5,2982.5,50.152
DM-03-06-12-01,2026-07-25,71.0,2967.0,65.119
DM-03-06-12-01,2026-07-26,73.375,2891.5,82.461
DM-03-06-12-01,2026-07-27,61.25,2945.0,87.679
DM-03-06-12-01,2026-07-28,64.375,2849.75,96.021
DM-03-06-12-01,2026-07-29,60.875,2605.75,100.863
DM-03-06-12-01,2026-07-30,78.875,2772.25,123.705
DM-03-06-12-01,2026-07-31,87.375,2930.0,155.048
DM-03-06-12-01,2026-08-01,67.25,2844.25,166.265
DM-03-06-12-01,2026-08-02,70.25,2864.75,180.482
DM-03-06-12-01,2026-08-03,59.0,2957.75,183.449
DM-03-06-12-01,2026-08-04,69.875,2973.75,197.292
DM-03-06-12-01,2026-08-05,72.75,2607.5,214.009
DM-03-06-13-01,2026-07-08,,1043.25,
DM-03-06-13-01,2026-07-09,37.875,1556.75,
DM-03-06-13-01,2026-07-10,34.25,1509.75,
DM-03-06-13-01,2026-07-11,29.0,1304.75,
DM-03-06-13-01,2026-07-12,70.25,1416.25,
DM-03-06-13-01,2026-07-13,33.625,1650.25,
DM-03-06-13-01,2026-07-14,33.125,1605.75,
DM-03-06-13-01,2026-07-15,35.5,1598.0,
DM-03-06-13-01,2026-07-16,33.375,1580.25,
DM-03-06-13-01,2026-07-17,32.25,1472.25,
DM-03-06-13-01,2026-07-18,32.5,1259.0,
DM-03-06-13-01,2026-07-19,38.875,1471.25,
DM-03-06-13-01,2026-07-20,37.0,1537.5,
DM-03-06-13-01,2026-07-21,30.875,1606.5,
DM-03-06-13-01,2026-07-22,35.125,1525.0,0.0
DM-03-06-13-01,2026-07-23,33.625,1582.5,0.0
DM-03-06-13-01,2026-07-24,33.625,1512.5,0.0
DM-03-06-13-01,2026-07-25,29.875,1299.75,0.0
DM-03-06-13-01,2026-07-26,34.25,1412.0,0.0
DM-03-06-13-01,2026-07-27,28.125,1553.5,0.0
DM-03-06-13-01,2026-07-28,36.375,1196.0,0.0
DM-03-06-13-01,2026-07-29,31.125,1389.25,0.0
DM-03-06-13-01,2026-07-30,32.5,1537.25,0.0
DM-03-06-13-01,2026-07-31,33.25,1475.0,0.0
DM-03-06-13-01,2026-08-01,27.625,1346.25,0.0
DM-03-06-13-01,2026-08-02,39.25,1580.0,0.0
DM-03-06-13-01,2026-08-03,35.25,1593.0,0.0
DM-03-06-13-01,2026-08-04,32.0,1518.0,0.0
DM-03-06-13-01,2026-08-05,34.875,1585.75,0.0
DM-04-03-01-01,2026-07-08,,1777.75,
DM-04-03-01-01,2026-07-09,102.875,3063.5,
DM-04-03-01-01,2026-07-10,104.375,3048.75,
DM-04-03-01-01,2026-07-11,101.75,3121.0,
DM-04-03-01-01,2026-07-12,102.125,3111.0,
DM-04-03-01-01,2026-07-13,102.875,3031.25,
DM-04-03-01-01,2026-07-14,102.625,3129.25,
DM-04-03-01-01,2026-07-15,108.375,3078.25,
DM-04-03-01-01,2026-07-16,99.25,3017.25,
DM-04-03-01-01,2026-07-17,102.0,3080.75,
DM-04-03-01-01,2026-07-18,102.625,3103.25,
DM-04-03-01-01,2026-07-19,100.875,3150.0,
DM-04-03-01-01,2026-07-20,104.875,3044.25,
DM-04-03-01-01,2026-07-21,101.625,3057.5,
DM-04-03-01-01,2026-07-22,98.25,3039.0,0.0
DM-04-03-01-01,2026-07-23,102.75,3099.75,0.0
DM-04-03-01-01,2026-07-24,103.125,3081.75,0.0
DM-04-03-01-01,2026-07-25,103.375,3121.5,0.0
DM-04-03-01-01,2026-07-26,105.875,3256.0,2.032
DM-04-03-01-01,2026-07-27,108.0,3067.25,6.189
DM-04-03-01-01,2026-07-28,98.125,2996.75,0.471
DM-04-03-01-01,2026-07-29,97.625,2977.25,0.0
DM-04-03-01-01,2026-07-30,97.0,2981.75,0.0
DM-04-03-01-01,2026-07-31,97.75,2944.0,0.0
DM-04-03-01-01,2026-08-01,95.375,2985.75,0.0
DM-04-03-01-01,2026-08-02,97.5,2981.0,0.0
DM-04-03-01-01,2026-08-03,94.75,2886.25,0.0
DM-04-03-01-01,2026-08-04,95.625,2886.25,0.0
DM-04-03-01-01,2026-08-05,95.125,2886.5,0.0
DM-04-03-01-02,2026-07-08,,775.25,
DM-04-03-01-02,2026-07-09,19.25,1596.5,
DM-04-03-01-02,2026-07-10,12.875,1498.0,
DM-04-03-01-02,2026-07-11,17.75,1806.0,
DM-04-03-01-02,2026-07-12,28.0,1903.25,
DM-04-03-01-02,2026-07-13,24.0,1768.75,
DM-04-03-01-02,2026-07-14,16.125,1641.5,
DM-04-03-01-02,2026-07-15,20.375,1633.0,
DM-04-03-01-02,2026-07-16,7.125,1635.0,
DM-04-03-01-02,2026-07-17,6.75,1704.5,
DM-04-03-01-02,2026-07-18,27.125,1725.5,
DM-04-03-01-02,2026-07-19,20.625,1710.0,
DM-04-03-01-02,2026-07-20,26.0,1697.75,
DM-04-03-01-02,2026-07-21,22.0,1719.0,
DM-04-03-01-02,2026-07-22,28.125,1992.25,5.729
DM-04-03-01-02,2026-07-23,35.5,2176.5,18.832
DM-04-03-01-02,2026-07-24,32.875,1986.0,29.311
DM-04-03-01-02,2026-07-25,31.0,1912.0,37.915
DM-04-03-01-02,2026-07-26,22.75,1923.75,38.268
DM-04-03-01-02,2026-07-27,25.0,2026.5,40.872
DM-04-03-01-02,2026-07-28,43.125,2176.75,61.601
DM-04-03-01-02,2026-07-29,12.875,2009.75,52.079
DM-04-03-01-02,2026-07-30,22.125,2037.25,51.808
DM-04-03-01-02,2026-07-31,38.625,2156.0,68.037
DM-04-03-01-02,2026-08-01,30.375,2047.0,76.016
DM-04-03-01-02,2026-08-02,20.25,1935.25,73.869
DM-04-03-01-02,2026-08-03,27.625,1689.75,79.098
DM-04-03-01-02,2026-08-04,22.375,1789.0,79.077
DM-04-03-01-02,2026-08-05,27.125,1920.25,83.805
DM-04-03-02-01,2026-07-08,,1386.0,
DM-04-03-02-01,2026-07-09,66.875,2308.5,
DM-04-03-02-01,2026-07-10,65.125,2334.5,
DM-04-03-02-01,2026-07-11,65.375,2423.75,
DM-04-03-02-01,2026-07-12,71.25,2480.5,
DM-04-03-02-01,2026-07-13,64.625,2341.5,
DM-04-03-02-01,2026-07-14,64.5,2311.0,
DM-04-03-02-01,2026-07-15,67.875,2347.5,
DM-04-03-02-01,2026-07-16,65.125,2293.75,
DM-04-03-02-01,2026-07-17,66.25,2327.5,
DM-04-03-02-01,2026-07-18,66.625,2413.25,
DM-04-03-02-01,2026-07-19,68.375,2469.75,
DM-04-03-02-01,2026-07-20,66.0,2330.0,
DM-04-03-02-01,2026-07-21,68.5,2305.75,
DM-04-03-02-01,2026-07-22,62.625,2288.0,0.0
DM-04-03-02-01,2026-07-23,68.25,2313.25,0.669
DM-04-03-02-01,2026-07-24,71.875,2329.5,4.963
DM-04-03-02-01,2026-07-25,68.25,2417.75,5.632
DM-04-03-02-01,2026-07-26,71.875,2429.75,9.926
DM-04-03-02-01,2026-07-27,66.5,2285.5,8.845
DM-04-03-02-01,2026-07-28,71.0,2364.5,12.264
DM-04-03-02-01,2026-07-29,65.5,2355.0,10.184
DM-04-03-02-01,2026-07-30,64.25,2357.5,6.853
DM-04-03-02-01,2026-07-31,71.5,2302.25,10.772
DM-04-03-02-01,2026-08-01,71.375,2405.5,14.566
DM-04-03-02-01,2026-08-02,71.5,2447.25,18.485
DM-04-03-02-01,2026-08-03,68.125,2331.0,19.029
DM-04-03-02-01,2026-08-04,68.125,2323.5,19.573
DM-04-03-02-01,2026-08-05,69.5,2308.25,21.492
DM-04-03-03-01,2026-07-08,,1776.0,
DM-04-03-03-01,2026-07-09,,3075.75,
DM-04-03-03-01,2026-07-10,,3028.5,
DM-04-03-03-01,2026-07-11,,3032.25,
DM-04-03-03-01,2026-07-12,,3043.0,
DM-04-03-03-01,2026-07-13,,3092.0,
DM-04-03-03-01,2026-07-14,,3113.25,
DM-04-03-03-01,2026-07-15,,3069.75,
DM-04-03-03-01,2026-07-16,,2990.5,
DM-04-03-03-01,2026-07-17,,3110.75,
DM-04-03-03-01,2026-07-18,,3052.0,
DM-04-03-03-01,2026-07-19,,3025.5,
DM-04-03-03-01,2026-07-20,,3069.25,
DM-04-03-03-01,2026-07-21,,3064.0,
DM-04-03-03-01,2026-07-22,,3108.0,0.0
DM-04-03-03-01,2026-07-23,,3125.5,0.0
DM-04-03-03-01,2026-07-24,,3141.0,0.0
DM-04-03-03-01,2026-07-25,,3072.5,0.0
DM-04-03-03-01,2026-07-26,,3082.25,0.0
DM-04-03-03-01,2026-07-27,,2971.5,0.0
DM-04-03-03-01,2026-07-28,,2982.75,0.0
DM-04-03-03-01,2026-07-29,,2959.0,0.0
DM-04-03-03-01,2026-07-30,,2959.0,0.0
DM-04-03-03-01,2026-07-31,,3002.5,0.0
DM-04-03-03-01,2026-08-01,,3055.5,0.0
DM-04-03-03-01,2026-08-02,,3043.25,0.0
DM-04-03-03-01,2026-08-03,,3136.5,0.0
DM-04-03-03-01,2026-08-04,,3152.5,0.0
DM-04-03-03-01,2026-08-05,,3161.0,0.0
DM-04-03-04-01,2026-07-08,,1784.75,
DM-04-03-04-01,2026-07-09,97.125,3075.75,
DM-04-03-04-01,2026-07-10,91.375,3055.5,
DM-04-03-04-01,2026-07-11,103.25,3050.25,
DM-04-03-04-01,2026-07-12,94.625,2943.25,
DM-04-03-04-01,2026-07-13,92.0,2958.5,
DM-04-03-04-01,2026-07-14,96.0,3410.5,
DM-04-03-04-01,2026-07-15,91.25,3111.0,
DM-04-03-04-01,2026-07-16,91.0,3019.25,
DM-04-03-04-01,2026-07-17,91.25,3065.75,
DM-04-03-04-01,2026-07-18,86.875,3067.25,
DM-04-03-04-01,2026-07-19,106.375,3154.0,
DM-04-03-04-01,2026-07-20,97.375,3103.75,
DM-04-03-04-01,2026-07-21,95.5,3075.75,
DM-04-03-04-01,2026-07-22,89.0,3054.75,0.0
DM-04-03-04-01,2026-07-23,100.25,3081.75,2.765
DM-04-03-04-01,2026-07-24,105.0,3057.5,10.281
DM-04-03-04-01,2026-07-25,96.25,3041.0,9.046
DM-04-03-04-01,2026-07-26,90.5,3010.5,2.061
DM-04-03-04-01,2026-07-27,95.625,3012.5,0.202
DM-04-03-04-01,2026-07-28,96.5,3081.0,0.0
DM-04-03-04-01,2026-07-29,96.75,3001.25,0.0
DM-04-03-04-01,2026-07-30,90.75,2993.5,0.0
DM-04-03-04-01,2026-07-31,93.25,2985.25,0.0
DM-04-03-04-01,2026-08-01,91.75,3013.0,0.0
DM-04-03-04-01,2026-08-02,104.625,3064.75,7.14
DM-04-03-04-01,2026-08-03,88.125,3020.5,0.0
DM-04-03-04-01,2026-08-04,100.75,3041.25,3.265
DM-04-03-04-01,2026-08-05,92.75,3042.0,0.0
DM-04-03-07-01,2026-07-08,,2587.75,
DM-04-03-07-01,2026-07-09,124.625,4370.5,
DM-04-03-07-01,2026-07-10,127.25,4387.25,
DM-04-03-07-01,2026-07-11,127.25,4523.0,
DM-04-03-07-01,2026-07-12,123.5,4533.25,
DM-04-03-07-01,2026-07-13,123.75,4359.75,
DM-04-03-07-01,2026-07-14,121.75,4371.5,
DM-04-03-07-01,2026-07-15,125.5,4402.5,
DM-04-03-07-01,2026-07-16,122.0,4343.25,
DM-04-03-07-01,2026-07-17,128.875,4405.75,
DM-04-03-07-01,2026-07-18,128.5,4575.25,
DM-04-03-07-01,2026-07-19,126.375,4601.0,
DM-04-03-07-01,2026-07-20,128.125,4416.0,
DM-04-03-07-01,2026-07-21,126.5,4414.25,
DM-04-03-07-01,2026-07-22,121.0,4347.0,0.0
DM-04-03-07-01,2026-07-23,131.0,4333.0,4.157
DM-04-03-07-01,2026-07-24,121.625,4269.25,0.0
DM-04-03-07-01,2026-07-25,129.75,4501.5,2.907
DM-04-03-07-01,2026-07-26,123.25,4505.5,0.0
DM-04-03-07-01,2026-07-27,123.5,4326.25,0.0
DM-04-03-07-01,2026-07-28,124.5,4324.0,0.0
DM-04-03-07-01,2026-07-29,122.25,4292.5,0.0
DM-04-03-07-01,2026-07-30,122.5,4376.75,0.0
DM-04-03-07-01,2026-07-31,123.375,4323.0,0.0
DM-04-03-07-01,2026-08-01,125.125,4029.5,0.0
DM-04-03-07-01,2026-08-02,131.0,4517.0,4.157
DM-04-03-07-01,2026-08-03,123.5,4340.75,0.814
DM-04-03-07-01,2026-08-04,122.125,4312.75,0.0
DM-04-03-07-01,2026-08-05,126.375,4277.75,0.0
DM-04-03-08-01,2026-07-08,7.0,281.25,
DM-04-03-08-01,2026-07-09,27.25,811.5,
DM-04-03-08-01,2026-07-10,11.125,824.5,
DM-04-03-08-01,2026-07-11,4.5,887.0,
DM-04-03-08-01,2026-07-12,9.25,828.25,
DM-04-03-08-01,2026-07-13,18.125,860.5,
DM-04-03-08-01,2026-07-14,18.125,817.5,
DM-04-03-08-01,2026-07-15,26.5,903.25,
DM-04-03-08-01,2026-07-16,8.375,765.25,
DM-04-03-08-01,2026-07-17,6.5,759.75,
DM-04-03-08-01,2026-07-18,30.75,1145.25,
DM-04-03-08-01,2026-07-19,26.375,1012.25,
DM-04-03-08-01,2026-07-20,25.875,982.0,
DM-04-03-08-01,2026-07-21,14.5,933.75,
DM-04-03-08-01,2026-07-22,10.75,692.75,0.0
DM-04-03-08-01,2026-07-23,0.75,718.0,0.0
DM-04-03-08-01,2026-07-24,4.125,749.25,0.0
DM-04-03-08-01,2026-07-25,6.625,851.5,0.0
DM-04-03-08-01,2026-07-26,4.25,817.75,0.0
DM-04-03-08-01,2026-07-27,1.375,808.0,0.0
DM-04-03-08-01,2026-07-28,13.25,687.5,0.0
DM-04-03-08-01,2026-07-29,18.625,868.0,0.0
DM-04-03-08-01,2026-07-30,8.875,726.75,0.0
DM-04-03-08-01,2026-07-31,7.125,658.5,0.0
DM-04-03-08-01,2026-08-01,22.25,833.25,1.097
DM-04-03-08-01,2026-08-02,2.875,786.5,0.0
DM-04-03-08-01,2026-08-03,15.0,832.0,0.0
DM-04-03-08-01,2026-08-04,8.5,751.75,0.0
DM-04-03-08-01,2026-08-05,9.25,749.75,0.0
DM-04-03-09-01,2026-07-08,,2847.75,
DM-04-03-09-01,2026-07-09,,5103.75,
DM-04-03-09-01,2026-07-10,,5161.25,
DM-04-03-09-01,2026-07-11,,5308.0,
DM-04-03-09-01,2026-07-12,,5364.75,
DM-04-03-09-01,2026-07-13,,5190.0,
DM-04-03-09-01,2026-07-14,,5146.5,
DM-04-03-09-01,2026-07-15,,5137.0,
DM-04-03-09-01,2026-07-16,,5182.0,
DM-04-03-09-01,2026-07-17,,5238.5,
DM-04-03-09-01,2026-07-18,,5435.0,
DM-04-03-09-01,2026-07-19,,5432.25,
DM-04-03-09-01,2026-07-20,,5239.0,
DM-04-03-09-01,2026-07-21,,5227.0,
DM-04-03-09-01,2026-07-22,,5254.5,0.0
DM-04-03-09-01,2026-07-23,,5213.75,0.0
DM-04-03-09-01,2026-07-24,,5224.0,0.0
DM-04-03-09-01,2026-07-25,,5423.5,0.0
DM-04-03-09-01,2026-07-26,,5343.0,0.0
DM-04-03-09-01,2026-07-27,,5156.25,0.0
DM-04-03-09-01,2026-07-28,,5215.75,0.0
DM-04-03-09-01,2026-07-29,,5228.75,0.0
DM-04-03-09-01,2026-07-30,,5266.75,0.0
DM-04-03-09-01,2026-07-31,,5197.0,0.0
DM-04-03-09-01,2026-08-01,,5411.75,0.0
DM-04-03-09-01,2026-08-02,,5505.25,0.0
DM-04-03-09-01,2026-08-03,,5283.0,0.0
DM-04-03-09-01,2026-08-04,,5223.25,0.0
DM-04-03-09-01,2026-08-05,,5219.75,0.0
DM-04-03-10-01,2026-07-08,154.875,2778.25,
DM-04-03-10-01,2026-07-09,168.375,5163.75,
DM-04-03-10-01,2026-07-10,160.875,5154.5,
DM-04-03-10-01,2026-07-11,170.5,5321.0,
DM-04-03-10-01,2026-07-12,154.375,5236.75,
DM-04-03-10-01,2026-07-13,170.5,5258.0,
DM-04-03-10-01,2026-07-14,152.875,5122.25,
DM-04-03-10-01,2026-07-15,158.625,5114.0,
DM-04-03-10-01,2026-07-16,166.125,5043.75,
DM-04-03-10-01,2026-07-17,166.375,5143.0,
DM-04-03-10-01,2026-07-18,166.375,5289.0,
DM-04-03-10-01,2026-07-19,165.625,5229.25,
DM-04-03-10-01,2026-07-20,159.625,5140.25,
DM-04-03-10-01,2026-07-21,150.375,5148.5,
DM-04-03-10-01,2026-07-22,169.375,5220.75,4.284
DM-04-03-10-01,2026-07-23,160.625,4966.5,0.0
DM-04-03-10-01,2026-07-24,157.375,5033.5,0.0
DM-04-03-10-01,2026-07-25,150.125,5180.0,0.0
DM-04-03-10-01,2026-07-26,156.0,5117.5,0.0
DM-04-03-10-01,2026-07-27,152.75,4970.5,0.0
DM-04-03-10-01,2026-07-28,153.375,5025.75,0.0
DM-04-03-10-01,2026-07-29,154.375,5116.75,0.0
DM-04-03-10-01,2026-07-30,151.0,5085.75,0.0
DM-04-03-10-01,2026-07-31,156.125,5003.25,0.0
DM-04-03-10-01,2026-08-01,148.625,5213.25,0.0
DM-04-03-10-01,2026-08-02,156.375,5175.5,0.0
DM-04-03-10-01,2026-08-03,161.25,5052.75,0.0
DM-04-03-10-01,2026-08-04,158.5,4975.25,0.0
DM-04-03-10-01,2026-08-05,148.375,5013.25,0.0
DM-04-03-11-01,2026-07-08,,2622.0,
DM-04-03-11-01,2026-07-09,129.5,4246.0,
DM-04-03-11-01,2026-07-10,113.875,4181.25,
DM-04-03-11-01,2026-07-11,110.125,3887.25,
DM-04-03-11-01,2026-07-12,109.375,3831.75,
DM-04-03-11-01,2026-07-13,109.5,4232.5,
DM-04-03-11-01,2026-07-14,121.125,4318.5,
DM-04-03-11-01,2026-07-15,114.0,4150.0,
DM-04-03-11-01,2026-07-16,123.125,4234.5,
DM-04-03-11-01,2026-07-17,115.875,4114.25,
DM-04-03-11-01,2026-07-18,114.5,3894.25,
DM-04-03-11-01,2026-07-19,112.5,4103.5,
DM-04-03-11-01,2026-07-20,137.625,4254.0,
DM-04-03-11-01,2026-07-21,123.5,4373.0,
DM-04-03-11-01,2026-07-22,131.75,4329.0,9.606
DM-04-03-11-01,2026-07-23,128.375,4189.25,15.837
DM-04-03-11-01,2026-07-24,114.875,4066.0,8.568
DM-04-03-11-01,2026-07-25,123.75,3929.5,10.174
DM-04-03-11-01,2026-07-26,116.0,3973.5,4.031
DM-04-03-11-01,2026-07-27,114.25,4154.5,0.0
DM-04-03-11-01,2026-07-28,118.0,3582.0,0.0
DM-04-03-11-01,2026-07-29,111.75,3779.0,0.0
DM-04-03-11-01,2026-07-30,119.75,3709.5,0.0
DM-04-03-11-01,2026-07-31,111.75,3817.25,0.0
DM-04-03-11-01,2026-08-01,117.5,3782.75,0.0
DM-04-03-11-01,2026-08-02,122.5,3929.25,0.356
DM-04-03-11-01,2026-08-03,119.125,4226.25,0.0
DM-04-03-11-01,2026-08-04,121.875,4121.75,0.0
DM-04-03-11-01,2026-08-05,121.125,4237.0,0.0
DM-04-03-12-01,2026-07-08,,1924.5,
DM-04-03-12-01,2026-07-09,78.125,3087.75,
DM-04-03-12-01,2026-07-10,79.125,3113.0,
DM-04-03-12-01,2026-07-11,80.125,3252.25,
DM-04-03-12-01,2026-07-12,80.875,3292.25,
DM-04-03-12-01,2026-07-13,76.0,3279.25,
DM-04-03-12-01,2026-07-14,77.25,3164.0,
DM-04-03-12-01,2026-07-15,96.125,3085.5,
DM-04-03-12-01,2026-07-16,77.75,3199.25,
DM-04-03-12-01,2026-07-17,70.25,3012.5,
DM-04-03-12-01,2026-07-18,83.0,3150.75,
DM-04-03-12-01,2026-07-19,93.0,3359.25,
DM-04-03-12-01,2026-07-20,78.5,3403.75,
DM-04-03-12-01,2026-07-21,121.375,3327.5,
DM-04-03-12-01,2026-07-22,79.125,3176.0,0.0
DM-04-03-12-01,2026-07-23,110.625,3299.25,20.344
DM-04-03-12-01,2026-07-24,69.625,3180.5,0.0
DM-04-03-12-01,2026-07-25,81.75,3292.0,0.0
DM-04-03-12-01,2026-07-26,95.5,3347.25,5.219
DM-04-03-12-01,2026-07-27,125.25,3395.0,40.187
DM-04-03-12-01,2026-07-28,76.75,3121.5,26.656
DM-04-03-12-01,2026-07-29,127.625,3446.5,64.0
DM-04-03-12-01,2026-07-30,77.25,3119.5,50.968
DM-04-03-12-01,2026-07-31,100.5,3065.75,61.187
DM-04-03-12-01,2026-08-01,80.0,3176.75,50.905
DM-04-03-12-01,2026-08-02,80.375,3218.25,40.999
DM-04-03-12-01,2026-08-03,107.625,3256.25,58.343
DM-04-03-12-01,2026-08-04,90.375,3061.5,58.436
DM-04-03-12-01,2026-08-05,62.0,3026.0,30.155
DM-04-05-01-01,2026-07-08,,1930.25,
DM-04-05-01-01,2026-07-09,79.625,3254.75,
DM-04-05-01-01,2026-07-10,80.875,3265.0,
DM-04-05-01-01,2026-07-11,101.875,3796.75,
DM-04-05-01-01,2026-07-12,107.375,3637.25,
DM-04-05-01-01,2026-07-13,99.125,3416.0,
DM-04-05-01-01,2026-07-14,85.0,3231.75,
DM-04-05-01-01,2026-07-15,85.75,3278.5,
DM-04-05-01-01,2026-07-16,82.125,3198.25,
DM-04-05-01-01,2026-07-17,84.25,3205.5,
DM-04-05-01-01,2026-07-18,83.25,3454.5,
DM-04-05-01-01,2026-07-19,85.0,3463.75,
DM-04-05-01-01,2026-07-20,84.875,3308.0,
DM-04-05-01-01,2026-07-21,76.0,3226.5,
DM-04-05-01-01,2026-07-22,86.125,3166.5,0.0
DM-04-05-01-01,2026-07-23,86.625,3168.75,0.0
DM-04-05-01-01,2026-07-24,79.375,3196.0,0.0
DM-04-05-01-01,2026-07-25,90.5,3441.0,0.0
DM-04-05-01-01,2026-07-26,95.25,3394.75,3.43
DM-04-05-01-01,2026-07-27,95.0,3101.25,6.609
DM-04-05-01-01,2026-07-28,83.25,3156.25,0.0
DM-04-05-01-01,2026-07-29,92.75,3274.75,0.93
DM-04-05-01-01,2026-07-30,85.5,3239.5,0.0
DM-04-05-01-01,2026-07-31,72.75,3171.25,0.0
DM-04-05-01-01,2026-08-01,88.375,3335.75,0.0
DM-04-05-01-01,2026-08-02,87.375,3296.0,0.0
DM-04-05-01-01,2026-08-03,98.375,3262.5,6.555
DM-04-05-01-01,2026-08-04,86.25,3243.5,0.984
DM-04-05-01-01,2026-08-05,87.75,3199.25,0.0
DM-04-05-03-01,2026-07-08,,1649.25,
DM-04-05-03-01,2026-07-09,71.625,2781.25,
DM-04-05-03-01,2026-07-10,71.25,2736.0,
DM-04-05-03-01,2026-07-11,71.875,2877.75,
DM-04-05-03-01,2026-07-12,73.75,2867.5,
DM-04-05-03-01,2026-07-13,70.375,2752.25,
DM-04-05-03-01,2026-07-14,72.375,2817.25,
DM-04-05-03-01,2026-07-15,69.75,2717.25,
DM-04-05-03-01,2026-07-16,70.125,2814.25,
DM-04-05-03-01,2026-07-17,73.5,2790.25,
DM-04-05-03-01,2026-07-18,73.25,2906.5,
DM-04-05-03-01,2026-07-19,72.5,2967.75,
DM-04-05-03-01,2026-07-20,71.5,2835.25,
DM-04-05-03-01,2026-07-21,73.0,2723.25,
DM-04-05-03-01,2026-07-22,70.0,2812.75,0.0
DM-04-05-03-01,2026-07-23,72.125,2728.0,0.0
DM-04-05-03-01,2026-07-24,72.375,2733.25,0.0
DM-04-05-03-01,2026-07-25,74.875,2901.5,2.336
DM-04-05-03-01,2026-07-26,73.375,2751.5,3.172
DM-04-05-03-01,2026-07-27,71.75,2746.5,2.383
DM-04-05-03-01,2026-07-28,74.0,2758.25,3.843
DM-04-05-03-01,2026-07-29,71.25,2766.75,2.554
DM-04-05-03-01,2026-07-30,71.25,2784.5,1.265
DM-04-05-03-01,2026-07-31,73.5,2760.0,2.226
DM-04-05-03-01,2026-08-01,72.5,2865.0,2.187
DM-04-05-03-01,2026-08-02,75.25,2901.25,4.898
DM-04-05-03-01,2026-08-03,74.125,2879.0,6.484
DM-04-05-03-01,2026-08-04,73.75,2607.5,7.695
DM-04-05-03-01,2026-08-05,72.875,2748.75,8.03
DM-04-05-04-01,2026-07-08,,3326.0,
DM-04-05-04-01,2026-07-09,,5937.25,
DM-04-05-04-01,2026-07-10,,6066.5,
DM-04-05-04-01,2026-07-11,,5924.0,
DM-04-05-04-01,2026-07-12,,6025.75,
DM-04-05-04-01,2026-07-13,,5912.75,
DM-04-05-04-01,2026-07-14,,5887.5,
DM-04-05-04-01,2026-07-15,,5919.5,
DM-04-05-04-01,2026-07-16,,5892.5,
DM-04-05-04-01,2026-07-17,,5947.25,
DM-04-05-04-01,2026-07-18,,6104.0,
DM-04-05-04-01,2026-07-19,,6056.5,
DM-04-05-04-01,2026-07-20,,6083.25,
DM-04-05-04-01,2026-07-21,,6053.25,
DM-04-05-04-01,2026-07-22,,5883.0,0.0
DM-04-05-04-01,2026-07-23,,5804.75,0.0
DM-04-05-04-01,2026-07-24,,5854.0,0.0
DM-04-05-04-01,2026-07-25,,5819.75,0.0
DM-04-05-04-01,2026-07-26,,5898.25,0.0
DM-04-05-04-01,2026-07-27,,5785.0,0.0
DM-04-05-04-01,2026-07-28,,5736.25,0.0
DM-04-05-04-01,2026-07-29,,5605.0,0.0
DM-04-05-04-01,2026-07-30,,5822.0,0.0
DM-04-05-04-01,2026-07-31,,5764.0,0.0
DM-04-05-04-01,2026-08-01,,5868.25,0.0
DM-04-05-04-01,2026-08-02,,5892.25,0.0
DM-04-05-04-01,2026-08-03,,5997.25,0.0
DM-04-05-04-01,2026-08-04,,5928.0,0.0
DM-04-05-04-01,2026-08-05,,5796.25,0.0
DM-04-05-07-01,2026-07-08,,979.0,
DM-04-05-07-01,2026-07-09,37.625,1626.75,
DM-04-05-07-01,2026-07-10,39.375,1622.0,
DM-04-05-07-01,2026-07-11,40.125,1649.75,
DM-04-05-07-01,2026-07-12,37.0,1655.75,
DM-04-05-07-01,2026-07-13,36.5,1614.0,
DM-04-05-07-01,2026-07-14,35.75,1597.0,
DM-04-05-07-01,2026-07-15,37.625,1586.25,
DM-04-05-07-01,2026-07-16,35.625,1566.0,
DM-04-05-07-01,2026-07-17,39.875,1595.5,
DM-04-05-07-01,2026-07-18,38.375,1678.25,
DM-04-05-07-01,2026-07-19,37.125,1680.25,
DM-04-05-07-01,2026-07-20,37.75,1592.5,
DM-04-05-07-01,2026-07-21,36.625,1611.25,
DM-04-05-07-01,2026-07-22,36.875,1578.5,0.0
DM-04-05-07-01,2026-07-23,36.5,1560.25,0.0
DM-04-05-07-01,2026-07-24,35.125,1592.5,0.0
DM-04-05-07-01,2026-07-25,40.0,1680.25,1.657
DM-04-05-07-01,2026-07-26,36.75,1650.5,0.065
DM-04-05-07-01,2026-07-27,39.875,1553.25,1.597
DM-04-05-07-01,2026-07-28,32.75,1507.0,0.0
DM-04-05-07-01,2026-07-29,32.875,1493.25,0.0
DM-04-05-07-01,2026-07-30,35.625,1535.25,0.0
DM-04-05-07-01,2026-07-31,31.75,1484.5,0.0
DM-04-05-07-01,2026-08-01,35.375,1564.0,0.0
DM-04-05-07-01,2026-08-02,35.625,1580.25,0.0
DM-04-05-07-01,2026-08-03,34.875,1529.75,0.0
DM-04-05-07-01,2026-08-04,33.875,1544.0,0.0
DM-04-05-07-01,2026-08-05,33.75,1506.75,0.0
DM-04-05-09-01,2026-07-08,,1726.5,
DM-04-05-09-01,2026-07-09,64.125,2806.75,
DM-04-05-09-01,2026-07-10,63.25,2780.75,
DM-04-05-09-01,2026-07-11,65.75,2974.0,
DM-04-05-09-01,2026-07-12,62.375,2926.75,
DM-04-05-09-01,2026-07-13,63.0,2848.0,
DM-04-05-09-01,2026-07-14,64.75,2789.5,
DM-04-05-09-01,2026-07-15,59.875,2869.25,
DM-04-05-09-01,2026-07-16,61.25,2703.25,
DM-04-05-09-01,2026-07-17,62.0,2791.0,
DM-04-05-09-01,2026-07-18,63.5,2986.0,
DM-04-05-09-01,2026-07-19,64.25,2997.75,
DM-04-05-09-01,2026-07-20,65.25,2817.75,
DM-04-05-09-01,2026-07-21,65.25,2828.25,
DM-04-05-09-01,2026-07-22,63.125,2774.25,0.0
DM-04-05-09-01,2026-07-23,61.0,2767.75,0.0
DM-04-05-09-01,2026-07-24,61.875,2788.25,0.0
DM-04-05-09-01,2026-07-25,64.875,2926.25,0.614
DM-04-05-09-01,2026-07-26,62.875,2922.0,0.0
DM-04-05-09-01,2026-07-27,62.625,2741.25,0.0
DM-04-05-09-01,2026-07-28,64.875,2777.75,0.614
DM-04-05-10-01,2026-07-08,,2366.5,
DM-04-05-10-01,2026-07-09,101.375,3918.25,
DM-04-05-10-01,2026-07-10,99.5,3914.0,
DM-04-05-10-01,2026-07-11,101.0,4038.5,
DM-04-05-10-01,2026-07-12,102.25,4091.0,
DM-04-05-10-01,2026-07-13,101.0,3961.0,
DM-04-05-10-01,2026-07-14,101.125,3913.5,
DM-04-05-10-01,2026-07-15,99.25,3916.5,
DM-04-05-10-01,2026-07-16,99.875,3815.75,
DM-04-05-10-01,2026-07-17,99.5,3890.0,
DM-04-05-10-01,2026-07-18,100.625,4110.0,
DM-04-05-10-01,2026-07-19,98.25,4145.0,
DM-04-05-10-01,2026-07-20,101.125,3969.75,
DM-04-05-10-01,2026-07-21,99.5,3934.75,
DM-04-05-10-01,2026-07-22,97.0,3880.0,0.0
DM-04-05-10-01,2026-07-23,102.0,3889.25,1.13
DM-04-05-10-01,2026-07-24,99.625,3859.0,0.0
DM-04-05-10-01,2026-07-25,101.375,4044.5,0.505
DM-04-05-10-01,2026-07-26,97.875,4027.75,0.0
DM-04-05-10-01,2026-07-27,99.375,3824.25,0.0
DM-04-05-10-01,2026-07-28,103.5,3897.0,2.63
DM-04-05-10-01,2026-07-29,100.125,3896.25,1.885
DM-04-05-10-01,2026-07-30,103.0,3932.75,4.015
DM-04-05-10-01,2026-07-31,99.75,3860.25,2.895
DM-04-05-10-01,2026-08-01,99.875,4007.75,1.9
DM-04-05-10-01,2026-08-02,100.875,4066.75,1.906
DM-04-05-10-01,2026-08-03,107.0,3946.5,8.036
DM-04-05-10-01,2026-08-04,103.625,3923.75,10.791
DM-04-05-10-01,2026-08-05,103.75,3926.0,13.671
DM-04-05-12-01,2026-07-08,102.0,1658.75,
DM-04-05-12-01,2026-07-09,82.375,2824.5,
DM-04-05-12-01,2026-07-10,91.875,2778.5,
DM-04-05-12-01,2026-07-11,88.875,2781.0,
DM-04-05-12-01,2026-07-12,89.75,2820.25,
DM-04-05-12-01,2026-07-13,89.75,2806.0,
DM-04-05-12-01,2026-07-14,88.375,2793.5,
DM-04-05-12-01,2026-07-15,85.875,2732.0,
DM-04-05-12-01,2026-07-16,86.375,2724.75,
DM-04-05-12-01,2026-07-17,84.5,2743.25,
DM-04-05-12-01,2026-07-18,88.375,2773.0,
DM-04-05-12-01,2026-07-19,94.125,2749.75,
DM-04-05-12-01,2026-07-20,90.25,2749.0,
DM-04-05-12-01,2026-07-21,83.25,2739.0,
DM-04-05-12-01,2026-07-22,92.5,2777.25,1.124
DM-04-05-12-01,2026-07-23,86.875,2758.75,0.0
DM-04-05-12-01,2026-07-24,95.125,2844.0,3.749
DM-04-05-12-01,2026-07-25,91.0,2816.75,3.373
DM-04-05-12-01,2026-07-26,84.125,2714.5,0.0
DM-04-05-12-01,2026-07-27,90.125,2697.25,0.0
DM-04-05-12-01,2026-07-28,82.375,2744.25,0.0
DM-04-05-12-01,2026-07-29,83.0,2677.75,0.0
DM-04-05-12-01,2026-07-30,82.375,2681.25,0.0
DM-04-05-12-01,2026-07-31,85.375,2655.5,0.0
DM-04-05-12-01,2026-08-01,80.0,2665.0,0.0
DM-04-05-12-01,2026-08-02,81.875,2636.75,0.0
DM-04-05-12-01,2026-08-03,82.25,2608.0,0.0
DM-04-05-12-01,2026-08-04,88.625,2665.25,0.0
DM-04-05-12-01,2026-08-05,82.125,2655.75,0.0
DM-04-05-13-01,2026-07-08,91.125,1867.75,
DM-04-05-13-01,2026-07-09,92.625,3490.25,
DM-04-05-13-01,2026-07-10,113.5,3597.0,
DM-04-05-13-01,2026-07-11,103.75,3591.5,
DM-04-05-13-01,2026-07-12,91.75,3711.5,
DM-04-05-13-01,2026-07-13,104.875,3579.0,
DM-04-05-13-01,2026-07-14,97.5,3354.25,
DM-04-05-13-01,2026-07-15,96.75,3538.0,
DM-04-05-13-01,2026-07-16,90.25,3489.75,
DM-04-05-13-01,2026-07-17,91.5,3581.25,
DM-04-05-13-01,2026-07-18,86.375,3598.25,
DM-04-05-13-01,2026-07-19,91.25,3575.5,
DM-04-05-13-01,2026-07-20,95.0,3604.0,
DM-04-05-13-01,2026-07-21,72.875,3214.25,
DM-04-05-13-01,2026-07-22,85.75,3028.5,0.0
DM-04-05-13-01,2026-07-23,71.5,2974.5,0.0
DM-04-05-13-01,2026-07-24,82.75,2953.5,0.0
DM-04-05-13-01,2026-07-25,87.75,3192.5,0.0
DM-04-05-13-01,2026-07-26,77.625,3148.25,0.0
DM-04-05-13-01,2026-07-27,68.875,3039.0,0.0
DM-04-05-13-01,2026-07-28,87.625,2986.25,0.0
DM-04-05-13-01,2026-07-29,82.25,2992.0,0.0
DM-04-05-13-01,2026-07-30,71.75,3090.0,0.0
DM-04-05-13-01,2026-07-31,90.125,2983.0,0.0
DM-04-05-13-01,2026-08-01,82.0,3232.75,0.0
DM-04-05-13-01,2026-08-02,95.625,3135.0,0.0
DM-04-05-13-01,2026-08-03,118.75,3156.0,19.973
DM-04-05-13-01,2026-08-04,85.75,3006.0,6.946
DM-04-05-13-01,2026-08-05,76.375,2905.0,0.0
DM-04-05-14-01,2026-07-08,,2337.75,
DM-04-05-14-01,2026-07-09,82.125,3838.25,
DM-04-05-14-01,2026-07-10,86.75,4018.25,
DM-04-05-14-01,2026-07-11,83.25,3695.75,
DM-04-05-14-01,2026-07-12,76.5,3744.25,
DM-04-05-14-01,2026-07-13,89.25,3756.75,
DM-04-05-14-01,2026-07-14,81.875,3843.75,
DM-04-05-14-01,2026-07-15,86.5,3874.5,
DM-04-05-14-01,2026-07-16,85.875,3993.75,
DM-04-05-14-01,2026-07-17,81.5,3928.5,
DM-04-05-14-01,2026-07-18,86.375,3974.0,
DM-04-05-14-01,2026-07-19,83.25,3999.75,
DM-04-05-14-01,2026-07-20,89.5,4156.75,
DM-04-05-14-01,2026-07-21,85.5,4149.75,
DM-04-05-14-01,2026-07-22,98.0,4043.75,11.811
DM-04-05-14-01,2026-07-23,103.625,3878.75,29.248
DM-04-05-14-01,2026-07-24,88.125,3904.5,31.184
DM-04-05-14-01,2026-07-25,101.0,3878.0,45.995
DM-04-05-14-01,2026-07-26,93.375,3817.25,53.182
DM-04-05-14-01,2026-07-27,90.0,3729.25,56.993
DM-04-05-14-01,2026-07-28,101.75,3719.5,72.554
DM-04-05-14-01,2026-07-29,87.625,3585.75,73.991
DM-04-05-14-01,2026-07-30,93.625,3835.5,81.427
DM-04-05-14-01,2026-07-31,113.5,3768.0,108.738
DM-04-05-14-01,2026-08-01,101.25,3790.5,123.799
DM-04-05-14-01,2026-08-02,100.75,3877.5,138.361
DM-04-05-14-01,2026-08-03,87.25,3985.25,139.422
DM-04-05-14-01,2026-08-04,102.125,4014.0,155.358
DM-04-05-14-01,2026-08-05,95.75,3932.5,164.92
DM-04-06-04-01,2026-07-15,71.375,2869.0,
DM-04-06-04-01,2026-07-16,62.0,2720.0,
DM-04-06-04-01,2026-07-17,66.625,2850.75,
DM-04-06-04-01,2026-07-18,69.5,3010.5,
DM-04-06-04-01,2026-07-19,66.75,2990.75,
DM-04-06-04-01,2026-07-20,68.625,2866.75,
DM-04-06-04-01,2026-07-21,62.0,2861.25,
DM-04-06-04-01,2026-07-22,63.125,2832.5,
DM-04-06-04-01,2026-07-23,66.0,2758.0,
DM-04-06-04-01,2026-07-24,65.875,2818.25,
DM-04-06-04-01,2026-07-25,70.625,2966.75,
DM-04-06-04-01,2026-07-26,66.875,2656.25,
DM-04-06-04-01,2026-07-27,66.375,2812.75,
DM-04-06-04-01,2026-07-28,67.625,2806.0,
DM-04-06-04-01,2026-07-29,68.875,2739.75,0.817
DM-04-06-04-01,2026-07-30,65.375,2870.25,0.0
DM-04-06-04-01,2026-07-31,70.5,2815.5,2.442
DM-04-06-04-01,2026-08-01,75.625,2909.5,10.009
DM-04-06-04-01,2026-08-02,69.0,2986.5,10.951
DM-04-06-04-01,2026-08-03,70.0,2861.75,12.893
DM-04-06-04-01,2026-08-04,69.5,2929.5,14.336
DM-04-06-04-01,2026-08-05,70.5,2814.75,16.778
DM-04-06-05-01,2026-07-08,,1172.0,
DM-04-06-05-01,2026-07-09,38.0,1945.75,
DM-04-06-05-01,2026-07-10,36.5,1956.25,
DM-04-06-05-01,2026-07-11,37.875,2011.0,
DM-04-06-05-01,2026-07-12,38.125,1976.5,
DM-04-06-05-01,2026-07-13,39.625,1993.5,
DM-04-06-05-01,2026-07-14,37.5,1908.25,
DM-04-06-05-01,2026-07-15,35.75,1915.5,
DM-04-06-05-01,2026-07-16,35.0,1837.75,
DM-04-06-05-01,2026-07-17,34.125,1908.5,
DM-04-06-05-01,2026-07-18,38.125,2050.75,
DM-04-06-05-01,2026-07-19,38.875,2086.0,
DM-04-06-05-01,2026-07-20,39.0,2053.5,
DM-04-06-05-01,2026-07-21,41.0,2007.5,
DM-04-06-05-01,2026-07-22,37.25,1890.0,0.0
DM-04-06-05-01,2026-07-23,34.125,1829.75,0.0
DM-04-06-05-01,2026-07-24,44.625,1932.5,6.057
DM-04-06-05-01,2026-07-25,47.0,1973.25,14.489
DM-04-06-05-01,2026-07-26,41.625,1996.5,17.545
DM-04-06-05-01,2026-07-27,44.0,1923.25,22.977
DM-04-06-05-01,2026-07-28,42.0,1835.25,26.409
DM-04-06-05-01,2026-07-29,46.375,1835.0,34.216
DM-04-06-05-01,2026-07-30,39.875,1863.0,35.523
DM-04-06-05-01,2026-07-31,35.75,1830.0,32.704
DM-04-06-05-01,2026-08-01,35.5,1933.25,29.636
DM-04-06-05-01,2026-08-02,37.375,1961.0,28.443
DM-04-06-05-01,2026-08-03,37.875,2002.0,27.75
DM-04-06-05-01,2026-08-04,36.25,2008.0,25.432
DM-04-06-05-01,2026-08-05,40.75,1871.0,27.613
DM-04-06-06-01,2026-07-15,107.5,3990.25,
DM-04-06-06-01,2026-07-16,103.75,3937.25,
DM-04-06-06-01,2026-07-17,106.25,4017.5,
DM-04-06-06-01,2026-07-18,111.125,4229.5,
DM-04-06-06-01,2026-07-19,112.0,4268.75,
DM-04-06-06-01,2026-07-20,105.0,4079.5,
DM-04-06-06-01,2026-07-21,105.625,4018.5,
DM-04-06-06-01,2026-07-22,99.625,3978.25,
DM-04-06-06-01,2026-07-23,104.125,3968.0,
DM-04-06-06-01,2026-07-24,102.125,3938.5,
DM-04-06-06-01,2026-07-25,109.875,4123.75,
DM-04-06-06-01,2026-07-26,107.625,4169.75,
DM-04-06-06-01,2026-07-27,105.875,3958.25,
DM-04-06-06-01,2026-07-28,105.5,3939.75,
DM-04-06-06-01,2026-07-29,104.0,3982.25,0.0
DM-04-06-06-01,2026-07-30,102.25,3971.5,0.0
DM-04-06-06-01,2026-07-31,105.625,3930.0,0.0
DM-04-06-06-01,2026-08-01,109.125,4148.0,1.359
DM-04-06-06-01,2026-08-02,107.75,4138.0,1.342
DM-04-06-06-01,2026-08-03,106.25,4061.0,0.0
DM-04-06-06-01,2026-08-04,106.75,4032.0,0.0
DM-04-06-06-01,2026-08-05,106.375,3984.75,0.0
DM-04-06-08-01,2026-07-08,,1222.0,
DM-04-06-08-01,2026-07-09,,2220.5,
DM-04-06-08-01,2026-07-10,,2243.0,
DM-04-06-08-01,2026-07-11,,2263.0,
DM-04-06-08-01,2026-07-12,,2237.5,
DM-04-06-08-01,2026-07-13,,2191.75,
DM-04-06-08-01,2026-07-14,,2174.25,
DM-04-06-08-01,2026-07-15,,2166.25,
DM-04-06-08-01,2026-07-16,,2277.75,
DM-04-06-08-01,2026-07-17,,2421.5,
DM-04-06-08-01,2026-07-18,,2555.25,
DM-04-06-08-01,2026-07-19,,2552.25,
DM-04-06-08-01,2026-07-20,,2532.25,
DM-04-06-08-01,2026-07-21,,2532.0,
DM-04-06-08-01,2026-07-22,,2425.75,0.0
DM-04-06-08-01,2026-07-23,,2303.25,0.0
DM-04-06-08-01,2026-07-24,,2377.5,0.0
DM-04-06-08-01,2026-07-25,,2532.0,0.0
DM-04-06-08-01,2026-07-26,,2482.0,0.0
DM-04-06-08-01,2026-07-27,,2377.0,0.0
DM-04-06-08-01,2026-07-28,,2289.0,0.0
DM-04-06-08-01,2026-07-29,,2330.0,0.0
DM-04-06-08-01,2026-07-30,,2379.5,0.0
DM-04-06-08-01,2026-07-31,,2300.0,0.0
DM-04-06-08-01,2026-08-01,,2448.5,0.0
DM-04-06-08-01,2026-08-02,,2505.25,0.0
DM-04-06-08-01,2026-08-03,,2523.75,0.0
DM-04-06-08-01,2026-08-04,,2448.0,0.0
DM-04-06-08-01,2026-08-05,,2384.75,0.0
DM-04-06-09-01,2026-07-08,61.125,1507.25,
DM-04-06-09-01,2026-07-09,57.25,3018.5,
DM-04-06-09-01,2026-07-10,72.875,3157.5,
DM-04-06-09-01,2026-07-11,66.5,3128.75,
DM-04-06-09-01,2026-07-12,55.25,3014.5,
DM-04-06-09-01,2026-07-13,52.375,2986.5,
DM-04-06-09-01,2026-07-14,61.25,3026.25,
DM-04-06-09-01,2026-07-15,64.0,3095.0,
DM-04-06-09-01,2026-07-16,66.375,2981.5,
DM-04-06-09-01,2026-07-17,64.125,3025.0,
DM-04-06-09-01,2026-07-18,59.25,3055.5,
DM-04-06-09-01,2026-07-19,59.75,3156.75,
DM-04-06-09-01,2026-07-20,60.625,3158.0,
DM-04-06-09-01,2026-07-21,67.5,3175.0,
DM-04-06-09-01,2026-07-22,76.625,3070.0,12.026
DM-04-06-09-01,2026-07-23,54.5,3048.0,1.927
DM-04-06-09-01,2026-07-24,63.75,2945.0,1.079
DM-04-06-09-01,2026-07-25,56.625,3156.25,0.0
DM-04-06-09-01,2026-07-26,57.125,3047.5,0.0
DM-04-06-09-01,2026-07-27,63.75,2937.5,0.0
DM-04-06-09-01,2026-07-28,64.125,2957.75,0.0
DM-04-06-09-01,2026-07-29,62.25,2843.5,0.0
DM-04-06-09-01,2026-07-30,61.75,2919.25,0.0
DM-04-06-09-01,2026-07-31,66.125,2891.5,1.526
DM-04-06-09-01,2026-08-01,65.5,3104.0,2.427
DM-04-06-09-01,2026-08-02,90.0,3166.5,27.829
DM-04-06-09-01,2026-08-03,61.5,3096.5,24.73
DM-04-06-09-01,2026-08-04,64.375,3024.5,24.506
DM-04-06-09-01,2026-08-05,59.375,3071.0,19.282
DM-04-06-12-01,2026-07-08,,3139.75,
DM-04-06-12-01,2026-07-09,127.5,5232.0,
DM-04-06-12-01,2026-07-10,130.625,5291.0,
DM-04-06-12-01,2026-07-11,134.375,5388.25,
DM-04-06-12-01,2026-07-12,131.375,5407.5,
DM-04-06-12-01,2026-07-13,125.875,5360.25,
DM-04-06-12-01,2026-07-14,134.25,5329.75,
DM-04-06-12-01,2026-07-15,130.125,5357.5,
DM-04-06-12-01,2026-07-16,132.125,5210.25,
DM-04-06-12-01,2026-07-17,131.75,5354.5,
DM-04-06-12-01,2026-07-18,135.75,5548.5,
DM-04-06-12-01,2026-07-19,136.625,5537.25,
DM-04-06-12-01,2026-07-20,130.25,5337.75,
DM-04-06-12-01,2026-07-21,126.875,5204.75,
DM-04-06-12-01,2026-07-22,127.25,5203.0,0.0
DM-04-06-12-01,2026-07-23,130.0,5013.5,0.0
DM-04-06-12-01,2026-07-24,126.625,5081.25,0.0
DM-04-06-12-01,2026-07-25,128.25,5308.75,0.0
DM-04-06-12-01,2026-07-26,133.125,5353.25,0.176
DM-04-06-12-01,2026-07-27,129.125,5138.75,0.0
DM-04-06-12-01,2026-07-28,128.625,4884.25,0.0
DM-04-06-12-01,2026-07-29,128.5,5001.25,0.0
DM-04-06-12-01,2026-07-30,123.75,5016.0,0.0
DM-04-06-12-01,2026-07-31,129.0,4918.75,0.0
DM-04-06-12-01,2026-08-01,127.875,5164.5,0.0
DM-04-06-12-01,2026-08-02,127.0,5239.0,0.0
DM-04-06-12-01,2026-08-03,127.25,5146.75,0.0
DM-04-06-12-01,2026-08-04,125.875,5140.25,0.0
DM-04-06-12-01,2026-08-05,124.375,4999.75,0.0
DM-04-06-13-01,2026-07-08,,2104.0,
DM-04-06-13-01,2026-07-09,88.5,3378.25,
DM-04-06-13-01,2026-07-10,86.125,3432.5,
DM-04-06-13-01,2026-07-11,97.875,3541.0,
DM-04-06-13-01,2026-07-12,104.625,3644.25,
DM-04-06-13-01,2026-07-13,94.125,3488.75,
DM-04-06-13-01,2026-07-14,89.875,3412.5,
DM-04-06-13-01,2026-07-15,87.75,3442.0,
DM-04-06-13-01,2026-07-16,91.75,3348.25,
DM-04-06-13-01,2026-07-17,89.0,3430.0,
DM-04-06-13-01,2026-07-18,93.125,3588.25,
DM-04-06-13-01,2026-07-19,105.75,3658.75,
DM-04-06-13-01,2026-07-20,106.375,3555.25,
DM-04-06-13-01,2026-07-21,85.875,3404.0,
DM-04-06-13-01,2026-07-22,87.875,4214.0,0.0
DM-04-06-13-01,2026-07-23,123.75,4480.25,26.272
DM-04-06-13-01,2026-07-24,114.875,4452.75,43.669
DM-04-06-13-01,2026-07-25,124.75,4658.0,70.942
DM-04-06-13-01,2026-07-26,134.875,4673.25,108.339
DM-04-06-13-01,2026-07-27,128.5,4463.0,139.361
DM-04-06-13-01,2026-07-28,117.0,4638.0,158.883
DM-04-06-13-01,2026-07-29,125.625,4427.25,187.031
DM-04-06-13-01,2026-07-30,113.0,4394.75,202.553
DM-04-06-13-01,2026-07-31,118.125,4358.25,223.2
DM-04-06-13-01,2026-08-01,113.25,4557.75,238.972
DM-04-06-13-01,2026-08-02,117.5,4606.5,258.995
DM-04-06-13-01,2026-08-03,129.0,4493.0,290.517
DM-04-06-13-01,2026-08-04,112.375,4384.0,305.414
DM-04-06-13-01,2026-08-05,112.75,4343.0,320.686
DM-04-06-14-01,2026-07-08,,885.75,
DM-04-06-14-01,2026-07-09,26.25,1358.5,
DM-04-06-14-01,2026-07-10,27.0,1376.0,
DM-04-06-14-01,2026-07-11,27.625,1420.0,
DM-04-06-14-01,2026-07-12,29.75,1467.0,
DM-04-06-14-01,2026-07-13,27.25,1337.25,
DM-04-06-14-01,2026-07-14,27.25,1348.25,
DM-04-06-14-01,2026-07-15,26.75,1354.0,
DM-04-06-14-01,2026-07-16,24.875,1348.25,
DM-04-06-14-01,2026-07-17,26.375,1310.0,
DM-04-06-14-01,2026-07-18,25.0,1364.5,
DM-04-06-14-01,2026-07-19,28.25,1462.0,
DM-04-06-14-01,2026-07-20,26.125,1374.75,
DM-04-06-14-01,2026-07-21,26.625,1386.0,
DM-04-06-14-01,2026-07-22,23.25,1323.0,0.0
DM-04-06-14-01,2026-07-23,25.75,1322.25,0.0
DM-04-06-14-01,2026-07-24,25.125,1309.25,0.0
DM-04-06-14-01,2026-07-25,25.5,1374.0,0.0
DM-04-06-14-01,2026-07-26,26.375,1408.5,0.0
DM-04-06-14-01,2026-07-27,25.875,1324.5,0.0
DM-04-06-14-01,2026-07-28,25.875,1282.5,0.0
DM-04-06-14-01,2026-07-29,26.0,1312.75,0.0
DM-04-06-14-01,2026-07-30,25.25,1315.0,0.0
DM-04-06-14-01,2026-07-31,25.875,1303.5,0.0
DM-04-06-14-01,2026-08-01,25.75,1350.5,0.0
DM-04-06-14-01,2026-08-02,28.875,1397.5,1.402
DM-04-06-14-01,2026-08-03,27.0,1387.75,0.929
DM-04-06-14-01,2026-08-04,27.25,1351.5,0.706
DM-04-06-14-01,2026-08-05,25.875,1279.75,0.0
DM-04-08-01-01,2026-07-08,,1177.75,
DM-04-08-01-01,2026-07-09,,2130.5,
DM-04-08-01-01,2026-07-10,,2066.25,
DM-04-08-01-01,2026-07-11,,2133.75,
DM-04-08-01-01,2026-07-12,,2187.75,
DM-04-08-01-01,2026-07-13,,2131.5,
DM-04-08-01-01,2026-07-14,,2143.0,
DM-04-08-01-01,2026-07-15,,2063.0,
DM-04-08-01-01,2026-07-16,,2066.5,
DM-04-08-01-01,2026-07-17,,2073.0,
DM-04-08-01-01,2026-07-18,,2186.25,
DM-04-08-01-01,2026-07-19,,2230.5,
DM-04-08-01-01,2026-07-20,,2222.5,
DM-04-08-01-01,2026-07-21,,2110.5,
DM-04-08-01-01,2026-07-22,,1871.75,0.0
DM-04-08-01-01,2026-07-23,,1667.25,0.0
DM-04-08-01-01,2026-07-24,,1616.0,0.0
DM-04-08-01-01,2026-07-25,,1783.25,0.0
DM-04-08-01-01,2026-07-26,,1710.25,0.0
DM-04-08-01-01,2026-07-27,,1738.5,0.0
DM-04-08-01-01,2026-07-28,,1579.25,0.0
DM-04-08-01-01,2026-07-29,,1582.5,0.0
DM-04-08-01-01,2026-07-30,,1556.75,0.0
DM-04-08-01-01,2026-07-31,,1510.75,0.0
DM-04-08-01-01,2026-08-01,,1566.5,0.0
DM-04-08-01-01,2026-08-02,,1733.75,0.0
DM-04-08-01-01,2026-08-03,,1637.75,0.0
DM-04-08-01-01,2026-08-04,,1703.25,0.0
DM-04-08-01-01,2026-08-05,,1633.75,0.0
DM-04-08-02-01,2026-07-08,,2679.75,
DM-04-08-02-01,2026-07-09,119.875,4445.0,
DM-04-08-02-01,2026-07-10,109.5,4398.0,
DM-04-08-02-01,2026-07-11,112.875,4567.75,
DM-04-08-02-01,2026-07-12,113.625,4657.75,
DM-04-08-02-01,2026-07-13,114.0,4650.5,
DM-04-08-02-01,2026-07-14,123.5,4821.5,
DM-04-08-02-01,2026-07-15,123.625,4718.75,
DM-04-08-02-01,2026-07-16,119.75,4664.0,
DM-04-08-02-01,2026-07-17,128.25,4758.0,
DM-04-08-02-01,2026-07-18,131.25,5021.75,
DM-04-08-02-01,2026-07-19,127.875,5041.0,
DM-04-08-02-01,2026-07-20,132.5,4879.75,
DM-04-08-02-01,2026-07-21,122.0,4800.25,
DM-04-08-02-01,2026-07-22,123.875,4737.25,0.0
DM-04-08-02-01,2026-07-23,131.875,4784.0,6.898
DM-04-08-02-01,2026-07-24,126.125,4816.5,8.045
DM-04-08-02-01,2026-07-25,133.25,4984.75,16.318
DM-04-08-02-01,2026-07-26,122.5,4913.0,13.841
DM-04-08-02-01,2026-07-27,157.375,4733.0,46.239
DM-04-08-02-01,2026-07-28,120.875,4720.75,42.136
DM-04-08-02-01,2026-07-29,120.375,4740.0,37.534
DM-04-08-02-01,2026-07-30,117.5,4679.25,30.057
DM-04-08-02-01,2026-07-31,126.125,4709.5,31.205
DM-04-08-02-01,2026-08-01,136.875,4898.0,43.102
DM-04-08-02-01,2026-08-02,128.5,4913.5,46.625
DM-04-08-02-01,2026-08-03,135.0,4861.0,56.648
DM-04-08-02-01,2026-08-04,127.5,4759.25,59.17
DM-04-08-02-01,2026-08-05,118.875,4742.0,53.068
DM-04-08-03-01,2026-07-08,,2181.25,
DM-04-08-03-01,2026-07-09,71.875,3462.75,
DM-04-08-03-01,2026-07-10,73.375,3543.5,
DM-04-08-03-01,2026-07-11,71.125,3672.25,
DM-04-08-03-01,2026-07-12,72.75,3743.0,
DM-04-08-03-01,2026-07-13,76.5,3624.75,
DM-04-08-03-01,2026-07-14,70.375,3533.0,
DM-04-08-03-01,2026-07-15,67.375,3478.25,
DM-04-08-03-01,2026-07-16,74.375,3497.5,
DM-04-08-03-01,2026-07-17,75.75,3596.0,
DM-04-08-03-01,2026-07-18,83.25,3926.25,
DM-04-08-03-01,2026-07-19,84.125,3893.5,
DM-04-08-03-01,2026-07-20,70.125,3520.0,
DM-04-08-03-01,2026-07-21,68.875,3540.75,
DM-04-08-03-01,2026-07-22,68.125,3605.75,0.0
DM-04-08-03-01,2026-07-23,88.75,3510.25,12.471
DM-04-08-03-01,2026-07-24,69.25,3598.5,5.442
DM-04-08-03-01,2026-07-25,79.375,3919.25,8.538
DM-04-08-03-01,2026-07-26,82.5,3786.0,14.759
DM-04-08-03-01,2026-07-27,72.375,3473.75,10.855
DM-04-08-03-01,2026-07-28,78.5,3476.0,13.076
DM-04-08-03-01,2026-07-29,78.875,3551.0,15.671
DM-04-08-03-01,2026-07-30,79.75,3601.75,19.142
DM-04-08-03-01,2026-07-31,73.25,3502.25,16.113
DM-04-08-03-01,2026-08-01,75.875,3683.0,15.709
DM-04-08-03-01,2026-08-02,78.75,3699.0,18.18
DM-04-08-03-01,2026-08-03,80.25,3722.25,22.151
DM-04-08-03-01,2026-08-04,73.75,3611.75,19.622
DM-04-08-03-01,2026-08-05,80.75,3580.25,24.093
DM-04-08-04-01,2026-07-08,,2438.25,
DM-04-08-04-01,2026-07-09,99.0,4071.5,
DM-04-08-04-01,2026-07-10,99.625,4077.5,
DM-04-08-04-01,2026-07-11,102.875,4169.25,
DM-04-08-04-01,2026-07-12,96.875,4225.25,
DM-04-08-04-01,2026-07-13,98.5,4006.75,
DM-04-08-04-01,2026-07-14,96.375,3984.5,
DM-04-08-04-01,2026-07-15,98.0,3915.0,
DM-04-08-04-01,2026-07-16,90.875,3858.75,
DM-04-08-04-01,2026-07-17,94.5,3899.75,
DM-04-08-04-01,2026-07-18,99.25,4172.25,
DM-04-08-04-01,2026-07-19,94.125,4218.25,
DM-04-08-04-01,2026-07-20,98.25,4005.0,
DM-04-08-04-01,2026-07-21,96.625,3955.0,
DM-04-08-04-01,2026-07-22,91.0,3947.75,0.0
DM-04-08-04-01,2026-07-23,93.125,3866.75,0.0
DM-04-08-04-01,2026-07-24,96.625,3975.75,0.0
DM-04-08-04-01,2026-07-25,97.75,4137.75,0.0
DM-04-08-04-01,2026-07-26,102.125,4241.25,3.394
DM-04-08-04-01,2026-07-27,96.125,3818.5,0.789
DM-04-08-04-01,2026-07-28,91.25,3852.0,0.0
DM-04-08-04-01,2026-07-29,94.0,3822.25,0.0
DM-04-08-04-01,2026-07-30,89.125,3799.25,0.0
DM-04-08-04-01,2026-07-31,92.125,3745.5,0.0
DM-04-08-04-01,2026-08-01,89.75,3894.0,0.0
DM-04-08-04-01,2026-08-02,92.875,3969.5,0.0
DM-04-08-04-01,2026-08-03,91.375,3776.75,0.0
DM-04-08-04-01,2026-08-04,92.75,3807.5,0.0
DM-04-08-04-01,2026-08-05,93.375,3729.0,0.0
DM-04-08-05-01,2026-07-08,,1112.75,
DM-04-08-05-01,2026-07-09,36.25,1694.5,
DM-04-08-05-01,2026-07-10,51.875,1716.5,
DM-04-08-05-01,2026-07-11,53.125,1873.25,
DM-04-08-05-01,2026-07-12,46.5,2000.25,
DM-04-08-05-01,2026-07-13,41.625,1744.0,
DM-04-08-05-01,2026-07-14,36.375,1730.25,
DM-04-08-05-01,2026-07-15,35.5,1776.0,
DM-04-08-05-01,2026-07-16,35.25,1721.0,
DM-04-08-05-01,2026-07-17,34.5,1703.25,
DM-04-08-05-01,2026-07-18,32.625,1959.5,
DM-04-08-05-01,2026-07-19,36.625,1940.75,
DM-04-08-05-01,2026-07-20,34.75,1728.75,
DM-04-08-05-01,2026-07-21,33.25,1744.5,
DM-04-08-05-01,2026-07-22,33.875,1750.0,0.0
DM-04-08-05-01,2026-07-23,37.125,1668.25,0.0
DM-04-08-05-01,2026-07-24,36.5,1724.0,0.0
DM-04-08-05-01,2026-07-25,34.5,1875.0,0.0
DM-04-08-05-01,2026-07-26,32.0,1835.5,0.0
DM-04-08-05-01,2026-07-27,34.5,1708.0,0.0
DM-04-08-05-01,2026-07-28,26.25,1696.25,0.0
DM-04-08-05-01,2026-07-29,35.75,1723.0,0.0
DM-04-08-05-01,2026-07-30,33.375,1668.5,0.0
DM-04-08-05-01,2026-07-31,59.75,1804.75,17.295
DM-04-08-05-01,2026-08-01,33.625,1776.75,8.465
DM-04-08-05-01,2026-08-02,35.5,1914.25,1.509
DM-04-08-05-01,2026-08-03,34.0,1714.75,0.0
DM-04-08-05-01,2026-08-04,38.125,1801.0,0.0
DM-04-08-05-01,2026-08-05,38.0,1714.5,0.0
DM-04-08-06-01,2026-07-08,,3194.5,
DM-04-08-06-01,2026-07-09,129.375,5343.5,
DM-04-08-06-01,2026-07-10,133.75,5353.5,
DM-04-08-06-01,2026-07-11,145.125,5369.0,
DM-04-08-06-01,2026-07-12,134.375,5427.25,
DM-04-08-06-01,2026-07-13,140.25,5443.5,
DM-04-08-06-01,2026-07-14,142.125,5353.0,
DM-04-08-06-01,2026-07-15,134.75,5340.25,
DM-04-08-06-01,2026-07-16,129.875,5232.5,
DM-04-08-06-01,2026-07-17,142.5,5330.5,
DM-04-08-06-01,2026-07-18,139.75,5536.75,
DM-04-08-06-01,2026-07-19,138.875,5564.75,
DM-04-08-06-01,2026-07-20,130.875,5423.5,
DM-04-08-06-01,2026-07-21,136.625,5335.0,
DM-04-08-06-01,2026-07-22,131.0,5279.5,0.0
DM-04-08-06-01,2026-07-23,136.375,5280.75,0.0
DM-04-08-06-01,2026-07-24,149.875,5389.75,10.634
DM-04-08-06-01,2026-07-25,134.5,5442.5,5.894
DM-04-08-06-01,2026-07-26,139.375,5492.5,6.028
DM-04-08-06-01,2026-07-27,136.375,5292.0,3.163
DM-04-08-06-01,2026-07-28,134.375,5349.5,0.0
DM-04-08-06-01,2026-07-29,141.125,5437.25,1.884
DM-04-08-06-01,2026-07-30,129.875,5299.0,0.0
DM-04-08-06-01,2026-07-31,141.375,5249.75,2.134
DM-04-08-06-01,2026-08-01,139.375,5395.75,2.269
DM-04-08-06-01,2026-08-02,138.625,5493.5,1.653
DM-04-08-06-01,2026-08-03,136.875,5456.5,0.0
DM-04-08-06-01,2026-08-04,141.0,5540.25,1.759
DM-04-08-06-01,2026-08-05,137.375,5406.25,0.0
DM-04-08-07-01,2026-07-08,114.875,2333.0,
DM-04-08-07-01,2026-07-09,103.375,4416.0,
DM-04-08-07-01,2026-07-10,101.5,4463.5,
DM-04-08-07-01,2026-07-11,116.25,4278.75,
DM-04-08-07-01,2026-07-12,110.125,4339.25,
DM-04-08-07-01,2026-07-13,116.125,4442.5,
DM-04-08-07-01,2026-07-14,102.75,4682.25,
DM-04-08-07-01,2026-07-15,135.5,4651.5,
DM-04-08-07-01,2026-07-16,105.75,4468.0,
DM-04-08-07-01,2026-07-17,111.0,4600.0,
DM-04-08-07-01,2026-07-18,100.125,4332.75,
DM-04-08-07-01,2026-07-19,110.125,4495.25,
DM-04-08-07-01,2026-07-20,116.75,4667.5,
DM-04-08-07-01,2026-07-21,101.375,4531.25,
DM-04-08-07-01,2026-07-22,117.0,4610.75,2.059
DM-04-08-07-01,2026-07-23,101.125,4369.75,0.0
DM-04-08-07-01,2026-07-24,127.875,4363.75,12.934
DM-04-08-07-01,2026-07-25,110.625,4292.75,8.619
DM-04-08-07-01,2026-07-26,114.625,4465.25,8.303
DM-04-08-07-01,2026-07-27,108.0,4383.75,1.363
DM-04-08-07-01,2026-07-28,97.625,4062.0,0.0
DM-04-08-07-01,2026-07-29,106.125,4084.5,0.0
DM-04-08-07-01,2026-07-30,111.125,4246.75,0.0
DM-04-08-07-01,2026-07-31,104.875,4192.25,0.0
DM-04-08-07-01,2026-08-01,97.875,4198.75,0.0
DM-04-08-07-01,2026-08-02,107.0,4293.75,0.0
DM-04-08-07-01,2026-08-03,107.75,4476.25,0.0
DM-04-08-07-01,2026-08-04,126.75,4540.75,11.809
DM-04-08-07-01,2026-08-05,106.0,4500.75,2.869
DM-04-08-08-01,2026-07-08,,1443.5,
DM-04-08-08-01,2026-07-09,39.375,2050.0,
DM-04-08-08-01,2026-07-10,39.875,2101.75,
DM-04-08-08-01,2026-07-11,38.0,1769.5,
DM-04-08-08-01,2026-07-12,28.5,1503.25,
DM-04-08-08-01,2026-07-13,32.625,2034.5,
DM-04-08-08-01,2026-07-14,36.125,1942.5,
DM-04-08-08-01,2026-07-15,33.625,2004.0,
DM-04-08-08-01,2026-07-16,43.0,1977.25,
DM-04-08-08-01,2026-07-17,42.375,2115.0,
DM-04-08-08-01,2026-07-18,47.625,2109.5,
DM-04-08-08-01,2026-07-19,41.5,1736.75,
DM-04-08-08-01,2026-07-20,39.375,2117.5,
DM-04-08-08-01,2026-07-21,48.625,2217.75,
DM-04-08-08-01,2026-07-22,42.375,2097.75,0.358
DM-04-08-08-01,2026-07-23,51.625,1999.75,9.967
DM-04-08-08-01,2026-07-24,40.375,1941.5,8.325
DM-04-08-08-01,2026-07-25,40.875,1810.0,7.184
DM-04-08-08-01,2026-07-26,33.625,1605.0,0.0
DM-04-08-08-01,2026-07-27,30.875,1840.5,0.0
DM-04-08-08-01,2026-07-28,32.625,1492.5,0.0
DM-04-08-08-01,2026-07-29,31.125,1479.0,0.0
DM-04-08-08-01,2026-07-30,30.25,1626.75,0.0
DM-04-08-08-01,2026-07-31,32.75,1939.75,0.0
DM-04-08-08-01,2026-08-01,45.875,1893.5,3.858
DM-04-08-08-01,2026-08-02,48.375,1893.5,10.217
DM-04-08-08-01,2026-08-03,43.875,2074.0,12.075
DM-04-08-08-01,2026-08-04,48.875,2017.25,18.934
DM-04-08-08-01,2026-08-05,44.0,2049.0,20.917
DM-04-09-02-01,2026-07-08,,1380.5,
DM-04-09-02-01,2026-07-09,,2030.25,
DM-04-09-02-01,2026-07-10,,2404.25,
DM-04-09-02-01,2026-07-11,,2070.5,
DM-04-09-02-01,2026-07-12,,2609.5,
DM-04-09-02-01,2026-07-13,,2578.5,
DM-04-09-02-01,2026-07-14,,2544.25,
DM-04-09-02-01,2026-07-15,,2237.25,
DM-04-09-02-01,2026-07-16,,2303.0,
DM-04-09-02-01,2026-07-17,,2424.0,
DM-04-09-02-01,2026-07-18,,2344.25,
DM-04-09-02-01,2026-07-19,,2299.75,
DM-04-09-02-01,2026-07-20,,2253.5,
DM-04-09-02-01,2026-07-21,,2146.75,
DM-04-09-02-01,2026-07-22,,2480.25,0.0
DM-04-09-02-01,2026-07-23,,2098.75,0.0
DM-04-09-02-01,2026-07-24,,2547.5,0.0
DM-04-09-02-01,2026-07-25,,2422.5,0.0
DM-04-09-02-01,2026-07-26,,2421.5,0.0
DM-04-09-02-01,2026-07-27,,1928.5,0.0
DM-04-09-02-01,2026-07-28,,1507.25,0.0
DM-04-09-02-01,2026-07-29,,1533.5,0.0
DM-04-09-02-01,2026-07-30,,1692.75,0.0
DM-04-09-02-01,2026-07-31,,1734.0,0.0
DM-04-09-02-01,2026-08-01,,2006.25,0.0
DM-04-09-02-01,2026-08-02,,1962.5,0.0
DM-04-09-02-01,2026-08-03,,2035.0,0.0
DM-04-09-02-01,2026-08-04,,1938.25,0.0
DM-04-09-02-01,2026-08-05,,1710.25,0.0
DM-04-09-03-01,2026-07-08,,1208.5,
DM-04-09-03-01,2026-07-09,26.25,1967.25,
DM-04-09-03-01,2026-07-10,25.625,1965.25,
DM-04-09-03-01,2026-07-11,25.25,1892.5,
DM-04-09-03-01,2026-07-12,37.625,1882.0,
DM-04-09-03-01,2026-07-13,35.25,1984.25,
DM-04-09-03-01,2026-07-14,28.125,1839.75,
DM-04-09-03-01,2026-07-15,32.625,1915.5,
DM-04-09-03-01,2026-07-16,43.5,1916.5,
DM-04-09-03-01,2026-07-17,28.875,1715.5,
DM-04-09-03-01,2026-07-18,36.25,1888.75,
DM-04-09-03-01,2026-07-19,14.0,1850.5,
DM-04-09-03-01,2026-07-20,15.125,3574.5,
DM-04-09-03-01,2026-07-21,31.75,1950.75,
DM-04-09-03-01,2026-07-22,19.75,1673.0,0.0
DM-04-09-03-01,2026-07-23,24.75,1756.75,0.0
DM-04-09-03-01,2026-07-24,23.25,1780.25,0.0
DM-04-09-03-01,2026-07-25,32.625,1870.25,0.0
DM-04-09-03-01,2026-07-26,30.125,1896.0,0.0
DM-04-09-03-01,2026-07-27,20.625,1851.5,0.0
DM-04-09-03-01,2026-07-28,26.75,1933.5,0.0
DM-04-09-03-01,2026-07-29,28.5,1945.75,0.0
DM-04-09-03-01,2026-07-30,38.75,1852.0,5.463
DM-04-09-03-01,2026-07-31,23.5,1680.25,0.0
DM-04-09-03-01,2026-08-01,26.5,1693.0,0.0
DM-04-09-03-01,2026-08-02,41.375,1792.25,8.088
DM-04-09-03-01,2026-08-03,36.0,1856.0,10.801
DM-04-09-03-01,2026-08-04,28.625,1896.25,6.139
DM-04-09-03-01,2026-08-05,28.75,1889.0,1.602
DM-04-09-04-01,2026-07-08,,1432.5,
DM-04-09-04-01,2026-07-09,48.375,2366.75,
DM-04-09-04-01,2026-07-10,50.625,2430.75,
DM-04-09-04-01,2026-07-11,51.125,2524.5,
DM-04-09-04-01,2026-07-12,58.125,2645.0,
DM-04-09-04-01,2026-07-13,52.75,2508.0,
DM-04-09-04-01,2026-07-14,50.75,2430.75,
DM-04-09-04-01,2026-07-15,52.25,2392.5,
DM-04-09-04-01,2026-07-16,51.0,2345.5,
DM-04-09-04-01,2026-07-17,50.5,2372.75,
DM-04-09-04-01,2026-07-18,52.875,2515.0,
DM-04-09-04-01,2026-07-19,45.125,2605.75,
DM-04-09-04-01,2026-07-20,49.625,2458.25,
DM-04-09-04-01,2026-07-21,49.875,2444.0,
DM-04-09-04-01,2026-07-22,50.0,2408.25,0.0
DM-04-09-04-01,2026-07-23,57.875,2389.25,5.461
DM-04-09-04-01,2026-07-24,52.5,2441.25,5.547
DM-04-09-04-01,2026-07-25,52.875,2565.5,6.009
DM-04-09-04-01,2026-07-26,55.5,2604.25,9.095
DM-04-09-04-01,2026-07-27,51.5,2391.0,8.181
DM-04-09-04-01,2026-07-28,50.875,2396.0,6.642
DM-04-09-04-01,2026-07-29,50.125,2633.5,4.353
DM-04-09-04-01,2026-07-30,50.375,2442.0,2.315
DM-04-09-04-01,2026-07-31,53.375,2378.5,3.276
DM-04-09-04-01,2026-08-01,53.75,2484.25,4.612
DM-04-09-04-01,2026-08-02,56.75,2561.0,8.948
DM-04-09-04-01,2026-08-03,53.625,2401.75,10.16
DM-04-09-04-01,2026-08-04,48.875,2279.75,6.621
DM-04-09-04-01,2026-08-05,46.25,2224.5,0.457
DM-04-09-06-01,2026-07-08,,1563.75,
DM-04-09-06-01,2026-07-09,53.75,2559.25,
DM-04-09-06-01,2026-07-10,51.75,2550.75,
DM-04-09-06-01,2026-07-11,54.25,2578.75,
DM-04-09-06-01,2026-07-12,50.625,2478.0,
DM-04-09-06-01,2026-07-13,50.375,2518.0,
DM-04-09-06-01,2026-07-14,51.375,2582.25,
DM-04-09-06-01,2026-07-15,51.75,2480.25,
DM-04-09-06-01,2026-07-16,51.5,2515.0,
DM-04-09-06-01,2026-07-17,51.25,2509.5,
DM-04-09-06-01,2026-07-18,48.5,2610.0,
DM-04-09-06-01,2026-07-19,50.75,2569.25,
DM-04-09-06-01,2026-07-20,53.0,2612.75,
DM-04-09-06-01,2026-07-21,50.125,2563.0,
DM-04-09-06-01,2026-07-22,53.625,2541.5,1.423
DM-04-09-06-01,2026-07-23,54.25,2533.5,3.47
DM-04-09-06-01,2026-07-24,53.75,2574.0,5.018
DM-04-09-06-01,2026-07-25,49.75,2471.0,2.565
DM-04-09-06-01,2026-07-26,52.125,2462.0,2.488
DM-04-09-06-01,2026-07-27,47.125,2374.5,0.0
DM-04-09-06-01,2026-07-28,46.25,2286.0,0.0
DM-04-09-06-01,2026-07-29,52.5,2341.75,0.298
DM-04-09-06-01,2026-07-30,53.0,2399.75,1.095
DM-04-09-06-01,2026-07-31,52.375,2420.5,1.268
DM-04-09-06-01,2026-08-01,52.125,2502.0,1.19
DM-04-09-06-01,2026-08-02,57.375,2479.5,6.363
DM-04-09-06-01,2026-08-03,52.375,2535.0,6.535
DM-04-09-06-01,2026-08-04,54.25,2542.0,8.583
DM-04-09-06-01,2026-08-05,53.375,2489.5,9.756
DM-04-09-08-01,2026-07-15,35.0,2126.75,
DM-04-09-08-01,2026-07-16,46.125,2052.25,
DM-04-09-08-01,2026-07-17,38.25,2131.0,
DM-04-09-08-01,2026-07-18,39.125,2306.75,
DM-04-09-08-01,2026-07-19,40.125,2198.0,
DM-04-09-08-01,2026-07-20,45.25,2188.5,
DM-04-09-08-01,2026-07-21,35.25,2175.25,
DM-04-09-08-01,2026-07-22,35.0,2119.5,
DM-04-09-08-01,2026-07-23,39.875,2115.0,
DM-04-09-08-01,2026-07-24,43.125,2137.25,
DM-04-09-08-01,2026-07-25,34.125,2203.75,
DM-04-09-08-01,2026-07-26,49.0,2190.75,
DM-04-09-08-01,2026-07-27,35.0,2034.75,
DM-04-09-08-01,2026-07-28,40.625,1888.75,
DM-04-09-08-01,2026-07-29,35.125,2100.75,0.0
DM-04-09-08-01,2026-07-30,35.0,2059.5,0.0
DM-04-09-08-01,2026-07-31,38.25,2037.75,0.0
DM-04-09-08-01,2026-08-01,36.0,2150.0,0.0
DM-04-09-08-01,2026-08-02,35.25,2066.0,0.0
DM-04-09-08-01,2026-08-03,35.875,2135.75,0.0
DM-04-09-08-01,2026-08-04,42.625,2083.0,0.64
DM-04-09-08-01,2026-08-05,36.25,2125.25,0.0
DM-04-09-10-01,2026-07-08,31.5,667.75,
DM-04-09-10-01,2026-07-09,30.375,1240.5,
DM-04-09-10-01,2026-07-10,9.0,1140.0,
DM-04-09-10-01,2026-07-11,16.125,1095.75,
DM-04-09-10-01,2026-07-12,10.375,1118.0,
DM-04-09-10-01,2026-07-13,7.625,1054.25,
DM-04-09-10-01,2026-07-14,4.625,1002.25,
DM-04-09-10-01,2026-07-15,5.875,933.25,
DM-04-09-10-01,2026-07-16,8.0,1365.0,
DM-04-09-10-01,2026-07-17,7.5,932.75,
DM-04-09-10-01,2026-07-18,0.75,1010.75,
DM-04-09-10-01,2026-07-19,2.875,1029.0,
DM-04-09-10-01,2026-07-20,2.125,971.0,
DM-04-09-10-01,2026-07-21,0.0,930.5,
DM-04-09-10-01,2026-07-22,1.875,925.5,0.0
DM-04-09-10-01,2026-07-23,1.75,884.0,0.0
DM-04-09-10-01,2026-07-24,0.5,927.5,0.0
DM-04-09-10-01,2026-07-25,4.25,979.0,0.0
DM-04-09-10-01,2026-07-26,0.0,959.25,0.0
DM-04-09-10-01,2026-07-27,0.0,871.75,0.0
DM-04-09-10-01,2026-07-28,0.25,865.5,0.0
DM-04-09-10-01,2026-07-29,0.0,864.5,0.0
DM-04-09-10-01,2026-07-30,0.125,900.75,0.0
DM-04-09-10-01,2026-07-31,0.25,844.5,0.0
DM-04-09-10-01,2026-08-01,1.875,919.5,0.0
DM-04-09-10-01,2026-08-02,1.375,931.0,0.0
DM-04-09-10-01,2026-08-03,1.125,928.25,0.0
DM-04-09-10-01,2026-08-04,0.0,876.25,0.0
DM-04-09-10-01,2026-08-05,0.25,838.25,0.0
DM-04-09-11-01,2026-07-08,66.5,1299.25,
DM-04-09-11-01,2026-07-09,65.625,2459.0,
DM-04-09-11-01,2026-07-10,57.875,2473.0,
DM-04-09-11-01,2026-07-11,65.125,2548.25,
DM-04-09-11-01,2026-07-12,55.25,2504.0,
DM-04-09-11-01,2026-07-13,62.625,2496.75,
DM-04-09-11-01,2026-07-14,64.125,2563.75,
DM-04-09-11-01,2026-07-15,62.625,2458.75,
DM-04-09-11-01,2026-07-16,63.375,2408.75,
DM-04-09-11-01,2026-07-17,67.875,2503.0,
DM-04-09-11-01,2026-07-18,65.0,2627.75,
DM-04-09-11-01,2026-07-19,60.0,2562.75,
DM-04-09-11-01,2026-07-20,64.25,2619.75,
DM-04-09-11-01,2026-07-21,65.375,2595.0,
DM-04-09-11-01,2026-07-22,62.625,2574.5,0.0
DM-04-09-11-01,2026-07-23,66.625,2527.25,1.704
DM-04-09-11-01,2026-07-24,66.25,2613.0,3.033
DM-04-09-11-01,2026-07-25,70.625,2571.25,8.737
DM-04-09-11-01,2026-07-26,61.75,2473.25,5.566
DM-04-09-11-01,2026-07-27,58.25,2370.5,0.0
DM-04-09-11-01,2026-07-28,58.25,2338.0,0.0
DM-04-09-11-01,2026-07-29,56.125,2336.0,0.0
DM-04-09-11-01,2026-07-30,68.5,2484.25,3.579
DM-04-09-11-01,2026-07-31,68.125,2498.0,6.783
DM-04-09-11-01,2026-08-01,71.25,2551.5,13.112
DM-04-09-11-01,2026-08-02,62.5,2518.75,10.691
DM-04-09-11-01,2026-08-03,62.75,2582.75,8.52
DM-04-09-11-01,2026-08-04,70.125,2537.25,13.724
DM-04-09-11-01,2026-08-05,72.25,2485.5,21.053
DM-04-09-12-01,2026-07-08,,3167.5,
DM-04-09-12-01,2026-07-09,99.875,4972.5,
DM-04-09-12-01,2026-07-10,96.25,4983.75,
DM-04-09-12-01,2026-07-11,96.25,4910.0,
DM-04-09-12-01,2026-07-12,101.25,4817.5,
DM-04-09-12-01,2026-07-13,102.875,4974.5,
DM-04-09-12-01,2026-07-14,87.5,4776.75,
DM-04-09-12-01,2026-07-15,96.5,4964.0,
DM-04-09-12-01,2026-07-16,91.5,4737.25,
DM-04-09-12-01,2026-07-17,90.5,4892.75,
DM-04-09-12-01,2026-07-18,90.625,5010.0,
DM-04-09-12-01,2026-07-19,112.0,4922.75,
DM-04-09-12-01,2026-07-20,89.875,5093.5,
DM-04-09-12-01,2026-07-21,95.625,4804.75,
DM-04-09-12-01,2026-07-22,95.875,5061.5,0.0
DM-04-09-12-01,2026-07-23,94.5,4796.25,0.0
DM-04-09-12-01,2026-07-24,91.0,4940.5,0.0
DM-04-09-12-01,2026-07-25,99.875,4788.0,0.466
DM-04-09-12-01,2026-07-26,149.125,4816.75,50.181
DM-04-09-12-01,2026-07-27,131.0,4800.25,81.772
DM-04-09-12-01,2026-07-28,97.0,4604.0,79.362
DM-04-09-12-01,2026-07-29,91.25,4629.75,71.203
DM-04-09-12-01,2026-07-30,112.75,4970.0,84.543
DM-04-09-12-01,2026-07-31,99.5,5112.75,84.634
DM-04-09-12-01,2026-08-01,88.5,4591.0,73.724
DM-04-09-12-01,2026-08-02,98.25,4843.75,72.565
DM-04-09-12-01,2026-08-03,93.625,4815.5,66.781
DM-04-09-12-01,2026-08-04,90.25,4784.5,57.621
DM-04-09-12-01,2026-08-05,120.5,4926.5,78.712
DM-05-01-03-03,2026-07-08,,2914.25,
DM-05-01-03-03,2026-07-09,111.0,4933.5,
DM-05-01-03-03,2026-07-10,107.75,5020.0,
DM-05-01-03-03,2026-07-11,112.75,4932.0,
DM-05-01-03-03,2026-07-12,115.0,4923.25,
DM-05-01-03-03,2026-07-13,126.0,4963.75,
DM-05-01-03-03,2026-07-14,104.375,5075.5,
DM-05-01-03-03,2026-07-15,110.0,4927.75,
DM-05-01-03-03,2026-07-16,128.875,5017.75,
DM-05-01-03-03,2026-07-17,130.5,5030.25,
DM-05-01-03-03,2026-07-18,114.25,5010.5,
DM-05-01-03-03,2026-07-19,115.625,4798.25,
DM-05-01-03-03,2026-07-20,111.875,5052.0,
DM-05-01-03-03,2026-07-21,117.5,4986.0,
DM-05-01-03-03,2026-07-22,109.875,4951.0,0.0
DM-05-01-03-03,2026-07-23,109.75,4869.75,0.0
DM-05-01-03-03,2026-07-24,107.375,5000.0,0.0
DM-05-01-03-03,2026-07-25,122.5,4967.75,2.835
DM-05-01-03-03,2026-07-26,130.75,4866.75,13.92
DM-05-01-03-03,2026-07-27,121.0,5064.75,15.254
DM-05-01-03-03,2026-07-28,118.875,4955.75,14.464
DM-05-01-03-03,2026-07-29,122.25,4786.25,17.049
DM-05-01-03-03,2026-07-30,113.25,4916.25,10.634
DM-05-01-03-03,2026-07-31,112.875,4975.5,3.844
DM-05-01-03-03,2026-08-01,140.875,5029.25,25.054
DM-05-01-03-03,2026-08-02,113.0,4974.75,18.388
DM-05-01-03-03,2026-08-03,127.75,5117.5,26.473
DM-05-01-03-03,2026-08-04,119.0,5198.5,25.808
DM-05-01-03-03,2026-08-05,138.875,5250.25,45.018
DM-05-01-05-01,2026-07-08,,1599.75,
DM-05-01-05-01,2026-07-09,,2684.75,
DM-05-01-05-01,2026-07-10,,2768.25,
DM-05-01-05-01,2026-07-11,,2362.25,
DM-05-01-05-01,2026-07-12,,2029.75,
DM-05-01-05-01,2026-07-13,,2794.0,
DM-05-01-05-01,2026-07-14,,2763.0,
DM-05-01-05-01,2026-07-15,,2763.0,
DM-05-01-05-01,2026-07-16,,2786.75,
DM-05-01-05-01,2026-07-17,,2772.75,
DM-05-01-05-01,2026-07-18,,2401.5,
DM-05-01-05-01,2026-07-19,,2096.75,
DM-05-01-05-01,2026-07-20,,2815.5,
DM-05-01-05-01,2026-07-21,,2829.75,
DM-05-01-05-01,2026-07-22,,2839.75,0.0
DM-05-01-05-01,2026-07-23,,2805.75,0.0
DM-05-01-05-01,2026-07-24,,2791.75,0.0
DM-05-01-05-01,2026-07-25,,2456.25,0.0
DM-05-01-05-01,2026-07-26,,2170.5,0.0
DM-05-01-05-01,2026-07-27,,2797.0,0.0
DM-05-01-05-01,2026-07-28,,2192.75,0.0
DM-05-01-05-01,2026-07-29,,2666.0,0.0
DM-05-01-05-01,2026-07-30,,2879.75,0.0
DM-05-01-05-01,2026-07-31,,2747.0,0.0
DM-05-01-05-01,2026-08-01,,2452.25,0.0
DM-05-01-05-01,2026-08-02,,2248.0,0.0
DM-05-01-05-01,2026-08-03,,2862.25,0.0
DM-05-01-05-01,2026-08-04,,2949.25,0.0
DM-05-01-05-01,2026-08-05,,2908.5,0.0
DM-05-01-06-01,2026-07-08,,1451.0,
DM-05-01-06-01,2026-07-09,38.625,2171.0,
DM-05-01-06-01,2026-07-10,46.875,2100.0,
DM-05-01-06-01,2026-07-11,89.5,2263.5,
DM-05-01-06-01,2026-07-12,45.125,1861.75,
DM-05-01-06-01,2026-07-13,40.75,2303.0,
DM-05-01-06-01,2026-07-14,47.375,2280.5,
DM-05-01-06-01,2026-07-15,40.5,2214.75,
DM-05-01-06-01,2026-07-16,89.875,2396.5,
DM-05-01-06-01,2026-07-17,57.875,2262.25,
DM-05-01-06-01,2026-07-18,50.25,2264.0,
DM-05-01-06-01,2026-07-19,50.25,1937.0,
DM-05-01-06-01,2026-07-20,48.25,2242.0,
DM-05-01-06-01,2026-07-21,54.0,2249.5,
DM-05-01-06-01,2026-07-22,41.625,2208.5,0.0
DM-05-01-06-01,2026-07-23,42.875,2163.75,0.0
DM-05-01-06-01,2026-07-24,94.625,2334.75,32.762
DM-05-01-06-01,2026-07-25,47.0,2269.5,17.899
DM-05-01-06-01,2026-07-26,50.625,1896.5,6.66
DM-05-01-06-01,2026-07-27,37.375,1939.75,0.0
DM-05-01-06-01,2026-07-28,83.5,1820.0,21.637
DM-05-01-06-01,2026-07-29,38.0,1906.75,0.0
DM-05-01-06-01,2026-07-30,45.0,2119.25,0.0
DM-05-01-06-01,2026-07-31,53.375,2149.75,0.0
DM-05-01-06-01,2026-08-01,43.0,1941.0,0.0
DM-05-01-06-01,2026-08-02,43.625,1954.5,0.0
DM-05-01-06-01,2026-08-03,45.25,2265.5,0.0
DM-05-01-06-01,2026-08-04,81.25,2432.5,19.387
DM-05-01-06-01,2026-08-05,41.375,2349.5,0.0
DM-05-01-09-02,2026-07-11,175.25,8434.75,
DM-05-01-09-02,2026-07-12,170.25,7752.5,
DM-05-01-09-02,2026-07-13,233.625,9406.75,
DM-05-01-09-02,2026-07-14,207.25,9475.0,
DM-05-01-09-02,2026-07-15,227.375,9547.25,
DM-05-01-09-02,2026-07-16,234.75,9448.0,
DM-05-01-09-02,2026-07-17,217.625,9409.75,
DM-05-01-09-02,2026-07-18,244.75,8394.25,
DM-05-01-09-02,2026-07-19,205.75,7891.5,
DM-05-01-09-02,2026-07-20,207.25,9244.5,
DM-05-01-09-02,2026-07-21,166.625,9328.5,
DM-05-01-09-02,2026-07-22,225.75,9066.5,
DM-05-01-09-02,2026-07-23,210.75,9475.75,
DM-05-01-09-02,2026-07-24,217.875,9409.0,
DM-05-01-09-02,2026-07-25,221.125,8042.0,0.0
DM-05-01-09-02,2026-07-26,206.875,7716.25,0.0
DM-05-01-09-02,2026-07-27,203.875,9005.25,0.0
DM-05-01-09-02,2026-07-28,204.75,7522.75,0.0
DM-05-01-09-02,2026-07-29,216.625,7737.25,0.0
DM-05-01-09-02,2026-07-30,185.75,8911.25,0.0
DM-05-01-09-02,2026-07-31,185.375,8789.75,0.0
DM-05-01-09-02,2026-08-01,205.625,7771.5,0.0
DM-05-01-09-02,2026-08-02,190.875,7629.5,0.0
DM-05-01-09-02,2026-08-03,227.875,9482.5,5.763
DM-05-01-09-02,2026-08-04,202.375,9458.75,0.0
DM-05-01-09-02,2026-08-05,238.5,9284.5,16.388
DM-05-02-01-01,2026-07-08,82.625,1685.5,
DM-05-02-01-01,2026-07-09,75.0,3199.5,
DM-05-02-01-01,2026-07-10,88.25,3257.0,
DM-05-02-01-01,2026-07-11,87.75,3274.25,
DM-05-02-01-01,2026-07-12,89.125,3288.5,
DM-05-02-01-01,2026-07-13,80.375,3236.5,
DM-05-02-01-01,2026-07-14,81.375,3240.25,
DM-05-02-01-01,2026-07-15,92.625,3297.25,
DM-05-02-01-01,2026-07-16,87.625,3289.75,
DM-05-02-01-01,2026-07-17,87.0,3272.0,
DM-05-02-01-01,2026-07-18,91.625,3347.25,
DM-05-02-01-01,2026-07-19,78.5,3296.75,
DM-05-02-01-01,2026-07-20,83.75,3275.0,
DM-05-02-01-01,2026-07-21,75.375,3252.75,
DM-05-02-01-01,2026-07-22,82.0,3313.5,0.0
DM-05-02-01-01,2026-07-23,81.625,3245.75,0.0
DM-05-02-01-01,2026-07-24,78.5,3328.25,0.0
DM-05-02-01-01,2026-07-25,86.25,3282.25,0.0
DM-05-02-01-01,2026-07-26,79.625,3278.75,0.0
DM-05-02-01-01,2026-07-27,80.375,3256.0,0.0
DM-05-02-01-01,2026-07-28,85.625,3168.75,0.0
DM-05-02-01-01,2026-07-29,80.25,3212.0,0.0
DM-05-02-01-01,2026-07-30,80.375,3200.0,0.0
DM-05-02-01-01,2026-07-31,83.0,3183.0,0.0
DM-05-02-01-01,2026-08-01,71.25,3159.5,0.0
DM-05-02-01-01,2026-08-02,82.5,3315.75,0.0
DM-05-02-01-01,2026-08-03,77.0,3291.5,0.0
DM-05-02-01-01,2026-08-04,368.125,4319.0,281.033
DM-05-02-01-01,2026-08-05,517.0,12399.5,710.941
DM-05-02-01-02,2026-07-08,,1524.75,
DM-05-02-01-02,2026-07-09,,2667.0,
DM-05-02-01-02,2026-07-10,,2665.5,
DM-05-02-01-02,2026-07-11,,2666.0,
DM-05-02-01-02,2026-07-12,,2646.25,
DM-05-02-01-02,2026-07-13,,2633.0,
DM-05-02-01-02,2026-07-14,,2633.5,
DM-05-02-01-02,2026-07-15,,2664.75,
DM-05-02-01-02,2026-07-16,,2778.75,
DM-05-02-01-02,2026-07-17,,2692.25,
DM-05-02-01-02,2026-07-18,,2789.5,
DM-05-02-01-02,2026-07-19,,2754.75,
DM-05-02-01-02,2026-07-20,,2683.5,
DM-05-02-01-02,2026-07-21,,2737.5,
DM-05-02-01-02,2026-07-22,,2847.5,0.0
DM-05-02-01-02,2026-07-23,,2621.5,0.0
DM-05-02-01-02,2026-07-24,,2776.75,0.0
DM-05-02-01-02,2026-07-25,,2721.0,0.0
DM-05-02-01-02,2026-07-26,,2751.0,0.0
DM-05-02-01-02,2026-07-27,,2729.5,0.0
DM-05-02-01-02,2026-07-28,,2637.0,0.0
DM-05-02-01-02,2026-07-29,,2719.25,0.0
DM-05-02-01-02,2026-07-30,,2620.0,0.0
DM-05-02-01-02,2026-07-31,,2557.0,0.0
DM-05-02-01-02,2026-08-01,,2637.75,0.0
DM-05-02-01-02,2026-08-02,,2753.75,0.0
DM-05-02-01-02,2026-08-03,,2726.75,0.0
DM-05-02-01-02,2026-08-04,,2772.0,0.0
DM-05-02-01-02,2026-08-05,,2742.5,0.0
DM-05-02-02-01,2026-07-08,,2497.75,
DM-05-02-02-01,2026-07-09,94.5,3883.25,
DM-05-02-02-01,2026-07-10,81.375,3447.5,
DM-05-02-02-01,2026-07-11,88.125,3374.0,
DM-05-02-02-01,2026-07-12,76.25,3219.75,
DM-05-02-02-01,2026-07-13,78.375,3232.25,
DM-05-02-02-01,2026-07-14,72.5,3142.5,
DM-05-02-02-01,2026-07-15,77.0,3176.25,
DM-05-02-02-01,2026-07-16,80.375,3146.0,
DM-05-02-02-01,2026-07-17,74.75,3207.5,
DM-05-02-02-01,2026-07-18,76.625,3268.5,
DM-05-02-02-01,2026-07-19,77.625,3205.0,
DM-05-02-02-01,2026-07-20,72.625,3219.5,
DM-05-02-02-01,2026-07-21,76.75,3233.0,
DM-05-02-02-01,2026-07-22,78.125,3767.75,0.0
DM-05-02-02-01,2026-07-23,97.75,3882.75,15.797
DM-05-02-02-01,2026-07-24,91.625,3906.5,25.468
DM-05-02-02-01,2026-07-25,96.25,3920.75,39.765
DM-05-02-02-01,2026-07-26,93.5,3904.25,51.311
DM-05-02-02-01,2026-07-27,96.25,3863.25,65.608
DM-05-02-02-01,2026-07-28,96.0,3939.0,79.654
DM-05-02-02-01,2026-07-29,99.875,3886.5,97.576
DM-05-02-02-01,2026-07-30,89.375,3878.25,104.997
DM-05-02-02-01,2026-07-31,91.375,3814.25,114.419
DM-05-02-02-01,2026-08-01,95.625,3994.25,128.091
DM-05-02-02-01,2026-08-02,93.625,3954.0,139.762
DM-05-02-02-01,2026-08-03,97.75,3997.0,155.559
DM-05-02-02-01,2026-08-04,96.25,3999.0,169.855
DM-05-02-02-01,2026-08-05,105.375,4074.75,193.277
DM-05-02-02-02,2026-07-08,,1272.0,
DM-05-02-02-02,2026-07-09,,2249.0,
DM-05-02-02-02,2026-07-10,,2372.5,
DM-05-02-02-02,2026-07-11,,2231.25,
DM-05-02-02-02,2026-07-12,,2048.75,
DM-05-02-02-02,2026-07-13,,1986.5,
DM-05-02-02-02,2026-07-14,,1982.25,
DM-05-02-02-02,2026-07-15,,2014.5,
DM-05-02-02-02,2026-07-16,,1930.25,
DM-05-02-02-02,2026-07-17,,2056.0,
DM-05-02-02-02,2026-07-18,,2051.75,
DM-05-02-02-02,2026-07-19,,2032.0,
DM-05-02-02-02,2026-07-20,,2035.5,
DM-05-02-02-02,2026-07-21,,2005.5,
DM-05-02-02-02,2026-07-22,,2129.75,0.0
DM-05-02-02-02,2026-07-23,,2151.75,0.0
DM-05-02-02-02,2026-07-24,,2196.0,0.0
DM-05-02-02-02,2026-07-25,,2228.0,0.0
DM-05-02-02-02,2026-07-26,,2235.25,0.0
DM-05-02-02-02,2026-07-27,,2185.0,0.0
DM-05-02-02-02,2026-07-28,,2256.0,0.0
DM-05-02-02-02,2026-07-29,,2213.75,0.0
DM-05-02-02-02,2026-07-30,,2156.0,0.0
DM-05-02-02-02,2026-07-31,,2185.75,0.0
DM-05-02-02-02,2026-08-01,,2277.5,0.0
DM-05-02-02-02,2026-08-02,,2290.5,0.0
DM-05-02-02-02,2026-08-03,,2266.75,0.0
DM-05-02-02-02,2026-08-04,,2287.5,0.0
DM-05-02-02-02,2026-08-05,,2286.75,0.0
DM-05-02-03-01,2026-07-08,,2191.0,
DM-05-02-03-01,2026-07-09,91.875,3613.75,
DM-05-02-03-01,2026-07-10,92.75,3588.25,
DM-05-02-03-01,2026-07-11,92.875,3643.5,
DM-05-02-03-01,2026-07-12,94.5,3710.5,
DM-05-02-03-01,2026-07-13,104.5,3727.75,
DM-05-02-03-01,2026-07-14,99.875,3762.0,
DM-05-02-03-01,2026-07-15,100.5,3791.5,
DM-05-02-03-01,2026-07-16,103.375,3773.25,
DM-05-02-03-01,2026-07-17,104.125,3813.25,
DM-05-02-03-01,2026-07-18,105.25,3861.25,
DM-05-02-03-01,2026-07-19,97.625,3793.5,
DM-05-02-03-01,2026-07-20,99.875,3796.25,
DM-05-02-03-01,2026-07-21,99.875,3816.75,
DM-05-02-03-01,2026-07-22,104.375,3759.75,3.102
DM-05-02-03-01,2026-07-23,103.5,3778.75,5.328
DM-05-02-03-01,2026-07-24,94.75,3692.75,0.0
DM-05-02-03-01,2026-07-25,101.125,3787.5,0.0
DM-05-02-03-01,2026-07-26,101.75,3728.25,0.477
DM-05-02-03-01,2026-07-27,96.0,2926.0,0.0
DM-05-02-03-01,2026-07-28,86.5,3246.75,0.0
DM-05-02-03-01,2026-07-29,86.125,3325.5,0.0
DM-05-02-03-01,2026-07-30,78.875,3313.25,0.0
DM-05-02-03-01,2026-07-31,86.0,3307.25,0.0
DM-05-02-03-01,2026-08-01,87.25,3390.0,0.0
DM-05-02-03-01,2026-08-02,81.75,3324.25,0.0
DM-05-02-03-01,2026-08-03,90.5,3435.25,0.0
DM-05-02-03-01,2026-08-04,92.875,3507.25,0.0
DM-05-02-03-01,2026-08-05,92.25,3422.5,0.0
DM-05-02-03-03,2026-07-08,,2313.0,
DM-05-02-03-03,2026-07-09,108.0,3778.0,
DM-05-02-03-03,2026-07-10,105.25,3844.75,
DM-05-02-03-03,2026-07-11,100.25,3628.75,
DM-05-02-03-03,2026-07-12,89.625,3426.0,
DM-05-02-03-03,2026-07-13,99.75,3596.75,
DM-05-02-03-03,2026-07-14,99.75,3628.75,
DM-05-02-03-03,2026-07-15,103.875,3724.0,
DM-05-02-03-03,2026-07-16,100.5,3769.75,
DM-05-02-03-03,2026-07-17,107.625,3666.75,
DM-05-02-03-03,2026-07-18,102.0,3588.0,
DM-05-02-03-03,2026-07-19,91.875,3416.25,
DM-05-02-03-03,2026-07-20,97.75,3589.25,
DM-05-02-03-03,2026-07-21,102.25,3633.0,
DM-05-02-03-03,2026-07-22,119.625,3903.25,16.387
DM-05-02-03-03,2026-07-23,108.75,3855.0,21.898
DM-05-02-03-03,2026-07-24,102.25,3809.25,20.91
DM-05-02-03-03,2026-07-25,105.75,3911.75,23.421
DM-05-02-03-03,2026-07-26,111.875,3743.5,32.058
DM-05-02-03-03,2026-07-27,96.625,4020.75,25.444
DM-05-02-03-03,2026-07-28,102.25,3587.0,24.456
DM-05-02-03-03,2026-07-29,89.25,3538.0,10.467
DM-05-02-03-03,2026-07-30,95.625,3690.25,2.854
DM-05-02-03-03,2026-07-31,96.625,3734.5,0.0
DM-05-02-03-03,2026-08-01,105.25,3791.0,2.012
DM-05-02-03-03,2026-08-02,104.5,3726.75,3.273
DM-05-02-03-03,2026-08-03,107.375,3916.5,7.41
DM-05-02-03-03,2026-08-04,118.0,4019.75,22.171
DM-05-02-03-03,2026-08-05,115.25,3982.25,34.183
DM-05-02-04-02,2026-07-08,,4704.75,
DM-05-02-04-02,2026-07-09,204.75,7789.75,
DM-05-02-04-02,2026-07-10,207.375,7953.5,
DM-05-02-04-02,2026-07-11,205.875,7523.75,
DM-05-02-04-02,2026-07-12,194.875,7315.5,
DM-05-02-04-02,2026-07-13,216.25,8123.5,
DM-05-02-04-02,2026-07-14,198.25,8110.75,
DM-05-02-04-02,2026-07-15,220.25,8266.75,
DM-05-02-04-02,2026-07-16,225.25,8233.25,
DM-05-02-04-02,2026-07-17,216.75,8118.0,
DM-05-02-04-02,2026-07-18,205.875,7597.25,
DM-05-02-04-02,2026-07-19,186.625,7385.75,
DM-05-02-04-02,2026-07-20,193.5,8150.25,
DM-05-02-04-02,2026-07-21,219.625,8178.5,
DM-05-02-04-02,2026-07-22,243.75,8111.0,30.746
DM-05-02-04-02,2026-07-23,202.875,8069.0,20.617
DM-05-02-04-02,2026-07-24,195.375,7825.75,2.988
DM-05-02-04-02,2026-07-25,184.0,7765.5,0.0
DM-05-02-04-02,2026-07-26,218.125,7143.25,5.121
DM-05-02-04-02,2026-07-27,175.75,7836.0,0.0
DM-05-02-04-02,2026-07-28,202.375,7280.5,0.0
DM-05-02-04-02,2026-07-29,181.0,7194.5,0.0
DM-05-02-04-02,2026-07-30,175.125,7834.0,0.0
DM-05-02-04-02,2026-07-31,193.125,7786.5,0.0
DM-05-02-04-02,2026-08-01,212.375,7685.5,0.0
DM-05-02-04-02,2026-08-02,188.25,7420.75,0.0
DM-05-02-04-02,2026-08-03,202.25,8288.75,0.0
DM-05-02-04-02,2026-08-04,218.625,8330.0,5.621
DM-05-02-04-02,2026-08-05,224.75,8288.0,17.367
DM-05-02-05-01,2026-07-08,,4121.75,
DM-05-02-05-01,2026-07-09,160.875,6030.75,
DM-05-02-05-01,2026-07-10,119.5,6122.0,
DM-05-02-05-01,2026-07-11,132.375,5476.25,
DM-05-02-05-01,2026-07-12,172.125,5442.0,
DM-05-02-05-01,2026-07-13,132.5,6142.0,
DM-05-02-05-01,2026-07-14,137.625,6128.75,
DM-05-02-05-01,2026-07-15,167.125,6118.75,
DM-05-02-05-01,2026-07-16,131.0,5936.75,
DM-05-02-05-01,2026-07-17,136.75,5916.25,
DM-05-02-05-01,2026-07-18,154.5,5944.75,
DM-05-02-05-01,2026-07-19,147.375,5628.0,
DM-05-02-05-01,2026-07-20,118.25,6292.25,
DM-05-02-05-01,2026-07-21,169.0,6095.75,
DM-05-02-05-01,2026-07-22,157.0,6246.5,3.532
DM-05-02-05-01,2026-07-23,144.5,6140.5,0.0
DM-05-02-05-01,2026-07-24,137.25,6362.5,0.0
DM-05-02-05-01,2026-07-25,134.75,5698.0,0.0
DM-05-02-05-01,2026-07-26,145.75,5631.25,0.0
DM-05-02-05-01,2026-07-27,175.0,6034.5,21.532
DM-05-02-05-01,2026-07-28,131.625,5296.5,0.0
DM-05-02-05-01,2026-07-29,149.625,5487.5,0.0
DM-05-02-05-01,2026-07-30,166.875,5907.25,13.407
DM-05-02-05-01,2026-07-31,142.125,5945.75,2.064
DM-05-02-05-01,2026-08-01,143.75,5778.75,0.0
DM-05-02-05-01,2026-08-02,141.875,5688.25,0.0
DM-05-02-05-01,2026-08-03,127.625,6157.25,0.0
DM-05-02-05-01,2026-08-04,155.25,6304.75,1.782
DM-05-02-05-01,2026-08-05,134.375,6317.75,0.0
DM-05-02-06-02,2026-07-08,,2600.0,
DM-05-02-06-02,2026-07-09,192.625,4668.0,
DM-05-02-06-02,2026-07-10,202.625,4679.75,
DM-05-02-06-02,2026-07-11,118.688,4607.25,
DM-05-02-06-02,2026-07-12,116.0,4666.0,
DM-05-02-06-02,2026-07-13,119.75,4678.0,
DM-05-02-06-02,2026-07-14,116.25,4619.5,
DM-05-02-06-02,2026-07-15,121.25,4593.0,
DM-05-02-06-02,2026-07-16,124.25,4554.75,
DM-05-02-06-02,2026-07-17,111.25,4538.0,
DM-05-02-06-02,2026-07-18,125.0,4800.75,
DM-05-02-06-02,2026-07-19,126.125,4755.25,
DM-05-02-06-02,2026-07-20,116.875,4620.0,
DM-05-02-06-02,2026-07-21,118.0,4570.0,
DM-05-02-06-02,2026-07-22,107.625,4616.0,0.0
DM-05-02-06-02,2026-07-23,118.875,4522.75,0.0
DM-05-02-06-02,2026-07-24,109.625,4593.75,0.0
DM-05-02-06-02,2026-07-25,116.5,4705.75,0.0
DM-05-02-06-02,2026-07-26,123.5,4723.25,0.0
DM-05-02-06-02,2026-07-27,132.5,4599.5,0.0
DM-05-02-06-02,2026-07-28,117.0,4522.5,0.0
DM-05-02-06-02,2026-07-29,135.75,4729.25,0.0
DM-05-02-06-02,2026-07-30,113.125,4555.75,0.0
DM-05-02-06-02,2026-07-31,111.0,4610.0,0.0
DM-05-02-06-02,2026-08-01,120.625,4734.5,0.0
DM-05-02-06-02,2026-08-02,122.0,4802.75,0.0
DM-05-02-06-02,2026-08-03,130.125,4741.5,0.0
DM-05-02-06-02,2026-08-04,114.625,4679.75,0.0
DM-05-02-06-02,2026-08-05,120.375,4732.75,0.0
DM-05-02-07-01,2026-07-08,,2606.25,
DM-05-02-07-01,2026-07-09,109.5,4304.75,
DM-05-02-07-01,2026-07-10,108.375,4156.0,
DM-05-02-07-01,2026-07-11,119.625,4443.25,
DM-05-02-07-01,2026-07-12,120.625,4379.0,
DM-05-02-07-01,2026-07-13,118.375,4348.25,
DM-05-02-07-01,2026-07-14,114.625,4313.25,
DM-05-02-07-01,2026-07-15,114.125,4320.5,
DM-05-02-07-01,2026-07-16,119.625,4101.5,
DM-05-02-07-01,2026-07-17,102.125,3908.25,
DM-05-02-07-01,2026-07-18,108.625,4090.25,
DM-05-02-07-01,2026-07-19,107.5,3962.0,
DM-05-02-07-01,2026-07-20,91.25,4040.25,
DM-05-02-07-01,2026-07-21,100.5,4030.75,
DM-05-02-07-01,2026-07-22,106.25,3989.75,0.0
DM-05-02-07-01,2026-07-23,114.625,3940.5,0.044
DM-05-02-07-01,2026-07-24,97.75,4010.0,0.0
DM-05-02-07-01,2026-07-25,105.625,4038.25,0.0
DM-05-02-07-01,2026-07-26,99.0,3996.0,0.0
DM-05-02-07-01,2026-07-27,102.625,4110.5,0.0
DM-05-02-07-01,2026-07-28,109.625,3931.5,0.0
DM-05-02-07-01,2026-07-29,104.0,3970.75,0.0
DM-05-02-07-01,2026-07-30,105.625,4028.0,0.0
DM-05-02-07-01,2026-07-31,100.375,3926.75,0.0
DM-05-02-07-01,2026-08-01,107.5,3929.75,0.0
DM-05-02-07-01,2026-08-02,96.25,4036.5,0.0
DM-05-02-07-01,2026-08-03,103.25,4057.75,0.0
DM-05-02-07-01,2026-08-04,96.0,3993.0,0.0
DM-05-02-07-01,2026-08-05,99.0,3917.5,0.0
DM-05-02-08-01,2026-07-08,,1815.75,
DM-05-02-08-01,2026-07-09,59.125,2737.5,
DM-05-02-08-01,2026-07-10,62.375,2990.0,
DM-05-02-08-01,2026-07-11,77.875,2500.25,
DM-05-02-08-01,2026-07-12,64.875,2444.25,
DM-05-02-08-01,2026-07-13,69.5,2953.0,
DM-05-02-08-01,2026-07-14,73.75,2750.25,
DM-05-02-08-01,2026-07-15,64.25,2751.25,
DM-05-02-08-01,2026-07-16,67.375,2967.75,
DM-05-02-08-01,2026-07-17,66.625,2640.5,
DM-05-02-08-01,2026-07-18,71.75,2662.25,
DM-05-02-08-01,2026-07-19,67.25,2447.75,
DM-05-02-08-01,2026-07-20,62.75,2893.5,
DM-05-02-08-01,2026-07-21,62.625,2739.75,
DM-05-02-08-01,2026-07-22,71.25,2876.75,1.815
DM-05-02-08-01,2026-07-23,69.25,2742.75,1.63
DM-05-02-08-01,2026-07-24,62.0,2829.5,0.0
DM-05-02-08-01,2026-07-25,63.875,2389.5,0.0
DM-05-02-08-01,2026-07-26,64.875,2389.25,0.0
DM-05-02-08-01,2026-07-27,58.625,2743.75,0.0
DM-05-02-08-01,2026-07-28,60.375,2344.25,0.0
DM-05-02-08-01,2026-07-29,64.875,2418.75,0.0
DM-05-02-08-01,2026-07-30,59.5,2649.0,0.0
DM-05-02-08-01,2026-07-31,64.0,2367.5,0.0
DM-05-02-08-01,2026-08-01,62.25,2429.75,0.0
DM-05-02-08-01,2026-08-02,61.25,2519.0,0.0
DM-05-02-08-01,2026-08-03,62.125,2741.5,0.0
DM-05-02-08-01,2026-08-04,61.75,3091.5,0.0
DM-05-02-08-01,2026-08-05,68.75,2756.0,0.0
DM-05-03-01-02,2026-07-08,,1506.5,
DM-05-03-01-02,2026-07-09,,2706.0,
DM-05-03-01-02,2026-07-10,,2641.0,
DM-05-03-01-02,2026-07-11,,2692.5,
DM-05-03-01-02,2026-07-12,,2668.0,
DM-05-03-01-02,2026-07-13,,2710.5,
DM-05-03-01-02,2026-07-14,,2639.0,
DM-05-03-01-02,2026-07-15,,2677.5,
DM-05-03-01-02,2026-07-16,,2677.5,
DM-05-03-01-02,2026-07-17,,2664.75,
DM-05-03-01-02,2026-07-18,,2720.5,
DM-05-03-01-02,2026-07-19,,2726.5,
DM-05-03-01-02,2026-07-20,,2706.5,
DM-05-03-01-02,2026-07-21,,2743.5,
DM-05-03-01-02,2026-07-22,,2805.5,0.0
DM-05-03-01-02,2026-07-23,,2684.0,0.0
DM-05-03-01-02,2026-07-24,,2802.0,0.0
DM-05-03-01-02,2026-07-25,,2759.0,0.0
DM-05-03-01-02,2026-07-26,,2800.5,0.0
DM-05-03-01-02,2026-07-27,,2805.0,0.0
DM-05-03-01-02,2026-07-28,,2676.5,0.0
DM-05-03-01-02,2026-07-29,,2738.0,0.0
DM-05-03-01-02,2026-07-30,,2643.0,0.0
DM-05-03-01-02,2026-07-31,,2550.75,0.0
DM-05-03-01-02,2026-08-01,,2657.75,0.0
DM-05-03-01-02,2026-08-02,,2708.5,0.0
DM-05-03-01-02,2026-08-03,,2753.25,0.0
DM-05-03-01-02,2026-08-04,,2751.0,0.0
DM-05-03-01-02,2026-08-05,,2734.0,0.0
DM-05-03-03-01,2026-07-08,,1170.5,
DM-05-03-03-01,2026-07-09,47.25,1919.0,
DM-05-03-03-01,2026-07-10,46.375,1930.5,
DM-05-03-03-01,2026-07-11,49.5,1979.75,
DM-05-03-03-01,2026-07-12,48.875,1977.5,
DM-05-03-03-01,2026-07-13,51.5,1957.25,
DM-05-03-03-01,2026-07-14,43.625,1923.25,
DM-05-03-03-01,2026-07-15,46.25,1906.5,
DM-05-03-03-01,2026-07-16,47.625,1937.5,
DM-05-03-03-01,2026-07-17,45.5,1906.25,
DM-05-03-03-01,2026-07-18,46.75,2032.5,
DM-05-03-03-01,2026-07-19,48.75,2015.25,
DM-05-03-03-01,2026-07-20,44.375,1919.25,
DM-05-03-03-01,2026-07-21,48.0,1913.5,
DM-05-03-03-01,2026-07-22,45.5,1890.75,0.0
DM-05-03-03-01,2026-07-23,49.5,1917.5,1.21
DM-05-03-03-01,2026-07-24,45.375,1932.25,0.0
DM-05-03-03-01,2026-07-25,44.75,1933.25,0.0
DM-05-03-03-01,2026-07-26,46.75,1948.5,0.0
DM-05-03-03-01,2026-07-27,45.625,1863.5,0.0
DM-05-03-03-01,2026-07-28,44.125,1890.0,0.0
DM-05-03-03-01,2026-07-29,49.875,1919.5,1.585
DM-05-03-03-01,2026-07-30,44.75,1882.75,0.0
DM-05-03-03-01,2026-07-31,45.625,1877.5,0.0
DM-05-03-03-01,2026-08-01,44.875,1939.5,0.0
DM-05-03-03-01,2026-08-02,42.5,1972.25,0.0
DM-05-03-03-01,2026-08-03,48.0,1932.0,0.0
DM-05-03-03-01,2026-08-04,45.25,1925.25,0.0
DM-05-03-03-01,2026-08-05,46.5,1883.0,0.0
DM-05-03-03-02,2026-07-08,,869.5,
DM-05-03-03-02,2026-07-09,,1466.0,
DM-05-03-03-02,2026-07-10,,1498.0,
DM-05-03-03-02,2026-07-11,,1849.5,
DM-05-03-03-02,2026-07-12,,1917.75,
DM-05-03-03-02,2026-07-13,,1774.75,
DM-05-03-03-02,2026-07-14,,1742.0,
DM-05-03-03-02,2026-07-15,,1686.75,
DM-05-03-03-02,2026-07-16,,1636.75,
DM-05-03-03-02,2026-07-17,,1617.25,
DM-05-03-03-02,2026-07-18,,1682.5,
DM-05-03-03-02,2026-07-19,,1637.75,
DM-05-03-03-02,2026-07-20,,1678.75,
DM-05-03-03-02,2026-07-21,,1622.0,
DM-05-03-03-02,2026-07-22,,1573.75,0.0
DM-05-03-03-02,2026-07-23,,1556.25,0.0
DM-05-03-03-02,2026-07-24,,1535.25,0.0
DM-05-03-03-02,2026-07-25,,1547.75,0.0
DM-05-03-03-02,2026-07-26,,1665.0,0.0
DM-05-03-03-02,2026-07-27,,1651.5,0.0
DM-05-03-03-02,2026-07-28,,1712.25,0.0
DM-05-03-03-02,2026-07-29,,1671.75,0.0
DM-05-03-03-02,2026-07-30,,1582.0,0.0
DM-05-03-03-02,2026-07-31,,1638.5,0.0
DM-05-03-03-02,2026-08-01,,1688.0,0.0
DM-05-03-03-02,2026-08-02,,1719.0,0.0
DM-05-03-03-02,2026-08-03,,1598.5,0.0
DM-05-03-03-02,2026-08-04,,1553.25,0.0
DM-05-03-03-02,2026-08-05,,1497.75,0.0
DM-05-03-03-03,2026-07-08,,1402.25,
DM-05-03-03-03,2026-07-09,,2446.5,
DM-05-03-03-03,2026-07-10,,2501.75,
DM-05-03-03-03,2026-07-11,,2550.25,
DM-05-03-03-03,2026-07-12,,2599.75,
DM-05-03-03-03,2026-07-13,,2494.5,
DM-05-03-03-03,2026-07-14,,2491.75,
DM-05-03-03-03,2026-07-15,,2473.0,
DM-05-03-03-03,2026-07-16,,2465.0,
DM-05-03-03-03,2026-07-17,,2473.0,
DM-05-03-03-03,2026-07-18,,2613.75,
DM-05-03-03-03,2026-07-19,,2606.25,
DM-05-03-03-03,2026-07-20,,2469.75,
DM-05-03-03-03,2026-07-21,,2473.25,
DM-05-03-03-03,2026-07-22,,2435.25,0.0
DM-05-03-03-03,2026-07-23,,2466.0,0.0
DM-05-03-03-03,2026-07-24,,2486.75,0.0
DM-05-03-03-03,2026-07-25,,2511.25,0.0
DM-05-03-03-03,2026-07-26,,2532.75,0.0
DM-05-03-03-03,2026-07-27,,2407.0,0.0
DM-05-03-03-03,2026-07-28,,2465.75,0.0
DM-05-03-03-03,2026-07-29,,2486.75,0.0
DM-05-03-03-03,2026-07-30,,2431.75,0.0
DM-05-03-03-03,2026-07-31,,2434.75,0.0
DM-05-03-03-03,2026-08-01,,2501.5,0.0
DM-05-03-03-03,2026-08-02,,2573.5,0.0
DM-05-03-03-03,2026-08-03,,2489.5,0.0
DM-05-03-03-03,2026-08-04,,2476.5,0.0
DM-05-03-03-03,2026-08-05,,2446.75,0.0
DM-05-03-04-02,2026-07-08,,1674.5,
DM-05-03-04-02,2026-07-09,59.5,2728.25,
DM-05-03-04-02,2026-07-10,61.5,2722.0,
DM-05-03-04-02,2026-07-11,70.5,2791.75,
DM-05-03-04-02,2026-07-12,66.25,2753.25,
DM-05-03-04-02,2026-07-13,63.25,2741.25,
DM-05-03-04-02,2026-07-14,62.625,2761.25,
DM-05-03-04-02,2026-07-15,59.875,2731.5,
DM-05-03-04-02,2026-07-16,62.25,2722.75,
DM-05-03-04-02,2026-07-17,59.625,2731.75,
DM-05-03-04-02,2026-07-18,63.5,2841.75,
DM-05-03-04-02,2026-07-19,62.5,2779.75,
DM-05-03-04-02,2026-07-20,60.875,2731.25,
DM-05-03-04-02,2026-07-21,60.5,2707.5,
DM-05-03-04-02,2026-07-22,62.125,2714.75,0.0
DM-05-03-04-02,2026-07-23,59.625,2702.0,0.0
DM-05-03-04-02,2026-07-24,60.0,2769.5,0.0
DM-05-03-04-02,2026-07-25,62.375,2799.25,0.0
DM-05-03-04-02,2026-07-26,64.5,2745.0,0.516
DM-05-03-04-02,2026-07-27,59.875,2676.75,0.0
DM-05-03-04-02,2026-07-28,58.0,2660.25,0.0
DM-05-03-04-02,2026-07-29,66.5,2724.5,2.516
DM-05-03-04-02,2026-07-30,58.875,2717.25,0.0
DM-05-03-04-02,2026-07-31,62.625,2759.25,0.0
DM-05-03-04-02,2026-08-01,61.875,2781.25,0.0
DM-05-03-04-02,2026-08-02,64.0,2824.25,0.016
DM-05-03-04-02,2026-08-03,60.875,2821.5,0.0
DM-05-03-04-02,2026-08-04,66.375,2783.25,2.391
DM-05-03-04-02,2026-08-05,63.875,2760.25,2.283
DM-05-03-05-01,2026-07-08,,504.75,
DM-05-03-05-01,2026-07-09,,996.75,
DM-05-03-05-01,2026-07-10,,995.5,
DM-05-03-05-01,2026-07-11,,945.75,
DM-05-03-05-01,2026-07-12,,987.75,
DM-05-03-05-01,2026-07-13,,986.0,
DM-05-03-05-01,2026-07-14,,948.75,
DM-05-03-05-01,2026-07-15,,894.0,
DM-05-03-05-01,2026-07-16,,931.75,
DM-05-03-05-01,2026-07-17,,910.25,
DM-05-03-05-01,2026-07-18,,921.0,
DM-05-03-05-01,2026-07-19,,930.0,
DM-05-03-05-01,2026-07-20,,907.0,
DM-05-03-05-01,2026-07-21,,924.5,
DM-05-03-05-01,2026-07-22,,868.75,0.0
DM-05-03-05-01,2026-07-23,,887.5,0.0
DM-05-03-05-01,2026-07-24,,904.0,0.0
DM-05-03-05-01,2026-07-25,,841.25,0.0
DM-05-03-05-01,2026-07-26,,883.5,0.0
DM-05-03-05-01,2026-07-27,,995.25,0.0
DM-05-03-05-01,2026-07-28,,875.25,0.0
DM-05-03-05-01,2026-07-29,,919.75,0.0
DM-05-03-05-01,2026-07-30,,858.0,0.0
DM-05-03-05-01,2026-07-31,,929.25,0.0
DM-05-03-05-01,2026-08-01,,943.25,0.0
DM-05-03-05-01,2026-08-02,,914.75,0.0
DM-05-03-05-01,2026-08-03,,891.25,0.0
DM-05-03-05-01,2026-08-04,,945.75,0.0
DM-05-03-05-01,2026-08-05,,958.5,0.0
DM-05-03-05-02,2026-07-08,,763.5,
DM-05-03-05-02,2026-07-09,32.625,1506.25,
DM-05-03-05-02,2026-07-10,32.75,1595.5,
DM-05-03-05-02,2026-07-11,36.875,1459.75,
DM-05-03-05-02,2026-07-12,31.25,1570.25,
DM-05-03-05-02,2026-07-13,37.25,1442.75,
DM-05-03-05-02,2026-07-14,27.625,1496.25,
DM-05-03-05-02,2026-07-15,34.375,1439.5,
DM-05-03-05-02,2026-07-16,35.875,1592.25,
DM-05-03-05-02,2026-07-17,28.0,1486.25,
DM-05-03-05-02,2026-07-18,29.5,1528.25,
DM-05-03-05-02,2026-07-19,33.875,1543.5,
DM-05-03-05-02,2026-07-20,29.125,1523.0,
DM-05-03-05-02,2026-07-21,35.0,1520.75,
DM-05-03-05-02,2026-07-22,29.375,1424.75,0.0
DM-05-03-05-02,2026-07-23,36.375,1444.25,2.165
DM-05-03-05-02,2026-07-24,28.875,1483.75,0.0
DM-05-03-05-02,2026-07-25,32.875,1395.5,0.0
DM-05-03-05-02,2026-07-26,28.25,1448.0,0.0
DM-05-03-05-02,2026-07-27,40.0,1603.75,5.79
DM-05-03-05-02,2026-07-28,38.0,1421.75,9.581
DM-05-03-05-02,2026-07-29,31.375,1526.25,6.746
DM-05-03-05-02,2026-07-30,28.5,1400.5,1.036
DM-05-03-05-02,2026-07-31,28.625,1510.5,0.0
DM-05-03-05-02,2026-08-01,29.25,1538.75,0.0
DM-05-03-05-02,2026-08-02,30.125,1518.5,0.0
DM-05-03-05-02,2026-08-03,31.625,1438.25,0.0
DM-05-03-05-02,2026-08-04,28.875,1505.75,0.0
DM-05-03-05-02,2026-08-05,30.75,1524.5,0.0
DM-05-03-06-01,2026-07-08,,1557.25,
DM-05-03-06-01,2026-07-09,,2546.5,
DM-05-03-06-01,2026-07-10,,2507.75,
DM-05-03-06-01,2026-07-11,,2627.75,
DM-05-03-06-01,2026-07-12,,2486.75,
DM-05-03-06-01,2026-07-13,,2517.25,
DM-05-03-06-01,2026-07-14,,2550.0,
DM-05-03-06-01,2026-07-15,,2586.5,
DM-05-03-06-01,2026-07-16,,2511.75,
DM-05-03-06-01,2026-07-17,,2485.0,
DM-05-03-06-01,2026-07-18,,2493.25,
DM-05-03-06-01,2026-07-19,,2489.0,
DM-05-03-06-01,2026-07-20,,2508.5,
DM-05-03-06-01,2026-07-21,,2518.75,
DM-05-03-06-01,2026-07-22,,2558.75,0.0
DM-05-03-06-01,2026-07-23,,2537.0,0.0
DM-05-03-06-01,2026-07-24,,2516.25,0.0
DM-05-03-06-01,2026-07-25,,2468.5,0.0
DM-05-03-06-01,2026-07-26,,2501.25,0.0
DM-05-03-06-01,2026-07-27,,2478.25,0.0
DM-05-03-06-01,2026-07-28,,2467.5,0.0
DM-05-03-06-01,2026-07-29,,2403.5,0.0
DM-05-03-06-01,2026-07-30,,2405.75,0.0
DM-05-03-06-01,2026-07-31,,2449.5,0.0
DM-05-03-06-01,2026-08-01,,2453.75,0.0
DM-05-03-06-01,2026-08-02,,2443.0,0.0
DM-05-03-06-01,2026-08-03,,2795.0,0.0
DM-05-03-06-01,2026-08-04,,2478.25,0.0
DM-05-03-06-01,2026-08-05,,2475.0,0.0
DM-05-04-01-01,2026-07-08,,736.5,
DM-05-04-01-01,2026-07-09,27.0,1209.5,
DM-05-04-01-01,2026-07-10,23.5,1200.0,
DM-05-04-01-01,2026-07-11,28.75,1257.0,
DM-05-04-01-01,2026-07-12,25.75,1263.5,
DM-05-04-01-01,2026-07-13,26.875,1220.5,
DM-05-04-01-01,2026-07-14,24.75,1228.5,
DM-05-04-01-01,2026-07-15,27.5,1209.0,
DM-05-04-01-01,2026-07-16,23.5,1174.5,
DM-05-04-01-01,2026-07-17,24.875,1176.75,
DM-05-04-01-01,2026-07-18,23.75,1203.0,
DM-05-04-01-01,2026-07-19,24.75,1218.75,
DM-05-04-01-01,2026-07-20,22.375,1150.25,
DM-05-04-01-01,2026-07-21,24.25,1184.75,
DM-05-04-01-01,2026-07-22,22.75,1150.0,0.0
DM-05-04-01-01,2026-07-23,26.625,1148.5,0.53
DM-05-04-01-01,2026-07-24,22.25,1162.5,0.0
DM-05-04-01-01,2026-07-25,26.125,1196.75,0.03
DM-05-04-01-01,2026-07-26,23.0,1187.0,0.0
DM-05-04-01-01,2026-07-27,22.375,1153.25,0.0
DM-05-04-01-01,2026-07-28,22.625,1170.75,0.0
DM-05-04-01-01,2026-07-29,25.375,1180.0,0.0
DM-05-04-01-01,2026-07-30,22.75,1148.0,0.0
DM-05-04-01-01,2026-07-31,22.625,1146.75,0.0
DM-05-04-01-01,2026-08-01,26.0,1202.5,0.0
DM-05-04-01-01,2026-08-02,24.875,1243.25,0.0
DM-05-04-01-01,2026-08-03,23.5,1187.25,0.0
DM-05-04-01-01,2026-08-04,22.875,1169.25,0.0
DM-05-04-01-01,2026-08-05,23.125,1178.25,0.0
DM-05-04-02-01,2026-07-08,,1634.0,
DM-05-04-02-01,2026-07-09,,2871.25,
DM-05-04-02-01,2026-07-10,,2877.75,
DM-05-04-02-01,2026-07-11,,2949.75,
DM-05-04-02-01,2026-07-12,,2929.25,
DM-05-04-02-01,2026-07-13,,2937.5,
DM-05-04-02-01,2026-07-14,,2882.0,
DM-05-04-02-01,2026-07-15,,2906.5,
DM-05-04-02-01,2026-07-16,,2905.0,
DM-05-04-02-01,2026-07-17,,2912.75,
DM-05-04-02-01,2026-07-18,,2967.25,
DM-05-04-02-01,2026-07-19,,2905.75,
DM-05-04-02-01,2026-07-20,,2905.0,
DM-05-04-02-01,2026-07-21,,2854.25,
DM-05-04-02-01,2026-07-22,,2878.25,0.0
DM-05-04-02-01,2026-07-23,,2894.25,0.0
DM-05-04-02-01,2026-07-24,,2983.25,0.0
DM-05-04-02-01,2026-07-25,,2874.0,0.0
DM-05-04-02-01,2026-07-26,,2838.5,0.0
DM-05-04-02-01,2026-07-27,,2813.75,0.0
DM-05-04-02-01,2026-07-28,,2813.0,0.0
DM-05-04-02-01,2026-07-29,,2823.0,0.0
DM-05-04-02-01,2026-07-30,,2824.5,0.0
DM-05-04-02-01,2026-07-31,,2818.75,0.0
DM-05-04-02-01,2026-08-01,,2829.0,0.0
DM-05-04-02-01,2026-08-02,,2863.25,0.0
DM-05-04-02-01,2026-08-03,,2888.0,0.0
DM-05-04-02-01,2026-08-04,,2897.25,0.0
DM-05-04-02-01,2026-08-05,,2840.75,0.0
DM-05-04-02-02,2026-07-08,,1766.0,
DM-05-04-02-02,2026-07-09,69.625,2895.5,
DM-05-04-02-02,2026-07-10,67.75,2886.5,
DM-05-04-02-02,2026-07-11,73.0,2998.25,
DM-05-04-02-02,2026-07-12,71.625,2986.75,
DM-05-04-02-02,2026-07-13,65.0,2920.75,
DM-05-04-02-02,2026-07-14,68.625,2898.0,
DM-05-04-02-02,2026-07-15,68.0,2892.25,
DM-05-04-02-02,2026-07-16,68.5,2910.0,
DM-05-04-02-02,2026-07-17,65.125,2928.0,
DM-05-04-02-02,2026-07-18,66.0,3033.25,
DM-05-04-02-02,2026-07-19,68.125,2985.0,
DM-05-04-02-02,2026-07-20,64.375,2917.25,
DM-05-04-02-02,2026-07-21,62.375,2853.0,
DM-05-04-02-02,2026-07-22,64.375,2933.5,0.0
DM-05-04-02-02,2026-07-23,65.5,2882.75,0.0
DM-05-04-02-02,2026-07-24,66.625,3024.75,0.0
DM-05-04-02-02,2026-07-25,69.0,3056.5,0.032
DM-05-04-02-02,2026-07-26,69.25,2981.5,0.313
DM-05-04-02-02,2026-07-27,68.875,2930.75,0.22
DM-05-04-02-02,2026-07-28,69.75,2940.0,1.002
DM-05-04-02-02,2026-07-29,71.5,2955.75,3.533
DM-05-04-02-02,2026-07-30,67.5,2868.25,2.065
DM-05-04-02-02,2026-07-31,66.375,2965.25,0.0
DM-05-04-02-02,2026-08-01,72.375,3043.25,3.407
DM-05-04-02-02,2026-08-02,72.625,3083.5,7.063
DM-05-04-02-02,2026-08-03,68.25,3074.5,6.345
DM-05-04-02-02,2026-08-04,69.5,3050.0,6.877
DM-05-04-02-02,2026-08-05,71.5,3006.75,9.408
DM-05-04-03-01,2026-07-08,,1824.0,
DM-05-04-03-01,2026-07-09,,3255.75,
DM-05-04-03-01,2026-07-10,,3178.5,
DM-05-04-03-01,2026-07-11,,3301.5,
DM-05-04-03-01,2026-07-12,,3250.0,
DM-05-04-03-01,2026-07-13,,3165.25,
DM-05-04-03-01,2026-07-14,,3136.75,
DM-05-04-03-01,2026-07-15,,3123.75,
DM-05-04-03-01,2026-07-16,,3083.75,
DM-05-04-03-01,2026-07-17,,3157.75,
DM-05-04-03-01,2026-07-18,,3271.5,
DM-05-04-03-01,2026-07-19,,3266.0,
DM-05-04-03-01,2026-07-20,,3197.5,
DM-05-04-03-01,2026-07-21,,3166.25,
DM-05-04-03-01,2026-07-22,,3219.25,0.0
DM-05-04-03-01,2026-07-23,,3283.5,0.0
DM-05-04-03-01,2026-07-24,,3293.75,0.0
DM-05-04-03-01,2026-07-25,,3338.0,0.0
DM-05-04-03-01,2026-07-26,,3303.0,0.0
DM-05-04-03-01,2026-07-27,,3340.5,0.0
DM-05-04-03-01,2026-07-28,,3521.0,0.0
DM-05-04-03-01,2026-07-29,,3607.0,0.0
DM-05-04-03-01,2026-07-30,,3509.25,0.0
DM-05-04-03-01,2026-07-31,,3541.75,0.0
DM-05-04-03-01,2026-08-01,,3631.25,0.0
DM-05-04-03-01,2026-08-02,,3648.25,0.0
DM-05-04-03-01,2026-08-03,,3636.5,0.0
DM-05-04-03-01,2026-08-04,,3590.0,0.0
DM-05-04-03-01,2026-08-05,,3620.25,0.0
DM-05-04-03-02,2026-07-12,48.625,2068.5,
DM-05-04-03-02,2026-07-13,50.125,2039.0,
DM-05-04-03-02,2026-07-14,45.875,2038.25,
DM-05-04-03-02,2026-07-15,47.125,2023.0,
DM-05-04-03-02,2026-07-16,46.375,2050.5,
DM-05-04-03-02,2026-07-17,48.125,2055.75,
DM-05-04-03-02,2026-07-18,49.25,2096.0,
DM-05-04-03-02,2026-07-19,48.5,2095.75,
DM-05-04-03-02,2026-07-20,46.375,2069.75,
DM-05-04-03-02,2026-07-21,49.5,2055.0,
DM-05-04-03-02,2026-07-22,45.625,2029.0,
DM-05-04-03-02,2026-07-23,48.0,2045.25,
DM-05-04-03-02,2026-07-24,45.0,2026.5,
DM-05-04-03-02,2026-07-25,46.75,2078.0,
DM-05-04-03-02,2026-07-26,47.75,2032.75,0.0
DM-05-04-03-02,2026-07-27,46.5,2081.0,0.0
DM-05-04-03-02,2026-07-28,49.625,2103.75,1.345
DM-05-04-03-02,2026-07-29,52.75,2143.25,5.816
DM-05-04-03-02,2026-07-30,48.375,2124.0,5.911
DM-05-04-03-02,2026-07-31,49.125,2132.25,6.757
DM-05-04-03-02,2026-08-01,51.875,2190.5,10.352
DM-05-04-03-02,2026-08-02,51.25,2194.25,13.322
DM-05-04-03-02,2026-08-03,52.0,2216.5,17.043
DM-05-04-03-02,2026-08-04,52.875,2190.75,21.638
DM-05-04-03-02,2026-08-05,54.5,2221.0,27.858
DM-05-04-06-01,2026-07-08,,6103.5,
DM-05-04-06-01,2026-07-09,443.375,11068.0,
DM-05-04-06-01,2026-07-10,431.0,10665.75,
DM-05-04-06-01,2026-07-11,411.625,10394.75,
DM-05-04-06-01,2026-07-12,410.875,10345.75,
DM-05-04-06-01,2026-07-13,410.75,10350.5,
DM-05-04-06-01,2026-07-14,408.0,10366.25,
DM-05-04-06-01,2026-07-15,410.125,10439.75,
DM-05-04-06-01,2026-07-16,420.75,10830.5,
DM-05-04-06-01,2026-07-17,438.625,10908.25,
DM-05-04-06-01,2026-07-18,431.0,10948.25,
DM-05-04-06-01,2026-07-19,427.25,10681.0,
DM-05-04-06-01,2026-07-20,413.25,10563.25,
DM-05-04-06-01,2026-07-21,408.625,10341.25,
DM-05-04-06-01,2026-07-22,406.625,10657.25,0.0
DM-05-04-06-01,2026-07-23,432.375,11027.0,6.02
DM-05-04-06-01,2026-07-24,446.125,11126.0,25.79
DM-05-04-06-01,2026-07-25,430.875,10830.25,30.31
DM-05-04-06-01,2026-07-26,430.125,10826.0,34.079
DM-05-04-06-01,2026-07-27,427.0,10905.75,34.724
DM-05-04-06-01,2026-07-28,453.5,11150.75,61.869
DM-05-04-06-01,2026-07-29,440.375,11098.5,75.889
DM-05-04-06-01,2026-07-30,439.625,11519.25,89.159
DM-05-04-06-01,2026-07-31,425.375,11008.5,88.179
DM-05-04-06-01,2026-08-01,451.25,11370.75,113.074
DM-05-04-06-01,2026-08-02,457.375,11475.0,144.094
DM-05-04-06-01,2026-08-03,426.375,11380.5,144.113
DM-05-04-06-01,2026-08-04,459.75,11387.75,177.508
DM-05-04-06-01,2026-08-05,423.875,10664.0,175.028
DM-05-04-06-02,2026-07-08,,1528.0,
DM-05-04-06-02,2026-07-09,60.25,2514.25,
DM-05-04-06-02,2026-07-10,58.0,2482.75,
DM-05-04-06-02,2026-07-11,60.0,2559.25,
DM-05-04-06-02,2026-07-12,61.25,2535.0,
DM-05-04-06-02,2026-07-13,58.75,2533.75,
DM-05-04-06-02,2026-07-14,57.875,2531.0,
DM-05-04-06-02,2026-07-15,60.5,2522.5,
DM-05-04-06-02,2026-07-16,60.0,2500.75,
DM-05-04-06-02,2026-07-17,60.25,2533.25,
DM-05-04-06-02,2026-07-18,63.25,2593.0,
DM-05-04-06-02,2026-07-19,62.75,2577.0,
DM-05-04-06-02,2026-07-20,57.75,2538.25,
DM-05-04-06-02,2026-07-21,60.375,2544.0,
DM-05-04-06-02,2026-07-22,58.5,2526.25,0.0
DM-05-04-06-02,2026-07-23,61.75,2539.25,0.85
DM-05-04-06-02,2026-07-24,58.875,2537.5,0.0
DM-05-04-06-02,2026-07-25,58.375,2574.75,0.0
DM-05-04-06-02,2026-07-26,61.625,2532.75,0.725
DM-05-04-06-02,2026-07-27,59.125,2561.25,0.0
DM-05-04-06-02,2026-07-28,61.5,2507.75,0.6
DM-05-04-06-02,2026-07-29,62.0,2621.75,1.699
DM-05-04-06-02,2026-07-30,61.75,2538.25,2.549
DM-05-04-06-02,2026-07-31,62.0,2570.5,3.648
DM-05-04-06-02,2026-08-01,63.0,2608.25,5.748
DM-05-04-06-02,2026-08-02,63.0,2625.0,7.847
DM-05-04-06-02,2026-08-03,61.0,2648.25,7.947
DM-05-04-06-02,2026-08-04,61.125,2597.0,8.171
DM-05-04-06-02,2026-08-05,63.625,2620.0,10.896
DM-05-04-06-03,2026-07-08,,830.0,
DM-05-04-06-03,2026-07-09,37.0,1417.25,
DM-05-04-06-03,2026-07-10,34.125,1399.25,
DM-05-04-06-03,2026-07-11,36.875,1468.5,
DM-05-04-06-03,2026-07-12,37.5,1497.75,
DM-05-04-06-03,2026-07-13,37.25,1428.5,
DM-05-04-06-03,2026-07-14,34.625,1431.25,
DM-05-04-06-03,2026-07-15,34.25,1392.25,
DM-05-04-06-03,2026-07-16,36.5,1412.5,
DM-05-04-06-03,2026-07-17,35.75,1440.75,
DM-05-04-06-03,2026-07-18,39.125,1503.5,
DM-05-04-06-03,2026-07-19,36.75,1523.75,
DM-05-04-06-03,2026-07-20,36.875,1444.75,
DM-05-04-06-03,2026-07-21,37.0,1431.0,
DM-05-04-06-03,2026-07-22,35.0,1438.75,0.0
DM-05-04-06-03,2026-07-23,35.5,1455.5,0.0
DM-05-04-06-03,2026-07-24,34.0,1429.0,0.0
DM-05-04-06-03,2026-07-25,35.75,1477.75,0.0
DM-05-04-06-03,2026-07-26,37.0,1494.25,0.0
DM-05-04-06-03,2026-07-27,37.875,1467.5,0.763
DM-05-04-06-03,2026-07-28,38.75,1478.25,2.4
DM-05-04-06-03,2026-07-29,37.375,1497.75,2.663
DM-05-04-06-03,2026-07-30,35.375,1405.25,0.926
DM-05-04-06-03,2026-07-31,37.875,1468.25,1.688
DM-05-04-06-03,2026-08-01,38.25,1522.75,2.826
DM-05-04-06-03,2026-08-02,35.125,1522.0,0.839
DM-05-04-06-03,2026-08-03,37.875,1489.25,1.601
DM-05-04-06-03,2026-08-04,34.625,1465.25,0.0
DM-05-04-06-03,2026-08-05,38.5,1480.0,1.388
DM-05-04-07-02,2026-07-08,,1667.5,
DM-05-04-07-02,2026-07-09,65.5,2729.25,
DM-05-04-07-02,2026-07-10,63.25,2692.0,
DM-05-04-07-02,2026-07-11,66.0,2759.5,
DM-05-04-07-02,2026-07-12,67.125,2733.0,
DM-05-04-07-02,2026-07-13,64.625,2754.0,
DM-05-04-07-02,2026-07-14,64.625,2758.0,
DM-05-04-07-02,2026-07-15,67.5,2760.0,
DM-05-04-07-02,2026-07-16,65.625,2720.0,
DM-05-04-07-02,2026-07-17,68.0,2753.0,
DM-05-04-07-02,2026-07-18,68.625,2795.0,
DM-05-04-07-02,2026-07-19,69.5,2788.0,
DM-05-04-07-02,2026-07-20,62.375,2751.5,
DM-05-04-07-02,2026-07-21,66.375,2772.25,
DM-05-04-07-02,2026-07-22,63.875,2742.25,0.0
DM-05-04-07-02,2026-07-23,68.875,2759.0,1.793
DM-05-04-07-02,2026-07-24,65.0,2759.25,0.0
DM-05-04-07-02,2026-07-25,65.25,2802.0,0.0
DM-05-04-07-02,2026-07-26,68.125,2763.0,1.043
DM-05-04-07-02,2026-07-27,64.875,2780.25,0.0
DM-05-04-07-02,2026-07-28,67.375,2720.0,0.293
DM-05-04-07-02,2026-07-29,68.625,2844.0,1.835
DM-05-04-07-02,2026-07-30,69.25,2783.25,4.003
DM-05-04-07-02,2026-07-31,67.25,2793.0,4.17
DM-05-04-07-02,2026-08-01,70.875,2825.0,7.963
DM-05-04-07-02,2026-08-02,70.125,2852.0,11.005
DM-05-04-07-02,2026-08-03,67.625,2884.75,11.548
DM-05-04-07-02,2026-08-04,69.375,2859.75,13.84
DM-05-04-07-02,2026-08-05,69.75,2846.75,16.508
DM-05-04-08-02,2026-07-08,,2136.0,
DM-05-04-08-02,2026-07-09,87.75,3510.25,
DM-05-04-08-02,2026-07-10,80.375,3446.25,
DM-05-04-08-02,2026-07-11,82.5,3532.25,
DM-05-04-08-02,2026-07-12,79.625,3490.25,
DM-05-04-08-02,2026-07-13,75.75,3472.25,
DM-05-04-08-02,2026-07-14,78.125,3577.0,
DM-05-04-08-02,2026-07-15,86.125,3658.5,
DM-05-04-08-02,2026-07-16,84.25,3633.25,
DM-05-04-08-02,2026-07-17,84.75,3654.25,
DM-05-04-08-02,2026-07-18,88.25,3734.75,
DM-05-04-08-02,2026-07-19,88.5,3734.0,
DM-05-04-08-02,2026-07-20,81.5,3713.0,
DM-05-04-08-02,2026-07-21,86.125,3693.0,
DM-05-04-08-02,2026-07-22,86.25,3696.0,0.933
DM-05-04-08-02,2026-07-23,88.75,3653.5,4.366
DM-05-04-08-02,2026-07-24,82.625,3739.25,1.674
DM-05-04-08-02,2026-07-25,88.625,3819.0,4.982
DM-05-04-08-02,2026-07-26,90.0,3757.0,9.665
DM-05-04-08-02,2026-07-27,87.75,3760.25,12.099
DM-05-04-08-02,2026-07-28,92.25,3667.25,19.032
DM-05-04-08-02,2026-07-29,86.625,3801.75,20.34
DM-05-04-08-02,2026-07-30,92.375,3673.25,27.398
DM-05-04-08-02,2026-07-31,87.875,3756.5,29.956
DM-05-04-08-02,2026-08-01,95.0,3858.75,39.639
DM-05-04-08-02,2026-08-02,93.875,3887.0,48.197
DM-05-04-08-02,2026-08-03,90.25,3866.5,53.13
DM-05-04-08-02,2026-08-04,91.0,3864.25,58.813
DM-05-04-08-02,2026-08-05,93.625,3880.75,67.121
DM-05-04-09-01,2026-07-08,,870.5,
DM-05-04-09-01,2026-07-09,45.25,1399.0,
DM-05-04-09-01,2026-07-10,35.25,1394.5,
DM-05-04-09-01,2026-07-11,39.625,1408.5,
DM-05-04-09-01,2026-07-12,36.875,1403.25,
DM-05-04-09-01,2026-07-13,35.875,1504.75,
DM-05-04-09-01,2026-07-14,37.75,1480.0,
DM-05-04-09-01,2026-07-15,30.0,1465.0,
DM-05-04-09-01,2026-07-16,35.125,1426.75,
DM-05-04-09-01,2026-07-17,40.0,1386.0,
DM-05-04-09-01,2026-07-18,34.25,1329.5,
DM-05-04-09-01,2026-07-19,33.5,1347.5,
DM-05-04-09-01,2026-07-20,31.625,1533.75,
DM-05-04-09-01,2026-07-21,32.875,1341.0,
DM-05-04-09-01,2026-07-22,30.25,1351.25,0.0
DM-05-04-09-01,2026-07-23,42.0,1402.25,4.068
DM-05-04-09-01,2026-07-24,37.0,1500.25,3.136
DM-05-04-09-01,2026-07-25,34.125,1477.25,0.0
DM-05-04-09-01,2026-07-26,31.625,1321.5,0.0
DM-05-04-09-01,2026-07-27,32.625,1340.0,0.0
DM-05-04-09-01,2026-07-28,29.625,1252.5,0.0
DM-05-04-09-01,2026-07-29,33.625,1357.75,0.0
DM-05-04-09-01,2026-07-30,32.25,1398.5,0.0
DM-05-04-09-01,2026-07-31,38.625,1376.75,0.693
DM-05-04-09-01,2026-08-01,32.875,1323.0,0.0
DM-05-04-09-01,2026-08-02,30.125,1366.0,0.0
DM-05-04-09-01,2026-08-03,36.75,1431.0,0.0
DM-05-04-09-01,2026-08-04,33.875,1426.0,0.0
DM-05-04-09-01,2026-08-05,33.25,1472.25,0.0
DM-05-04-10-04,2026-07-08,,1372.0,
DM-05-04-10-04,2026-07-09,,2484.5,
DM-05-04-10-04,2026-07-10,,2444.0,
DM-05-04-10-04,2026-07-11,,2417.5,
DM-05-04-10-04,2026-07-12,,2354.5,
DM-05-04-10-04,2026-07-13,,2433.25,
DM-05-04-10-04,2026-07-14,,2454.75,
DM-05-04-10-04,2026-07-15,,2462.75,
DM-05-04-10-04,2026-07-16,,2407.5,
DM-05-04-10-04,2026-07-17,,2432.75,
DM-05-04-10-04,2026-07-18,,2502.25,
DM-05-04-10-04,2026-07-19,,2430.75,
DM-05-04-10-04,2026-07-20,,2488.5,
DM-05-04-10-04,2026-07-21,,2455.25,
DM-05-04-10-04,2026-07-22,,2423.5,0.0
DM-05-04-10-04,2026-07-23,,2409.25,0.0
DM-05-04-10-04,2026-07-24,,2419.25,0.0
DM-05-04-10-04,2026-07-25,,2372.0,0.0
DM-05-04-10-04,2026-07-26,,2215.75,0.0
DM-05-04-10-04,2026-07-27,,2333.5,0.0
DM-05-04-10-04,2026-07-28,,2194.5,0.0
DM-05-04-10-04,2026-07-29,,2325.0,0.0
DM-05-04-10-04,2026-07-30,,2384.5,0.0
DM-05-04-10-04,2026-07-31,,2375.75,0.0
DM-05-04-10-04,2026-08-01,,2430.0,0.0
DM-05-04-10-04,2026-08-02,,2381.25,0.0
DM-05-04-10-04,2026-08-03,,2482.25,0.0
DM-05-04-10-04,2026-08-04,,2470.5,0.0
DM-05-04-10-04,2026-08-05,,2408.5,0.0
DM-05-04-11-01,2026-07-08,,834.25,
DM-05-04-11-01,2026-07-09,21.25,1279.0,
DM-05-04-11-01,2026-07-10,27.75,1249.75,
DM-05-04-11-01,2026-07-11,35.875,1274.75,
DM-05-04-11-01,2026-07-12,36.375,1229.25,
DM-05-04-11-01,2026-07-13,30.375,1324.75,
DM-05-04-11-01,2026-07-14,22.5,1276.5,
DM-05-04-11-01,2026-07-15,22.25,1293.5,
DM-05-04-11-01,2026-07-16,20.875,1319.25,
DM-05-04-11-01,2026-07-17,23.75,1244.25,
DM-05-04-11-01,2026-07-18,22.75,1268.75,
DM-05-04-11-01,2026-07-19,35.875,1237.5,
DM-05-04-11-01,2026-07-20,37.0,1285.75,
DM-05-04-11-01,2026-07-21,20.5,1283.25,
DM-05-04-11-01,2026-07-22,21.75,1293.5,0.0
DM-05-04-11-01,2026-07-23,34.125,1300.75,3.435
DM-05-04-11-01,2026-07-24,42.5,1356.75,15.245
DM-05-04-11-01,2026-07-25,22.5,1308.0,7.055
DM-05-04-11-01,2026-07-26,34.5,1260.25,10.865
DM-05-04-11-01,2026-07-27,21.0,1212.75,1.175
DM-05-04-11-01,2026-07-28,21.375,1268.25,0.0
DM-05-04-11-01,2026-07-29,34.375,1309.0,3.685
DM-05-04-11-01,2026-07-30,40.625,1349.25,13.62
DM-05-04-11-01,2026-07-31,19.75,1319.75,2.68
DM-05-04-11-01,2026-08-01,25.375,1249.75,0.0
DM-05-04-11-01,2026-08-02,23.375,1252.0,0.0
DM-05-04-11-01,2026-08-03,36.875,1357.5,6.185
DM-05-04-11-01,2026-08-04,22.625,1413.0,0.0
DM-05-04-11-01,2026-08-05,25.875,1367.0,0.0
DM-05-05-02-02,2026-07-08,,1657.5,
DM-05-05-02-02,2026-07-09,53.875,2684.25,
DM-05-05-02-02,2026-07-10,53.5,2536.25,
DM-05-05-02-02,2026-07-11,56.0,2474.75,
DM-05-05-02-02,2026-07-12,46.0,2575.25,
DM-05-05-02-02,2026-07-13,33.375,2594.75,
DM-05-05-02-02,2026-07-14,46.0,2602.5,
DM-05-05-02-02,2026-07-15,54.75,2662.0,
DM-05-05-02-02,2026-07-16,42.375,2613.5,
DM-05-05-02-02,2026-07-17,42.75,2403.25,
DM-05-05-02-02,2026-07-18,48.75,2486.25,
DM-05-05-02-02,2026-07-19,78.375,2725.75,
DM-05-05-02-02,2026-07-20,55.625,2639.75,
DM-05-05-02-02,2026-07-21,47.625,2703.5,
DM-05-05-02-02,2026-07-22,54.875,2712.75,0.0
DM-05-05-02-02,2026-07-23,44.0,2505.75,0.0
DM-05-05-02-02,2026-07-24,44.625,2629.25,0.0
DM-05-05-02-02,2026-07-25,63.25,2689.0,7.476
DM-05-05-02-02,2026-07-26,51.0,2737.0,2.703
DM-05-05-02-02,2026-07-27,50.125,2581.5,0.0
DM-05-05-02-02,2026-07-28,56.625,2449.75,0.851
DM-05-05-02-02,2026-07-29,44.125,2444.75,0.0
DM-05-05-02-02,2026-07-30,64.75,2533.0,8.976
DM-05-05-02-02,2026-07-31,46.75,2497.0,0.0
DM-05-05-02-02,2026-08-01,58.625,2697.75,2.851
DM-05-05-02-02,2026-08-02,70.25,2890.0,17.328
DM-05-05-02-02,2026-08-03,65.5,2849.25,27.054
DM-05-05-02-02,2026-08-04,52.25,2804.25,23.53
DM-05-05-02-02,2026-08-05,53.625,2703.75,21.381
DM-05-05-02-03,2026-07-12,121.0,5660.5,
DM-05-05-02-03,2026-07-13,138.125,5834.5,
DM-05-05-02-03,2026-07-14,124.75,5811.75,
DM-05-05-02-03,2026-07-15,124.375,5769.5,
DM-05-05-02-03,2026-07-16,132.5,5675.0,
DM-05-05-02-03,2026-07-17,124.375,5676.75,
DM-05-05-02-03,2026-07-18,133.125,5824.25,
DM-05-05-02-03,2026-07-19,152.5,5892.5,
DM-05-05-02-03,2026-07-20,117.125,5732.0,
DM-05-05-02-03,2026-07-21,118.875,5840.75,
DM-05-05-02-03,2026-07-22,123.875,5680.5,
DM-05-05-02-03,2026-07-23,134.625,5646.5,
DM-05-05-02-03,2026-07-24,129.375,5730.25,
DM-05-05-02-03,2026-07-25,125.75,5684.0,
DM-05-05-02-03,2026-07-26,119.0,5557.0,0.0
DM-05-05-02-03,2026-07-27,122.5,5640.0,0.0
DM-05-05-02-03,2026-07-28,127.125,5370.25,0.0
DM-05-05-02-03,2026-07-29,128.125,5568.0,0.0
DM-05-05-02-03,2026-07-30,119.5,5746.25,0.0
DM-05-05-02-03,2026-07-31,124.875,5513.75,0.0
DM-05-05-02-03,2026-08-01,132.625,5688.5,0.0
DM-05-05-02-03,2026-08-02,125.875,5737.5,0.0
DM-05-05-02-03,2026-08-03,137.625,5795.75,4.596
DM-05-05-02-03,2026-08-04,118.875,5724.0,0.0
DM-05-05-02-03,2026-08-05,121.125,5676.25,0.0
DM-05-05-03-01,2026-07-08,,927.25,
DM-05-05-03-01,2026-07-09,,1618.5,
DM-05-05-03-01,2026-07-10,,1708.75,
DM-05-05-03-01,2026-07-11,,1625.0,
DM-05-05-03-01,2026-07-12,,1752.5,
DM-05-05-03-01,2026-07-13,,1595.75,
DM-05-05-03-01,2026-07-14,,1603.25,
DM-05-05-03-01,2026-07-15,,1681.0,
DM-05-05-03-01,2026-07-16,,1623.25,
DM-05-05-03-01,2026-07-17,,1617.25,
DM-05-05-03-01,2026-07-18,,1711.5,
DM-05-05-03-01,2026-07-19,,1597.75,
DM-05-05-03-01,2026-07-20,,1572.75,
DM-05-05-03-01,2026-07-21,,1662.5,
DM-05-05-03-01,2026-07-22,,1617.5,0.0
DM-05-05-03-01,2026-07-23,,1669.25,0.0
DM-05-05-03-01,2026-07-24,,1714.5,0.0
DM-05-05-03-01,2026-07-25,,1584.75,0.0
DM-05-05-03-01,2026-07-26,,1688.5,0.0
DM-05-05-03-01,2026-07-27,,1577.5,0.0
DM-05-05-03-01,2026-07-28,,1623.75,0.0
DM-05-05-03-01,2026-07-29,,1611.25,0.0
DM-05-05-03-01,2026-07-30,,1543.0,0.0
DM-05-05-03-01,2026-07-31,,1560.75,0.0
DM-05-05-03-01,2026-08-01,,1596.5,0.0
DM-05-05-03-01,2026-08-02,,1712.75,0.0
DM-05-05-03-01,2026-08-03,,1656.75,0.0
DM-05-05-03-01,2026-08-04,,1627.25,0.0
DM-05-05-03-01,2026-08-05,,1631.5,0.0
DM-05-05-07-01,2026-07-08,,1746.5,
DM-05-05-07-01,2026-07-09,48.375,2634.25,
DM-05-05-07-01,2026-07-10,54.5,2761.5,
DM-05-05-07-01,2026-07-11,48.625,2798.75,
DM-05-05-07-01,2026-07-12,47.0,2766.75,
DM-05-05-07-01,2026-07-13,47.25,2805.5,
DM-05-05-07-01,2026-07-14,51.25,2785.75,
DM-05-05-07-01,2026-07-15,44.0,2712.5,
DM-05-05-07-01,2026-07-16,42.25,2792.5,
DM-05-05-07-01,2026-07-17,39.75,2603.5,
DM-05-05-07-01,2026-07-18,52.625,2927.5,
DM-05-05-07-01,2026-07-19,57.25,2884.25,
DM-05-05-07-01,2026-07-20,69.25,2971.25,
DM-05-05-07-01,2026-07-21,52.875,2956.75,
DM-05-05-07-01,2026-07-22,52.0,2661.75,0.0
DM-05-05-07-01,2026-07-23,27.375,2551.25,0.0
DM-05-05-07-01,2026-07-24,40.25,2802.25,0.0
DM-05-05-07-01,2026-07-25,55.5,3021.0,1.498
DM-05-05-07-01,2026-07-26,67.875,2902.5,15.371
DM-05-05-07-01,2026-07-27,56.0,2908.5,17.369
DM-05-05-07-01,2026-07-28,53.75,2739.75,17.118
DM-05-05-07-01,2026-07-29,51.375,2855.0,14.491
DM-05-05-07-01,2026-07-30,77.625,2868.75,38.114
DM-05-05-07-01,2026-07-31,58.25,2795.25,42.362
DM-05-05-07-01,2026-08-01,64.0,3009.5,52.36
DM-05-05-07-01,2026-08-02,77.0,2983.5,75.358
DM-05-05-07-01,2026-08-03,65.875,3065.0,87.231
DM-05-05-07-01,2026-08-04,62.25,2922.0,95.48
DM-05-05-07-01,2026-08-05,53.625,2859.25,95.103
DM-05-05-07-02,2026-07-08,,1535.5,
DM-05-05-07-02,2026-07-09,,2680.25,
DM-05-05-07-02,2026-07-10,,2722.0,
DM-05-05-07-02,2026-07-11,,2658.75,
DM-05-05-07-02,2026-07-12,,2858.5,
DM-05-05-07-02,2026-07-13,,2738.25,
DM-05-05-07-02,2026-07-14,,2809.0,
DM-05-05-07-02,2026-07-15,,2676.0,
DM-05-05-07-02,2026-07-16,,2624.25,
DM-05-05-07-02,2026-07-17,,2847.75,
DM-05-05-07-02,2026-07-18,,2834.25,
DM-05-05-07-02,2026-07-19,,2846.5,
DM-05-05-07-02,2026-07-20,,2852.25,
DM-05-05-07-02,2026-07-21,,2722.0,
DM-05-05-07-02,2026-07-22,,2697.0,0.0
DM-05-05-07-02,2026-07-23,,2806.75,0.0
DM-05-05-07-02,2026-07-24,,2697.0,0.0
DM-05-05-07-02,2026-07-25,,2692.25,0.0
DM-05-05-07-02,2026-07-26,,2714.5,0.0
DM-05-05-07-02,2026-07-27,,2577.5,0.0
DM-05-05-07-02,2026-07-28,,2784.75,0.0
DM-05-05-07-02,2026-07-29,,2653.5,0.0
DM-05-05-07-02,2026-07-30,,2640.5,0.0
DM-05-05-07-02,2026-07-31,,2718.0,0.0
DM-05-05-07-02,2026-08-01,,2613.75,0.0
DM-05-05-07-02,2026-08-02,,2879.0,0.0
DM-05-05-07-02,2026-08-03,,2772.5,0.0
DM-05-05-07-02,2026-08-04,,2727.0,0.0
DM-05-05-07-02,2026-08-05,,3007.25,0.0
DM-05-05-08-01,2026-07-08,104.0,2421.0,
DM-05-05-08-01,2026-07-09,95.5,4546.0,
DM-05-05-08-01,2026-07-10,96.0,4553.0,
DM-05-05-08-01,2026-07-11,106.375,4304.5,
DM-05-05-08-01,2026-07-12,114.5,4282.75,
DM-05-05-08-01,2026-07-13,99.5,4486.5,
DM-05-05-08-01,2026-07-14,97.625,4437.0,
DM-05-05-08-01,2026-07-15,99.75,4675.5,
DM-05-05-08-01,2026-07-16,107.5,4394.75,
DM-05-05-08-01,2026-07-17,103.875,4459.25,
DM-05-05-08-01,2026-07-18,98.375,4388.25,
DM-05-05-08-01,2026-07-19,90.375,4278.5,
DM-05-05-08-01,2026-07-20,93.75,4534.75,
DM-05-05-08-01,2026-07-21,94.125,4555.5,
DM-05-05-08-01,2026-07-22,101.875,4442.25,0.0
DM-05-05-08-01,2026-07-23,93.125,4529.0,0.0
DM-05-05-08-01,2026-07-24,96.625,4556.0,0.0
DM-05-05-08-01,2026-07-25,101.625,4217.25,0.0
DM-05-05-08-01,2026-07-26,95.0,4209.75,0.0
DM-05-05-08-01,2026-07-27,93.75,4387.25,0.0
DM-05-05-08-01,2026-07-28,113.875,4122.25,10.654
DM-05-05-08-01,2026-07-29,90.25,4031.5,0.0
DM-05-05-08-01,2026-07-30,85.25,4271.25,0.0
DM-05-05-08-01,2026-07-31,92.375,4151.75,0.0
DM-05-05-08-01,2026-08-01,85.125,3993.0,0.0
DM-05-05-08-01,2026-08-02,87.25,3987.75,0.0
DM-05-05-08-01,2026-08-03,94.0,4365.25,0.0
DM-05-05-08-01,2026-08-04,87.25,4221.5,0.0
DM-05-05-08-01,2026-08-05,77.25,4194.5,0.0
DM-05-05-09-01,2026-07-08,80.125,1679.25,
DM-05-05-09-01,2026-07-09,76.375,3011.75,
DM-05-05-09-01,2026-07-10,76.75,3164.0,
DM-05-05-09-01,2026-07-11,82.5,3080.25,
DM-05-05-09-01,2026-07-12,89.5,3137.0,
DM-05-05-09-01,2026-07-13,74.125,3010.0,
DM-05-05-09-01,2026-07-14,73.375,2976.75,
DM-05-05-09-01,2026-07-15,81.5,3165.75,
DM-05-05-09-01,2026-07-16,78.625,3030.0,
DM-05-05-09-01,2026-07-17,81.875,3083.0,
DM-05-05-09-01,2026-07-18,67.75,2812.25,
DM-05-05-09-01,2026-07-19,74.5,3131.0,
DM-05-05-09-01,2026-07-20,73.75,3032.5,
DM-05-05-09-01,2026-07-21,78.5,2947.0,
DM-05-05-09-01,2026-07-22,81.625,3043.5,1.285
DM-05-05-09-01,2026-07-23,74.25,3230.0,0.0
DM-05-05-09-01,2026-07-24,72.25,2971.75,0.0
DM-05-05-09-01,2026-07-25,83.0,3156.0,2.66
DM-05-05-09-01,2026-07-26,76.375,3192.5,0.0
DM-05-05-09-01,2026-07-27,70.75,3033.0,0.0
DM-05-05-09-01,2026-07-28,78.75,3029.75,0.0
DM-05-05-09-01,2026-07-29,69.875,2964.75,0.0
DM-05-05-09-01,2026-07-30,65.125,2848.0,0.0
DM-05-05-09-01,2026-07-31,65.25,2660.25,0.0
DM-05-05-09-01,2026-08-01,57.5,2592.0,0.0
DM-05-05-09-01,2026-08-02,55.875,2614.5,0.0
DM-05-05-09-01,2026-08-03,55.75,2607.5,0.0
DM-05-05-09-01,2026-08-04,65.125,2616.0,0.0
DM-05-05-09-01,2026-08-05,54.125,2601.0,0.0
DM-05-05-09-02,2026-07-08,,1005.75,
DM-05-05-09-02,2026-07-09,,1739.25,
DM-05-05-09-02,2026-07-10,,1821.5,
DM-05-05-09-02,2026-07-11,,1850.5,
DM-05-05-09-02,2026-07-12,,1851.75,
DM-05-05-09-02,2026-07-13,,1720.25,
DM-05-05-09-02,2026-07-14,,1698.25,
DM-05-05-09-02,2026-07-15,,1860.75,
DM-05-05-09-02,2026-07-16,,1679.25,
DM-05-05-09-02,2026-07-17,,1800.5,
DM-05-05-09-02,2026-07-18,,1917.5,
DM-05-05-09-02,2026-07-19,,1849.0,
DM-05-05-09-02,2026-07-20,,1748.75,
DM-05-05-09-02,2026-07-21,,1765.25,
DM-05-05-09-02,2026-07-22,,1722.5,0.0
DM-05-05-09-02,2026-07-23,,1770.25,0.0
DM-05-05-09-02,2026-07-24,,1786.25,0.0
DM-05-05-09-02,2026-07-25,,1767.25,0.0
DM-05-05-09-02,2026-07-26,,1762.75,0.0
DM-05-05-09-02,2026-07-27,,1702.0,0.0
DM-05-05-09-02,2026-07-28,,1833.75,0.0
DM-05-05-09-02,2026-07-29,,1831.0,0.0
DM-05-05-09-02,2026-07-30,,1823.0,0.0
DM-05-05-09-02,2026-07-31,,1684.0,0.0
DM-05-05-09-02,2026-08-01,,1668.0,0.0
DM-05-05-09-02,2026-08-02,,1767.75,0.0
DM-05-05-09-02,2026-08-03,,1756.0,0.0
DM-05-05-09-02,2026-08-04,,1701.5,0.0
DM-05-05-09-02,2026-08-05,,1725.75,0.0
DM-05-05-09-03,2026-07-08,,1040.75,
DM-05-05-09-03,2026-07-09,39.375,1699.5,
DM-05-05-09-03,2026-07-10,34.5,1723.25,
DM-05-05-09-03,2026-07-11,38.625,1698.75,
DM-05-05-09-03,2026-07-12,38.625,1691.75,
DM-05-05-09-03,2026-07-13,39.875,1725.5,
DM-05-05-09-03,2026-07-14,37.5,1709.0,
DM-05-05-09-03,2026-07-15,34.75,1653.25,
DM-05-05-09-03,2026-07-16,34.125,1490.0,
DM-05-05-09-03,2026-07-17,34.5,1676.5,
DM-05-05-09-03,2026-07-18,39.125,1750.25,
DM-05-05-09-03,2026-07-19,38.0,1675.0,
DM-05-05-09-03,2026-07-20,38.125,1766.0,
DM-05-05-09-03,2026-07-21,35.125,1746.75,
DM-05-05-09-03,2026-07-22,39.625,1644.25,1.496
DM-05-05-09-03,2026-07-23,36.75,1671.25,0.118
DM-05-05-09-03,2026-07-24,41.5,1812.5,3.489
DM-05-05-09-03,2026-07-25,41.75,1700.25,7.11
DM-05-05-09-03,2026-07-26,45.125,1701.75,14.106
DM-05-05-09-03,2026-07-27,41.625,1707.75,17.603
DM-05-05-09-03,2026-07-28,41.5,1622.25,20.974
DM-05-05-09-03,2026-07-29,43.0,1607.5,25.845
DM-05-05-09-03,2026-07-30,40.125,1569.0,27.841
DM-05-05-09-03,2026-07-31,38.875,1572.5,28.588
DM-05-05-09-03,2026-08-01,37.0,1480.5,27.459
DM-05-05-09-03,2026-08-02,35.875,1465.75,25.205
DM-05-05-09-03,2026-08-03,37.125,1573.0,24.202
DM-05-05-09-03,2026-08-04,34.875,1576.25,20.948
DM-05-05-09-03,2026-08-05,38.25,1606.5,21.069
DM-05-05-10-01,2026-07-08,,1590.0,
DM-05-05-10-01,2026-07-09,65.25,2522.0,
DM-05-05-10-01,2026-07-10,58.125,2511.0,
DM-05-05-10-01,2026-07-11,69.25,2242.5,
DM-05-05-10-01,2026-07-12,67.375,2205.75,
DM-05-05-10-01,2026-07-13,64.0,2548.0,
DM-05-05-10-01,2026-07-14,67.875,2583.25,
DM-05-05-10-01,2026-07-15,62.625,2520.25,
DM-05-05-10-01,2026-07-16,67.0,2484.25,
DM-05-05-10-01,2026-07-17,70.25,2547.25,
DM-05-05-10-01,2026-07-18,67.125,2295.75,
DM-05-05-10-01,2026-07-19,61.0,2205.75,
DM-05-05-10-01,2026-07-20,61.5,2603.25,
DM-05-05-10-01,2026-07-21,67.125,2599.5,
DM-05-05-10-01,2026-07-22,64.625,2575.0,0.0
DM-05-05-10-01,2026-07-23,66.375,2575.0,0.0
DM-05-05-10-01,2026-07-24,68.75,2612.75,1.761
DM-05-05-10-01,2026-07-25,68.375,2381.5,3.147
DM-05-05-10-01,2026-07-26,67.0,2331.5,3.157
DM-05-05-10-01,2026-07-27,70.625,2588.75,6.793
DM-05-05-10-01,2026-07-28,65.0,1884.0,4.804
DM-05-05-10-01,2026-07-29,49.875,1732.0,0.0
DM-05-05-10-01,2026-07-30,45.5,2023.0,0.0
DM-05-05-10-01,2026-07-31,43.25,2037.5,0.0
DM-05-05-10-01,2026-08-01,52.625,1840.0,0.0
DM-05-05-10-01,2026-08-02,45.125,1634.5,0.0
DM-05-05-10-01,2026-08-03,43.0,2113.5,0.0
DM-05-05-10-01,2026-08-04,46.375,2118.0,0.0
DM-05-05-10-01,2026-08-05,49.5,2152.5,0.0
DM-05-05-11-01,2026-07-08,,1020.0,
DM-05-05-11-01,2026-07-09,16.75,1589.5,
DM-05-05-11-01,2026-07-10,24.625,1632.0,
DM-05-05-11-01,2026-07-11,22.375,1545.5,
DM-05-05-11-01,2026-07-12,34.625,1331.25,
DM-05-05-11-01,2026-07-13,24.125,1640.25,
DM-05-05-11-01,2026-07-14,31.875,1553.5,
DM-05-05-11-01,2026-07-15,28.625,1618.5,
DM-05-05-11-01,2026-07-16,18.375,1574.5,
DM-05-05-11-01,2026-07-17,26.375,1548.0,
DM-05-05-11-01,2026-07-18,36.125,1473.0,
DM-05-05-11-01,2026-07-19,43.5,1253.75,
DM-05-05-11-01,2026-07-20,18.0,1495.5,
DM-05-05-11-01,2026-07-21,11.75,1541.0,
DM-05-05-11-01,2026-07-22,19.0,1465.25,0.0
DM-05-05-11-01,2026-07-23,43.75,1499.5,13.534
DM-05-05-11-01,2026-07-24,32.625,1517.0,15.943
DM-05-05-11-01,2026-07-25,34.125,1462.0,19.852
DM-05-05-11-01,2026-07-26,21.875,1189.25,11.512
DM-05-05-11-01,2026-07-27,25.125,1416.25,6.421
DM-05-05-11-01,2026-07-28,19.875,1097.75,0.0
DM-05-05-11-01,2026-07-29,16.5,1255.75,0.0
DM-05-05-11-01,2026-07-30,10.5,1394.0,0.0
DM-05-05-11-01,2026-07-31,20.125,1422.5,0.0
DM-05-05-11-01,2026-08-01,38.625,1385.75,8.409
DM-05-05-11-01,2026-08-02,45.875,1255.75,24.068
DM-05-05-11-01,2026-08-03,33.0,1519.25,26.852
DM-05-05-11-01,2026-08-04,36.375,1476.75,33.012
DM-05-05-11-01,2026-08-05,33.25,1521.5,36.046
DM-05-05-12-02,2026-07-08,,793.25,
DM-05-05-12-02,2026-07-09,31.5,1352.5,
DM-05-05-12-02,2026-07-10,29.5,1343.25,
DM-05-05-12-02,2026-07-11,29.125,1368.0,
DM-05-05-12-02,2026-07-12,35.75,1408.75,
DM-05-05-12-02,2026-07-13,32.125,1329.25,
DM-05-05-12-02,2026-07-14,29.375,1346.5,
DM-05-05-12-02,2026-07-15,28.625,1369.25,
DM-05-05-12-02,2026-07-16,30.375,1292.0,
DM-05-05-12-02,2026-07-17,32.375,1361.25,
DM-05-05-12-02,2026-07-18,28.625,1395.5,
DM-05-05-12-02,2026-07-19,33.375,1376.5,
DM-05-05-12-02,2026-07-20,30.25,1362.75,
DM-05-05-12-02,2026-07-21,29.375,1349.5,
DM-05-05-12-02,2026-07-22,31.5,1334.5,0.0
DM-05-05-12-02,2026-07-23,32.75,1388.75,0.929
DM-05-05-12-02,2026-07-24,28.25,1362.75,0.0
DM-05-05-12-02,2026-07-25,28.375,1397.5,0.0
DM-05-05-12-02,2026-07-26,31.75,1377.0,0.0
DM-05-05-12-02,2026-07-27,32.875,1301.5,1.054
DM-05-05-12-02,2026-07-28,29.0,1340.5,0.0
DM-05-05-12-02,2026-07-29,30.375,1369.25,0.0
DM-05-05-12-02,2026-07-30,31.625,1334.0,0.0
DM-05-05-12-02,2026-07-31,32.25,1413.75,0.429
DM-05-05-12-02,2026-08-01,32.0,1454.0,0.609
DM-05-05-12-02,2026-08-02,32.125,1508.5,0.913
DM-05-05-12-02,2026-08-03,34.0,1455.0,3.093
DM-05-05-12-02,2026-08-04,36.0,1418.25,7.272
DM-05-05-12-02,2026-08-05,36.0,1414.75,11.452
DM-05-05-13-01,2026-07-08,,1599.5,
DM-05-05-13-01,2026-07-09,57.875,2568.5,
DM-05-05-13-01,2026-07-10,65.875,2588.0,
DM-05-05-13-01,2026-07-11,68.125,2491.75,
DM-05-05-13-01,2026-07-12,60.25,2487.5,
DM-05-05-13-01,2026-07-13,79.625,2636.5,
DM-05-05-13-01,2026-07-14,64.625,2657.5,
DM-05-05-13-01,2026-07-15,70.25,2662.5,
DM-05-05-13-01,2026-07-16,71.875,2578.25,
DM-05-05-13-01,2026-07-17,54.25,2552.0,
DM-05-05-13-01,2026-07-18,57.75,2433.0,
DM-05-05-13-01,2026-07-19,61.875,2632.25,
DM-05-05-13-01,2026-07-20,64.875,2631.5,
DM-05-05-13-01,2026-07-21,66.125,2565.5,
DM-05-05-13-01,2026-07-22,58.375,2637.75,0.0
DM-05-05-13-01,2026-07-23,70.875,2719.5,2.743
DM-05-05-13-01,2026-07-24,60.375,2557.25,0.0
DM-05-05-13-01,2026-07-25,57.125,2391.0,0.0
DM-05-05-13-01,2026-07-26,72.375,2389.5,4.243
DM-05-05-13-01,2026-07-27,50.125,2002.25,0.0
DM-05-05-13-01,2026-07-28,41.0,1832.0,0.0
DM-05-05-13-01,2026-07-29,37.875,1995.0,0.0
DM-05-05-13-01,2026-07-30,34.25,2107.25,0.0
DM-05-05-13-01,2026-07-31,36.75,1946.0,0.0
DM-05-05-13-01,2026-08-01,34.625,1846.5,0.0
DM-05-05-13-01,2026-08-02,43.25,1933.0,0.0
DM-05-05-13-01,2026-08-03,41.5,2061.5,0.0
DM-05-05-13-01,2026-08-04,55.125,2243.25,0.0
DM-05-05-13-01,2026-08-05,46.25,2222.5,0.0
DM-05-05-14-01,2026-07-08,,1175.75,
DM-05-05-14-01,2026-07-09,37.125,1895.75,
DM-05-05-14-01,2026-07-10,38.75,1814.0,
DM-05-05-14-01,2026-07-11,38.125,1715.5,
DM-05-05-14-01,2026-07-12,43.25,1650.0,
DM-05-05-14-01,2026-07-13,40.0,1914.0,
DM-05-05-14-01,2026-07-14,48.125,1942.25,
DM-05-05-14-01,2026-07-15,40.5,1850.25,
DM-05-05-14-01,2026-07-16,37.5,1788.75,
DM-05-05-14-01,2026-07-17,57.125,1888.25,
DM-05-05-14-01,2026-07-18,45.625,1726.0,
DM-05-05-14-01,2026-07-19,31.0,1634.25,
DM-05-05-14-01,2026-07-20,30.125,1699.25,
DM-05-05-14-01,2026-07-21,32.5,1913.75,
DM-05-05-14-01,2026-07-22,32.75,1774.25,0.0
DM-05-05-14-01,2026-07-23,32.5,1799.0,0.0
DM-05-05-14-01,2026-07-24,31.875,1972.25,0.0
DM-05-05-14-01,2026-07-25,31.25,1666.0,0.0
DM-05-05-14-01,2026-07-26,31.75,1660.25,0.0
DM-05-05-14-01,2026-07-27,37.375,1758.25,0.0
DM-05-05-14-01,2026-07-28,33.5,1721.0,0.0
DM-05-05-14-01,2026-07-29,35.25,1625.5,0.0
DM-05-05-14-01,2026-07-30,35.25,1776.75,0.0
DM-05-05-14-01,2026-07-31,33.0,1870.25,0.0
DM-05-05-14-01,2026-08-01,36.375,1685.0,0.0
DM-05-05-14-01,2026-08-02,33.625,1704.0,0.0
DM-05-05-14-01,2026-08-03,37.75,1813.25,0.0
DM-05-05-14-01,2026-08-04,32.25,1877.5,0.0
DM-05-05-14-01,2026-08-05,37.125,1819.75,0.0
DM-06-01-01-01,2026-07-08,,1408.75,
DM-06-01-01-01,2026-07-09,56.0,2196.25,
DM-06-01-01-01,2026-07-10,53.625,2260.5,
DM-06-01-01-01,2026-07-11,56.375,2265.25,
DM-06-01-01-01,2026-07-12,59.5,2204.0,
DM-06-01-01-01,2026-07-13,53.375,2282.5,
DM-06-01-01-01,2026-07-14,50.5,2293.5,
DM-06-01-01-01,2026-07-15,52.0,2356.25,
DM-06-01-01-01,2026-07-16,54.875,2149.75,
DM-06-01-01-01,2026-07-17,62.875,2344.25,
DM-06-01-01-01,2026-07-18,62.25,2185.75,
DM-06-01-01-01,2026-07-19,10.125,2161.25,
DM-06-01-01-01,2026-07-20,54.0,2268.0,
DM-06-01-01-01,2026-07-21,55.625,2310.5,
DM-06-01-01-01,2026-07-22,53.5,2300.0,0.0
DM-06-01-01-01,2026-07-23,54.125,2185.0,0.0
DM-06-01-01-01,2026-07-24,35.375,2300.5,0.0
DM-06-01-01-01,2026-07-25,63.125,2429.5,4.378
DM-06-01-01-01,2026-07-26,55.0,2324.5,0.632
DM-06-01-01-01,2026-07-27,55.25,2324.5,0.0
DM-06-01-01-01,2026-07-28,58.0,2252.5,0.0
DM-06-01-01-01,2026-07-29,57.0,2249.0,0.0
DM-06-01-01-01,2026-07-30,58.125,2221.75,0.0
DM-06-01-01-01,2026-07-31,55.375,2229.5,0.0
DM-06-01-01-01,2026-08-01,58.625,2255.5,0.0
DM-06-01-01-01,2026-08-02,60.125,2323.5,1.378
DM-06-01-01-01,2026-08-03,59.5,2345.0,2.132
DM-06-01-01-01,2026-08-04,54.625,2400.75,0.0
DM-06-01-01-01,2026-08-05,58.625,2344.75,0.0
DM-06-01-02-01,2026-07-08,,1166.25,
DM-06-01-02-01,2026-07-09,73.5,2037.5,
DM-06-01-02-01,2026-07-10,63.25,2135.5,
DM-06-01-02-01,2026-07-11,68.25,2134.5,
DM-06-01-02-01,2026-07-12,68.75,2098.0,
DM-06-01-02-01,2026-07-13,66.75,2073.0,
DM-06-01-02-01,2026-07-14,57.5,2055.0,
DM-06-01-02-01,2026-07-15,65.875,2182.0,
DM-06-01-02-01,2026-07-16,62.25,2008.5,
DM-06-01-02-01,2026-07-17,59.125,2132.25,
DM-06-01-02-01,2026-07-18,66.75,1863.0,
DM-06-01-02-01,2026-07-19,52.375,2038.25,
DM-06-01-02-01,2026-07-20,65.125,2131.75,
DM-06-01-02-01,2026-07-21,57.125,1998.25,
DM-06-01-02-01,2026-07-22,55.5,1997.25,0.0
DM-06-01-02-01,2026-07-23,67.25,1932.25,0.888
DM-06-01-02-01,2026-07-24,42.0,2049.75,0.0
DM-06-01-02-01,2026-07-25,61.875,2021.0,0.0
DM-06-01-02-01,2026-07-26,75.75,2190.25,9.388
DM-06-01-02-01,2026-07-27,61.625,2049.25,4.651
DM-06-01-02-01,2026-07-28,64.625,2022.0,2.914
DM-06-01-02-01,2026-07-29,60.75,1973.0,0.0
DM-06-01-02-01,2026-07-30,56.0,1957.5,0.0
DM-06-01-02-01,2026-07-31,57.125,2035.75,0.0
DM-06-01-02-01,2026-08-01,66.375,2094.25,0.013
DM-06-01-02-01,2026-08-02,61.625,2047.25,0.0
DM-06-01-02-01,2026-08-03,60.0,2005.0,0.0
DM-06-01-02-01,2026-08-04,60.25,2022.25,0.0
DM-06-01-02-01,2026-08-05,57.0,1998.0,0.0
DM-06-01-02-02,2026-07-08,,798.75,
DM-06-01-02-02,2026-07-09,,1340.25,
DM-06-01-02-02,2026-07-10,,1354.5,
DM-06-01-02-02,2026-07-11,,1326.25,
DM-06-01-02-02,2026-07-12,,1242.0,
DM-06-01-02-02,2026-07-13,,1392.25,
DM-06-01-02-02,2026-07-14,,1419.75,
DM-06-01-02-02,2026-07-15,,1442.5,
DM-06-01-02-02,2026-07-16,,1345.25,
DM-06-01-02-02,2026-07-17,,1398.0,
DM-06-01-02-02,2026-07-18,,1160.5,
DM-06-01-02-02,2026-07-19,,1352.5,
DM-06-01-02-02,2026-07-20,,1394.0,
DM-06-01-02-02,2026-07-21,,1394.75,
DM-06-01-02-02,2026-07-22,,1391.0,0.0
DM-06-01-02-02,2026-07-23,,1337.75,0.0
DM-06-01-02-02,2026-07-24,,1437.5,0.0
DM-06-01-02-02,2026-07-25,,1333.75,0.0
DM-06-01-02-02,2026-07-26,,1263.25,0.0
DM-06-01-02-02,2026-07-27,,1318.5,0.0
DM-06-01-02-02,2026-07-28,,1208.0,0.0
DM-06-01-02-02,2026-07-29,,1259.75,0.0
DM-06-01-02-02,2026-07-30,,1256.0,0.0
DM-06-01-02-02,2026-07-31,,1282.75,0.0
DM-06-01-02-02,2026-08-01,,1266.25,0.0
DM-06-01-02-02,2026-08-02,,1248.25,0.0
DM-06-01-02-02,2026-08-03,,1413.5,0.0
DM-06-01-02-02,2026-08-04,,1294.25,0.0
DM-06-01-02-02,2026-08-05,,1375.75,0.0
DM-06-01-03-01,2026-07-08,,721.75,
DM-06-01-03-01,2026-07-09,,1238.75,
DM-06-01-03-01,2026-07-10,,1227.5,
DM-06-01-03-01,2026-07-11,,1190.0,
DM-06-01-03-01,2026-07-12,,1062.0,
DM-06-01-03-01,2026-07-13,,1119.0,
DM-06-01-03-01,2026-07-14,,1111.75,
DM-06-01-03-01,2026-07-15,,1160.5,
DM-06-01-03-01,2026-07-16,,1213.25,
DM-06-01-03-01,2026-07-17,,1244.75,
DM-06-01-03-01,2026-07-18,,1121.0,
DM-06-01-03-01,2026-07-19,,1133.5,
DM-06-01-03-01,2026-07-20,,1236.5,
DM-06-01-03-01,2026-07-21,,1246.25,
DM-06-01-03-01,2026-07-22,,1279.5,0.0
DM-06-01-03-01,2026-07-23,,1379.0,0.0
DM-06-01-03-01,2026-07-24,,1764.5,0.0
DM-06-01-03-01,2026-07-25,,2680.0,0.0
DM-06-01-03-01,2026-07-26,,2366.25,0.0
DM-06-01-03-01,2026-07-27,,2488.25,0.0
DM-06-01-03-01,2026-07-28,,2520.75,0.0
DM-06-01-03-01,2026-07-29,,2454.0,0.0
DM-06-01-03-01,2026-07-30,,2336.75,0.0
DM-06-01-03-01,2026-07-31,,2247.25,0.0
DM-06-01-03-01,2026-08-01,,2711.0,0.0
DM-06-01-03-01,2026-08-02,,2479.25,0.0
DM-06-01-03-01,2026-08-03,,2663.5,0.0
DM-06-01-03-01,2026-08-04,,2359.75,0.0
DM-06-01-03-01,2026-08-05,,2718.75,0.0
DM-06-01-03-02,2026-07-08,,609.75,
DM-06-01-03-02,2026-07-09,22.0,901.5,
DM-06-01-03-02,2026-07-10,18.875,906.0,
DM-06-01-03-02,2026-07-11,20.5,853.5,
DM-06-01-03-02,2026-07-12,20.625,842.5,
DM-06-01-03-02,2026-07-13,21.125,952.5,
DM-06-01-03-02,2026-07-14,20.0,847.5,
DM-06-01-03-02,2026-07-15,19.875,934.25,
DM-06-01-03-02,2026-07-16,25.25,1007.0,
DM-06-01-03-02,2026-07-17,25.75,926.5,
DM-06-01-03-02,2026-07-18,23.5,1060.25,
DM-06-01-03-02,2026-07-19,28.75,880.0,
DM-06-01-03-02,2026-07-20,20.625,1002.75,
DM-06-01-03-02,2026-07-21,27.5,1074.0,
DM-06-01-03-02,2026-07-22,20.75,994.75,0.0
DM-06-01-03-02,2026-07-23,23.25,1022.5,0.0
DM-06-01-03-02,2026-07-24,19.875,1085.5,0.0
DM-06-01-03-02,2026-07-25,23.25,1008.5,0.0
DM-06-01-03-02,2026-07-26,24.875,996.5,0.697
DM-06-01-03-02,2026-07-27,22.375,991.0,0.0
DM-06-01-03-02,2026-07-28,22.625,922.75,0.0
DM-06-01-03-02,2026-07-29,25.25,913.5,1.072
DM-06-01-03-02,2026-07-30,23.75,940.25,0.643
DM-06-01-03-02,2026-07-31,26.125,920.5,2.59
DM-06-01-03-02,2026-08-01,19.875,818.0,0.0
DM-06-01-03-02,2026-08-02,18.5,816.75,0.0
DM-06-01-03-02,2026-08-03,19.0,1013.0,0.0
DM-06-01-03-02,2026-08-04,25.75,1036.75,1.572
DM-06-01-03-02,2026-08-05,21.625,1038.75,0.0
DM-06-01-04-02,2026-07-08,,561.75,
DM-06-01-04-02,2026-07-09,,1000.0,
DM-06-01-04-02,2026-07-10,,993.25,
DM-06-01-04-02,2026-07-11,,946.25,
DM-06-01-04-02,2026-07-12,,946.5,
DM-06-01-04-02,2026-07-13,,1008.75,
DM-06-01-04-02,2026-07-14,,973.5,
DM-06-01-04-02,2026-07-15,,1005.75,
DM-06-01-04-02,2026-07-16,,971.25,
DM-06-01-04-02,2026-07-17,,973.0,
DM-06-01-04-02,2026-07-18,,968.5,
DM-06-01-04-02,2026-07-19,,952.0,
DM-06-01-04-02,2026-07-20,,1016.0,
DM-06-01-04-02,2026-07-21,,1014.25,
DM-06-01-04-02,2026-07-22,,967.75,0.0
DM-06-01-04-02,2026-07-23,,948.75,0.0
DM-06-01-04-02,2026-07-24,,996.0,0.0
DM-06-01-04-02,2026-07-25,,980.25,0.0
DM-06-01-04-02,2026-07-26,,959.0,0.0
DM-06-01-04-02,2026-07-27,,1015.5,0.0
DM-06-01-04-02,2026-07-28,,931.5,0.0
DM-06-01-04-02,2026-07-29,,958.25,0.0
DM-06-01-04-02,2026-07-30,,954.0,0.0
DM-06-01-04-02,2026-07-31,,970.75,0.0
DM-06-01-04-02,2026-08-01,,951.0,0.0
DM-06-01-04-02,2026-08-02,,933.5,0.0
DM-06-01-04-02,2026-08-03,,1016.0,0.0
DM-06-01-04-02,2026-08-04,,1010.75,0.0
DM-06-01-04-02,2026-08-05,,1042.75,0.0
DM-06-01-04-03,2026-07-08,,1139.75,
DM-06-01-04-03,2026-07-09,43.875,1839.75,
DM-06-01-04-03,2026-07-10,45.625,1862.5,
DM-06-01-04-03,2026-07-11,49.625,1829.0,
DM-06-01-04-03,2026-07-12,47.5,1829.25,
DM-06-01-04-03,2026-07-13,48.0,1862.5,
DM-06-01-04-03,2026-07-14,45.75,1870.25,
DM-06-01-04-03,2026-07-15,47.625,1878.5,
DM-06-01-04-03,2026-07-16,49.75,1822.75,
DM-06-01-04-03,2026-07-17,46.625,1861.75,
DM-06-01-04-03,2026-07-18,47.25,1874.5,
DM-06-01-04-03,2026-07-19,46.625,1844.75,
DM-06-01-04-03,2026-07-20,47.75,1918.0,
DM-06-01-04-03,2026-07-21,50.25,1913.25,
DM-06-01-04-03,2026-07-22,45.75,1921.25,0.0
DM-06-01-04-03,2026-07-23,51.5,1866.75,3.234
DM-06-01-04-03,2026-07-24,38.125,1764.75,0.0
DM-06-01-04-03,2026-07-25,46.0,1853.0,0.0
DM-06-01-04-03,2026-07-26,48.5,1854.25,0.234
DM-06-01-04-03,2026-07-27,48.375,1855.5,0.343
DM-06-01-04-03,2026-07-28,49.0,1850.25,1.077
DM-06-01-04-03,2026-07-29,49.75,1841.0,2.561
DM-06-01-04-03,2026-07-30,48.375,1874.25,2.669
DM-06-01-04-03,2026-07-31,48.125,1880.5,2.528
DM-06-01-04-03,2026-08-01,49.875,1921.5,4.137
DM-06-01-04-03,2026-08-02,49.875,1897.5,5.746
DM-06-01-04-03,2026-08-03,50.625,1957.25,8.105
DM-06-01-04-03,2026-08-04,52.75,1963.75,12.589
DM-06-01-04-03,2026-08-05,49.375,1915.75,13.698
DM-06-01-05-01,2026-07-08,,1228.0,
DM-06-01-05-01,2026-07-09,49.25,1989.25,
DM-06-01-05-01,2026-07-10,50.75,2000.0,
DM-06-01-05-01,2026-07-11,54.75,1964.5,
DM-06-01-05-01,2026-07-12,53.125,1965.0,
DM-06-01-05-01,2026-07-13,53.375,2009.0,
DM-06-01-05-01,2026-07-14,50.875,2021.0,
DM-06-01-05-01,2026-07-15,53.625,2050.0,
DM-06-01-05-01,2026-07-16,55.125,1973.5,
DM-06-01-05-01,2026-07-17,51.75,2008.25,
DM-06-01-05-01,2026-07-18,52.125,2009.5,
DM-06-01-05-01,2026-07-19,52.375,2014.0,
DM-06-01-05-01,2026-07-20,53.375,2082.0,
DM-06-01-05-01,2026-07-21,55.375,2077.25,
DM-06-01-05-01,2026-07-22,51.375,2095.25,0.0
DM-06-01-05-01,2026-07-23,56.875,2007.0,3.244
DM-06-01-05-01,2026-07-24,40.625,1900.5,0.0
DM-06-01-05-01,2026-07-25,51.0,2028.5,0.0
DM-06-01-05-01,2026-07-26,54.25,2053.25,0.619
DM-06-01-05-01,2026-07-27,53.125,2005.75,0.112
DM-06-01-05-01,2026-07-28,53.75,1975.0,0.231
DM-06-01-05-01,2026-07-29,55.125,1963.25,1.725
DM-06-01-05-01,2026-07-30,53.0,2014.0,1.093
DM-06-01-05-01,2026-07-31,53.375,2020.75,0.837
DM-06-01-05-01,2026-08-01,55.125,2044.5,2.331
DM-06-01-05-01,2026-08-02,55.0,2028.75,3.699
DM-06-01-05-01,2026-08-03,56.125,2094.0,6.193
DM-06-01-05-01,2026-08-04,57.875,2118.75,10.437
DM-06-01-05-01,2026-08-05,54.5,2061.0,11.305
DM-06-01-06-01,2026-07-08,,1746.5,
DM-06-01-06-01,2026-07-09,81.625,2861.0,
DM-06-01-06-01,2026-07-10,83.25,2894.5,
DM-06-01-06-01,2026-07-11,84.0,2817.5,
DM-06-01-06-01,2026-07-12,82.875,2761.75,
DM-06-01-06-01,2026-07-13,82.0,2862.0,
DM-06-01-06-01,2026-07-14,79.75,2854.0,
DM-06-01-06-01,2026-07-15,80.75,2877.0,
DM-06-01-06-01,2026-07-16,82.25,2802.75,
DM-06-01-06-01,2026-07-17,85.25,2853.5,
DM-06-01-06-01,2026-07-18,81.625,2857.0,
DM-06-01-06-01,2026-07-19,82.0,2845.0,
DM-06-01-06-01,2026-07-20,78.625,2870.75,
DM-06-01-06-01,2026-07-21,82.0,2894.75,
DM-06-01-06-01,2026-07-22,80.25,2902.0,0.0
DM-06-01-06-01,2026-07-23,85.75,2830.0,2.927
DM-06-01-06-01,2026-07-24,63.25,2799.75,0.0
DM-06-01-06-01,2026-07-25,84.125,2870.25,1.302
DM-06-01-06-01,2026-07-26,81.5,2799.0,0.0
DM-06-01-06-01,2026-07-27,84.5,2911.75,1.677
DM-06-01-06-01,2026-07-28,84.875,2815.75,3.728
DM-06-01-06-01,2026-07-29,81.5,2751.0,2.405
DM-06-01-06-01,2026-07-30,87.875,2820.0,7.457
DM-06-01-06-01,2026-07-31,82.5,2770.25,7.133
DM-06-01-06-01,2026-08-01,79.5,2807.0,3.81
DM-06-01-06-01,2026-08-02,87.625,2770.25,8.612
DM-06-01-06-01,2026-08-03,85.125,2936.0,10.913
DM-06-01-06-01,2026-08-04,84.75,2984.5,12.84
DM-06-01-06-01,2026-08-05,84.875,2938.0,14.892
DM-06-02-01-02,2026-07-12,133.125,4273.5,
DM-06-02-01-02,2026-07-13,137.375,4437.75,
DM-06-02-01-02,2026-07-14,143.625,4472.75,
DM-06-02-01-02,2026-07-15,139.5,4549.75,
DM-06-02-01-02,2026-07-16,151.375,4516.75,
DM-06-02-01-02,2026-07-17,138.125,4547.75,
DM-06-02-01-02,2026-07-18,143.25,4546.25,
DM-06-02-01-02,2026-07-19,131.125,4419.0,
DM-06-02-01-02,2026-07-20,137.25,4656.0,
DM-06-02-01-02,2026-07-21,142.75,4803.0,
DM-06-02-01-02,2026-07-22,142.875,4786.25,
DM-06-02-01-02,2026-07-23,149.5,4666.75,
DM-06-02-01-02,2026-07-24,108.75,4254.75,
DM-06-02-01-02,2026-07-25,144.0,4696.75,
DM-06-02-01-02,2026-07-26,143.875,4627.0,0.162
DM-06-02-01-02,2026-07-27,149.25,4782.5,5.699
DM-06-02-01-02,2026-07-28,159.5,4679.0,21.486
DM-06-02-01-02,2026-07-29,151.125,4775.25,28.898
DM-06-02-01-02,2026-07-30,153.25,4779.0,38.435
DM-06-02-01-02,2026-07-31,150.5,4846.5,45.222
DM-06-02-01-02,2026-08-01,148.875,4883.75,50.384
DM-06-02-01-02,2026-08-02,155.125,4749.75,61.796
DM-06-02-01-02,2026-08-03,154.5,4947.25,72.583
DM-06-02-01-02,2026-08-04,156.25,5438.25,85.12
DM-06-02-01-02,2026-08-05,156.625,4990.5,98.032
DM-06-02-02-01,2026-07-08,,2237.0,
DM-06-02-02-01,2026-07-09,104.75,3568.25,
DM-06-02-02-01,2026-07-10,84.875,3568.25,
DM-06-02-02-01,2026-07-11,121.625,3476.75,
DM-06-02-02-01,2026-07-12,98.125,3414.0,
DM-06-02-02-01,2026-07-13,99.75,3602.5,
DM-06-02-02-01,2026-07-14,88.0,3566.75,
DM-06-02-02-01,2026-07-15,95.75,3625.5,
DM-06-02-02-01,2026-07-16,87.125,3490.75,
DM-06-02-02-01,2026-07-17,88.875,3614.0,
DM-06-02-02-01,2026-07-18,82.875,3437.25,
DM-06-02-02-01,2026-07-19,79.75,3403.75,
DM-06-02-02-01,2026-07-20,81.125,3567.25,
DM-06-02-02-01,2026-07-21,82.375,3585.0,
DM-06-02-02-01,2026-07-22,80.25,3552.25,0.0
DM-06-02-02-01,2026-07-23,100.375,3473.5,2.74
DM-06-02-02-01,2026-07-24,65.375,3336.75,0.0
DM-06-02-02-01,2026-07-25,86.125,3261.75,0.0
DM-06-02-02-01,2026-07-26,81.5,3252.0,0.0
DM-06-02-02-01,2026-07-27,82.25,3428.75,0.0
DM-06-02-02-01,2026-07-28,84.938,3445.62,0.0
DM-06-02-02-01,2026-07-29,85.5,3319.0,0.0
DM-06-02-02-01,2026-07-30,85.125,3280.25,0.0
DM-06-02-02-01,2026-07-31,106.25,3468.0,8.615
DM-06-02-02-01,2026-08-01,80.625,3263.75,0.0
DM-06-02-02-01,2026-08-02,86.375,3216.25,0.0
DM-06-02-02-01,2026-08-03,90.75,3439.75,0.0
DM-06-02-02-01,2026-08-04,88.0,3464.0,0.0
DM-06-02-02-01,2026-08-05,86.125,3448.0,0.0
DM-06-02-03-01,2026-07-08,,1766.25,
DM-06-02-03-01,2026-07-09,75.5,2815.75,
DM-06-02-03-01,2026-07-10,69.375,2772.25,
DM-06-02-03-01,2026-07-11,79.125,2951.75,
DM-06-02-03-01,2026-07-12,75.0,2844.75,
DM-06-02-03-01,2026-07-13,73.5,2786.75,
DM-06-02-03-01,2026-07-14,83.25,2822.75,
DM-06-02-03-01,2026-07-15,68.875,2844.0,
DM-06-02-03-01,2026-07-16,75.875,2758.0,
DM-06-02-03-01,2026-07-17,75.375,2795.5,
DM-06-02-03-01,2026-07-18,73.875,2904.75,
DM-06-02-03-01,2026-07-19,74.625,2817.0,
DM-06-02-03-01,2026-07-20,71.25,2778.75,
DM-06-02-03-01,2026-07-21,73.25,2899.25,
DM-06-02-03-01,2026-07-22,75.25,2838.0,0.0
DM-06-02-03-01,2026-07-23,76.75,2767.0,0.396
DM-06-02-03-01,2026-07-24,60.125,2707.5,0.0
DM-06-02-03-01,2026-07-25,81.125,2889.75,4.771
DM-06-02-03-01,2026-07-26,76.0,2879.5,4.416
DM-06-02-03-01,2026-07-27,71.25,2820.5,0.0
DM-06-02-03-01,2026-07-28,75.5,2817.0,0.0
DM-06-02-03-01,2026-07-29,74.5,2904.75,0.0
DM-06-02-03-01,2026-07-30,73.5,2807.75,0.0
DM-06-02-03-01,2026-07-31,73.5,2848.0,0.0
DM-06-02-03-01,2026-08-01,78.25,2953.25,1.896
DM-06-02-03-01,2026-08-02,73.25,2855.5,0.0
DM-06-02-03-01,2026-08-03,77.375,2877.5,1.021
DM-06-02-03-01,2026-08-04,71.75,2867.25,0.0
DM-06-02-03-01,2026-08-05,76.375,2917.25,0.021
DM-06-02-03-03,2026-07-08,,2249.25,
DM-06-02-03-03,2026-07-09,106.125,3721.5,
DM-06-02-03-03,2026-07-10,112.625,3804.0,
DM-06-02-03-03,2026-07-11,124.0,3968.25,
DM-06-02-03-03,2026-07-12,114.125,3921.25,
DM-06-02-03-03,2026-07-13,114.75,3986.0,
DM-06-02-03-03,2026-07-14,111.125,3946.0,
DM-06-02-03-03,2026-07-15,117.25,3951.5,
DM-06-02-03-03,2026-07-16,114.625,3879.5,
DM-06-02-03-03,2026-07-17,119.25,3963.0,
DM-06-02-03-03,2026-07-18,117.625,3921.25,
DM-06-02-03-03,2026-07-19,107.375,3860.25,
DM-06-02-03-03,2026-07-20,111.5,3973.25,
DM-06-02-03-03,2026-07-21,111.125,3945.75,
DM-06-02-03-03,2026-07-22,109.875,3960.75,0.0
DM-06-02-03-03,2026-07-23,117.75,3862.25,1.456
DM-06-02-03-03,2026-07-24,90.0,3702.0,0.0
DM-06-02-03-03,2026-07-25,113.875,3943.75,0.0
DM-06-02-03-03,2026-07-26,111.125,3969.5,0.0
DM-06-02-03-03,2026-07-27,114.5,3995.0,0.0
DM-06-02-03-03,2026-07-28,122.25,3881.5,5.956
DM-06-02-03-03,2026-07-29,116.875,3933.75,6.538
DM-06-02-03-03,2026-07-30,111.125,3916.75,1.369
DM-06-02-03-03,2026-07-31,118.625,3973.0,3.701
DM-06-02-03-03,2026-08-01,114.0,3976.75,1.407
DM-06-02-03-03,2026-08-02,113.0,3958.75,0.0
DM-06-02-03-03,2026-08-03,116.0,4085.75,0.0
DM-06-02-03-03,2026-08-04,115.25,4070.0,0.0
DM-06-02-03-03,2026-08-05,116.25,4018.5,0.0
DM-06-02-04-01,2026-07-12,47.25,1601.75,
DM-06-02-04-01,2026-07-13,44.75,1695.25,
DM-06-02-04-01,2026-07-14,45.875,1686.0,
DM-06-02-04-01,2026-07-15,44.125,1637.5,
DM-06-02-04-01,2026-07-16,44.625,1644.5,
DM-06-02-04-01,2026-07-17,41.0,1647.0,
DM-06-02-04-01,2026-07-18,47.25,1687.25,
DM-06-02-04-01,2026-07-19,47.875,1616.0,
DM-06-02-04-01,2026-07-20,47.25,1759.0,
DM-06-02-04-01,2026-07-21,50.25,1741.5,
DM-06-02-04-01,2026-07-22,45.75,1738.25,
DM-06-02-04-01,2026-07-23,45.5,1701.75,
DM-06-02-04-01,2026-07-24,41.125,1700.0,
DM-06-02-04-01,2026-07-25,45.375,1658.75,
DM-06-02-04-01,2026-07-26,44.625,1643.5,0.0
DM-06-02-04-01,2026-07-27,47.375,1716.25,0.607
DM-06-02-04-01,2026-07-28,45.75,1620.0,0.0
DM-06-02-04-01,2026-07-29,45.625,1506.0,0.0
DM-06-02-04-01,2026-07-30,35.5,1519.5,0.0
DM-06-02-04-01,2026-07-31,38.125,1478.5,0.0
DM-06-02-04-01,2026-08-01,36.75,1431.0,0.0
DM-06-02-04-01,2026-08-02,36.75,1483.5,0.0
DM-06-02-04-01,2026-08-03,35.0,1501.0,0.0
DM-06-02-04-01,2026-08-04,39.875,1574.0,0.0
DM-06-02-04-01,2026-08-05,45.5,1599.25,0.0
DM-06-02-04-02,2026-07-08,,1396.0,
DM-06-02-04-02,2026-07-09,,2475.0,
DM-06-02-04-02,2026-07-10,,2504.75,
DM-06-02-04-02,2026-07-11,,2574.25,
DM-06-02-04-02,2026-07-12,,2501.75,
DM-06-02-04-02,2026-07-13,,2475.25,
DM-06-02-04-02,2026-07-14,,2500.0,
DM-06-02-04-02,2026-07-15,,2503.25,
DM-06-02-04-02,2026-07-16,,2435.25,
DM-06-02-04-02,2026-07-17,,2515.25,
DM-06-02-04-02,2026-07-18,,2546.75,
DM-06-02-04-02,2026-07-19,,2531.0,
DM-06-02-04-02,2026-07-20,,2505.75,
DM-06-02-04-02,2026-07-21,,2495.0,
DM-06-02-04-02,2026-07-22,,2553.75,0.0
DM-06-02-04-02,2026-07-23,,2475.25,0.0
DM-06-02-04-02,2026-07-24,,2465.75,0.0
DM-06-02-04-02,2026-07-25,,2604.75,0.0
DM-06-02-04-02,2026-07-26,,3001.5,0.0
DM-06-02-04-02,2026-07-27,,2547.0,0.0
DM-06-02-04-02,2026-07-28,,2560.75,0.0
DM-06-02-04-02,2026-07-29,,2559.5,0.0
DM-06-02-04-02,2026-07-30,,2551.75,0.0
DM-06-02-04-02,2026-07-31,,2561.0,0.0
DM-06-02-04-02,2026-08-01,,2593.0,0.0
DM-06-02-04-02,2026-08-02,,2519.5,0.0
DM-06-02-04-02,2026-08-03,,2536.75,0.0
DM-06-02-04-02,2026-08-04,,2539.5,0.0
DM-06-02-04-02,2026-08-05,,2554.5,0.0
DM-06-02-05-01,2026-07-08,82.0,1560.25,
DM-06-02-05-01,2026-07-09,83.125,2768.25,
DM-06-02-05-01,2026-07-10,82.625,2760.75,
DM-06-02-05-01,2026-07-11,84.75,2731.5,
DM-06-02-05-01,2026-07-12,80.375,2605.5,
DM-06-02-05-01,2026-07-13,80.625,2734.0,
DM-06-02-05-01,2026-07-14,79.5,2745.0,
DM-06-02-05-01,2026-07-15,85.875,2738.25,
DM-06-02-05-01,2026-07-16,81.375,2680.25,
DM-06-02-05-01,2026-07-17,82.5,2734.75,
DM-06-02-05-01,2026-07-18,75.375,2662.75,
DM-06-02-05-01,2026-07-19,76.5,2555.75,
DM-06-02-05-01,2026-07-20,81.5,2755.75,
DM-06-02-05-01,2026-07-21,82.0,2752.25,
DM-06-02-05-01,2026-07-22,84.0,2774.5,1.349
DM-06-02-05-01,2026-07-23,60.0,2631.25,0.0
DM-06-02-05-01,2026-07-24,80.0,2556.75,0.0
DM-06-02-05-01,2026-07-25,80.875,2672.5,0.0
DM-06-02-05-01,2026-07-26,81.75,2593.25,0.0
DM-06-02-05-01,2026-07-27,85.375,2761.25,2.724
DM-06-02-05-01,2026-07-28,86.5,2678.0,6.572
DM-06-02-05-01,2026-07-29,84.75,2738.0,8.671
DM-06-02-05-01,2026-07-30,82.0,2725.0,8.019
DM-06-02-05-01,2026-07-31,84.625,2771.75,9.993
DM-06-02-05-01,2026-08-01,89.25,2807.5,16.592
DM-06-02-05-01,2026-08-02,82.25,2636.25,16.19
DM-06-02-05-01,2026-08-03,85.125,2789.5,18.664
DM-06-02-05-01,2026-08-04,84.25,2771.0,20.263
DM-06-02-05-01,2026-08-05,80.0,2752.0,17.611
DM-06-02-07-02,2026-07-08,,1868.25,
DM-06-02-07-02,2026-07-09,80.625,3057.0,
DM-06-02-07-02,2026-07-10,79.875,3050.25,
DM-06-02-07-02,2026-07-11,83.375,3112.5,
DM-06-02-07-02,2026-07-12,83.375,3017.25,
DM-06-02-07-02,2026-07-13,80.5,3052.0,
DM-06-02-07-02,2026-07-14,80.875,3103.0,
DM-06-02-07-02,2026-07-15,82.0,3104.0,
DM-06-02-07-02,2026-07-16,84.75,3009.75,
DM-06-02-07-02,2026-07-17,82.125,3121.5,
DM-06-02-07-02,2026-07-18,86.375,3225.5,
DM-06-02-07-02,2026-07-19,77.875,3028.25,
DM-06-02-07-02,2026-07-20,81.875,3137.75,
DM-06-02-07-02,2026-07-21,84.375,3210.25,
DM-06-02-07-02,2026-07-22,82.875,3184.25,0.0
DM-06-02-07-02,2026-07-23,88.625,3177.0,5.372
DM-06-02-07-02,2026-07-24,75.0,3062.0,0.0
DM-06-02-07-02,2026-07-25,85.125,3296.25,1.872
DM-06-02-07-02,2026-07-26,84.875,3151.75,3.495
DM-06-02-07-02,2026-07-27,84.5,3212.25,4.742
DM-06-02-07-02,2026-07-28,85.125,3174.0,6.614
DM-06-02-07-02,2026-07-29,85.25,3207.0,8.612
DM-06-02-07-02,2026-07-30,84.875,3161.75,10.234
DM-06-02-07-02,2026-07-31,86.875,3168.0,13.856
DM-06-02-07-02,2026-08-01,87.375,3184.0,17.979
DM-06-02-07-02,2026-08-02,82.875,3089.75,17.601
DM-06-02-07-02,2026-08-03,81.625,2927.25,15.973
DM-06-02-07-02,2026-08-04,80.625,3083.0,13.346
DM-06-02-07-02,2026-08-05,75.625,2843.75,5.718
DM-06-02-07-03,2026-07-08,,1797.25,
DM-06-02-07-03,2026-07-09,,3140.75,
DM-06-02-07-03,2026-07-10,,3188.75,
DM-06-02-07-03,2026-07-11,,3233.5,
DM-06-02-07-03,2026-07-12,,3074.5,
DM-06-02-07-03,2026-07-13,,3092.0,
DM-06-02-07-03,2026-07-14,,3156.5,
DM-06-02-07-03,2026-07-15,,3176.75,
DM-06-02-07-03,2026-07-16,,3162.5,
DM-06-02-07-03,2026-07-17,,3134.0,
DM-06-02-07-03,2026-07-18,,3236.0,
DM-06-02-07-03,2026-07-19,,3055.25,
DM-06-02-07-03,2026-07-20,,3130.0,
DM-06-02-07-03,2026-07-21,,3198.5,
DM-06-02-07-03,2026-07-22,,3172.75,0.0
DM-06-02-07-03,2026-07-23,,3090.75,0.0
DM-06-02-07-03,2026-07-24,,3090.5,0.0
DM-06-02-07-03,2026-07-25,,3244.5,0.0
DM-06-02-07-03,2026-07-26,,3075.75,0.0
DM-06-02-07-03,2026-07-27,,3126.25,0.0
DM-06-02-07-03,2026-07-28,,3156.0,0.0
DM-06-02-07-03,2026-07-29,,3130.75,0.0
DM-06-02-07-03,2026-07-30,,3150.0,0.0
DM-06-02-07-03,2026-07-31,,3185.0,0.0
DM-06-02-07-03,2026-08-01,,3210.0,0.0
DM-06-02-07-03,2026-08-02,,3120.0,0.0
DM-06-02-07-03,2026-08-03,,3156.0,0.0
DM-06-02-07-03,2026-08-04,,3226.0,0.0
DM-06-02-07-03,2026-08-05,,3208.5,0.0
DM-06-03-01-01,2026-07-08,,1264.25,
DM-06-03-01-01,2026-07-09,43.875,2101.0,
DM-06-03-01-01,2026-07-10,46.5,1916.75,
DM-06-03-01-01,2026-07-11,55.875,1974.5,
DM-06-03-01-01,2026-07-12,41.75,1876.25,
DM-06-03-01-01,2026-07-13,45.0,2314.0,
DM-06-03-01-01,2026-07-14,58.0,2277.5,
DM-06-03-01-01,2026-07-15,49.875,2355.0,
DM-06-03-01-01,2026-07-16,52.75,2113.5,
DM-06-03-01-01,2026-07-17,50.5,2067.75,
DM-06-03-01-01,2026-07-18,47.625,1830.25,
DM-06-03-01-01,2026-07-19,4.375,1984.25,
DM-06-03-01-01,2026-07-20,53.625,2313.0,
DM-06-03-01-01,2026-07-21,44.125,2332.5,
DM-06-03-01-01,2026-07-22,43.125,2233.75,0.0
DM-06-03-01-01,2026-07-23,45.375,1911.5,0.0
DM-06-03-01-01,2026-07-24,0.0,1999.0,0.0
DM-06-03-01-01,2026-07-25,48.625,2084.25,0.0
DM-06-03-01-01,2026-07-26,48.625,1960.75,0.0
DM-06-03-01-01,2026-07-27,47.625,2252.0,0.0
DM-06-03-01-01,2026-07-28,50.875,1873.25,0.0
DM-06-03-01-01,2026-07-29,44.75,1804.0,0.0
DM-06-03-01-01,2026-07-30,48.375,2280.25,0.0
DM-06-03-01-01,2026-07-31,46.5,1888.75,0.0
DM-06-03-01-01,2026-08-01,49.875,2065.5,0.0
DM-06-03-01-01,2026-08-02,43.375,1973.25,0.0
DM-06-03-01-01,2026-08-03,48.375,2346.75,0.0
DM-06-03-01-01,2026-08-04,44.625,2377.25,0.0
DM-06-03-01-01,2026-08-05,47.625,2272.25,0.0
DM-06-03-02-01,2026-07-08,,1234.75,
DM-06-03-02-01,2026-07-09,,2219.0,
DM-06-03-02-01,2026-07-10,,2239.25,
DM-06-03-02-01,2026-07-11,,2324.75,
DM-06-03-02-01,2026-07-12,,2288.75,
DM-06-03-02-01,2026-07-13,,2225.75,
DM-06-03-02-01,2026-07-14,,2206.25,
DM-06-03-02-01,2026-07-15,,2294.0,
DM-06-03-02-01,2026-07-16,,2165.75,
DM-06-03-02-01,2026-07-17,,2266.75,
DM-06-03-02-01,2026-07-18,,2312.75,
DM-06-03-02-01,2026-07-19,,2455.0,
DM-06-03-02-01,2026-07-20,,2441.0,
DM-06-03-02-01,2026-07-21,,2471.75,
DM-06-03-02-01,2026-07-22,,2507.0,0.0
DM-06-03-02-01,2026-07-23,,2307.5,0.0
DM-06-03-02-01,2026-07-24,,2394.25,0.0
DM-06-03-02-01,2026-07-25,,2387.75,0.0
DM-06-03-02-01,2026-07-26,,2387.5,0.0
DM-06-03-02-01,2026-07-27,,2378.0,0.0
DM-06-03-02-01,2026-07-28,,2246.0,0.0
DM-06-03-02-01,2026-07-29,,2214.0,0.0
DM-06-03-02-01,2026-07-30,,2295.5,0.0
DM-06-03-02-01,2026-07-31,,2254.0,0.0
DM-06-03-02-01,2026-08-01,,2351.5,0.0
DM-06-03-02-01,2026-08-02,,2439.25,0.0
DM-06-03-02-01,2026-08-03,,2450.25,0.0
DM-06-03-02-01,2026-08-04,,2497.25,0.0
DM-06-03-02-01,2026-08-05,,2447.5,0.0
DM-06-03-03-01,2026-07-08,,611.5,
DM-06-03-03-01,2026-07-09,22.0,965.0,
DM-06-03-03-01,2026-07-10,25.625,994.75,
DM-06-03-03-01,2026-07-11,23.75,846.25,
DM-06-03-03-01,2026-07-12,20.125,905.0,
DM-06-03-03-01,2026-07-13,21.625,1032.0,
DM-06-03-03-01,2026-07-14,22.25,1024.75,
DM-06-03-03-01,2026-07-15,22.375,1002.25,
DM-06-03-03-01,2026-07-16,19.25,984.0,
DM-06-03-03-01,2026-07-17,23.0,1008.75,
DM-06-03-03-01,2026-07-18,20.625,865.75,
DM-06-03-03-01,2026-07-19,25.25,903.25,
DM-06-03-03-01,2026-07-20,22.75,1112.0,
DM-06-03-03-01,2026-07-21,25.375,1090.5,
DM-06-03-03-01,2026-07-22,22.375,1041.75,0.0
DM-06-03-03-01,2026-07-23,23.25,1019.0,0.0
DM-06-03-03-01,2026-07-24,12.625,1006.25,0.0
DM-06-03-03-01,2026-07-25,22.625,949.25,0.0
DM-06-03-03-01,2026-07-26,23.875,960.0,0.298
DM-06-03-03-01,2026-07-27,25.75,1050.25,2.471
DM-06-03-03-01,2026-07-28,22.875,869.5,1.768
DM-06-03-03-01,2026-07-29,22.875,969.25,1.066
DM-06-03-03-01,2026-07-30,23.125,1014.0,0.614
DM-06-03-03-01,2026-07-31,23.375,963.5,0.412
DM-06-03-03-01,2026-08-01,22.5,879.25,0.0
DM-06-03-03-01,2026-08-02,23.125,903.5,0.0
DM-06-03-03-01,2026-08-03,22.625,1064.0,0.0
DM-06-03-03-01,2026-08-04,24.25,1114.5,0.673
DM-06-03-03-01,2026-08-05,26.0,1091.75,3.096
DM-06-03-03-02,2026-07-08,,1061.5,
DM-06-03-03-02,2026-07-09,,1872.75,
DM-06-03-03-02,2026-07-10,,1939.5,
DM-06-03-03-02,2026-07-11,,1874.0,
DM-06-03-03-02,2026-07-12,,1786.5,
DM-06-03-03-02,2026-07-13,,1891.75,
DM-06-03-03-02,2026-07-14,,1950.5,
DM-06-03-03-02,2026-07-15,,1939.5,
DM-06-03-03-02,2026-07-16,,1841.25,
DM-06-03-03-02,2026-07-17,,1897.25,
DM-06-03-03-02,2026-07-18,,1896.5,
DM-06-03-03-02,2026-07-19,,1848.0,
DM-06-03-03-02,2026-07-20,,1949.5,
DM-06-03-03-02,2026-07-21,,1965.75,
DM-06-03-03-02,2026-07-22,,1933.0,0.0
DM-06-03-03-02,2026-07-23,,1872.75,0.0
DM-06-03-03-02,2026-07-24,,1935.75,0.0
DM-06-03-03-02,2026-07-25,,1890.25,0.0
DM-06-03-03-02,2026-07-26,,1892.5,0.0
DM-06-03-03-02,2026-07-27,,1914.75,0.0
DM-06-03-03-02,2026-07-28,,1716.25,0.0
DM-06-03-03-02,2026-07-29,,1784.5,0.0
DM-06-03-03-02,2026-07-30,,1820.25,0.0
DM-06-03-03-02,2026-07-31,,1933.0,0.0
DM-06-03-03-02,2026-08-01,,1968.75,0.0
DM-06-03-03-02,2026-08-02,,1819.25,0.0
DM-06-03-03-02,2026-08-03,,2026.5,0.0
DM-06-03-03-02,2026-08-04,,2081.0,0.0
DM-06-03-03-02,2026-08-05,,1985.5,0.0
DM-06-03-03-03,2026-07-08,,1070.25,
DM-06-03-03-03,2026-07-09,38.75,1749.0,
DM-06-03-03-03,2026-07-10,44.875,1757.0,
DM-06-03-03-03,2026-07-11,45.25,1727.0,
DM-06-03-03-03,2026-07-12,42.625,1687.25,
DM-06-03-03-03,2026-07-13,41.0,1758.0,
DM-06-03-03-03,2026-07-14,41.25,1760.5,
DM-06-03-03-03,2026-07-15,39.25,1766.75,
DM-06-03-03-03,2026-07-16,38.75,1752.75,
DM-06-03-03-03,2026-07-17,40.0,1764.25,
DM-06-03-03-03,2026-07-18,39.5,1851.0,
DM-06-03-03-03,2026-07-19,47.625,1834.5,
DM-06-03-03-03,2026-07-20,43.375,1856.25,
DM-06-03-03-03,2026-07-21,40.75,1872.5,
DM-06-03-03-03,2026-07-22,41.5,1846.0,0.0
DM-06-03-03-03,2026-07-23,46.625,1796.5,3.51
DM-06-03-03-03,2026-07-24,18.75,1688.5,0.0
DM-06-03-03-03,2026-07-25,43.0,1753.75,0.0
DM-06-03-03-03,2026-07-26,40.25,1769.5,0.0
DM-06-03-03-03,2026-07-27,41.0,1754.75,0.0
DM-06-03-03-03,2026-07-28,44.625,1655.25,1.51
DM-06-03-03-03,2026-07-29,41.125,1677.5,0.0
DM-06-03-03-03,2026-07-30,41.0,1738.75,0.0
DM-06-03-03-03,2026-07-31,41.25,1749.0,0.0
DM-06-03-03-03,2026-08-01,45.75,1804.25,2.635
DM-06-03-03-03,2026-08-02,40.75,1795.75,0.271
DM-06-03-03-03,2026-08-03,43.625,1875.0,0.781
DM-06-03-03-03,2026-08-04,43.5,1943.5,1.167
DM-06-03-03-03,2026-08-05,44.25,1883.75,2.302
DM-06-03-05-01,2026-07-08,,465.75,
DM-06-03-05-01,2026-07-09,,825.5,
DM-06-03-05-01,2026-07-10,,823.5,
DM-06-03-05-01,2026-07-11,,841.25,
DM-06-03-05-01,2026-07-12,,845.25,
DM-06-03-05-01,2026-07-13,,833.25,
DM-06-03-05-01,2026-07-14,,836.25,
DM-06-03-05-01,2026-07-15,,847.75,
DM-06-03-05-01,2026-07-16,,813.5,
DM-06-03-05-01,2026-07-17,,820.25,
DM-06-03-05-01,2026-07-18,,840.0,
DM-06-03-05-01,2026-07-19,,861.25,
DM-06-03-05-01,2026-07-20,,835.75,
DM-06-03-05-01,2026-07-21,,834.5,
DM-06-03-05-01,2026-07-22,,814.0,0.0
DM-06-03-05-01,2026-07-23,,785.25,0.0
DM-06-03-05-01,2026-07-24,,807.0,0.0
DM-06-03-05-01,2026-07-25,,844.75,0.0
DM-06-03-05-01,2026-07-26,,842.0,0.0
DM-06-03-05-01,2026-07-27,,866.25,0.0
DM-06-03-05-01,2026-07-28,,889.0,0.0
DM-06-03-05-01,2026-07-29,,880.0,0.0
DM-06-03-05-01,2026-07-30,,848.0,0.0
DM-06-03-05-01,2026-07-31,,809.0,0.0
DM-06-03-05-01,2026-08-01,,850.0,0.0
DM-06-03-05-01,2026-08-02,,861.0,0.0
DM-06-03-05-01,2026-08-03,,850.75,0.0
DM-06-03-05-01,2026-08-04,,829.75,0.0
DM-06-03-05-01,2026-08-05,,833.25,0.0
DM-06-03-06-02,2026-07-08,35.875,1017.75,
DM-06-03-06-02,2026-07-09,35.875,1884.25,
DM-06-03-06-02,2026-07-10,39.125,1883.0,
DM-06-03-06-02,2026-07-11,35.0,1831.0,
DM-06-03-06-02,2026-07-12,33.0,1763.0,
DM-06-03-06-02,2026-07-13,35.125,1805.25,
DM-06-03-06-02,2026-07-14,32.625,1863.0,
DM-06-03-06-02,2026-07-15,35.25,1877.5,
DM-06-03-06-02,2026-07-16,37.125,1801.75,
DM-06-03-06-02,2026-07-17,35.5,1810.5,
DM-06-03-06-02,2026-07-18,31.25,1776.25,
DM-06-03-06-02,2026-07-19,32.125,1732.75,
DM-06-03-06-02,2026-07-20,38.125,1862.75,
DM-06-03-06-02,2026-07-21,33.875,1843.75,
DM-06-03-06-02,2026-07-22,36.25,1865.5,0.17
DM-06-03-06-02,2026-07-23,26.25,1785.25,0.0
DM-06-03-06-02,2026-07-24,35.375,1797.5,0.0
DM-06-03-06-02,2026-07-25,45.5,1778.0,9.42
DM-06-03-06-02,2026-07-26,49.25,1696.0,22.59
DM-06-03-06-02,2026-07-27,43.75,1820.0,30.26
DM-06-03-06-02,2026-07-28,35.5,1655.0,29.68
DM-06-03-06-02,2026-07-29,33.125,1786.5,26.726
DM-06-03-06-02,2026-07-30,48.625,1820.25,39.271
DM-06-03-06-02,2026-07-31,37.5,1842.5,40.691
DM-06-03-06-02,2026-08-01,41.25,1825.25,45.861
DM-06-03-06-02,2026-08-02,41.0,1768.25,50.781
DM-06-03-06-02,2026-08-03,33.0,1877.5,47.701
DM-06-03-06-02,2026-08-04,43.75,1892.75,55.371
DM-06-03-06-02,2026-08-05,48.5,2009.75,67.791
DM-06-03-07-01,2026-07-08,,1117.5,
DM-06-03-07-01,2026-07-09,50.625,1842.5,
DM-06-03-07-01,2026-07-10,52.625,1860.75,
DM-06-03-07-01,2026-07-11,53.25,1832.25,
DM-06-03-07-01,2026-07-12,51.25,1756.5,
DM-06-03-07-01,2026-07-13,51.625,1841.75,
DM-06-03-07-01,2026-07-14,49.875,1841.0,
DM-06-03-07-01,2026-07-15,51.5,1854.0,
DM-06-03-07-01,2026-07-16,57.375,1843.75,
DM-06-03-07-01,2026-07-17,51.75,1886.5,
DM-06-03-07-01,2026-07-18,55.375,1888.25,
DM-06-03-07-01,2026-07-19,51.75,1840.75,
DM-06-03-07-01,2026-07-20,52.0,1923.0,
DM-06-03-07-01,2026-07-21,53.375,1920.25,
DM-06-03-07-01,2026-07-22,54.125,1930.25,0.669
DM-06-03-07-01,2026-07-23,57.875,1907.25,5.088
DM-06-03-07-01,2026-07-24,44.0,1809.25,0.0
DM-06-03-07-01,2026-07-25,54.75,1894.5,1.294
DM-06-03-07-01,2026-07-26,54.75,1795.0,2.588
DM-06-03-07-01,2026-07-27,50.625,1832.5,0.0
DM-06-03-07-01,2026-07-28,51.625,1707.0,0.0
DM-06-03-07-01,2026-07-29,50.0,1734.0,0.0
DM-06-03-07-01,2026-07-30,51.625,1776.75,0.0
DM-06-03-07-01,2026-07-31,49.5,1809.0,0.0
DM-06-03-07-01,2026-08-01,49.125,1776.25,0.0
DM-06-03-07-01,2026-08-02,50.875,1735.0,0.0
DM-06-03-07-01,2026-08-03,50.25,1828.5,0.0
DM-06-03-07-01,2026-08-04,50.0,1827.5,0.0
DM-06-03-07-01,2026-08-05,50.875,1815.0,0.0
DM-06-03-08-01,2026-07-08,,636.0,
DM-06-03-08-01,2026-07-09,19.875,1014.5,
DM-06-03-08-01,2026-07-10,21.125,1023.0,
DM-06-03-08-01,2026-07-11,21.625,1015.25,
DM-06-03-08-01,2026-07-12,20.0,943.5,
DM-06-03-08-01,2026-07-13,25.375,1047.0,
DM-06-03-08-01,2026-07-14,19.375,1027.5,
DM-06-03-08-01,2026-07-15,19.875,1037.25,
DM-06-03-08-01,2026-07-16,19.125,1002.75,
DM-06-03-08-01,2026-07-17,20.125,1052.5,
DM-06-03-08-01,2026-07-18,20.25,1032.0,
DM-06-03-08-01,2026-07-19,21.0,960.75,
DM-06-03-08-01,2026-07-20,19.5,1078.0,
DM-06-03-08-01,2026-07-21,21.0,1050.0,
DM-06-03-08-01,2026-07-22,20.375,1045.0,0.0
DM-06-03-08-01,2026-07-23,21.375,1019.5,0.0
DM-06-03-08-01,2026-07-24,21.125,1037.0,0.0
DM-06-03-08-01,2026-07-25,24.0,1018.75,2.592
DM-06-03-08-01,2026-07-26,19.375,933.0,0.56
DM-06-03-08-01,2026-07-27,19.375,1006.5,0.0
DM-06-03-08-01,2026-07-28,21.125,926.5,0.0
DM-06-03-08-01,2026-07-29,20.625,976.0,0.0
DM-06-03-08-01,2026-07-30,19.125,1004.25,0.0
DM-06-03-08-01,2026-07-31,20.438,1012.5,0.0
DM-06-03-08-01,2026-08-01,20.5,1026.75,0.0
DM-06-03-08-01,2026-08-02,20.75,943.0,0.0
DM-06-03-08-01,2026-08-03,20.875,1060.25,0.0
DM-06-03-08-01,2026-08-04,21.125,1069.0,0.0
DM-06-03-08-01,2026-08-05,20.625,1050.25,0.0
DM-06-03-08-03,2026-07-08,,1623.0,
DM-06-03-08-03,2026-07-09,63.375,2664.75,
DM-06-03-08-03,2026-07-10,65.0,2693.5,
DM-06-03-08-03,2026-07-11,63.625,2577.0,
DM-06-03-08-03,2026-07-12,66.25,2424.25,
DM-06-03-08-03,2026-07-13,64.25,2688.5,
DM-06-03-08-03,2026-07-14,60.625,2715.25,
DM-06-03-08-03,2026-07-15,65.5,2704.5,
DM-06-03-08-03,2026-07-16,66.5,2630.0,
DM-06-03-08-03,2026-07-17,62.375,2655.25,
DM-06-03-08-03,2026-07-18,64.0,2600.5,
DM-06-03-08-03,2026-07-19,60.625,2415.0,
DM-06-03-08-03,2026-07-20,64.0,2737.75,
DM-06-03-08-03,2026-07-21,64.0,2664.25,
DM-06-03-08-03,2026-07-22,61.25,2624.0,0.0
DM-06-03-08-03,2026-07-23,61.625,2570.75,0.0
DM-06-03-08-03,2026-07-24,53.0,2510.0,0.0
DM-06-03-08-03,2026-07-25,60.375,2510.25,0.0
DM-06-03-08-03,2026-07-26,60.375,2349.5,0.0
DM-06-03-08-03,2026-07-27,61.125,2597.0,0.0
DM-06-03-08-03,2026-07-28,61.5,2283.75,0.0
DM-06-03-08-03,2026-07-29,61.75,2427.75,0.0
DM-06-03-08-03,2026-07-30,61.875,2500.25,0.0
DM-06-03-08-03,2026-07-31,63.75,2541.0,0.0
DM-06-03-08-03,2026-08-01,59.75,2495.5,0.0
DM-06-03-08-03,2026-08-02,63.125,2399.75,0.0
DM-06-03-08-03,2026-08-03,59.875,2664.25,0.0
DM-06-03-08-03,2026-08-04,62.25,2678.5,0.0
DM-06-03-08-03,2026-08-05,64.125,2619.25,0.0
DM-06-04-01-03,2026-07-08,,1521.25,
DM-06-04-01-03,2026-07-09,45.625,2156.5,
DM-06-04-01-03,2026-07-10,65.75,2376.25,
DM-06-04-01-03,2026-07-11,42.125,2162.5,
DM-06-04-01-03,2026-07-12,39.875,2042.0,
DM-06-04-01-03,2026-07-13,52.875,2234.25,
DM-06-04-01-03,2026-07-14,52.875,2261.5,
DM-06-04-01-03,2026-07-15,46.75,2229.75,
DM-06-04-01-03,2026-07-16,60.5,2178.75,
DM-06-04-01-03,2026-07-17,35.875,2237.0,
DM-06-04-01-03,2026-07-18,38.5,2139.0,
DM-06-04-01-03,2026-07-19,37.5,2085.25,
DM-06-04-01-03,2026-07-20,41.875,2219.25,
DM-06-04-01-03,2026-07-21,42.5,2280.5,
DM-06-04-01-03,2026-07-22,41.75,2225.75,0.0
DM-06-04-01-03,2026-07-23,46.625,2218.25,0.0
DM-06-04-01-03,2026-07-24,42.75,2298.0,0.0
DM-06-04-01-03,2026-07-25,57.0,2112.75,6.244
DM-06-04-01-03,2026-07-26,52.625,2067.25,8.113
DM-06-04-01-03,2026-07-27,43.875,2057.0,1.233
DM-06-04-01-03,2026-07-28,48.875,2012.5,0.0
DM-06-04-01-03,2026-07-29,50.5,1994.25,0.0
DM-06-04-01-03,2026-07-30,38.125,2190.5,0.0
DM-06-04-01-03,2026-07-31,58.375,2076.25,7.619
DM-06-04-01-03,2026-08-01,49.875,2068.75,6.738
DM-06-04-01-03,2026-08-02,60.5,2256.75,16.483
DM-06-04-01-03,2026-08-03,56.375,2232.0,22.102
DM-06-04-01-03,2026-08-04,73.125,2359.0,44.471
DM-06-04-01-03,2026-08-05,47.625,2219.5,41.34
DM-06-04-01-04,2026-07-08,19.125,452.25,
DM-06-04-01-04,2026-07-09,17.75,783.0,
DM-06-04-01-04,2026-07-10,19.5,781.25,
DM-06-04-01-04,2026-07-11,18.875,736.25,
DM-06-04-01-04,2026-07-12,20.625,789.0,
DM-06-04-01-04,2026-07-13,18.0,807.75,
DM-06-04-01-04,2026-07-14,18.25,824.25,
DM-06-04-01-04,2026-07-15,21.375,814.25,
DM-06-04-01-04,2026-07-16,17.125,765.0,
DM-06-04-01-04,2026-07-17,17.5,785.75,
DM-06-04-01-04,2026-07-18,17.625,746.25,
DM-06-04-01-04,2026-07-19,17.25,779.0,
DM-06-04-01-04,2026-07-20,17.875,764.5,
DM-06-04-01-04,2026-07-21,18.375,739.75,
DM-06-04-01-04,2026-07-22,19.375,733.0,0.248
DM-06-04-01-04,2026-07-23,18.0,782.5,0.0
DM-06-04-01-04,2026-07-24,18.5,757.0,0.0
DM-06-04-01-04,2026-07-25,20.625,761.25,1.498
DM-06-04-01-04,2026-07-26,18.375,799.25,0.745
DM-06-04-01-04,2026-07-27,18.125,812.75,0.0
DM-06-04-01-04,2026-07-28,18.25,809.75,0.0
DM-06-04-01-04,2026-07-29,17.125,775.0,0.0
DM-06-04-01-04,2026-07-30,33.0,739.5,13.873
DM-06-04-01-04,2026-07-31,18.5,771.12,13.245
DM-06-04-01-04,2026-08-01,36.0,767.5,30.118
DM-06-04-01-04,2026-08-02,36.0,752.0,46.99
DM-06-04-01-04,2026-08-03,37.75,813.5,65.613
DM-06-04-01-04,2026-08-04,39.625,812.75,86.11
DM-06-04-01-04,2026-08-05,40.875,815.75,107.858
DM-06-04-02-01,2026-07-08,,2684.25,
DM-06-04-02-01,2026-07-09,186.375,4556.25,
DM-06-04-02-01,2026-07-10,187.75,4750.75,
DM-06-04-02-01,2026-07-11,186.625,4623.0,
DM-06-04-02-01,2026-07-12,209.375,3477.75,
DM-06-04-02-01,2026-07-13,93.125,2666.5,
DM-06-04-02-01,2026-07-14,70.125,2490.0,
DM-06-04-02-01,2026-07-15,91.625,2200.0,
DM-06-04-02-01,2026-07-16,57.25,2427.0,
DM-06-04-02-01,2026-07-17,42.75,2321.25,
DM-06-04-02-01,2026-07-18,69.375,2412.5,
DM-06-04-02-01,2026-07-19,81.5,2537.0,
DM-06-04-02-01,2026-07-20,110.875,2755.75,
DM-06-04-02-01,2026-07-21,76.5,2393.0,
DM-06-04-02-01,2026-07-22,60.375,2095.0,0.0
DM-06-04-02-01,2026-07-23,73.125,2294.5,0.0
DM-06-04-02-01,2026-07-24,27.625,2256.25,0.0
DM-06-04-02-01,2026-07-25,87.125,2493.5,0.0
DM-06-04-02-01,2026-07-26,36.5,2459.5,0.0
DM-06-04-02-01,2026-07-27,47.0,2521.75,0.0
DM-06-04-02-01,2026-07-28,46.125,2253.5,0.0
DM-06-04-02-01,2026-07-29,56.0,2478.5,0.0
DM-06-04-02-01,2026-07-30,77.875,2544.5,0.0
DM-06-04-02-01,2026-07-31,67.875,2461.75,0.0
DM-06-04-02-01,2026-08-01,43.5,2448.5,0.0
DM-06-04-02-01,2026-08-02,84.375,2517.75,0.0
DM-06-04-02-01,2026-08-03,66.125,2418.25,0.0
DM-06-04-02-01,2026-08-04,72.75,2495.75,0.0
DM-06-04-02-01,2026-08-05,75.25,2478.75,0.0
DM-06-04-04-04,2026-07-08,,1151.0,
DM-06-04-04-04,2026-07-09,52.25,1976.75,
DM-06-04-04-04,2026-07-10,49.125,1971.5,
DM-06-04-04-04,2026-07-11,49.875,1956.25,
DM-06-04-04-04,2026-07-12,43.25,1854.75,
DM-06-04-04-04,2026-07-13,48.5,1983.75,
DM-06-04-04-04,2026-07-14,44.625,1979.75,
DM-06-04-04-04,2026-07-15,48.0,1928.25,
DM-06-04-04-04,2026-07-16,51.75,1887.0,
DM-06-04-04-04,2026-07-17,47.5,1916.5,
DM-06-04-04-04,2026-07-18,47.125,1855.25,
DM-06-04-04-04,2026-07-19,49.625,1840.5,
DM-06-04-04-04,2026-07-20,45.125,1910.75,
DM-06-04-04-04,2026-07-21,42.625,1906.5,
DM-06-04-04-04,2026-07-22,47.875,1796.0,0.0
DM-06-04-04-04,2026-07-23,44.875,1858.25,0.0
DM-06-04-04-04,2026-07-24,47.625,1902.75,0.0
DM-06-04-04-04,2026-07-25,48.25,1829.0,0.0
DM-06-04-04-04,2026-07-26,49.625,1770.25,0.525
DM-06-04-04-04,2026-07-27,45.125,1727.0,0.0
DM-06-04-04-04,2026-07-28,43.375,1601.5,0.0
DM-06-04-04-04,2026-07-29,50.625,1686.25,1.525
DM-06-04-04-04,2026-07-30,45.25,1773.75,0.0
DM-06-04-04-04,2026-07-31,39.625,1745.25,0.0
DM-06-04-04-04,2026-08-01,48.5,1757.75,0.0
DM-06-04-04-04,2026-08-02,37.375,1682.0,0.0
DM-06-04-04-04,2026-08-03,45.125,1801.0,0.0
DM-06-04-04-04,2026-08-04,45.375,1886.75,0.0
DM-06-04-04-04,2026-08-05,43.625,1834.0,0.0
DM-06-04-05-01,2026-07-08,,828.25,
DM-06-04-05-01,2026-07-09,40.375,1372.25,
DM-06-04-05-01,2026-07-10,40.25,1355.0,
DM-06-04-05-01,2026-07-11,41.625,1376.0,
DM-06-04-05-01,2026-07-12,40.125,1363.75,
DM-06-04-05-01,2026-07-13,42.25,1231.75,
DM-06-04-05-01,2026-07-14,23.5,944.25,
DM-06-04-05-01,2026-07-15,23.625,954.5,
DM-06-04-05-01,2026-07-16,26.25,923.5,
DM-06-04-05-01,2026-07-17,25.25,973.75,
DM-06-04-05-01,2026-07-18,23.625,946.0,
DM-06-04-05-01,2026-07-19,24.5,936.0,
DM-06-04-05-01,2026-07-20,24.25,1008.25,
DM-06-04-05-01,2026-07-21,23.5,985.0,
DM-06-04-05-01,2026-07-22,22.625,954.25,0.0
DM-06-04-05-01,2026-07-23,25.875,940.25,0.0
DM-06-04-05-01,2026-07-24,21.5,845.0,0.0
DM-06-04-05-01,2026-07-25,22.875,911.88,0.0
DM-06-04-05-01,2026-07-26,14.875,740.0,0.0
DM-06-04-05-01,2026-07-27,15.75,722.25,0.0
DM-06-04-05-01,2026-07-28,16.625,659.5,0.0
DM-06-04-05-01,2026-07-29,15.0,629.75,0.0
DM-06-04-05-01,2026-07-30,17.125,669.25,0.0
DM-06-04-05-01,2026-07-31,15.25,718.75,0.0
DM-06-04-05-01,2026-08-01,19.375,750.5,0.0
DM-06-04-05-01,2026-08-02,18.0,774.5,0.0
DM-06-04-05-01,2026-08-03,16.375,773.0,0.0
DM-06-04-05-01,2026-08-04,20.125,800.0,0.0
DM-06-04-05-01,2026-08-05,14.5,714.0,0.0
DM-06-04-05-02,2026-07-08,,4985.75,
DM-06-04-05-02,2026-07-09,117.5,6706.25,
DM-06-04-05-02,2026-07-10,153.625,6729.0,
DM-06-04-05-02,2026-07-11,102.375,6369.5,
DM-06-04-05-02,2026-07-12,216.625,6362.25,
DM-06-04-05-02,2026-07-13,172.625,6761.75,
DM-06-04-05-02,2026-07-14,115.875,6761.0,
DM-06-04-05-02,2026-07-15,99.25,6377.75,
DM-06-04-05-02,2026-07-16,135.625,6862.5,
DM-06-04-05-02,2026-07-17,199.25,6830.0,
DM-06-04-05-02,2026-07-18,121.125,7098.25,
DM-06-04-05-02,2026-07-19,134.25,6453.0,
DM-06-04-05-02,2026-07-20,162.75,6830.5,
DM-06-04-05-02,2026-07-21,100.375,6817.5,
DM-06-04-05-02,2026-07-22,109.75,6667.5,0.0
DM-06-04-05-02,2026-07-23,145.875,6645.5,0.0
DM-06-04-05-02,2026-07-24,135.75,6592.75,0.0
DM-06-04-05-02,2026-07-25,189.5,6989.5,30.404
DM-06-04-05-02,2026-07-26,129.875,6608.0,1.183
DM-06-04-05-02,2026-07-27,164.875,6765.0,6.961
DM-06-04-05-02,2026-07-28,134.125,6518.25,0.0
DM-06-04-05-02,2026-07-29,110.625,6407.25,0.0
DM-06-04-05-02,2026-07-30,90.875,6414.75,0.0
DM-06-04-05-02,2026-07-31,151.625,6918.75,0.0
DM-06-04-05-02,2026-08-01,126.625,6861.5,0.0
DM-06-04-05-02,2026-08-02,212.125,6807.0,53.029
DM-06-04-05-02,2026-08-03,106.125,7055.25,0.058
DM-06-04-05-02,2026-08-04,214.625,7261.0,55.586
DM-06-04-05-02,2026-08-05,182.625,7780.5,79.115
DM-06-04-05-03,2026-07-08,,883.5,
DM-06-04-05-03,2026-07-09,,1533.5,
DM-06-04-05-03,2026-07-10,,1558.0,
DM-06-04-05-03,2026-07-11,,1596.25,
DM-06-04-05-03,2026-07-12,,1620.75,
DM-06-04-05-03,2026-07-13,,1574.25,
DM-06-04-05-03,2026-07-14,,1546.75,
DM-06-04-05-03,2026-07-15,,1548.5,
DM-06-04-05-03,2026-07-16,,1479.5,
DM-06-04-05-03,2026-07-17,,1557.25,
DM-06-04-05-03,2026-07-18,,1560.25,
DM-06-04-05-03,2026-07-19,,1557.5,
DM-06-04-05-03,2026-07-20,,1559.5,
DM-06-04-05-03,2026-07-21,,1482.75,
DM-06-04-05-03,2026-07-22,,1473.75,0.0
DM-06-04-05-03,2026-07-23,,1519.0,0.0
DM-06-04-05-03,2026-07-24,,1592.0,0.0
DM-06-04-05-03,2026-07-25,,1553.0,0.0
DM-06-04-05-03,2026-07-26,,1522.5,0.0
DM-06-04-05-03,2026-07-27,,1606.75,0.0
DM-06-04-05-03,2026-07-28,,1507.0,0.0
DM-06-04-05-03,2026-07-29,,1483.5,0.0
DM-06-04-05-03,2026-07-30,,1522.0,0.0
DM-06-04-05-03,2026-07-31,,1523.75,0.0
DM-06-04-05-03,2026-08-01,,1608.0,0.0
DM-06-04-05-03,2026-08-02,,1629.0,0.0
DM-06-04-05-03,2026-08-03,,1525.75,0.0
DM-06-04-05-03,2026-08-04,,1581.5,0.0
DM-06-04-05-03,2026-08-05,,1549.5,0.0
DM-06-04-06-01,2026-07-08,,1293.25,
DM-06-04-06-01,2026-07-09,47.75,1761.0,
DM-06-04-06-01,2026-07-10,21.625,1824.5,
DM-06-04-06-01,2026-07-11,19.125,1969.5,
DM-06-04-06-01,2026-07-12,18.125,1939.25,
DM-06-04-06-01,2026-07-13,38.0,1729.25,
DM-06-04-06-01,2026-07-14,30.5,1740.0,
DM-06-04-06-01,2026-07-15,50.25,1696.75,
DM-06-04-06-01,2026-07-16,52.5,1669.0,
DM-06-04-06-01,2026-07-17,50.875,1788.25,
DM-06-04-06-01,2026-07-18,18.25,1923.0,
DM-06-04-06-01,2026-07-19,18.125,1861.0,
DM-06-04-06-01,2026-07-20,21.5,1759.25,
DM-06-04-06-01,2026-07-21,20.625,1725.5,
DM-06-04-06-01,2026-07-22,21.5,1798.5,0.0
DM-06-04-06-01,2026-07-23,34.75,1755.75,0.0
DM-06-04-06-01,2026-07-24,16.375,1802.75,0.0
DM-06-04-06-01,2026-07-25,22.5,1925.5,0.0
DM-06-04-06-01,2026-07-26,21.25,1933.75,0.0
DM-06-04-06-01,2026-07-27,30.0,1804.5,0.0
DM-06-04-06-01,2026-07-28,47.125,1835.75,8.896
DM-06-04-06-01,2026-07-29,48.375,1827.25,19.042
DM-06-04-06-01,2026-07-30,47.75,1772.25,28.563
DM-06-04-06-01,2026-07-31,18.375,1849.0,8.709
DM-06-04-06-01,2026-08-01,18.875,1883.75,0.0
DM-06-04-06-01,2026-08-02,21.5,1950.75,0.0
DM-06-04-06-01,2026-08-03,36.125,1789.0,0.0
DM-06-04-06-01,2026-08-04,29.125,1750.5,0.0
DM-06-04-06-01,2026-08-05,25.125,1822.75,0.0
DM-06-04-07-01,2026-07-08,,3202.25,
DM-06-04-07-01,2026-07-09,97.75,4672.0,
DM-06-04-07-01,2026-07-10,102.0,4699.75,
DM-06-04-07-01,2026-07-11,82.75,4075.0,
DM-06-04-07-01,2026-07-12,85.875,3642.0,
DM-06-04-07-01,2026-07-13,78.625,4613.75,
DM-06-04-07-01,2026-07-14,107.125,4686.5,
DM-06-04-07-01,2026-07-15,117.375,4906.25,
DM-06-04-07-01,2026-07-16,99.75,4832.25,
DM-06-04-07-01,2026-07-17,107.75,4733.0,
DM-06-04-07-01,2026-07-18,91.5,4065.0,
DM-06-04-07-01,2026-07-19,83.0,3663.25,
DM-06-04-07-01,2026-07-20,73.125,4702.5,
DM-06-04-07-01,2026-07-21,116.0,4843.25,
DM-06-04-07-01,2026-07-22,117.125,4845.0,14.657
DM-06-04-07-01,2026-07-23,108.125,4730.25,20.315
DM-06-04-07-01,2026-07-24,85.375,4871.0,3.222
DM-06-04-07-01,2026-07-25,98.75,4380.25,0.0
DM-06-04-07-01,2026-07-26,94.875,4219.0,0.0
DM-06-04-07-01,2026-07-27,88.625,4635.0,0.0
DM-06-04-07-01,2026-07-28,81.5,3846.5,0.0
DM-06-04-07-01,2026-07-29,111.875,3877.75,9.407
DM-06-04-07-01,2026-07-30,88.75,4563.5,0.0
DM-06-04-07-01,2026-07-31,94.375,4785.5,0.0
DM-06-04-07-01,2026-08-01,83.875,4021.25,0.0
DM-06-04-07-01,2026-08-02,120.875,3873.25,18.407
DM-06-04-07-01,2026-08-03,117.625,5060.75,33.565
DM-06-04-07-01,2026-08-04,115.0,4878.75,46.097
DM-06-04-07-01,2026-08-05,99.5,4951.0,43.13
DM-06-04-07-02,2026-07-08,,2639.75,
DM-06-04-07-02,2026-07-09,102.25,4508.0,
DM-06-04-07-02,2026-07-10,134.375,4827.25,
DM-06-04-07-02,2026-07-11,96.5,4341.75,
DM-06-04-07-02,2026-07-12,96.5,3689.0,
DM-06-04-07-02,2026-07-13,129.375,4770.25,
DM-06-04-07-02,2026-07-14,114.375,4738.75,
DM-06-04-07-02,2026-07-15,120.0,4911.25,
DM-06-04-07-02,2026-07-16,130.625,4556.75,
DM-06-04-07-02,2026-07-17,96.25,4769.5,
DM-06-04-07-02,2026-07-18,109.125,4225.25,
DM-06-04-07-02,2026-07-19,94.375,3933.5,
DM-06-04-07-02,2026-07-20,120.5,4888.25,
DM-06-04-07-02,2026-07-21,106.875,4817.75,
DM-06-04-07-02,2026-07-22,103.125,4886.5,0.0
DM-06-04-07-02,2026-07-23,100.0,4929.75,0.0
DM-06-04-07-02,2026-07-24,93.5,4955.0,0.0
DM-06-04-07-02,2026-07-25,131.125,4376.0,12.624
DM-06-04-07-02,2026-07-26,94.25,3916.5,0.0
DM-06-04-07-02,2026-07-27,97.625,4844.25,0.0
DM-06-04-07-02,2026-07-28,93.625,3809.5,0.0
DM-06-04-07-02,2026-07-29,110.625,4085.75,0.0
DM-06-04-07-02,2026-07-30,116.5,4525.75,0.0
DM-06-04-07-02,2026-07-31,91.0,4435.0,0.0
DM-06-04-07-02,2026-08-01,123.625,4357.5,5.124
DM-06-04-07-02,2026-08-02,119.125,4073.75,5.749
DM-06-04-07-02,2026-08-03,111.0,4718.25,0.0
DM-06-04-07-02,2026-08-04,131.625,4695.5,13.124
DM-06-04-07-02,2026-08-05,124.5,4730.75,19.124
DM-06-04-07-03,2026-07-08,133.375,2810.25,
DM-06-04-07-03,2026-07-09,131.125,4872.75,
DM-06-04-07-03,2026-07-10,133.0,4903.75,
DM-06-04-07-03,2026-07-11,155.5,5018.0,
DM-06-04-07-03,2026-07-12,150.625,4551.0,
DM-06-04-07-03,2026-07-13,145.875,4888.75,
DM-06-04-07-03,2026-07-14,141.25,5149.25,
DM-06-04-07-03,2026-07-15,131.25,4938.0,
DM-06-04-07-03,2026-07-16,147.75,4978.5,
DM-06-04-07-03,2026-07-17,164.125,5028.0,
DM-06-04-07-03,2026-07-18,154.375,4929.25,
DM-06-04-07-03,2026-07-19,147.75,4886.25,
DM-06-04-07-03,2026-07-20,137.5,5115.25,
DM-06-04-07-03,2026-07-21,160.75,5116.25,
DM-06-04-07-03,2026-07-22,130.875,5026.25,0.0
DM-06-04-07-03,2026-07-23,133.125,5008.5,0.0
DM-06-04-07-03,2026-07-24,138.25,4911.5,0.0
DM-06-04-07-03,2026-07-25,139.75,5004.25,0.0
DM-06-04-07-03,2026-07-26,138.75,4975.25,0.0
DM-06-04-07-03,2026-07-27,155.375,4995.75,4.744
DM-06-04-07-03,2026-07-28,139.0,4787.5,0.0
DM-06-04-07-03,2026-07-29,142.25,4869.0,0.0
DM-06-04-07-03,2026-07-30,127.375,4801.5,0.0
DM-06-04-07-03,2026-07-31,172.125,4912.25,21.494
DM-06-04-07-03,2026-08-01,142.875,4921.75,13.738
DM-06-04-07-03,2026-08-02,156.625,4722.75,19.733
DM-06-04-07-03,2026-08-03,139.125,4974.0,8.227
DM-06-04-07-03,2026-08-04,143.5,4999.25,1.096
DM-06-04-07-03,2026-08-05,139.0,5001.0,0.0
DM-06-04-08-02,2026-07-08,,2171.25,
DM-06-04-08-02,2026-07-09,,3365.75,
DM-06-04-08-02,2026-07-10,,3394.75,
DM-06-04-08-02,2026-07-11,,3195.0,
DM-06-04-08-02,2026-07-12,,3276.0,
DM-06-04-08-02,2026-07-13,,2925.0,
DM-06-04-08-02,2026-07-14,,3321.0,
DM-06-04-08-02,2026-07-15,,3425.75,
DM-06-04-08-02,2026-07-16,,3210.75,
DM-06-04-08-02,2026-07-17,,3062.75,
DM-06-04-08-02,2026-07-18,,3169.5,
DM-06-04-08-02,2026-07-19,,3005.5,
DM-06-04-08-02,2026-07-20,,2931.25,
DM-06-04-08-02,2026-07-21,,3151.75,
DM-06-04-08-02,2026-07-22,,3177.0,0.0
DM-06-04-08-02,2026-07-23,,2900.0,0.0
DM-06-04-08-02,2026-07-24,,3252.0,0.0
DM-06-04-08-02,2026-07-25,,2733.25,0.0
DM-06-04-08-02,2026-07-26,,3200.75,0.0
DM-06-04-08-02,2026-07-27,,3148.0,0.0
DM-06-04-08-02,2026-07-28,,2782.5,0.0
DM-06-04-08-02,2026-07-29,,2666.25,0.0
DM-06-04-08-02,2026-07-30,,3188.5,0.0
DM-06-04-08-02,2026-07-31,,3108.5,0.0
DM-06-04-08-02,2026-08-01,,3046.75,0.0
DM-06-04-08-02,2026-08-02,,2916.0,0.0
DM-06-04-08-02,2026-08-03,,3147.5,0.0
DM-06-04-08-02,2026-08-04,,3153.5,0.0
DM-06-04-08-02,2026-08-05,,3029.75,0.0
DM-06-04-08-03,2026-07-08,,3955.25,
DM-06-04-08-03,2026-07-09,,7018.25,
DM-06-04-08-03,2026-07-10,,7197.5,
DM-06-04-08-03,2026-07-11,,6409.75,
DM-06-04-08-03,2026-07-12,,6236.25,
DM-06-04-08-03,2026-07-13,,6475.5,
DM-06-04-08-03,2026-07-14,,6998.75,
DM-06-04-08-03,2026-07-15,,6758.75,
DM-06-04-08-03,2026-07-16,,6350.0,
DM-06-04-08-03,2026-07-17,,6832.0,
DM-06-04-08-03,2026-07-18,,6434.0,
DM-06-04-08-03,2026-07-19,,6371.5,
DM-06-04-08-03,2026-07-20,,7020.0,
DM-06-04-08-03,2026-07-21,,6585.25,
DM-06-04-08-03,2026-07-22,,6633.75,0.0
DM-06-04-08-03,2026-07-23,,6248.0,0.0
DM-06-04-08-03,2026-07-24,,6717.0,0.0
DM-06-04-08-03,2026-07-25,,6458.5,0.0
DM-06-04-08-03,2026-07-26,,6131.5,0.0
DM-06-04-08-03,2026-07-27,,6322.5,0.0
DM-06-04-08-03,2026-07-28,,5997.75,0.0
DM-06-04-08-03,2026-07-29,,5748.75,0.0
DM-06-04-08-03,2026-07-30,,6011.75,0.0
DM-06-04-08-03,2026-07-31,,6020.0,0.0
DM-06-04-08-03,2026-08-01,,5745.25,0.0
DM-06-04-08-03,2026-08-02,,6128.5,0.0
DM-06-04-08-03,2026-08-03,,6438.75,0.0
DM-06-04-08-03,2026-08-04,,6679.75,0.0
DM-06-04-08-03,2026-08-05,,6407.5,0.0
DM-06-05-01-01,2026-07-08,,1286.5,
DM-06-05-01-01,2026-07-09,,1900.0,
DM-06-05-01-01,2026-07-10,,1817.75,
DM-06-05-01-01,2026-07-11,,1745.25,
DM-06-05-01-01,2026-07-12,,1922.75,
DM-06-05-01-01,2026-07-13,,1880.75,
DM-06-05-01-01,2026-07-14,,1797.0,
DM-06-05-01-01,2026-07-15,,2031.75,
DM-06-05-01-01,2026-07-16,,1954.5,
DM-06-05-01-01,2026-07-17,,1852.5,
DM-06-05-01-01,2026-07-18,,1913.5,
DM-06-05-01-01,2026-07-19,,1995.75,
DM-06-05-01-01,2026-07-20,,1975.75,
DM-06-05-01-01,2026-07-21,,1970.5,
DM-06-05-01-01,2026-07-22,,1803.75,0.0
DM-06-05-01-01,2026-07-23,,1889.0,0.0
DM-06-05-01-01,2026-07-24,,1764.75,0.0
DM-06-05-01-01,2026-07-25,,1850.0,0.0
DM-06-05-01-01,2026-07-26,,1925.0,0.0
DM-06-05-01-01,2026-07-27,,1924.25,0.0
DM-06-05-01-01,2026-07-28,,1789.0,0.0
DM-06-05-01-01,2026-07-29,,1564.5,0.0
DM-06-05-01-01,2026-07-30,,1793.0,0.0
DM-06-05-01-01,2026-07-31,,1993.0,0.0
DM-06-05-01-01,2026-08-01,,1770.75,0.0
DM-06-05-01-01,2026-08-02,,1824.75,0.0
DM-06-05-01-01,2026-08-03,,1997.75,0.0
DM-06-05-01-01,2026-08-04,,1873.5,0.0
DM-06-05-01-01,2026-08-05,,2006.0,0.0
DM-06-05-02-02,2026-07-08,,390.25,
DM-06-05-02-02,2026-07-09,,693.25,
DM-06-05-02-02,2026-07-10,,665.75,
DM-06-05-02-02,2026-07-11,,675.75,
DM-06-05-02-02,2026-07-12,,599.0,
DM-06-05-02-02,2026-07-13,,845.25,
DM-06-05-02-02,2026-07-14,,746.75,
DM-06-05-02-02,2026-07-15,,801.0,
DM-06-05-02-02,2026-07-16,,706.25,
DM-06-05-02-02,2026-07-17,,845.0,
DM-06-05-02-02,2026-07-18,,684.5,
DM-06-05-02-02,2026-07-19,,726.0,
DM-06-05-02-02,2026-07-20,,808.0,
DM-06-05-02-02,2026-07-21,,843.75,
DM-06-05-02-02,2026-07-22,,823.5,0.0
DM-06-05-02-02,2026-07-23,,634.75,0.0
DM-06-05-02-02,2026-07-24,,899.5,0.0
DM-06-05-02-02,2026-07-25,,678.5,0.0
DM-06-05-02-02,2026-07-26,,761.5,0.0
DM-06-05-02-02,2026-07-27,,834.0,0.0
DM-06-05-02-02,2026-07-28,,609.5,0.0
DM-06-05-02-02,2026-07-29,,583.75,0.0
DM-06-05-02-02,2026-07-30,,590.25,0.0
DM-06-05-02-02,2026-07-31,,634.5,0.0
DM-06-05-02-02,2026-08-01,,618.25,0.0
DM-06-05-02-02,2026-08-02,,598.5,0.0
DM-06-05-02-02,2026-08-03,,776.25,0.0
DM-06-05-02-02,2026-08-04,,850.25,0.0
DM-06-05-02-02,2026-08-05,,775.0,0.0
DM-06-05-03-02,2026-07-08,,1551.5,
DM-06-05-03-02,2026-07-09,65.0,2565.25,
DM-06-05-03-02,2026-07-10,61.0,2524.75,
DM-06-05-03-02,2026-07-11,66.625,2518.0,
DM-06-05-03-02,2026-07-12,60.5,2555.5,
DM-06-05-03-02,2026-07-13,60.875,2809.25,
DM-06-05-03-02,2026-07-14,69.75,3042.25,
DM-06-05-03-02,2026-07-15,80.625,2771.25,
DM-06-05-03-02,2026-07-16,59.75,2465.25,
DM-06-05-03-02,2026-07-17,60.625,2487.75,
DM-06-05-03-02,2026-07-18,62.0,2597.5,
DM-06-05-03-02,2026-07-19,67.25,2715.75,
DM-06-05-03-02,2026-07-20,58.875,2622.25,
DM-06-05-03-02,2026-07-21,58.875,2591.25,
DM-06-05-03-02,2026-07-22,62.0,2550.25,0.0
DM-06-05-03-02,2026-07-23,61.0,2432.25,0.0
DM-06-05-03-02,2026-07-24,28.625,2354.25,0.0
DM-06-05-03-02,2026-07-25,64.0,2566.0,0.0
DM-06-05-03-02,2026-07-26,62.25,2503.25,0.0
DM-06-05-03-02,2026-07-27,59.875,2457.5,0.0
DM-06-05-03-02,2026-07-28,61.0,2393.75,0.0
DM-06-05-03-02,2026-07-29,60.25,2387.75,0.0
DM-06-05-03-02,2026-07-30,61.375,2405.75,0.0
DM-06-05-03-02,2026-07-31,60.25,2397.0,0.0
DM-06-05-03-02,2026-08-01,62.625,2448.5,0.0
DM-06-05-03-02,2026-08-02,57.5,2480.25,0.0
DM-06-05-03-02,2026-08-03,55.375,2459.75,0.0
DM-06-05-03-02,2026-08-04,59.375,2490.0,0.0
DM-06-05-03-02,2026-08-05,56.75,2444.25,0.0
DM-06-05-03-03,2026-07-08,,1846.5,
DM-06-05-03-03,2026-07-09,,3396.25,
DM-06-05-03-03,2026-07-10,,3458.0,
DM-06-05-03-03,2026-07-11,,3381.25,
DM-06-05-03-03,2026-07-12,,3410.0,
DM-06-05-03-03,2026-07-13,,3346.0,
DM-06-05-03-03,2026-07-14,,3395.25,
DM-06-05-03-03,2026-07-15,,3353.0,
DM-06-05-03-03,2026-07-16,,3370.25,
DM-06-05-03-03,2026-07-17,,3391.0,
DM-06-05-03-03,2026-07-18,,3410.75,
DM-06-05-03-03,2026-07-19,,3677.25,
DM-06-05-03-03,2026-07-20,,3739.25,
DM-06-05-03-03,2026-07-21,,3733.5,
DM-06-05-03-03,2026-07-22,,3683.25,0.0
DM-06-05-03-03,2026-07-23,,3376.5,0.0
DM-06-05-03-03,2026-07-24,,3587.0,0.0
DM-06-05-03-03,2026-07-25,,3628.25,0.0
DM-06-05-03-03,2026-07-26,,3724.75,0.0
DM-06-05-03-03,2026-07-27,,3639.75,0.0
DM-06-05-03-03,2026-07-28,,3519.0,0.0
DM-06-05-03-03,2026-07-29,,3524.25,0.0
DM-06-05-03-03,2026-07-30,,3641.25,0.0
DM-06-05-03-03,2026-07-31,,3622.5,0.0
DM-06-05-03-03,2026-08-01,,3687.25,0.0
DM-06-05-03-03,2026-08-02,,3605.0,0.0
DM-06-05-03-03,2026-08-03,,3662.25,0.0
DM-06-05-03-03,2026-08-04,,3786.5,0.0
DM-06-05-03-03,2026-08-05,,3703.25,0.0
DM-06-05-04-02,2026-07-08,,710.0,
DM-06-05-04-02,2026-07-09,,1303.0,
DM-06-05-04-02,2026-07-10,,1349.5,
DM-06-05-04-02,2026-07-11,,1337.5,
DM-06-05-04-02,2026-07-12,,1294.0,
DM-06-05-04-02,2026-07-13,,1325.5,
DM-06-05-04-02,2026-07-14,,1318.75,
DM-06-05-04-02,2026-07-15,,1306.0,
DM-06-05-04-02,2026-07-16,,1260.0,
DM-06-05-04-02,2026-07-17,,1300.75,
DM-06-05-04-02,2026-07-18,,1307.25,
DM-06-05-04-02,2026-07-19,,1284.5,
DM-06-05-04-02,2026-07-20,,1345.0,
DM-06-05-04-02,2026-07-21,,1358.0,
DM-06-05-04-02,2026-07-22,,1333.25,0.0
DM-06-05-04-02,2026-07-23,,1244.75,0.0
DM-06-05-04-02,2026-07-24,,1290.5,0.0
DM-06-05-04-02,2026-07-25,,1330.5,0.0
DM-06-05-04-02,2026-07-26,,1302.25,0.0
DM-06-05-04-02,2026-07-27,,1292.5,0.0
DM-06-05-04-02,2026-07-28,,1268.5,0.0
DM-06-05-04-02,2026-07-29,,1267.75,0.0
DM-06-05-04-02,2026-07-30,,1335.75,0.0
DM-06-05-04-02,2026-07-31,,1305.5,0.0
DM-06-05-04-02,2026-08-01,,1339.0,0.0
DM-06-05-04-02,2026-08-02,,1332.25,0.0
DM-06-05-04-02,2026-08-03,,1356.0,0.0
DM-06-05-04-02,2026-08-04,,1389.75,0.0
DM-06-05-04-02,2026-08-05,,1364.25,0.0
DM-06-05-05-02,2026-07-08,,2207.25,
DM-06-05-05-02,2026-07-09,,3919.5,
DM-06-05-05-02,2026-07-10,,3988.5,
DM-06-05-05-02,2026-07-11,,3829.0,
DM-06-05-05-02,2026-07-12,,3739.75,
DM-06-05-05-02,2026-07-13,,3927.0,
DM-06-05-05-02,2026-07-14,,3930.5,
DM-06-05-05-02,2026-07-15,,3904.0,
DM-06-05-05-02,2026-07-16,,3618.75,
DM-06-05-05-02,2026-07-17,,3787.5,
DM-06-05-05-02,2026-07-18,,3713.0,
DM-06-05-05-02,2026-07-19,,3852.25,
DM-06-05-05-02,2026-07-20,,4126.75,
DM-06-05-05-02,2026-07-21,,4069.25,
DM-06-05-05-02,2026-07-22,,3842.25,0.0
DM-06-05-05-02,2026-07-23,,3121.0,0.0
DM-06-05-05-02,2026-07-24,,4082.5,0.0
DM-06-05-05-02,2026-07-25,,3583.75,0.0
DM-06-05-05-02,2026-07-26,,3759.5,0.0
DM-06-05-05-02,2026-07-27,,3643.75,0.0
DM-06-05-05-02,2026-07-28,,3342.25,0.0
DM-06-05-05-02,2026-07-29,,3362.75,0.0
DM-06-05-05-02,2026-07-30,,3604.0,0.0
DM-06-05-05-02,2026-07-31,,3371.0,0.0
DM-06-05-05-02,2026-08-01,,3356.75,0.0
DM-06-05-05-02,2026-08-02,,3493.5,0.0
DM-06-05-05-02,2026-08-03,,3755.25,0.0
DM-06-05-05-02,2026-08-04,,3773.0,0.0
DM-06-05-05-02,2026-08-05,,3667.0,0.0
DM-06-05-05-03,2026-07-08,,2249.0,
DM-06-05-05-03,2026-07-09,,3966.75,
DM-06-05-05-03,2026-07-10,,4004.5,
DM-06-05-05-03,2026-07-11,,3897.5,
DM-06-05-05-03,2026-07-12,,3824.75,
DM-06-05-05-03,2026-07-13,,3950.25,
DM-06-05-05-03,2026-07-14,,3957.75,
DM-06-05-05-03,2026-07-15,,3949.5,
DM-06-05-05-03,2026-07-16,,3677.0,
DM-06-05-05-03,2026-07-17,,3828.5,
DM-06-05-05-03,2026-07-18,,3749.5,
DM-06-05-05-03,2026-07-19,,3879.0,
DM-06-05-05-03,2026-07-20,,4090.5,
DM-06-05-05-03,2026-07-21,,4071.25,
DM-06-05-05-03,2026-07-22,,3930.25,0.0
DM-06-05-05-03,2026-07-23,,3572.5,0.0
DM-06-05-05-03,2026-07-24,,3814.0,0.0
DM-06-05-05-03,2026-07-25,,3680.75,0.0
DM-06-05-05-03,2026-07-26,,3715.25,0.0
DM-06-05-05-03,2026-07-27,,3765.0,0.0
DM-06-05-05-03,2026-07-28,,3488.25,0.0
DM-06-05-05-03,2026-07-29,,3462.0,0.0
DM-06-05-05-03,2026-07-30,,3615.75,0.0
DM-06-05-05-03,2026-07-31,,3513.75,0.0
DM-06-05-05-03,2026-08-01,,3379.75,0.0
DM-06-05-05-03,2026-08-02,,3447.25,0.0
DM-06-05-05-03,2026-08-03,,3673.25,0.0
DM-06-05-05-03,2026-08-04,,3711.0,0.0
DM-06-05-05-03,2026-08-05,,3702.0,0.0
DM-06-05-06-01,2026-07-08,,349.0,
DM-06-05-06-01,2026-07-09,48.5,621.25,
DM-06-05-06-01,2026-07-10,37.25,458.25,
DM-06-05-06-01,2026-07-11,37.375,564.75,
DM-06-05-06-01,2026-07-12,31.125,549.75,
DM-06-05-06-01,2026-07-13,33.0,401.25,
DM-06-05-06-01,2026-07-14,56.188,2455.62,
DM-06-05-06-01,2026-07-15,64.75,3360.25,
DM-06-05-06-01,2026-07-16,100.75,3434.5,
DM-06-05-06-01,2026-07-17,70.875,3096.0,
DM-06-05-06-01,2026-07-18,59.5,2995.0,
DM-06-05-06-01,2026-07-19,96.125,2633.5,
DM-06-05-06-01,2026-07-20,50.875,2916.0,
DM-06-05-06-01,2026-07-21,59.625,3018.0,
DM-06-05-06-01,2026-07-22,61.625,2949.25,0.0
DM-06-05-06-01,2026-07-23,61.125,2639.25,0.0
DM-06-05-06-01,2026-07-24,43.875,3025.0,0.0
DM-06-05-06-01,2026-07-25,66.375,2436.0,0.0
DM-06-05-06-01,2026-07-26,56.625,2367.25,0.0
DM-06-05-06-01,2026-07-27,60.875,2703.75,0.0
DM-06-05-06-01,2026-07-28,49.375,2042.25,0.0
DM-06-05-06-01,2026-07-29,64.0,2260.75,0.0
DM-06-05-06-01,2026-07-30,56.375,2259.75,0.0
DM-06-05-06-01,2026-07-31,65.875,2496.75,0.0
DM-06-05-06-01,2026-08-01,61.125,2265.75,0.0
DM-06-05-06-01,2026-08-02,60.625,2289.5,0.0
DM-06-05-06-01,2026-08-03,55.0,2792.25,0.0
DM-06-05-06-01,2026-08-04,58.125,2915.5,0.0
DM-06-05-06-01,2026-08-05,67.25,2822.0,0.0
DM-06-05-07-02,2026-07-08,,853.75,
DM-06-05-07-02,2026-07-09,32.0,1326.75,
DM-06-05-07-02,2026-07-10,36.25,1377.5,
DM-06-05-07-02,2026-07-11,36.125,1187.0,
DM-06-05-07-02,2026-07-12,32.625,1238.0,
DM-06-05-07-02,2026-07-13,31.75,1339.5,
DM-06-05-07-02,2026-07-14,31.25,1343.5,
DM-06-05-07-02,2026-07-15,32.75,1328.0,
DM-06-05-07-02,2026-07-16,32.75,1287.25,
DM-06-05-07-02,2026-07-17,30.625,1319.0,
DM-06-05-07-02,2026-07-18,30.75,1864.25,
DM-06-05-07-02,2026-07-19,28.75,1323.5,
DM-06-05-07-02,2026-07-20,31.5,1405.25,
DM-06-05-07-02,2026-07-21,30.0,1412.0,
DM-06-05-07-02,2026-07-22,31.625,1369.75,0.0
DM-06-05-07-02,2026-07-23,32.625,1369.75,0.0
DM-06-05-07-02,2026-07-24,18.5,1274.25,0.0
DM-06-05-07-02,2026-07-25,29.25,1248.0,0.0
DM-06-05-07-02,2026-07-26,29.625,1193.0,0.0
DM-06-05-07-02,2026-07-27,28.375,1224.5,0.0
DM-06-05-07-02,2026-07-28,28.875,1094.25,0.0
DM-06-05-07-02,2026-07-29,28.625,1063.25,0.0
DM-06-05-07-02,2026-07-30,24.5,1122.75,0.0
DM-06-05-07-02,2026-07-31,30.25,1182.25,0.0
DM-06-05-07-02,2026-08-01,28.0,1131.0,0.0
DM-06-05-07-02,2026-08-02,29.0,1237.0,0.0
DM-06-05-07-02,2026-08-03,29.125,1334.25,0.0
DM-06-05-07-02,2026-08-04,26.625,1380.0,0.0
DM-06-05-07-02,2026-08-05,30.875,1274.75,0.0
DM-06-05-09-01,2026-07-08,,1602.0,
DM-06-05-09-01,2026-07-09,55.25,2581.5,
DM-06-05-09-01,2026-07-10,61.25,2602.0,
DM-06-05-09-01,2026-07-11,54.5,2253.75,
DM-06-05-09-01,2026-07-12,54.375,2161.0,
DM-06-05-09-01,2026-07-13,56.625,2590.75,
DM-06-05-09-01,2026-07-14,57.5,2894.75,
DM-06-05-09-01,2026-07-15,61.0,2639.0,
DM-06-05-09-01,2026-07-16,50.25,2495.0,
DM-06-05-09-01,2026-07-17,60.0,2581.25,
DM-06-05-09-01,2026-07-18,55.625,2334.0,
DM-06-05-09-01,2026-07-19,68.125,2478.5,
DM-06-05-09-01,2026-07-20,56.375,2909.75,
DM-06-05-09-01,2026-07-21,59.5,2970.75,
DM-06-05-09-01,2026-07-22,61.125,2813.0,1.297
DM-06-05-09-01,2026-07-23,62.75,2762.25,4.22
DM-06-05-09-01,2026-07-24,36.5,2663.0,0.0
DM-06-05-09-01,2026-07-25,55.25,2672.25,0.0
DM-06-05-09-01,2026-07-26,54.5,2376.75,0.0
DM-06-05-09-01,2026-07-27,56.125,2489.75,0.0
DM-06-05-09-01,2026-07-28,57.375,2055.0,0.0
DM-06-05-09-01,2026-07-29,52.375,2085.5,0.0
DM-06-05-09-01,2026-07-30,50.125,2160.75,0.0
DM-06-05-09-01,2026-07-31,67.25,2452.0,7.422
DM-06-05-09-01,2026-08-01,57.0,2204.75,4.595
DM-06-05-09-01,2026-08-02,50.5,2134.5,0.0
DM-06-05-09-01,2026-08-03,61.875,2687.75,2.047
DM-06-05-09-01,2026-08-04,52.875,2595.5,0.0
DM-06-05-09-01,2026-08-05,58.625,2779.5,0.0
DM-06-05-09-02,2026-07-08,,2652.5,
DM-06-05-09-02,2026-07-09,127.375,4533.0,
DM-06-05-09-02,2026-07-10,153.25,4513.5,
DM-06-05-09-02,2026-07-11,109.75,4185.75,
DM-06-05-09-02,2026-07-12,112.75,3910.25,
DM-06-05-09-02,2026-07-13,138.5,4279.5,
DM-06-05-09-02,2026-07-14,176.625,4408.5,
DM-06-05-09-02,2026-07-15,120.25,4367.75,
DM-06-05-09-02,2026-07-16,125.375,4081.75,
DM-06-05-09-02,2026-07-17,112.25,4284.5,
DM-06-05-09-02,2026-07-18,106.25,4226.0,
DM-06-05-09-02,2026-07-19,127.125,4472.25,
DM-06-05-09-02,2026-07-20,137.0,4756.75,
DM-06-05-09-02,2026-07-21,137.875,4822.5,
DM-06-05-09-02,2026-07-22,167.25,4729.5,28.263
DM-06-05-09-02,2026-07-23,114.875,4337.5,4.152
DM-06-05-09-02,2026-07-24,112.625,4677.0,0.0
DM-06-05-09-02,2026-07-25,144.75,4751.25,5.763
DM-06-05-09-02,2026-07-26,129.5,4504.0,0.0
DM-06-05-09-02,2026-07-27,166.5,4574.5,27.513
DM-06-05-09-02,2026-07-28,106.0,3886.0,0.0
DM-06-05-09-02,2026-07-29,132.875,4182.25,0.0
DM-06-05-09-02,2026-07-30,125.125,4240.75,0.0
DM-06-05-09-02,2026-07-31,133.75,4279.75,0.0
DM-06-05-09-02,2026-08-01,137.25,4683.25,0.0
DM-06-05-09-02,2026-08-02,143.375,4607.0,4.388
DM-06-05-09-02,2026-08-03,157.75,4994.0,23.152
DM-06-05-09-02,2026-08-04,144.375,4370.5,28.54
DM-06-05-09-02,2026-08-05,109.25,4660.5,0.0
DM-06-05-09-03,2026-07-08,,1570.25,
DM-06-05-09-03,2026-07-09,,2789.0,
DM-06-05-09-03,2026-07-10,,2813.75,
DM-06-05-09-03,2026-07-11,,2561.75,
DM-06-05-09-03,2026-07-12,,2560.25,
DM-06-05-09-03,2026-07-13,,2851.0,
DM-06-05-09-03,2026-07-14,,2878.25,
DM-06-05-09-03,2026-07-15,,2889.0,
DM-06-05-09-03,2026-07-16,,2734.75,
DM-06-05-09-03,2026-07-17,,2757.5,
DM-06-05-09-03,2026-07-18,,2496.5,
DM-06-05-09-03,2026-07-19,,2455.5,
DM-06-05-09-03,2026-07-20,,2997.25,
DM-06-05-09-03,2026-07-21,,2868.5,
DM-06-05-09-03,2026-07-22,,2792.25,0.0
DM-06-05-09-03,2026-07-23,,2641.25,0.0
DM-06-05-09-03,2026-07-24,,2688.5,0.0
DM-06-05-09-03,2026-07-25,,2425.25,0.0
DM-06-05-09-03,2026-07-26,,2343.25,0.0
DM-06-05-09-03,2026-07-27,,2665.75,0.0
DM-06-05-09-03,2026-07-28,,2236.25,0.0
DM-06-05-09-03,2026-07-29,,2191.0,0.0
DM-06-05-09-03,2026-07-30,,2171.5,0.0
DM-06-05-09-03,2026-07-31,,2516.75,0.0
DM-06-05-09-03,2026-08-01,,2275.5,0.0
DM-06-05-09-03,2026-08-02,,2283.5,0.0
DM-06-05-09-03,2026-08-03,,2788.0,0.0
DM-06-05-09-03,2026-08-04,,2731.0,0.0
DM-06-05-09-03,2026-08-05,,2816.25,0.0
DM-06-05-10-03,2026-07-08,,1058.0,
DM-06-05-10-03,2026-07-09,22.125,1525.75,
DM-06-05-10-03,2026-07-10,25.375,1721.75,
DM-06-05-10-03,2026-07-11,25.875,1225.0,
DM-06-05-10-03,2026-07-12,25.125,1211.25,
DM-06-05-10-03,2026-07-13,27.25,1733.75,
DM-06-05-10-03,2026-07-14,25.375,1737.25,
DM-06-05-10-03,2026-07-15,125.375,1891.25,
DM-06-05-10-03,2026-07-16,27.375,1904.0,
DM-06-05-10-03,2026-07-17,71.875,1779.0,
DM-06-05-10-03,2026-07-18,23.5,1233.5,
DM-06-05-10-03,2026-07-19,22.5,1341.0,
DM-06-05-10-03,2026-07-20,23.625,1614.0,
DM-06-05-10-03,2026-07-21,26.25,1715.75,
DM-06-05-10-03,2026-07-22,25.75,1638.0,0.0
DM-06-05-10-03,2026-07-23,25.625,1557.0,0.0
DM-06-05-10-03,2026-07-24,14.0,1470.75,0.0
DM-06-05-10-03,2026-07-25,22.5,1185.0,0.0
DM-06-05-10-03,2026-07-26,45.25,1391.0,0.0
DM-06-05-10-03,2026-07-27,27.375,1445.0,0.0
DM-06-05-10-03,2026-07-28,26.625,1253.5,0.0
DM-06-05-10-03,2026-07-29,26.875,1260.75,0.0
DM-06-05-10-03,2026-07-30,25.625,1272.75,0.0
DM-06-05-10-03,2026-07-31,27.375,1563.0,0.0
DM-06-05-10-03,2026-08-01,25.875,1263.5,0.0
DM-06-05-10-03,2026-08-02,26.75,1267.25,0.0
DM-06-05-10-03,2026-08-03,39.5,1826.0,0.0
DM-06-05-10-03,2026-08-04,72.0,1915.25,21.41
DM-06-05-10-03,2026-08-05,41.625,1678.5,12.444
DM-06-06-01-02,2026-07-08,,2706.75,
DM-06-06-01-02,2026-07-09,94.5,4146.5,
DM-06-06-01-02,2026-07-10,100.625,4242.5,
DM-06-06-01-02,2026-07-11,100.375,4029.0,
DM-06-06-01-02,2026-07-12,90.375,3836.0,
DM-06-06-01-02,2026-07-13,96.625,4269.5,
DM-06-06-01-02,2026-07-14,90.25,4343.75,
DM-06-06-01-02,2026-07-15,94.625,4315.75,
DM-06-06-01-02,2026-07-16,100.125,4244.75,
DM-06-06-01-02,2026-07-17,98.75,4315.0,
DM-06-06-01-02,2026-07-18,108.875,3805.5,
DM-06-06-01-02,2026-07-19,77.75,3773.5,
DM-06-06-01-02,2026-07-20,98.625,4390.5,
DM-06-06-01-02,2026-07-21,94.25,4331.25,
DM-06-06-01-02,2026-07-22,95.125,4354.75,0.0
DM-06-06-01-02,2026-07-23,104.5,4340.25,5.157
DM-06-06-01-02,2026-07-24,80.875,4190.25,0.0
DM-06-06-01-02,2026-07-25,100.75,3888.25,1.407
DM-06-06-01-02,2026-07-26,100.375,3872.25,2.44
DM-06-06-01-02,2026-07-27,97.25,4185.25,0.347
DM-06-06-01-02,2026-07-28,98.25,3450.0,0.0
DM-06-06-01-02,2026-07-29,93.75,3629.0,0.0
DM-06-06-01-02,2026-07-30,91.75,3631.25,0.0
DM-06-06-01-02,2026-07-31,100.125,3828.0,0.782
DM-06-06-01-02,2026-08-01,98.0,3884.5,0.0
DM-06-06-01-02,2026-08-02,86.375,3633.25,0.0
DM-06-06-01-02,2026-08-03,93.625,4127.5,0.0
DM-06-06-01-02,2026-08-04,90.875,4292.0,0.0
DM-06-06-01-02,2026-08-05,98.0,4425.75,0.0
DM-06-06-01-03,2026-07-08,,2285.25,
DM-06-06-01-03,2026-07-09,88.75,3713.0,
DM-06-06-01-03,2026-07-10,102.875,3531.5,
DM-06-06-01-03,2026-07-11,81.0,3048.75,
DM-06-06-01-03,2026-07-12,61.625,2602.75,
DM-06-06-01-03,2026-07-13,67.125,3238.0,
DM-06-06-01-03,2026-07-14,75.125,3653.75,
DM-06-06-01-03,2026-07-15,79.375,3416.25,
DM-06-06-01-03,2026-07-16,78.125,3311.75,
DM-06-06-01-03,2026-07-17,65.125,3156.5,
DM-06-06-01-03,2026-07-18,64.875,2677.5,
DM-06-06-01-03,2026-07-19,86.25,2667.5,
DM-06-06-01-03,2026-07-20,73.375,3280.25,
DM-06-06-01-03,2026-07-21,79.125,3393.25,
DM-06-06-01-03,2026-07-22,75.25,3094.75,0.0
DM-06-06-01-03,2026-07-23,66.75,2808.75,0.0
DM-06-06-01-03,2026-07-24,55.375,3085.25,0.0
DM-06-06-01-03,2026-07-25,66.25,2631.25,0.0
DM-06-06-01-03,2026-07-26,98.125,3188.0,15.515
DM-06-06-01-03,2026-07-27,69.625,3129.5,2.53
DM-06-06-01-03,2026-07-28,73.75,2388.5,0.0
DM-06-06-01-03,2026-07-29,70.25,2263.0,0.0
DM-06-06-01-03,2026-07-30,64.75,2339.5,0.0
DM-06-06-01-03,2026-07-31,76.125,2953.5,0.0
DM-06-06-01-03,2026-08-01,72.875,2603.0,0.0
DM-06-06-01-03,2026-08-02,62.5,2325.25,0.0
DM-06-06-01-03,2026-08-03,66.0,3126.0,0.0
DM-06-06-01-03,2026-08-04,68.75,3180.5,0.0
DM-06-06-01-03,2026-08-05,67.0,3163.75,0.0
DM-06-06-02-01,2026-07-08,,528.0,
DM-06-06-02-01,2026-07-09,14.25,1242.0,
DM-06-06-02-01,2026-07-10,34.0,1210.0,
DM-06-06-02-01,2026-07-11,17.0,1053.75,
DM-06-06-02-01,2026-07-12,13.875,846.75,
DM-06-06-02-01,2026-07-13,13.125,1141.0,
DM-06-06-02-01,2026-07-14,15.75,1256.75,
DM-06-06-02-01,2026-07-15,19.75,1291.25,
DM-06-06-02-01,2026-07-16,16.75,1079.0,
DM-06-06-02-01,2026-07-17,15.0,1166.0,
DM-06-06-02-01,2026-07-18,15.75,1012.75,
DM-06-06-02-01,2026-07-19,24.875,1058.5,
DM-06-06-02-01,2026-07-20,18.625,1093.0,
DM-06-06-02-01,2026-07-21,24.875,1294.25,
DM-06-06-02-01,2026-07-22,18.5,1185.25,0.0
DM-06-06-02-01,2026-07-23,31.125,1183.25,9.531
DM-06-06-02-01,2026-07-24,16.75,1244.5,4.687
DM-06-06-02-01,2026-07-25,26.125,1133.75,9.219
DM-06-06-02-01,2026-07-26,19.25,920.25,6.875
DM-06-06-02-01,2026-07-27,26.5,1111.25,11.781
DM-06-06-02-01,2026-07-28,16.5,996.75,6.687
DM-06-06-02-01,2026-07-29,22.75,871.75,7.843
DM-06-06-02-01,2026-07-30,15.25,917.25,1.499
DM-06-06-02-01,2026-07-31,17.5,1114.38,0.0
DM-06-06-02-01,2026-08-01,16.0,1076.0,0.0
DM-06-06-02-01,2026-08-02,13.125,964.0,0.0
DM-06-06-02-01,2026-08-03,14.875,1258.0,0.0
DM-06-06-02-01,2026-08-04,22.125,1319.5,0.531
DM-06-06-02-01,2026-08-05,19.375,1172.0,0.0
DM-06-06-03-01,2026-07-08,,2383.25,
DM-06-06-03-01,2026-07-09,89.875,3798.5,
DM-06-06-03-01,2026-07-10,92.0,3946.5,
DM-06-06-03-01,2026-07-11,94.375,4000.25,
DM-06-06-03-01,2026-07-12,91.875,3974.0,
DM-06-06-03-01,2026-07-13,90.25,3860.0,
DM-06-06-03-01,2026-07-14,88.0,3939.75,
DM-06-06-03-01,2026-07-15,85.75,3825.5,
DM-06-06-03-01,2026-07-16,85.625,3847.75,
DM-06-06-03-01,2026-07-17,93.875,3882.0,
DM-06-06-03-01,2026-07-18,101.875,4063.0,
DM-06-06-03-01,2026-07-19,83.875,3922.0,
DM-06-06-03-01,2026-07-20,90.25,3840.25,
DM-06-06-03-01,2026-07-21,130.375,4013.5,
DM-06-06-03-01,2026-07-22,91.75,3830.25,0.0
DM-06-06-03-01,2026-07-23,94.375,3847.25,0.0
DM-06-06-03-01,2026-07-24,82.125,3992.0,0.0
DM-06-06-03-01,2026-07-25,111.125,4033.0,11.691
DM-06-06-03-01,2026-07-26,94.875,4022.5,7.131
DM-06-06-03-01,2026-07-27,99.75,3918.25,7.447
DM-06-06-03-01,2026-07-28,86.875,3790.25,0.0
DM-06-06-03-01,2026-07-29,86.375,3837.75,0.0
DM-06-06-03-01,2026-07-30,86.25,3938.75,0.0
DM-06-06-03-01,2026-07-31,93.0,3904.25,0.0
DM-06-06-03-01,2026-08-01,100.75,3963.25,1.316
DM-06-06-03-01,2026-08-02,98.75,4072.5,0.631
DM-06-06-03-01,2026-08-03,99.375,3974.25,0.572
DM-06-06-03-01,2026-08-04,89.25,4051.0,0.0
DM-06-06-03-01,2026-08-05,101.5,3919.75,2.066
DM-06-06-04-01,2026-07-08,,2548.75,
DM-06-06-04-01,2026-07-09,108.125,4226.0,
DM-06-06-04-01,2026-07-10,105.875,4160.75,
DM-06-06-04-01,2026-07-11,117.875,4296.75,
DM-06-06-04-01,2026-07-12,99.875,4054.25,
DM-06-06-04-01,2026-07-13,93.25,4247.25,
DM-06-06-04-01,2026-07-14,99.5,4248.5,
DM-06-06-04-01,2026-07-15,100.625,4271.75,
DM-06-06-04-01,2026-07-16,100.125,4192.75,
DM-06-06-04-01,2026-07-17,107.625,4293.75,
DM-06-06-04-01,2026-07-18,115.125,4362.5,
DM-06-06-04-01,2026-07-19,100.0,4123.25,
DM-06-06-04-01,2026-07-20,102.0,4370.0,
DM-06-06-04-01,2026-07-21,128.375,4337.25,
DM-06-06-04-01,2026-07-22,113.25,4381.0,2.643
DM-06-06-04-01,2026-07-23,117.875,4213.5,9.911
DM-06-06-04-01,2026-07-24,108.5,4324.5,7.804
DM-06-06-04-01,2026-07-25,114.5,4458.5,11.698
DM-06-06-04-01,2026-07-26,101.5,4146.25,2.591
DM-06-06-04-01,2026-07-27,107.5,4324.75,0.0
DM-06-06-04-01,2026-07-28,105.625,3981.75,0.0
DM-06-06-04-01,2026-07-29,115.375,4211.0,4.768
DM-06-06-04-01,2026-07-30,96.125,4045.0,0.0
DM-06-06-04-01,2026-07-31,102.625,4203.75,0.0
DM-06-06-04-01,2026-08-01,108.375,4243.75,0.0
DM-06-06-04-01,2026-08-02,99.875,4158.25,0.0
DM-06-06-04-01,2026-08-03,98.5,4313.25,0.0
DM-06-06-04-01,2026-08-04,101.625,4380.25,0.0
DM-06-06-04-01,2026-08-05,126.125,4380.25,15.518
DM-06-06-06-02,2026-07-08,,2766.75,
DM-06-06-06-02,2026-07-09,115.0,4042.25,
DM-06-06-06-02,2026-07-10,110.0,4056.75,
DM-06-06-06-02,2026-07-11,117.625,4195.75,
DM-06-06-06-02,2026-07-12,129.25,4182.25,
DM-06-06-06-02,2026-07-13,117.75,4046.5,
DM-06-06-06-02,2026-07-14,114.125,4007.5,
DM-06-06-06-02,2026-07-15,98.5,4094.75,
DM-06-06-06-02,2026-07-16,107.0,4089.0,
DM-06-06-06-02,2026-07-17,107.375,4043.75,
DM-06-06-06-02,2026-07-18,103.0,4164.75,
DM-06-06-06-02,2026-07-19,104.0,4305.75,
DM-06-06-06-02,2026-07-20,109.75,4198.25,
DM-06-06-06-02,2026-07-21,111.25,4104.0,
DM-06-06-06-02,2026-07-22,100.625,4021.5,0.0
DM-06-06-06-02,2026-07-23,112.125,3980.0,0.0
DM-06-06-06-02,2026-07-24,111.875,3971.0,0.0
DM-06-06-06-02,2026-07-25,103.875,4281.5,0.0
DM-06-06-06-02,2026-07-26,104.875,4225.5,0.0
DM-06-06-06-02,2026-07-27,104.625,4337.25,0.0
DM-06-06-06-02,2026-07-28,102.625,4156.25,0.0
DM-06-06-06-02,2026-07-29,106.375,4194.75,0.0
DM-06-06-06-02,2026-07-30,117.625,4284.75,2.705
DM-06-06-06-02,2026-07-31,114.75,4173.75,2.534
DM-06-06-06-02,2026-08-01,106.75,4297.0,0.0
DM-06-06-06-02,2026-08-02,123.25,4263.25,8.33
DM-06-06-06-02,2026-08-03,109.875,4176.5,3.284
DM-06-06-06-02,2026-08-04,117.0,4214.5,5.364
DM-06-06-06-02,2026-08-05,110.875,4277.75,1.318
DM-06-06-06-03,2026-07-08,,2615.25,
DM-06-06-06-03,2026-07-09,136.625,4575.75,
DM-06-06-06-03,2026-07-10,140.875,4638.5,
DM-06-06-06-03,2026-07-11,154.875,4507.0,
DM-06-06-06-03,2026-07-12,128.375,4599.25,
DM-06-06-06-03,2026-07-13,170.125,4795.5,
DM-06-06-06-03,2026-07-14,142.25,4439.5,
DM-06-06-06-03,2026-07-15,145.75,4486.0,
DM-06-06-06-03,2026-07-16,137.625,4375.25,
DM-06-06-06-03,2026-07-17,129.125,4506.75,
DM-06-06-06-03,2026-07-18,141.5,4447.5,
DM-06-06-06-03,2026-07-19,125.125,4596.0,
DM-06-06-06-03,2026-07-20,127.5,4395.5,
DM-06-06-06-03,2026-07-21,129.75,4572.75,
DM-06-06-06-03,2026-07-22,156.125,4428.75,10.865
DM-06-06-06-03,2026-07-23,127.0,4474.25,0.0
DM-06-06-06-03,2026-07-24,118.25,4395.5,0.0
DM-06-06-06-03,2026-07-25,134.375,4695.0,0.0
DM-06-06-06-03,2026-07-26,157.25,4588.25,11.99
DM-06-06-06-03,2026-07-27,129.75,4561.25,0.0
DM-06-06-06-03,2026-07-28,125.125,4683.5,0.0
DM-06-06-06-03,2026-07-29,130.75,4505.5,0.0
DM-06-06-06-03,2026-07-30,125.25,4546.0,0.0
DM-06-06-06-03,2026-07-31,136.5,4468.25,0.0
DM-06-06-06-03,2026-08-01,129.875,4693.5,0.0
DM-06-06-06-03,2026-08-02,132.625,4435.0,0.0
DM-06-06-06-03,2026-08-03,138.25,4448.0,0.0
DM-06-06-06-03,2026-08-04,126.875,4627.0,0.0
DM-06-06-06-03,2026-08-05,142.375,4538.5,0.0
DM-06-06-06-04,2026-07-08,,2170.5,
DM-06-06-06-04,2026-07-09,107.125,3667.0,
DM-06-06-06-04,2026-07-10,98.125,3649.0,
DM-06-06-06-04,2026-07-11,107.875,3734.0,
DM-06-06-06-04,2026-07-12,79.875,3630.75,
DM-06-06-06-04,2026-07-13,106.375,3670.5,
DM-06-06-06-04,2026-07-14,92.375,3694.75,
DM-06-06-06-04,2026-07-15,90.0,3516.25,
DM-06-06-06-04,2026-07-16,108.0,3737.75,
DM-06-06-06-04,2026-07-17,117.0,3958.75,
DM-06-06-06-04,2026-07-18,120.375,3781.0,
DM-06-06-06-04,2026-07-19,112.75,3699.5,
DM-06-06-06-04,2026-07-20,86.375,3679.5,
DM-06-06-06-04,2026-07-21,90.625,3610.25,
DM-06-06-06-04,2026-07-22,122.75,3640.0,15.403
DM-06-06-06-04,2026-07-23,101.375,3854.5,9.432
DM-06-06-06-04,2026-07-24,92.625,3830.75,0.0
DM-06-06-06-04,2026-07-25,90.5,3650.25,0.0
DM-06-06-06-04,2026-07-26,99.875,3604.5,0.0
DM-06-06-06-04,2026-07-27,91.25,3774.25,0.0
DM-06-06-06-04,2026-07-28,85.625,3605.0,0.0
DM-06-06-06-04,2026-07-29,85.25,3548.75,0.0
DM-06-06-06-04,2026-07-30,87.5,3473.0,0.0
DM-06-06-06-04,2026-07-31,80.75,3467.75,0.0
DM-06-06-06-04,2026-08-01,125.5,3533.5,18.153
DM-06-06-06-04,2026-08-02,76.375,3540.0,0.0
DM-06-06-06-04,2026-08-03,84.625,3444.0,0.0
DM-06-06-06-04,2026-08-04,119.5,3673.25,12.153
DM-06-06-06-04,2026-08-05,75.375,3473.5,0.0
DM-06-06-07-01,2026-07-08,,2137.75,
DM-06-06-07-01,2026-07-09,72.5,3078.75,
DM-06-06-07-01,2026-07-10,81.375,3014.25,
DM-06-06-07-01,2026-07-11,79.5,3072.0,
DM-06-06-07-01,2026-07-12,73.5,3091.75,
DM-06-06-07-01,2026-07-13,74.125,3029.5,
DM-06-06-07-01,2026-07-14,77.625,3056.0,
DM-06-06-07-01,2026-07-15,76.75,3039.0,
DM-06-06-07-01,2026-07-16,83.125,3041.0,
DM-06-06-07-01,2026-07-17,79.75,3085.25,
DM-06-06-07-01,2026-07-18,95.375,3102.75,
DM-06-06-07-01,2026-07-19,89.625,3167.25,
DM-06-06-07-01,2026-07-20,89.25,3096.75,
DM-06-06-07-01,2026-07-21,77.25,3097.25,
DM-06-06-07-01,2026-07-22,86.75,3055.0,2.672
DM-06-06-07-01,2026-07-23,75.25,3000.75,0.0
DM-06-06-07-01,2026-07-24,70.625,2938.0,0.0
DM-06-06-07-01,2026-07-25,83.125,3144.0,0.0
DM-06-06-07-01,2026-07-26,75.0,3153.75,0.0
DM-06-06-07-01,2026-07-27,79.75,3164.25,0.0
DM-06-06-07-01,2026-07-28,87.125,3208.5,3.047
DM-06-06-07-01,2026-07-29,84.125,3155.25,3.093
DM-06-06-07-01,2026-07-30,78.625,3150.5,0.0
DM-06-06-07-01,2026-07-31,79.0,3109.25,0.0
DM-06-06-07-01,2026-08-01,86.0,3183.5,1.922
DM-06-06-07-01,2026-08-02,87.625,3294.0,5.468
DM-06-06-07-01,2026-08-03,91.125,3251.75,12.515
DM-06-06-07-01,2026-08-04,89.125,3225.75,17.562
DM-06-06-07-01,2026-08-05,84.75,3263.25,18.234
DM-06-06-07-03,2026-07-08,,5781.75,
DM-06-06-07-03,2026-07-09,272.0,9285.25,
DM-06-06-07-03,2026-07-10,288.25,9443.0,
DM-06-06-07-03,2026-07-11,290.25,9393.75,
DM-06-06-07-03,2026-07-12,287.625,9262.0,
DM-06-06-07-03,2026-07-13,319.875,9648.5,
DM-06-06-07-03,2026-07-14,273.125,9196.25,
DM-06-06-07-03,2026-07-15,280.375,9285.0,
DM-06-06-07-03,2026-07-16,282.375,9301.75,
DM-06-06-07-03,2026-07-17,254.75,9348.5,
DM-06-06-07-03,2026-07-18,285.625,9345.5,
DM-06-06-07-03,2026-07-19,277.125,9409.75,
DM-06-06-07-03,2026-07-20,279.875,9442.75,
DM-06-06-07-03,2026-07-21,264.875,9381.75,
DM-06-06-07-03,2026-07-22,305.25,9385.75,16.639
DM-06-06-07-03,2026-07-23,284.875,9496.75,12.904
DM-06-06-07-03,2026-07-24,265.125,9390.5,0.0
DM-06-06-07-03,2026-07-25,261.0,9721.25,0.0
DM-06-06-07-03,2026-07-26,294.25,9644.25,5.639
DM-06-06-07-03,2026-07-27,271.125,9685.25,0.0
DM-06-06-07-03,2026-07-28,290.75,9818.75,2.139
DM-06-06-07-03,2026-07-29,277.75,9713.5,0.0
DM-06-06-07-03,2026-07-30,259.125,9665.25,0.0
DM-06-06-07-03,2026-07-31,274.625,9734.25,0.0
DM-06-06-07-03,2026-08-01,274.75,9943.75,0.0
DM-06-06-07-03,2026-08-02,281.0,9524.25,0.0
DM-06-06-07-03,2026-08-03,292.375,9864.25,3.764
DM-06-06-07-03,2026-08-04,351.0,10130.5,66.154
DM-06-06-07-03,2026-08-05,347.0,10063.75,124.543
DM-06-06-08-01,2026-07-08,129.125,2397.0,
DM-06-06-08-01,2026-07-09,124.875,4208.5,
DM-06-06-08-01,2026-07-10,127.25,4204.0,
DM-06-06-08-01,2026-07-11,126.25,4222.0,
DM-06-06-08-01,2026-07-12,129.25,4073.75,
DM-06-06-08-01,2026-07-13,126.25,4203.25,
DM-06-06-08-01,2026-07-14,125.0,4208.0,
DM-06-06-08-01,2026-07-15,131.875,4222.5,
DM-06-06-08-01,2026-07-16,127.125,4163.5,
DM-06-06-08-01,2026-07-17,128.125,4229.25,
DM-06-06-08-01,2026-07-18,121.0,4159.25,
DM-06-06-08-01,2026-07-19,125.875,4201.25,
DM-06-06-08-01,2026-07-20,127.375,4198.5,
DM-06-06-08-01,2026-07-21,145.75,3843.25,
DM-06-06-08-01,2026-07-22,131.375,4278.75,0.438
DM-06-06-08-01,2026-07-23,105.375,4063.75,0.0
DM-06-06-08-01,2026-07-24,123.625,3979.0,0.0
DM-06-06-08-01,2026-07-25,125.125,4191.75,0.0
DM-06-06-08-01,2026-07-26,127.125,4218.0,0.0
DM-06-06-08-01,2026-07-27,128.25,4187.25,0.0
DM-06-06-08-01,2026-07-28,131.75,4193.5,0.813
DM-06-06-08-01,2026-07-29,130.125,4198.25,0.001
DM-06-06-08-01,2026-07-30,131.0,4219.0,0.065
DM-06-06-08-01,2026-07-31,125.0,4140.25,0.0
DM-06-06-08-01,2026-08-01,126.375,4204.25,0.0
DM-06-06-08-01,2026-08-02,127.75,4227.5,0.0
DM-06-06-08-01,2026-08-03,134.375,4309.25,3.438
DM-06-06-08-01,2026-08-04,132.75,4319.25,5.251
DM-06-06-08-01,2026-08-05,125.875,4253.0,0.19
DM-06-06-08-03,2026-07-08,,1280.5,
DM-06-06-08-03,2026-07-09,,2328.5,
DM-06-06-08-03,2026-07-10,,2299.25,
DM-06-06-08-03,2026-07-11,,2299.5,
DM-06-06-08-03,2026-07-12,,2321.75,
DM-06-06-08-03,2026-07-13,,2394.0,
DM-06-06-08-03,2026-07-14,,2308.5,
DM-06-06-08-03,2026-07-15,,1858.75,
DM-06-06-08-03,2026-07-16,,2391.75,
DM-06-06-08-03,2026-07-17,,2303.5,
DM-06-06-08-03,2026-07-18,,2265.75,
DM-06-06-08-03,2026-07-19,,2331.0,
DM-06-06-08-03,2026-07-20,,2290.25,
DM-06-06-08-03,2026-07-21,,2358.25,
DM-06-06-08-03,2026-07-22,,1859.75,0.0
DM-06-06-08-03,2026-07-23,,1919.0,0.0
DM-06-06-08-03,2026-07-24,,2127.75,0.0
DM-06-06-08-03,2026-07-25,,2277.0,0.0
DM-06-06-08-03,2026-07-26,,2269.25,0.0
DM-06-06-08-03,2026-07-27,,2253.75,0.0
DM-06-06-08-03,2026-07-28,,2203.75,0.0
DM-06-06-08-03,2026-07-29,,2211.25,0.0
DM-06-06-08-03,2026-07-30,,2225.0,0.0
DM-06-06-08-03,2026-07-31,,2213.0,0.0
DM-06-06-08-03,2026-08-01,,2259.25,0.0
DM-06-06-08-03,2026-08-02,,2276.0,0.0
DM-06-06-08-03,2026-08-03,,1434.75,0.0
DM-06-06-08-03,2026-08-04,,2307.5,0.0
DM-06-06-08-03,2026-08-05,,2228.75,0.0
DM-06-06-09-02,2026-07-08,,2183.75,
DM-06-06-09-02,2026-07-09,,3919.5,
DM-06-06-09-02,2026-07-10,,3912.5,
DM-06-06-09-02,2026-07-11,,3774.0,
DM-06-06-09-02,2026-07-12,,3929.0,
DM-06-06-09-02,2026-07-13,,3989.0,
DM-06-06-09-02,2026-07-14,,3855.25,
DM-06-06-09-02,2026-07-15,,3799.25,
DM-06-06-09-02,2026-07-16,,3897.75,
DM-06-06-09-02,2026-07-17,,3914.75,
DM-06-06-09-02,2026-07-18,,3956.75,
DM-06-06-09-02,2026-07-19,,3973.25,
DM-06-06-09-02,2026-07-20,,3986.25,
DM-06-06-09-02,2026-07-21,,3953.5,
DM-06-06-09-02,2026-07-22,,3915.75,0.0
DM-06-06-09-02,2026-07-23,,3816.0,0.0
DM-06-06-09-02,2026-07-24,,3967.75,0.0
DM-06-06-09-02,2026-07-25,,3880.75,0.0
DM-06-06-09-02,2026-07-26,,3941.75,0.0
DM-06-06-09-02,2026-07-27,,4028.0,0.0
DM-06-06-09-02,2026-07-28,,3957.25,0.0
DM-06-06-09-02,2026-07-29,,4042.25,0.0
DM-06-06-09-02,2026-07-30,,3898.5,0.0
DM-06-06-09-02,2026-07-31,,3971.25,0.0
DM-06-06-09-02,2026-08-01,,4004.75,0.0
DM-06-06-09-02,2026-08-02,,3896.25,0.0
DM-06-06-09-02,2026-08-03,,3910.5,0.0
DM-06-06-09-02,2026-08-04,,3492.75,0.0
DM-06-06-09-02,2026-08-05,,3744.0,0.0
DM-06-06-10-02,2026-07-08,,775.5,
DM-06-06-10-02,2026-07-09,,1538.25,
DM-06-06-10-02,2026-07-10,,1445.5,
DM-06-06-10-02,2026-07-11,,1467.0,
DM-06-06-10-02,2026-07-12,,1330.0,
DM-06-06-10-02,2026-07-13,,1477.5,
DM-06-06-10-02,2026-07-14,,1488.5,
DM-06-06-10-02,2026-07-15,,1645.5,
DM-06-06-10-02,2026-07-16,,1384.25,
DM-06-06-10-02,2026-07-17,,1479.75,
DM-06-06-10-02,2026-07-18,,1314.5,
DM-06-06-10-02,2026-07-19,,1457.5,
DM-06-06-10-02,2026-07-20,,1430.5,
DM-06-06-10-02,2026-07-21,,1461.5,
DM-06-06-10-02,2026-07-22,,1599.75,0.0
DM-06-06-10-02,2026-07-23,,1342.25,0.0
DM-06-06-10-02,2026-07-24,,1437.5,0.0
DM-06-06-10-02,2026-07-25,,1311.0,0.0
DM-06-06-10-02,2026-07-26,,1482.25,0.0
DM-06-06-10-02,2026-07-27,,1290.25,0.0
DM-06-06-10-02,2026-07-28,,1551.25,0.0
DM-06-06-10-02,2026-07-29,,1337.25,0.0
DM-06-06-10-02,2026-07-30,,1566.0,0.0
DM-06-06-10-02,2026-07-31,,1315.75,0.0
DM-06-06-10-02,2026-08-01,,1608.0,0.0
DM-06-06-10-02,2026-08-02,,1442.25,0.0
DM-06-06-10-02,2026-08-03,,1561.25,0.0
DM-06-06-10-02,2026-08-04,,1358.25,0.0
DM-06-06-10-02,2026-08-05,,1589.0,0.0
DM-06-06-11-01,2026-07-08,,723.25,
DM-06-06-11-01,2026-07-09,,1417.75,
DM-06-06-11-01,2026-07-10,,1717.75,
DM-06-06-11-01,2026-07-11,,1297.5,
DM-06-06-11-01,2026-07-12,,1223.5,
DM-06-06-11-01,2026-07-13,,1517.75,
DM-06-06-11-01,2026-07-14,,1697.75,
DM-06-06-11-01,2026-07-15,,1239.25,
DM-06-06-11-01,2026-07-16,,1494.75,
DM-06-06-11-01,2026-07-17,,1281.25,
DM-06-06-11-01,2026-07-18,,1494.75,
DM-06-06-11-01,2026-07-19,,1579.5,
DM-06-06-11-01,2026-07-20,,1560.25,
DM-06-06-11-01,2026-07-21,,1465.0,
DM-06-06-11-01,2026-07-22,,1566.75,0.0
DM-06-06-11-01,2026-07-23,,1916.75,0.0
DM-06-06-11-01,2026-07-24,,1654.25,0.0
DM-06-06-11-01,2026-07-25,,1532.5,0.0
DM-06-06-11-01,2026-07-26,,1891.5,0.0
DM-06-06-11-01,2026-07-27,,1674.25,0.0
DM-06-06-11-01,2026-07-28,,1144.0,0.0
DM-06-06-11-01,2026-07-29,,1155.0,0.0
DM-06-06-11-01,2026-07-30,,1180.0,0.0
DM-06-06-11-01,2026-07-31,,1641.0,0.0
DM-06-06-11-01,2026-08-01,,1312.25,0.0
DM-06-06-11-01,2026-08-02,,1202.5,0.0
DM-06-06-11-01,2026-08-03,,1710.0,0.0
DM-06-06-11-01,2026-08-04,,1450.25,0.0
DM-06-06-11-01,2026-08-05,,1404.5,0.0
DM-06-06-12-01,2026-07-08,,1268.75,
DM-06-06-12-01,2026-07-09,,1888.5,
DM-06-06-12-01,2026-07-10,,2023.75,
DM-06-06-12-01,2026-07-11,,1740.25,
DM-06-06-12-01,2026-07-12,,1677.75,
DM-06-06-12-01,2026-07-13,,1982.0,
DM-06-06-12-01,2026-07-14,,1991.0,
DM-06-06-12-01,2026-07-15,,2053.75,
DM-06-06-12-01,2026-07-16,,1936.25,
DM-06-06-12-01,2026-07-17,,2143.75,
DM-06-06-12-01,2026-07-18,,1840.5,
DM-06-06-12-01,2026-07-19,,1593.0,
DM-06-06-12-01,2026-07-20,,2075.75,
DM-06-06-12-01,2026-07-21,,2165.5,
DM-06-06-12-01,2026-07-22,,2042.5,0.0
DM-06-06-12-01,2026-07-23,,2084.0,0.0
DM-06-06-12-01,2026-07-24,,2430.75,0.0
DM-06-06-12-01,2026-07-25,,1849.0,0.0
DM-06-06-12-01,2026-07-26,,1483.25,0.0
DM-06-06-12-01,2026-07-27,,1848.5,0.0
DM-06-06-12-01,2026-07-28,,1490.0,0.0
DM-06-06-12-01,2026-07-29,,1518.5,0.0
DM-06-06-12-01,2026-07-30,,1701.5,0.0
DM-06-06-12-01,2026-07-31,,1800.25,0.0
DM-06-06-12-01,2026-08-01,,1586.0,0.0
DM-06-06-12-01,2026-08-02,,1399.5,0.0
DM-06-06-12-01,2026-08-03,,1875.5,0.0
DM-06-06-12-01,2026-08-04,,1955.5,0.0
DM-06-06-12-01,2026-08-05,,2048.0,0.0
DM-07-05-02-03,2026-07-08,,633.0,
DM-07-05-02-03,2026-07-09,28.75,1005.0,
DM-07-05-02-03,2026-07-10,31.625,1022.25,
DM-07-05-02-03,2026-07-11,31.875,980.25,
DM-07-05-02-03,2026-07-12,30.0,942.5,
DM-07-05-02-03,2026-07-13,30.75,991.5,
DM-07-05-02-03,2026-07-14,29.625,1008.75,
DM-07-05-02-03,2026-07-15,31.125,1004.25,
DM-07-05-02-03,2026-07-16,30.75,999.0,
DM-07-05-02-03,2026-07-17,27.5,1003.0,
DM-07-05-02-03,2026-07-18,31.5,985.25,
DM-07-05-02-03,2026-07-19,28.0,1000.5,
DM-07-05-02-03,2026-07-20,27.25,1028.25,
DM-07-05-02-03,2026-07-21,30.375,1038.5,
DM-07-05-02-03,2026-07-22,29.375,1024.0,0.0
DM-07-05-02-03,2026-07-23,33.375,1008.75,2.678
DM-07-05-02-03,2026-07-24,30.25,1019.75,2.231
DM-07-05-02-03,2026-07-25,29.375,979.75,0.908
DM-07-05-02-03,2026-07-26,29.75,952.75,0.0
DM-07-05-02-03,2026-07-27,25.375,952.0,0.0
DM-07-05-02-03,2026-07-28,27.625,906.0,0.0
DM-07-05-02-03,2026-07-29,28.875,926.25,0.0
DM-07-05-02-03,2026-07-30,29.25,909.5,0.0
DM-07-05-02-03,2026-07-31,25.875,930.5,0.0
DM-07-05-02-03,2026-08-01,27.875,954.25,0.0
DM-07-05-02-03,2026-08-02,29.625,976.5,0.0
DM-07-05-02-03,2026-08-03,29.25,995.25,0.0
DM-07-05-02-03,2026-08-04,28.125,1020.25,0.0
DM-07-05-02-03,2026-08-05,31.125,1040.25,0.428
DM-07-05-07-01,2026-07-08,,3102.75,
DM-07-05-07-01,2026-07-09,103.0,4822.5,
DM-07-05-07-01,2026-07-10,112.5,4928.5,
DM-07-05-07-01,2026-07-11,102.375,4646.0,
DM-07-05-07-01,2026-07-12,94.0,4410.25,
DM-07-05-07-01,2026-07-13,123.625,4906.75,
DM-07-05-07-01,2026-07-14,103.75,4902.0,
DM-07-05-07-01,2026-07-15,112.25,5015.75,
DM-07-05-07-01,2026-07-16,109.625,4807.0,
DM-07-05-07-01,2026-07-17,111.625,4891.25,
DM-07-05-07-01,2026-07-18,107.125,4705.5,
DM-07-05-07-01,2026-07-19,109.625,4552.25,
DM-07-05-07-01,2026-07-20,101.875,4981.25,
DM-07-05-07-01,2026-07-21,106.875,5003.25,
DM-07-05-07-01,2026-07-22,103.375,4929.25,0.0
DM-07-05-07-01,2026-07-23,123.625,4992.25,12.646
DM-07-05-07-01,2026-07-24,100.125,4974.25,1.793
DM-07-05-07-01,2026-07-25,128.0,4765.25,18.814
DM-07-05-07-01,2026-07-26,108.875,4677.75,16.71
DM-07-05-07-01,2026-07-27,107.875,5034.0,13.606
DM-07-05-07-01,2026-07-28,111.875,4735.25,14.503
DM-07-05-07-01,2026-07-29,114.125,4675.75,17.649
DM-07-05-07-01,2026-07-30,133.125,4830.5,39.795
DM-07-05-07-01,2026-07-31,100.875,4894.5,29.691
DM-07-05-07-01,2026-08-01,110.625,4724.0,29.338
DM-07-05-07-01,2026-08-02,106.75,4709.25,25.109
DM-07-05-07-01,2026-08-03,116.25,5148.5,30.38
DM-07-05-07-01,2026-08-04,109.125,5204.75,28.527
DM-07-05-07-01,2026-08-05,116.625,5077.25,34.173
DM-07-05-10-02,2026-07-08,,1365.25,
DM-07-05-10-02,2026-07-09,70.0,2373.5,
DM-07-05-10-02,2026-07-10,56.75,2225.25,
DM-07-05-10-02,2026-07-11,63.25,2276.0,
DM-07-05-10-02,2026-07-12,56.375,2249.75,
DM-07-05-10-02,2026-07-13,62.0,2204.0,
DM-07-05-10-02,2026-07-14,65.625,2226.75,
DM-07-05-10-02,2026-07-15,56.125,2272.75,
DM-07-05-10-02,2026-07-16,59.5,2257.0,
DM-07-05-10-02,2026-07-17,54.375,2162.75,
DM-07-05-10-02,2026-07-18,62.125,2223.0,
DM-07-05-10-02,2026-07-19,62.5,2280.75,
DM-07-05-10-02,2026-07-20,63.875,2344.5,
DM-07-05-10-02,2026-07-21,59.875,2189.0,
DM-07-05-10-02,2026-07-22,57.25,2229.25,0.0
DM-07-05-10-02,2026-07-23,58.625,2176.5,0.0
DM-07-05-10-02,2026-07-24,56.25,2189.25,0.0
DM-07-05-10-02,2026-07-25,58.25,2217.5,0.0
DM-07-05-10-02,2026-07-26,59.5,2215.0,0.0
DM-07-05-10-02,2026-07-27,64.25,2259.25,1.191
DM-07-05-10-02,2026-07-28,72.375,2368.5,10.507
DM-07-05-10-02,2026-07-29,69.5,2243.5,16.949
DM-07-05-10-02,2026-07-30,57.625,2152.75,11.515
DM-07-05-10-02,2026-07-31,57.875,2344.5,6.331
DM-07-05-10-02,2026-08-01,67.75,2425.75,11.022
DM-07-05-10-02,2026-08-02,78.25,2404.5,26.213
DM-07-05-10-02,2026-08-03,61.0,2326.25,24.154
DM-07-05-10-02,2026-08-04,67.375,2442.5,28.471
DM-07-05-10-02,2026-08-05,62.625,2248.75,28.037
DM-07-05-11-02,2026-07-08,,1803.25,
DM-07-05-11-02,2026-07-09,58.75,2651.5,
DM-07-05-11-02,2026-07-10,58.25,2725.75,
DM-07-05-11-02,2026-07-11,63.875,2714.75,
DM-07-05-11-02,2026-07-12,64.875,2671.25,
DM-07-05-11-02,2026-07-13,69.0,2755.25,
DM-07-05-11-02,2026-07-14,70.125,2803.75,
DM-07-05-11-02,2026-07-15,58.125,2786.25,
DM-07-05-11-02,2026-07-16,61.875,2752.25,
DM-07-05-11-02,2026-07-17,63.875,2750.0,
DM-07-05-11-02,2026-07-18,63.625,2714.0,
DM-07-05-11-02,2026-07-19,71.625,2785.0,
DM-07-05-11-02,2026-07-20,60.875,2767.0,
DM-07-05-11-02,2026-07-21,69.375,2849.75,
DM-07-05-11-02,2026-07-22,57.875,2737.5,0.0
DM-07-05-11-02,2026-07-23,68.75,2789.5,2.343
DM-07-05-11-02,2026-07-24,56.0,2739.0,0.0
DM-07-05-11-02,2026-07-25,58.25,2775.0,0.0
DM-07-05-11-02,2026-07-26,65.5,2935.75,0.0
DM-07-05-11-02,2026-07-27,79.5,2993.75,13.093
DM-07-05-11-02,2026-07-28,60.25,2660.5,6.936
DM-07-05-11-02,2026-07-29,66.875,2670.75,7.404
DM-07-05-11-02,2026-07-30,71.25,2736.5,12.247
DM-07-05-11-02,2026-07-31,56.875,2825.75,2.715
DM-07-05-11-02,2026-08-01,58.125,2702.0,0.0
DM-07-05-11-02,2026-08-02,62.875,2765.5,0.0
DM-07-05-11-02,2026-08-03,66.0,2888.0,0.0
DM-07-05-11-02,2026-08-04,83.5,2992.0,17.093
DM-07-05-11-02,2026-08-05,64.5,2746.75,15.186
DM-11-03-01-01,2026-07-08,,1585.25,
DM-11-03-01-01,2026-07-09,,2763.5,
DM-11-03-01-01,2026-07-10,,2766.25,
DM-11-03-01-01,2026-07-11,,2830.75,
DM-11-03-01-01,2026-07-12,,2807.75,
DM-11-03-01-01,2026-07-13,,2898.5,
DM-11-03-01-01,2026-07-14,,2857.25,
DM-11-03-01-01,2026-07-15,,2876.75,
DM-11-03-01-01,2026-07-16,,2789.25,
DM-11-03-01-01,2026-07-17,,2810.25,
DM-11-03-01-01,2026-07-18,,2958.5,
DM-11-03-01-01,2026-07-19,,2932.5,
DM-11-03-01-01,2026-07-20,,2912.0,
DM-11-03-01-01,2026-07-21,,2890.75,
DM-11-03-01-01,2026-07-22,,2840.0,0.0
DM-11-03-01-01,2026-07-23,,2870.0,0.0
DM-11-03-01-01,2026-07-24,,2993.0,0.0
DM-11-03-01-01,2026-07-25,,2984.75,0.0
DM-11-03-01-01,2026-07-26,,2946.5,0.0
DM-11-03-01-01,2026-07-27,,2847.5,0.0
DM-11-03-01-01,2026-07-28,,2787.5,0.0
DM-11-03-01-01,2026-07-29,,2826.0,0.0
DM-11-03-01-01,2026-07-30,,2923.25,0.0
DM-11-03-01-01,2026-07-31,,2909.5,0.0
DM-11-03-01-01,2026-08-01,,2962.75,0.0
DM-11-03-01-01,2026-08-02,,2869.75,0.0
DM-11-03-01-01,2026-08-03,,2907.0,0.0
DM-11-03-01-01,2026-08-04,,2876.75,0.0
DM-11-03-01-01,2026-08-05,,2790.5,0.0
DM-11-03-01-02,2026-07-08,,1094.0,
DM-11-03-01-02,2026-07-09,53.5,1807.75,
DM-11-03-01-02,2026-07-10,53.0,1815.0,
DM-11-03-01-02,2026-07-11,53.625,1860.25,
DM-11-03-01-02,2026-07-12,52.375,1841.0,
DM-11-03-01-02,2026-07-13,53.875,1814.75,
DM-11-03-01-02,2026-07-14,52.5,1843.75,
DM-11-03-01-02,2026-07-15,55.625,1805.75,
DM-11-03-01-02,2026-07-16,51.625,1739.25,
DM-11-03-01-02,2026-07-17,51.5,1753.25,
DM-11-03-01-02,2026-07-18,50.75,1796.75,
DM-11-03-01-02,2026-07-19,52.125,1883.5,
DM-11-03-01-02,2026-07-20,52.0,1779.75,
DM-11-03-01-02,2026-07-21,52.75,1831.75,
DM-11-03-01-02,2026-07-22,53.625,1794.0,0.311
DM-11-03-01-02,2026-07-23,53.375,1794.75,0.372
DM-11-03-01-02,2026-07-24,54.5,1806.25,1.557
DM-11-03-01-02,2026-07-25,54.5,1894.75,2.743
DM-11-03-01-02,2026-07-26,54.0,2168.0,3.429
DM-11-03-01-02,2026-07-27,55.0,1829.25,5.115
DM-11-03-01-02,2026-07-28,53.0,1800.5,4.801
DM-11-03-01-02,2026-07-29,54.375,1795.5,5.861
DM-11-03-01-02,2026-07-30,53.0,1782.0,5.547
DM-11-03-01-02,2026-07-31,52.375,1742.5,4.608
DM-11-03-01-02,2026-08-01,51.875,1823.25,3.169
DM-11-03-01-02,2026-08-02,51.625,1784.5,1.479
DM-11-03-01-02,2026-08-03,52.375,1781.0,0.54
DM-11-03-01-02,2026-08-04,52.25,1790.25,0.0
DM-11-03-01-02,2026-08-05,55.0,1782.0,1.686
DM-11-03-05-01,2026-07-08,,1780.0,
DM-11-03-05-01,2026-07-09,70.375,2782.25,
DM-11-03-05-01,2026-07-10,61.875,2828.0,
DM-11-03-05-01,2026-07-11,77.375,2820.75,
DM-11-03-05-01,2026-07-12,68.625,2763.0,
DM-11-03-05-01,2026-07-13,70.375,2762.75,
DM-11-03-05-01,2026-07-14,66.25,2926.5,
DM-11-03-05-01,2026-07-15,66.75,2817.25,
DM-11-03-05-01,2026-07-16,69.875,2687.0,
DM-11-03-05-01,2026-07-17,47.125,2412.75,
DM-11-03-05-01,2026-07-18,54.5,2394.0,
DM-11-03-05-01,2026-07-19,70.25,2481.25,
DM-11-03-05-01,2026-07-20,69.5,2907.5,
DM-11-03-05-01,2026-07-21,73.25,3055.5,
DM-11-03-05-01,2026-07-22,83.875,2936.75,13.393
DM-11-03-05-01,2026-07-23,55.375,2800.5,0.0
DM-11-03-05-01,2026-07-24,78.0,3079.0,7.518
DM-11-03-05-01,2026-07-25,68.375,3049.25,5.411
DM-11-03-05-01,2026-07-26,71.0,2989.25,5.929
DM-11-03-05-01,2026-07-27,70.375,2701.25,5.822
DM-11-03-05-01,2026-07-28,68.125,2462.0,3.466
DM-11-03-05-01,2026-07-29,51.0,2352.25,0.0
DM-11-03-05-01,2026-07-30,78.75,2540.25,8.268
DM-11-03-05-01,2026-07-31,71.375,2718.25,9.161
DM-11-03-05-01,2026-08-01,56.75,2756.75,0.0
DM-11-03-05-01,2026-08-02,66.625,2706.75,0.0
DM-11-03-05-01,2026-08-03,60.5,2824.25,0.0
DM-11-03-05-01,2026-08-04,62.375,2808.5,0.0
DM-11-03-05-01,2026-08-05,90.125,2762.75,19.643
DM-11-03-06-01,2026-07-08,,2774.75,
DM-11-03-06-01,2026-07-09,99.125,4259.25,
DM-11-03-06-01,2026-07-10,100.25,4109.75,
DM-11-03-06-01,2026-07-11,86.875,4077.0,
DM-11-03-06-01,2026-07-12,141.125,4516.75,
DM-11-03-06-01,2026-07-13,183.875,5046.5,
DM-11-03-06-01,2026-07-14,130.0,4388.5,
DM-11-03-06-01,2026-07-15,109.0,4252.25,
DM-11-03-06-01,2026-07-16,107.625,4267.5,
DM-11-03-06-01,2026-07-17,102.25,4104.0,
DM-11-03-06-01,2026-07-18,97.75,4243.75,
DM-11-03-06-01,2026-07-19,159.5,4435.25,
DM-11-03-06-01,2026-07-20,163.375,4561.5,
DM-11-03-06-01,2026-07-21,103.75,4368.75,
DM-11-03-06-01,2026-07-22,97.5,4277.0,0.0
DM-11-03-06-01,2026-07-23,119.375,4270.5,0.0
DM-11-03-06-01,2026-07-24,100.25,4278.5,0.0
DM-11-03-06-01,2026-07-25,108.75,4280.0,0.0
DM-11-03-06-01,2026-07-26,136.125,4224.0,0.0
DM-11-03-06-01,2026-07-27,161.5,4468.5,24.878
DM-11-03-06-01,2026-07-28,93.5,4070.75,0.0
DM-11-03-06-01,2026-07-29,130.375,4263.5,0.0
DM-11-03-06-01,2026-07-30,85.625,4302.0,0.0
DM-11-03-06-01,2026-07-31,96.375,4126.5,0.0
DM-11-03-06-01,2026-08-01,94.0,4004.5,0.0
DM-11-03-06-01,2026-08-02,137.5,4179.5,0.878
DM-11-03-06-01,2026-08-03,159.5,4399.75,23.757
DM-11-03-06-01,2026-08-04,96.125,4155.5,0.0
DM-11-03-06-01,2026-08-05,95.5,4548.0,0.0
DM-11-03-32-01,2026-07-08,148.25,2908.0,
DM-11-03-32-01,2026-07-09,143.375,5322.75,
DM-11-03-32-01,2026-07-10,149.75,5391.25,
DM-11-03-32-01,2026-07-11,151.375,5457.0,
DM-11-03-32-01,2026-07-12,140.75,5470.5,
DM-11-03-32-01,2026-07-13,161.875,5394.5,
DM-11-03-32-01,2026-07-14,158.75,5424.25,
DM-11-03-32-01,2026-07-15,158.875,5413.5,
DM-11-03-32-01,2026-07-16,158.25,5356.75,
DM-11-03-32-01,2026-07-17,142.875,5356.5,
DM-11-03-32-01,2026-07-18,157.125,5576.0,
DM-11-03-32-01,2026-07-19,158.5,5660.25,
DM-11-03-32-01,2026-07-20,153.125,5471.5,
DM-11-03-32-01,2026-07-21,150.875,5366.25,
DM-11-03-32-01,2026-07-22,148.5,5587.75,0.0
DM-11-03-32-01,2026-07-23,159.375,5440.25,3.686
DM-11-03-32-01,2026-07-24,174.25,5475.5,22.247
DM-11-03-32-01,2026-07-25,164.625,5653.25,31.183
DM-11-03-32-01,2026-07-26,174.375,5659.5,49.869
DM-11-03-32-01,2026-07-27,157.625,5329.5,51.805
DM-11-03-32-01,2026-07-28,143.0,5362.75,39.116
DM-11-03-32-01,2026-07-29,138.75,5347.25,22.177
DM-11-03-32-01,2026-07-30,153.75,5429.0,20.238
DM-11-03-32-01,2026-07-31,162.5,5415.25,27.049
DM-11-03-32-01,2026-08-01,160.0,5499.75,31.36
DM-11-03-32-01,2026-08-02,160.875,5663.0,36.546
DM-11-03-32-01,2026-08-03,156.75,5531.75,37.607
DM-11-03-32-01,2026-08-04,133.0,5484.75,14.919
DM-11-03-32-01,2026-08-05,166.875,5524.25,26.105
DM-11-03-33-01,2026-07-08,,3773.5,
DM-11-03-33-01,2026-07-09,201.25,6262.0,
DM-11-03-33-01,2026-07-10,180.625,6350.25,
DM-11-03-33-01,2026-07-11,203.125,6499.75,
DM-11-03-33-01,2026-07-12,173.75,6377.25,
DM-11-03-33-01,2026-07-13,180.875,6441.25,
DM-11-03-33-01,2026-07-14,196.125,6457.0,
DM-11-03-33-01,2026-07-15,184.125,6529.0,
DM-11-03-33-01,2026-07-16,184.625,6533.75,
DM-11-03-33-01,2026-07-17,189.5,6604.0,
DM-11-03-33-01,2026-07-18,177.125,6809.5,
DM-11-03-33-01,2026-07-19,213.75,6713.5,
DM-11-03-33-01,2026-07-20,184.875,6636.5,
DM-11-03-33-01,2026-07-21,178.25,6521.25,
DM-11-03-33-01,2026-07-22,216.75,6547.25,22.738
DM-11-03-33-01,2026-07-23,184.75,6447.25,13.476
DM-11-03-33-01,2026-07-24,193.5,6499.25,12.963
DM-11-03-33-01,2026-07-25,183.0,6508.0,1.951
DM-11-03-33-01,2026-07-26,173.875,6393.75,0.0
DM-11-03-33-01,2026-07-27,195.625,6270.25,1.613
DM-11-03-33-01,2026-07-28,204.5,6361.5,12.101
DM-11-03-33-01,2026-07-29,179.0,6350.25,0.0
DM-11-03-33-01,2026-07-30,169.375,6082.5,0.0
DM-11-03-33-01,2026-07-31,177.625,6301.75,0.0
DM-11-03-33-01,2026-08-01,199.75,6512.25,5.738
DM-11-03-33-01,2026-08-02,178.875,6460.75,0.0
DM-11-03-33-01,2026-08-03,191.875,6550.0,0.0
DM-11-03-33-01,2026-08-04,185.25,6447.0,0.0
DM-11-03-33-01,2026-08-05,184.5,6258.75,0.0
DM-11-03-41-01,2026-07-08,117.875,2414.75,
DM-11-03-41-01,2026-07-09,124.0,4473.0,
DM-11-03-41-01,2026-07-10,120.375,4514.0,
DM-11-03-41-01,2026-07-11,117.25,4508.75,
DM-11-03-41-01,2026-07-12,118.0,4472.5,
DM-11-03-41-01,2026-07-13,118.375,4520.5,
DM-11-03-41-01,2026-07-14,124.125,4517.25,
DM-11-03-41-01,2026-07-15,120.125,4477.0,
DM-11-03-41-01,2026-07-16,123.0,4473.75,
DM-11-03-41-01,2026-07-17,119.0,4432.5,
DM-11-03-41-01,2026-07-18,120.0,4640.75,
DM-11-03-41-01,2026-07-19,126.375,4642.0,
DM-11-03-41-01,2026-07-20,123.25,4533.25,
DM-11-03-41-01,2026-07-21,123.25,4525.5,
DM-11-03-41-01,2026-07-22,124.375,4462.5,1.918
DM-11-03-41-01,2026-07-23,130.75,4524.75,10.21
DM-11-03-41-01,2026-07-24,121.125,4527.0,8.878
DM-11-03-41-01,2026-07-25,121.5,4573.25,7.92
DM-11-03-41-01,2026-07-26,117.625,4553.75,3.088
DM-11-03-41-01,2026-07-27,119.0,4491.75,0.0
DM-11-03-41-01,2026-07-28,119.5,4456.0,0.0
DM-11-03-41-01,2026-07-29,113.75,4392.75,0.0
DM-11-03-41-01,2026-07-30,117.5,4414.5,0.0
DM-11-03-41-01,2026-07-31,109.5,4297.5,0.0
DM-11-03-41-01,2026-08-01,115.125,4403.5,0.0
DM-11-03-41-01,2026-08-02,119.125,4455.0,0.0
DM-11-03-41-01,2026-08-03,117.25,4429.5,0.0
DM-11-03-41-01,2026-08-04,123.625,4363.25,1.168
DM-11-03-41-01,2026-08-05,116.25,4329.75,0.0
DM-11-03-43-01,2026-07-08,,2228.75,
DM-11-03-43-01,2026-07-09,109.5,3765.25,
DM-11-03-43-01,2026-07-10,111.375,3785.0,
DM-11-03-43-01,2026-07-11,111.125,3837.0,
DM-11-03-43-01,2026-07-12,112.25,3830.0,
DM-11-03-43-01,2026-07-13,111.5,3736.5,
DM-11-03-43-01,2026-07-14,103.125,3605.5,
DM-11-03-43-01,2026-07-15,108.75,3603.5,
DM-11-03-43-01,2026-07-16,106.875,3363.75,
DM-11-03-43-01,2026-07-17,107.125,3627.0,
DM-11-03-43-01,2026-07-18,104.25,3577.75,
DM-11-03-43-01,2026-07-19,93.625,3363.75,
DM-11-03-43-01,2026-07-20,91.5,3240.75,
DM-11-03-43-01,2026-07-21,92.25,3286.0,
DM-11-03-43-01,2026-07-22,92.125,3257.25,0.0
DM-11-03-43-01,2026-07-23,93.375,3251.25,0.0
DM-11-03-43-01,2026-07-24,95.5,3290.5,0.0
DM-11-03-43-01,2026-07-25,88.625,3333.25,0.0
DM-11-03-43-01,2026-07-26,91.375,3331.75,0.0
DM-11-03-43-01,2026-07-27,91.375,3257.25,0.0
DM-11-03-43-01,2026-07-28,88.625,3230.25,0.0
DM-11-03-43-01,2026-07-29,90.75,3233.75,0.0
DM-11-03-43-01,2026-07-30,88.5,3279.25,0.0
DM-11-03-43-01,2026-07-31,95.625,3283.75,0.0
DM-11-03-43-01,2026-08-01,88.875,3271.0,0.0
DM-11-03-43-01,2026-08-02,88.875,3299.25,0.0
DM-11-03-43-01,2026-08-03,91.875,3314.25,0.0
DM-11-03-43-01,2026-08-04,92.25,3178.0,0.0
DM-11-03-43-01,2026-08-05,86.625,3020.75,0.0
DM-11-03-43-02,2026-07-08,,2494.75,
DM-11-03-43-02,2026-07-09,122.375,4002.25,
DM-11-03-43-02,2026-07-10,119.5,4133.25,
DM-11-03-43-02,2026-07-11,116.125,4164.5,
DM-11-03-43-02,2026-07-12,118.0,4141.5,
DM-11-03-43-02,2026-07-13,113.625,4162.0,
DM-11-03-43-02,2026-07-14,111.125,4092.0,
DM-11-03-43-02,2026-07-15,119.375,4162.75,
DM-11-03-43-02,2026-07-16,119.125,4108.0,
DM-11-03-43-02,2026-07-17,118.875,4109.5,
DM-11-03-43-02,2026-07-18,117.375,4253.25,
DM-11-03-43-02,2026-07-19,120.25,4230.75,
DM-11-03-43-02,2026-07-20,121.75,4234.0,
DM-11-03-43-02,2026-07-21,118.25,4236.75,
DM-11-03-43-02,2026-07-22,119.75,4151.75,0.131
DM-11-03-43-02,2026-07-23,116.375,4072.25,0.0
DM-11-03-43-02,2026-07-24,124.375,4188.0,4.756
DM-11-03-43-02,2026-07-25,118.5,4251.0,3.637
DM-11-03-43-02,2026-07-26,116.0,4252.25,0.018
DM-11-03-43-02,2026-07-27,121.75,4211.75,2.149
DM-11-03-43-02,2026-07-28,112.5,4105.5,0.0
DM-11-03-43-02,2026-07-29,120.625,4068.25,1.006
DM-11-03-43-02,2026-07-30,120.75,4120.5,2.137
DM-11-03-43-02,2026-07-31,115.375,4076.0,0.0
DM-11-03-43-02,2026-08-01,117.625,4086.5,0.0
DM-11-03-43-02,2026-08-02,110.125,4108.5,0.0
DM-11-03-43-02,2026-08-03,117.125,4142.0,0.0
DM-11-03-43-02,2026-08-04,117.375,4030.0,0.0
DM-11-03-43-02,2026-08-05,122.375,3961.0,2.756
DM-11-05-26-01,2026-07-08,,3324.25,
DM-11-05-26-01,2026-07-09,108.0,5288.5,
DM-11-05-26-01,2026-07-10,111.0,5407.5,
DM-11-05-26-01,2026-07-11,108.125,5524.25,
DM-11-05-26-01,2026-07-12,109.0,5399.0,
DM-11-05-26-01,2026-07-13,111.875,5417.25,
DM-11-05-26-01,2026-07-14,106.0,5311.25,
DM-11-05-26-01,2026-07-15,104.625,5322.0,
DM-11-05-26-01,2026-07-16,105.875,5241.25,
DM-11-05-26-01,2026-07-17,108.25,5348.0,
DM-11-05-26-01,2026-07-18,106.625,5719.5,
DM-11-05-26-01,2026-07-19,111.25,5693.25,
DM-11-05-26-01,2026-07-20,108.75,5506.5,
DM-11-05-26-01,2026-07-21,110.0,5472.25,
DM-11-05-26-01,2026-07-22,106.0,5351.25,0.0
DM-11-05-26-01,2026-07-23,108.625,5327.75,0.0
DM-11-05-26-01,2026-07-24,104.875,5444.25,0.0
DM-11-05-26-01,2026-07-25,111.75,5695.75,2.264
DM-11-05-26-01,2026-07-26,116.375,5627.5,9.153
DM-11-05-26-01,2026-07-27,110.375,5390.75,10.043
DM-11-05-26-01,2026-07-28,104.75,5229.0,5.307
DM-11-05-26-01,2026-07-29,106.875,5240.0,2.696
DM-11-05-26-01,2026-07-30,104.5,5260.25,0.0
DM-11-05-26-01,2026-07-31,99.0,5067.0,0.0
DM-11-05-26-01,2026-08-01,100.375,5336.0,0.0
DM-11-05-26-01,2026-08-02,99.625,5387.25,0.0
DM-11-05-26-01,2026-08-03,98.75,5357.75,0.0
DM-11-05-26-01,2026-08-04,102.125,5344.25,0.0
DM-11-05-26-01,2026-08-05,101.0,5275.75,0.0
DM-11-05-27-01,2026-07-08,,2734.75,
DM-11-05-27-01,2026-07-09,,4775.5,
DM-11-05-27-01,2026-07-10,,4751.5,
DM-11-05-27-01,2026-07-11,,5168.75,
DM-11-05-27-01,2026-07-12,,5183.75,
DM-11-05-27-01,2026-07-13,,5088.25,
DM-11-05-27-01,2026-07-14,,5097.0,
DM-11-05-27-01,2026-07-15,,5091.0,
DM-11-05-27-01,2026-07-16,,4935.5,
DM-11-05-27-01,2026-07-17,,5025.0,
DM-11-05-27-01,2026-07-18,,5370.75,
DM-11-05-27-01,2026-07-19,,5249.0,
DM-11-05-27-01,2026-07-20,,5217.0,
DM-11-05-27-01,2026-07-21,,5125.25,
DM-11-05-27-01,2026-07-22,,5019.25,0.0
DM-11-05-27-01,2026-07-23,,4998.0,0.0
DM-11-05-27-01,2026-07-24,,5142.0,0.0
DM-11-05-27-01,2026-07-25,,5224.75,0.0
DM-11-05-27-01,2026-07-26,,5201.5,0.0
DM-11-05-27-01,2026-07-27,,5044.25,0.0
DM-11-05-27-01,2026-07-28,,4914.0,0.0
DM-11-05-27-01,2026-07-29,,5006.75,0.0
DM-11-05-27-01,2026-07-30,,5003.5,0.0
DM-11-05-27-01,2026-07-31,,4838.0,0.0
DM-11-05-27-01,2026-08-01,,5021.0,0.0
DM-11-05-27-01,2026-08-02,,5099.0,0.0
DM-11-05-27-01,2026-08-03,,5115.25,0.0
DM-11-05-27-01,2026-08-04,,5135.5,0.0
DM-11-05-27-01,2026-08-05,,5042.0,0.0
DM-11-05-29-01,2026-07-08,,1802.75,
DM-11-05-29-01,2026-07-09,,3260.0,
DM-11-05-29-01,2026-07-10,,3201.5,
DM-11-05-29-01,2026-07-11,,3312.0,
DM-11-05-29-01,2026-07-12,,3349.25,
DM-11-05-29-01,2026-07-13,,3163.0,
DM-11-05-29-01,2026-07-14,,3342.0,
DM-11-05-29-01,2026-07-15,,2870.75,
DM-11-05-29-01,2026-07-16,,2651.75,
DM-11-05-29-01,2026-07-17,,2616.0,
DM-11-05-29-01,2026-07-18,,2820.75,
DM-11-05-29-01,2026-07-19,,2895.25,
DM-11-05-29-01,2026-07-20,,2723.5,
DM-11-05-29-01,2026-07-21,,2700.75,
DM-11-05-29-01,2026-07-22,,2647.25,0.0
DM-11-05-29-01,2026-07-23,,2572.0,0.0
DM-11-05-29-01,2026-07-24,,2594.25,0.0
DM-11-05-29-01,2026-07-25,,2733.75,0.0
DM-11-05-29-01,2026-07-26,,2804.5,0.0
DM-11-05-29-01,2026-07-27,,2635.0,0.0
DM-11-05-29-01,2026-07-28,,2580.0,0.0
DM-11-05-29-01,2026-07-29,,2677.25,0.0
DM-11-05-29-01,2026-07-30,,2654.5,0.0
DM-11-05-29-01,2026-07-31,,2635.75,0.0
DM-11-05-29-01,2026-08-01,,2759.75,0.0
DM-11-05-29-01,2026-08-02,,2893.25,0.0
DM-11-05-29-01,2026-08-03,,2808.0,0.0
DM-11-05-29-01,2026-08-04,,2627.25,0.0
DM-11-05-29-01,2026-08-05,,2659.5,0.0
DM-11-05-30-02,2026-07-08,,978.0,
DM-11-05-30-02,2026-07-09,,1774.25,
DM-11-05-30-02,2026-07-10,,1850.0,
DM-11-05-30-02,2026-07-11,,1860.0,
DM-11-05-30-02,2026-07-12,,1823.0,
DM-11-05-30-02,2026-07-13,,1829.75,
DM-11-05-30-02,2026-07-14,,1827.5,
DM-11-05-30-02,2026-07-15,,1844.25,
DM-11-05-30-02,2026-07-16,,1783.5,
DM-11-05-30-02,2026-07-17,,1835.25,
DM-11-05-30-02,2026-07-18,,1995.0,
DM-11-05-30-02,2026-07-19,,2000.0,
DM-11-05-30-02,2026-07-20,,1975.25,
DM-11-05-30-02,2026-07-21,,1880.25,
DM-11-05-30-02,2026-07-22,,1740.5,0.0
DM-11-05-30-02,2026-07-23,,1609.5,0.0
DM-11-05-30-02,2026-07-24,,1723.25,0.0
DM-11-05-30-02,2026-07-25,,1834.25,0.0
DM-11-05-30-02,2026-07-26,,1732.5,0.0
DM-11-05-30-02,2026-07-27,,1668.75,0.0
DM-11-05-30-02,2026-07-28,,1550.5,0.0
DM-11-05-30-02,2026-07-29,,1603.75,0.0
DM-11-05-30-02,2026-07-30,,1643.75,0.0
DM-11-05-30-02,2026-07-31,,1554.0,0.0
DM-11-05-30-02,2026-08-01,,1650.25,0.0
DM-11-05-30-02,2026-08-02,,1654.5,0.0
DM-11-05-30-02,2026-08-03,,1707.75,0.0
DM-11-05-30-02,2026-08-04,,1708.5,0.0
DM-11-05-30-02,2026-08-05,,1668.75,0.0
DM-11-05-31-01,2026-07-08,,1960.25,
DM-11-05-31-01,2026-07-09,,3658.5,
DM-11-05-31-01,2026-07-10,,3711.25,
DM-11-05-31-01,2026-07-11,,3731.75,
DM-11-05-31-01,2026-07-12,,3753.75,
DM-11-05-31-01,2026-07-13,,3715.0,
DM-11-05-31-01,2026-07-14,,3702.0,
DM-11-05-31-01,2026-07-15,,3856.0,
DM-11-05-31-01,2026-07-16,,3846.0,
DM-11-05-31-01,2026-07-17,,4103.75,
DM-11-05-31-01,2026-07-18,,4282.75,
DM-11-05-31-01,2026-07-19,,4240.5,
DM-11-05-31-01,2026-07-20,,4096.0,
DM-11-05-31-01,2026-07-21,,4091.5,
DM-11-05-31-01,2026-07-22,,4051.5,0.0
DM-11-05-31-01,2026-07-23,,3893.0,0.0
DM-11-05-31-01,2026-07-24,,4013.0,0.0
DM-11-05-31-01,2026-07-25,,4187.75,0.0
DM-11-05-31-01,2026-07-26,,4173.75,0.0
DM-11-05-31-01,2026-07-27,,4012.5,0.0
DM-11-05-31-01,2026-07-28,,3869.25,0.0
DM-11-05-31-01,2026-07-29,,3976.5,0.0
DM-11-05-31-01,2026-07-30,,4004.5,0.0
DM-11-05-31-01,2026-07-31,,3884.25,0.0
DM-11-05-31-01,2026-08-01,,4102.75,0.0
DM-11-05-31-01,2026-08-02,,4244.5,0.0
DM-11-05-31-01,2026-08-03,,4202.5,0.0
DM-11-05-31-01,2026-08-04,,4209.5,0.0
DM-11-05-31-01,2026-08-05,,4190.25,0.0
DM-11-06-09-01,2026-07-08,,4400.0,
DM-11-06-09-01,2026-07-09,,7840.5,
DM-11-06-09-01,2026-07-10,,7957.0,
DM-11-06-09-01,2026-07-11,,7915.25,
DM-11-06-09-01,2026-07-12,,7783.0,
DM-11-06-09-01,2026-07-13,,8042.25,
DM-11-06-09-01,2026-07-14,,7974.0,
DM-11-06-09-01,2026-07-15,,7921.75,
DM-11-06-09-01,2026-07-16,,7926.0,
DM-11-06-09-01,2026-07-17,,7802.5,
DM-11-06-09-01,2026-07-18,,7945.75,
DM-11-06-09-01,2026-07-19,,7776.5,
DM-11-06-09-01,2026-07-20,,7621.5,
DM-11-06-09-01,2026-07-21,,7826.25,
DM-11-06-09-01,2026-07-22,,7859.25,0.0
DM-11-06-09-01,2026-07-23,,7871.75,0.0
DM-11-06-09-01,2026-07-24,,7835.75,0.0
DM-11-06-09-01,2026-07-25,,7896.75,0.0
DM-11-06-09-01,2026-07-26,,8026.5,0.0
DM-11-06-09-01,2026-07-27,,7679.0,0.0
DM-11-06-09-01,2026-07-28,,7560.0,0.0
DM-11-06-09-01,2026-07-29,,7732.5,0.0
DM-11-06-09-01,2026-07-30,,7734.25,0.0
DM-11-06-09-01,2026-07-31,,7656.75,0.0
DM-11-06-09-01,2026-08-01,,7731.75,0.0
DM-11-06-09-01,2026-08-02,,7793.5,0.0
DM-11-06-09-01,2026-08-03,,7681.75,0.0
DM-11-06-09-01,2026-08-04,,7616.75,0.0
DM-11-06-09-01,2026-08-05,,7617.5,0.0
DM-11-06-09-02,2026-07-08,,3893.5,
DM-11-06-09-02,2026-07-09,,6858.25,
DM-11-06-09-02,2026-07-10,,6903.0,
DM-11-06-09-02,2026-07-11,,7017.0,
DM-11-06-09-02,2026-07-12,,6965.0,
DM-11-06-09-02,2026-07-13,,6949.5,
DM-11-06-09-02,2026-07-14,,6930.75,
DM-11-06-09-02,2026-07-15,,6935.75,
DM-11-06-09-02,2026-07-16,,6490.0,
DM-11-06-09-02,2026-07-17,,6900.5,
DM-11-06-09-02,2026-07-18,,7067.5,
DM-11-06-09-02,2026-07-19,,7049.75,
DM-11-06-09-02,2026-07-20,,6910.75,
DM-11-06-09-02,2026-07-21,,6908.25,
DM-11-06-09-02,2026-07-22,,6647.75,0.0
DM-11-06-09-02,2026-07-23,,6500.5,0.0
DM-11-06-09-02,2026-07-24,,6518.25,0.0
DM-11-06-09-02,2026-07-25,,6450.5,0.0
DM-11-06-09-02,2026-07-26,,6118.75,0.0
DM-11-06-09-02,2026-07-27,,5876.75,0.0
DM-11-06-09-02,2026-07-28,,5734.5,0.0
DM-11-06-09-02,2026-07-29,,5816.75,0.0
DM-11-06-09-02,2026-07-30,,5764.75,0.0
DM-11-06-09-02,2026-07-31,,5631.0,0.0
DM-11-06-09-02,2026-08-01,,5696.75,0.0
DM-11-06-09-02,2026-08-02,,5765.5,0.0
DM-11-06-09-02,2026-08-03,,5727.25,0.0
DM-11-06-09-02,2026-08-04,,5675.5,0.0
DM-11-06-09-02,2026-08-05,,5692.25,0.0
DM-11-06-09-04,2026-07-08,,1456.75,
DM-11-06-09-04,2026-07-09,,2566.75,
DM-11-06-09-04,2026-07-10,,2587.75,
DM-11-06-09-04,2026-07-11,,2626.5,
DM-11-06-09-04,2026-07-12,,2606.0,
DM-11-06-09-04,2026-07-13,,2595.75,
DM-11-06-09-04,2026-07-14,,2592.5,
DM-11-06-09-04,2026-07-15,,2591.5,
DM-11-06-09-04,2026-07-16,,2459.75,
DM-11-06-09-04,2026-07-17,,2569.5,
DM-11-06-09-04,2026-07-18,,2641.0,
DM-11-06-09-04,2026-07-19,,2637.5,
DM-11-06-09-04,2026-07-20,,2580.75,
DM-11-06-09-04,2026-07-21,,2578.75,
DM-11-06-09-04,2026-07-22,,2635.25,0.0
DM-11-06-09-04,2026-07-23,,2694.5,0.0
DM-11-06-09-04,2026-07-24,,2712.75,0.0
DM-11-06-09-04,2026-07-25,,2787.5,0.0
DM-11-06-09-04,2026-07-26,,2839.25,0.0
DM-11-06-09-04,2026-07-27,,2837.75,0.0
DM-11-06-09-04,2026-07-28,,2823.25,0.0
DM-11-06-09-04,2026-07-29,,2858.25,0.0
DM-11-06-09-04,2026-07-30,,2827.5,0.0
DM-11-06-09-04,2026-07-31,,2758.25,0.0
DM-11-06-09-04,2026-08-01,,2820.5,0.0
DM-11-06-09-04,2026-08-02,,2880.0,0.0
DM-11-06-09-04,2026-08-03,,2862.25,0.0
DM-11-06-09-04,2026-08-04,,2834.75,0.0
DM-11-06-09-04,2026-08-05,,2837.5,0.0
DM-11-06-10-01,2026-07-08,,2769.5,
DM-11-06-10-01,2026-07-09,103.125,4480.0,
DM-11-06-10-01,2026-07-10,100.25,4430.5,
DM-11-06-10-01,2026-07-11,106.375,4556.75,
DM-11-06-10-01,2026-07-12,100.875,4474.75,
DM-11-06-10-01,2026-07-13,105.375,4485.0,
DM-11-06-10-01,2026-07-14,107.375,4531.5,
DM-11-06-10-01,2026-07-15,110.625,4536.0,
DM-11-06-10-01,2026-07-16,107.0,4475.75,
DM-11-06-10-01,2026-07-17,108.75,4411.5,
DM-11-06-10-01,2026-07-18,98.125,4570.0,
DM-11-06-10-01,2026-07-19,112.5,4585.75,
DM-11-06-10-01,2026-07-20,99.5,4475.5,
DM-11-06-10-01,2026-07-21,100.625,4485.0,
DM-11-06-10-01,2026-07-22,98.625,4454.25,0.0
DM-11-06-10-01,2026-07-23,102.875,4477.75,0.0
DM-11-06-10-01,2026-07-24,105.875,4460.75,0.0
DM-11-06-10-01,2026-07-25,101.375,4518.25,0.0
DM-11-06-10-01,2026-07-26,111.375,4474.75,4.521
DM-11-06-10-01,2026-07-27,102.125,4358.25,0.0
DM-11-06-10-01,2026-07-28,97.75,4270.25,0.0
DM-11-06-10-01,2026-07-29,103.625,4410.5,0.0
DM-11-06-10-01,2026-07-30,93.75,4405.75,0.0
DM-11-06-10-01,2026-07-31,98.625,4367.0,0.0
DM-11-06-10-01,2026-08-01,93.875,4348.25,0.0
DM-11-06-10-01,2026-08-02,93.125,4337.25,0.0
DM-11-06-10-01,2026-08-03,94.25,4369.25,0.0
DM-11-06-10-01,2026-08-04,95.0,4284.25,0.0
DM-11-06-10-01,2026-08-05,92.5,4232.5,0.0
DM-11-06-15-01,2026-07-08,180.875,4201.75,
DM-11-06-15-01,2026-07-09,187.375,8022.0,
DM-11-06-15-01,2026-07-10,188.25,8063.5,
DM-11-06-15-01,2026-07-11,180.5,8241.0,
DM-11-06-15-01,2026-07-12,185.0,8115.5,
DM-11-06-15-01,2026-07-13,181.25,8031.25,
DM-11-06-15-01,2026-07-14,188.5,7987.5,
DM-11-06-15-01,2026-07-15,183.75,8138.25,
DM-11-06-15-01,2026-07-16,188.625,7882.0,
DM-11-06-15-01,2026-07-17,175.0,7893.5,
DM-11-06-15-01,2026-07-18,197.375,8308.0,
DM-11-06-15-01,2026-07-19,179.25,8291.0,
DM-11-06-15-01,2026-07-20,182.25,8089.5,
DM-11-06-15-01,2026-07-21,178.0,7971.75,
DM-11-06-15-01,2026-07-22,174.75,7872.25,0.0
DM-11-06-15-01,2026-07-23,179.125,7866.0,0.0
DM-11-06-15-01,2026-07-24,187.25,8006.75,0.501
DM-11-06-15-01,2026-07-25,187.125,8189.75,0.877
DM-11-06-15-01,2026-07-26,181.125,8114.75,0.0
DM-11-06-15-01,2026-07-27,172.5,7823.5,0.0
DM-11-06-15-01,2026-07-28,182.0,7678.0,0.0
DM-11-06-15-01,2026-07-29,174.25,7694.5,0.0
DM-11-06-15-01,2026-07-30,180.25,7728.0,0.0
DM-11-06-15-01,2026-07-31,177.625,7572.75,0.0
DM-11-06-15-01,2026-08-01,180.125,7711.5,0.0
DM-11-06-15-01,2026-08-02,158.75,7804.25,0.0
DM-11-06-15-01,2026-08-03,160.125,7624.25,0.0
DM-11-06-15-01,2026-08-04,161.0,7524.0,0.0
DM-11-06-15-01,2026-08-05,165.0,7449.75,0.0
DM-11-06-17-01,2026-07-08,,2394.75,
DM-11-06-17-01,2026-07-09,93.0,3909.25,
DM-11-06-17-01,2026-07-10,95.0,3957.5,
DM-11-06-17-01,2026-07-11,104.125,4129.5,
DM-11-06-17-01,2026-07-12,96.75,3968.75,
DM-11-06-17-01,2026-07-13,97.25,3966.5,
DM-11-06-17-01,2026-07-14,101.625,4085.0,
DM-11-06-17-01,2026-07-15,106.75,4044.0,
DM-11-06-17-01,2026-07-16,96.5,4289.25,
DM-11-06-17-01,2026-07-17,123.625,4072.25,
DM-11-06-17-01,2026-07-18,87.375,3926.75,
DM-11-06-17-01,2026-07-19,101.875,4002.75,
DM-11-06-17-01,2026-07-20,94.25,3866.5,
DM-11-06-17-01,2026-07-21,94.375,3909.0,
DM-11-06-17-01,2026-07-22,94.5,3917.25,0.0
DM-11-06-17-01,2026-07-23,97.375,3898.25,0.0
DM-11-06-17-01,2026-07-24,103.25,3962.75,0.0
DM-11-06-17-01,2026-07-25,94.5,3937.75,0.0
DM-11-06-17-01,2026-07-26,99.5,4085.75,0.0
DM-11-06-17-01,2026-07-27,94.25,3942.5,0.0
DM-11-06-17-01,2026-07-28,92.875,3828.75,0.0
DM-11-06-17-01,2026-07-29,101.25,3963.0,0.0
DM-11-06-17-01,2026-07-30,91.5,4001.5,0.0
DM-11-06-17-01,2026-07-31,96.375,3946.5,0.0
DM-11-06-17-01,2026-08-01,92.25,4042.5,0.0
DM-11-06-17-01,2026-08-02,95.0,4086.75,0.0
DM-11-06-18-01,2026-07-08,,1374.0,
DM-11-06-18-01,2026-07-09,,2465.5,
DM-11-06-18-01,2026-07-10,,2450.5,
DM-11-06-18-01,2026-07-11,,2465.5,
DM-11-06-18-01,2026-07-12,,2551.5,
DM-11-06-18-01,2026-07-13,,2515.5,
DM-11-06-18-01,2026-07-14,,2469.0,
DM-11-06-18-01,2026-07-15,,2497.75,
DM-11-06-18-01,2026-07-16,,2449.25,
DM-11-06-18-01,2026-07-17,,2409.25,
DM-11-06-18-01,2026-07-18,,2633.5,
DM-11-06-18-01,2026-07-19,,2569.5,
DM-11-06-18-01,2026-07-20,,2543.75,
DM-11-06-18-01,2026-07-21,,2428.0,
DM-11-06-18-01,2026-07-22,,2378.25,0.0
DM-11-06-18-01,2026-07-23,,2348.25,0.0
DM-11-06-18-01,2026-07-24,,2369.25,0.0
DM-11-06-18-01,2026-07-25,,2421.25,0.0
DM-11-06-18-01,2026-07-26,,2373.25,0.0
DM-11-06-18-01,2026-07-27,,2356.0,0.0
DM-11-06-18-01,2026-07-28,,2351.0,0.0
DM-11-06-18-01,2026-07-29,,2305.0,0.0
DM-11-06-18-01,2026-07-30,,2328.5,0.0
DM-11-06-18-01,2026-07-31,,2383.0,0.0
DM-11-06-18-01,2026-08-01,,2427.0,0.0
DM-11-06-18-01,2026-08-02,,2503.0,0.0
DM-11-06-18-01,2026-08-03,,2488.75,0.0
DM-11-06-18-01,2026-08-04,,2334.0,0.0
DM-11-06-18-01,2026-08-05,,2390.5,0.0
DM-11-06-19-01,2026-07-08,,1226.5,
DM-11-06-19-01,2026-07-09,45.0,2022.75,
DM-11-06-19-01,2026-07-10,48.625,2024.25,
DM-11-06-19-01,2026-07-11,48.25,2074.5,
DM-11-06-19-01,2026-07-12,45.625,1966.0,
DM-11-06-19-01,2026-07-13,42.5,1888.5,
DM-11-06-19-01,2026-07-14,44.0,1847.25,
DM-11-06-19-01,2026-07-15,43.625,1872.25,
DM-11-06-19-01,2026-07-16,41.375,1853.0,
DM-11-06-19-01,2026-07-17,46.125,1906.25,
DM-11-06-19-01,2026-07-18,39.875,1936.0,
DM-11-06-19-01,2026-07-19,51.875,1955.5,
DM-11-06-19-01,2026-07-20,40.625,1927.25,
DM-11-06-19-01,2026-07-21,42.625,1909.25,
DM-11-06-19-01,2026-07-22,40.25,1860.0,0.0
DM-11-06-19-01,2026-07-23,39.75,1814.5,0.0
DM-11-06-19-01,2026-07-24,49.625,1872.25,3.335
DM-11-06-19-01,2026-07-25,38.875,1872.75,0.0
DM-11-06-19-01,2026-07-26,43.625,1844.75,0.0
DM-11-06-19-01,2026-07-27,41.125,1764.25,0.0
DM-11-06-19-01,2026-07-28,37.0,1728.0,0.0
DM-11-06-19-01,2026-07-29,40.125,1804.75,0.0
DM-11-06-19-01,2026-07-30,38.5,1825.75,0.0
DM-11-06-19-01,2026-07-31,40.625,1846.5,0.0
DM-11-06-19-01,2026-08-01,37.875,1824.0,0.0
DM-11-06-19-01,2026-08-02,39.625,1873.0,0.0
DM-11-06-19-01,2026-08-03,38.75,1896.25,0.0
DM-11-06-19-01,2026-08-04,38.625,1833.25,0.0
DM-11-06-19-01,2026-08-05,39.75,1847.25,0.0
DM-11-06-19-02,2026-07-08,,2665.25,
DM-11-06-19-02,2026-07-09,,4795.75,
DM-11-06-19-02,2026-07-10,,4815.5,
DM-11-06-19-02,2026-07-11,,4899.5,
DM-11-06-19-02,2026-07-12,,4825.75,
DM-11-06-19-02,2026-07-13,,4931.0,
DM-11-06-19-02,2026-07-14,,4871.0,
DM-11-06-19-02,2026-07-15,,4845.75,
DM-11-06-19-02,2026-07-16,,4805.5,
DM-11-06-19-02,2026-07-17,,4784.5,
DM-11-06-19-02,2026-07-18,,5093.25,
DM-11-06-19-02,2026-07-19,,4966.0,
DM-11-06-19-02,2026-07-20,,4947.5,
DM-11-06-19-02,2026-07-21,,4822.5,
DM-11-06-19-02,2026-07-22,,4790.75,0.0
DM-11-06-19-02,2026-07-23,,4667.25,0.0
DM-11-06-19-02,2026-07-24,,4559.75,0.0
DM-11-06-19-02,2026-07-25,,4708.75,0.0
DM-11-06-19-02,2026-07-26,,4696.75,0.0
DM-11-06-19-02,2026-07-27,,4658.5,0.0
DM-11-06-19-02,2026-07-28,,4440.5,0.0
DM-11-06-19-02,2026-07-29,,4420.5,0.0
DM-11-06-19-02,2026-07-30,,4404.0,0.0
DM-11-06-19-02,2026-07-31,,4379.5,0.0
DM-11-06-19-02,2026-08-01,,4462.75,0.0
DM-11-06-19-02,2026-08-02,,4446.25,0.0
DM-11-06-19-02,2026-08-03,,4328.25,0.0
DM-11-06-19-02,2026-08-04,,4303.75,0.0
DM-11-06-19-02,2026-08-05,,4299.75,0.0
DM-11-06-25-01,2026-07-08,,5651.5,
DM-11-06-25-01,2026-07-09,,10322.25,
DM-11-06-25-01,2026-07-10,,10483.0,
DM-11-06-25-01,2026-07-11,,10606.25,
DM-11-06-25-01,2026-07-12,,10428.0,
DM-11-06-25-01,2026-07-13,,10411.5,
DM-11-06-25-01,2026-07-14,,10375.5,
DM-11-06-25-01,2026-07-15,,10388.0,
DM-11-06-25-01,2026-07-16,,10343.25,
DM-11-06-25-01,2026-07-17,,10260.5,
DM-11-06-25-01,2026-07-18,,10636.75,
DM-11-06-25-01,2026-07-19,,10447.25,
DM-11-06-25-01,2026-07-20,,10318.25,
DM-11-06-25-01,2026-07-21,,10304.0,
DM-11-06-25-01,2026-07-22,,10256.5,0.0
DM-11-06-25-01,2026-07-23,,10243.25,0.0
DM-11-06-25-01,2026-07-24,,10328.5,0.0
DM-11-06-25-01,2026-07-25,,10454.75,0.0
DM-11-06-25-01,2026-07-26,,10297.0,0.0
DM-11-06-25-01,2026-07-27,,10061.25,0.0
DM-11-06-25-01,2026-07-28,,9867.25,0.0
DM-11-06-25-01,2026-07-29,,9955.75,0.0
DM-11-06-25-01,2026-07-30,,9980.5,0.0
DM-11-06-25-01,2026-07-31,,9792.25,0.0
DM-11-06-25-01,2026-08-01,,9975.5,0.0
DM-11-06-25-01,2026-08-02,,10106.0,0.0
DM-11-06-25-01,2026-08-03,,10118.5,0.0
DM-11-06-25-01,2026-08-04,,9563.0,0.0
DM-11-06-25-01,2026-08-05,,9637.0,0.0
DM-11-07-47-01,2026-07-08,,3296.75,
DM-11-07-47-01,2026-07-09,97.375,5260.5,
DM-11-07-47-01,2026-07-10,101.875,5617.25,
DM-11-07-47-01,2026-07-11,105.0,5496.75,
DM-11-07-47-01,2026-07-12,93.0,5274.0,
DM-11-07-47-01,2026-07-13,95.625,5292.5,
DM-11-07-47-01,2026-07-14,92.125,5241.75,
DM-11-07-47-01,2026-07-15,93.125,5221.75,
DM-11-07-47-01,2026-07-16,89.375,5088.5,
DM-11-07-47-01,2026-07-17,94.75,5242.5,
DM-11-07-47-01,2026-07-18,90.875,5676.5,
DM-11-07-47-01,2026-07-19,95.625,5559.75,
DM-11-07-47-01,2026-07-20,92.125,5419.25,
DM-11-07-47-01,2026-07-21,90.125,5403.0,
DM-11-07-47-01,2026-07-22,90.875,5264.5,0.0
DM-11-07-47-01,2026-07-23,92.5,5071.5,0.0
DM-11-07-47-01,2026-07-24,89.5,5365.0,0.0
DM-11-07-47-01,2026-07-25,99.25,5522.75,2.369
DM-11-07-47-01,2026-07-26,99.875,5463.5,5.364
DM-11-07-47-01,2026-07-27,95.625,5197.0,4.108
DM-11-07-47-01,2026-07-28,86.375,4854.0,0.0
DM-11-07-47-01,2026-07-29,92.75,5047.0,0.0
DM-11-07-47-01,2026-07-30,91.125,5154.5,0.0
DM-11-07-47-01,2026-07-31,90.375,4881.5,0.0
DM-11-07-47-01,2026-08-01,89.625,5079.75,0.0
DM-11-07-47-01,2026-08-02,88.375,5237.75,0.0
DM-11-07-47-01,2026-08-03,87.5,5251.25,0.0
DM-11-07-47-01,2026-08-04,87.625,5301.0,0.0
DM-11-07-47-01,2026-08-05,89.125,5381.5,0.0
DM-11-07-47-02,2026-07-08,,2418.0,
DM-11-07-47-02,2026-07-09,86.0,3884.75,
DM-11-07-47-02,2026-07-10,79.75,3947.0,
DM-11-07-47-02,2026-07-11,84.125,4020.25,
DM-11-07-47-02,2026-07-12,81.25,3979.75,
DM-11-07-47-02,2026-07-13,82.25,3690.25,
DM-11-07-47-02,2026-07-14,0.875,2546.0,
DM-11-07-47-02,2026-07-15,78.5,3893.75,
DM-11-07-47-02,2026-07-16,81.0,3786.25,
DM-11-07-47-02,2026-07-17,81.0,3933.0,
DM-11-07-47-02,2026-07-18,78.125,4051.5,
DM-11-07-47-02,2026-07-19,84.875,4094.25,
DM-11-07-47-02,2026-07-20,81.5,3991.5,
DM-11-07-47-02,2026-07-21,81.375,4001.75,
DM-11-07-47-02,2026-07-22,66.625,3673.5,0.0
DM-11-07-47-02,2026-07-23,69.875,3585.75,0.0
DM-11-07-47-02,2026-07-24,68.875,3723.75,0.0
DM-11-07-47-02,2026-07-25,71.5,3844.25,0.0
DM-11-07-47-02,2026-07-26,75.625,3834.5,0.0
DM-11-07-47-02,2026-07-27,73.875,3662.5,0.0
DM-11-07-47-02,2026-07-28,69.375,3491.75,0.0
DM-11-07-47-02,2026-07-29,73.25,3526.75,0.0
DM-11-07-47-02,2026-07-30,72.125,3589.5,0.0
DM-11-07-47-02,2026-07-31,69.0,3450.75,0.0
DM-11-07-47-02,2026-08-01,69.125,3611.0,0.0
DM-11-07-47-02,2026-08-02,72.25,3722.0,0.0
DM-11-07-47-02,2026-08-03,73.25,3726.75,0.0
DM-11-07-47-02,2026-08-04,70.125,3687.0,0.0
DM-11-07-47-02,2026-08-05,69.5,3616.5,0.0
DM-11-07-48-01,2026-07-15,34.875,1527.25,
DM-11-07-48-01,2026-07-16,35.625,1592.75,
DM-11-07-48-01,2026-07-17,36.75,1600.25,
DM-11-07-48-01,2026-07-18,34.375,1654.25,
DM-11-07-48-01,2026-07-19,36.625,1697.75,
DM-11-07-48-01,2026-07-20,36.0,1627.25,
DM-11-07-48-01,2026-07-21,36.375,1562.25,
DM-11-07-48-01,2026-07-22,36.75,1552.5,
DM-11-07-48-01,2026-07-23,29.125,1442.5,
DM-11-07-48-01,2026-07-24,28.875,1472.25,
DM-11-07-48-01,2026-07-25,32.5,1518.75,
DM-11-07-48-01,2026-07-26,32.375,1472.0,
DM-11-07-48-01,2026-07-27,30.625,1393.0,
DM-11-07-48-01,2026-07-28,29.5,1340.25,
DM-11-07-48-01,2026-07-29,27.625,1329.0,0.0
DM-11-07-48-01,2026-07-30,27.75,1397.75,0.0
DM-11-07-48-01,2026-07-31,27.875,1355.75,0.0
DM-11-07-48-01,2026-08-01,24.875,1405.75,0.0
DM-11-07-48-01,2026-08-02,29.0,1446.25,0.0
DM-11-07-48-01,2026-08-03,25.875,1441.75,0.0
DM-11-07-48-01,2026-08-04,28.375,1358.5,0.0
DM-11-07-48-01,2026-08-05,26.5,1363.5,0.0
DM-11-07-50-01,2026-07-08,,3234.25,
DM-11-07-50-01,2026-07-09,,5836.75,
DM-11-07-50-01,2026-07-10,,5938.5,
DM-11-07-50-01,2026-07-11,,6078.25,
DM-11-07-50-01,2026-07-12,,6062.0,
DM-11-07-50-01,2026-07-13,,5970.0,
DM-11-07-50-01,2026-07-14,,6014.25,
DM-11-07-50-01,2026-07-15,,5900.5,
DM-11-07-50-01,2026-07-16,,5806.75,
DM-11-07-50-01,2026-07-17,,5900.75,
DM-11-07-50-01,2026-07-18,,6089.0,
DM-11-07-50-01,2026-07-19,,6101.25,
DM-11-07-50-01,2026-07-20,,5920.25,
DM-11-07-50-01,2026-07-21,,5915.5,
DM-11-07-50-01,2026-07-22,,5812.25,0.0
DM-11-07-50-01,2026-07-23,,5708.0,0.0
DM-11-07-50-01,2026-07-24,,5798.5,0.0
DM-11-07-50-01,2026-07-25,,5924.5,0.0
DM-11-07-50-01,2026-07-26,,5875.5,0.0
DM-11-07-50-01,2026-07-27,,5664.0,0.0
DM-11-07-50-01,2026-07-28,,5592.5,0.0
DM-11-07-50-01,2026-07-29,,5628.5,0.0
DM-11-07-50-01,2026-07-30,,5464.75,0.0
DM-11-07-50-01,2026-07-31,,5744.25,0.0
DM-11-07-50-01,2026-08-01,,5680.25,0.0
DM-11-07-50-01,2026-08-02,,5732.0,0.0
DM-11-07-50-01,2026-08-03,,5648.75,0.0
DM-11-07-50-01,2026-08-04,,5536.5,0.0
DM-11-07-50-01,2026-08-05,,5490.0,0.0
DM-11-07-52-01,2026-07-08,,3172.75,
DM-11-07-52-01,2026-07-09,,5654.25,
DM-11-07-52-01,2026-07-10,,5580.0,
DM-11-07-52-01,2026-07-11,,5750.0,
DM-11-07-52-01,2026-07-12,,5614.0,
DM-11-07-52-01,2026-07-13,,5648.0,
DM-11-07-52-01,2026-07-14,,5631.5,
DM-11-07-52-01,2026-07-15,,5883.25,
DM-11-07-52-01,2026-07-16,,5287.25,
DM-11-07-52-01,2026-07-17,,5611.5,
DM-11-07-52-01,2026-07-18,,5819.75,
DM-11-07-52-01,2026-07-19,,5662.5,
DM-11-07-52-01,2026-07-20,,5721.75,
DM-11-07-52-01,2026-07-21,,5521.0,
DM-11-07-52-01,2026-07-22,,5431.0,0.0
DM-11-07-52-01,2026-07-23,,5284.0,0.0
DM-11-07-52-01,2026-07-24,,5475.5,0.0
DM-11-07-52-01,2026-07-25,,5680.25,0.0
DM-11-07-52-01,2026-07-26,,5776.0,0.0
DM-11-07-52-01,2026-07-27,,5521.0,0.0
DM-11-07-52-01,2026-07-28,,5403.0,0.0
DM-11-07-52-01,2026-07-29,,5481.5,0.0
DM-11-07-52-01,2026-07-30,,5396.25,0.0
DM-11-07-52-01,2026-07-31,,5152.0,0.0
DM-11-07-52-01,2026-08-01,,5258.25,0.0
DM-11-07-52-01,2026-08-02,,5598.25,0.0
DM-11-07-52-01,2026-08-03,,5434.25,0.0
DM-11-07-52-01,2026-08-04,,5840.0,0.0
DM-11-07-52-01,2026-08-05,,5568.0,0.0
DM-11-07-52-02,2026-07-08,,1756.0,
DM-11-07-52-02,2026-07-09,41.375,2502.75,
DM-11-07-52-02,2026-07-10,48.875,2562.5,
DM-11-07-52-02,2026-07-11,44.125,3079.75,
DM-11-07-52-02,2026-07-12,28.375,2172.75,
DM-11-07-52-02,2026-07-13,73.5,2595.25,
DM-11-07-52-02,2026-07-14,68.5,3348.0,
DM-11-07-52-02,2026-07-15,64.625,2730.75,
DM-11-07-52-02,2026-07-16,70.625,2915.25,
DM-11-07-52-02,2026-07-17,83.125,2554.5,
DM-11-07-52-02,2026-07-18,48.25,3048.5,
DM-11-07-52-02,2026-07-19,66.75,3280.75,
DM-11-07-52-02,2026-07-20,60.5,3148.75,
DM-11-07-52-02,2026-07-21,67.5,3183.25,
DM-11-07-52-02,2026-07-22,62.25,3078.75,0.0
DM-11-07-52-02,2026-07-23,81.125,3377.5,14.761
DM-11-07-52-02,2026-07-24,66.25,3517.5,14.647
DM-11-07-52-02,2026-07-25,120.625,3602.5,68.908
DM-11-07-52-02,2026-07-26,79.125,3105.5,81.669
DM-11-07-52-02,2026-07-27,69.125,2969.75,84.43
DM-11-07-52-02,2026-07-28,66.625,3285.25,84.691
DM-11-07-52-02,2026-07-29,58.75,3154.0,77.077
DM-11-07-52-02,2026-07-30,27.125,3116.5,37.838
DM-11-07-52-02,2026-07-31,54.375,3008.0,25.849
DM-11-07-52-02,2026-08-01,55.625,3204.5,15.11
DM-11-07-52-02,2026-08-02,61.125,3228.0,9.871
DM-11-07-52-02,2026-08-03,76.0,2972.0,19.507
DM-11-07-52-02,2026-08-04,77.75,3163.25,30.893
DM-11-07-52-02,2026-08-05,70.375,2758.25,34.904
DM-11-07-53-03,2026-07-08,,4093.0,
DM-11-07-53-03,2026-07-09,,7253.0,
DM-11-07-53-03,2026-07-10,,7354.75,
DM-11-07-53-03,2026-07-11,,7366.5,
DM-11-07-53-03,2026-07-12,,7322.0,
DM-11-07-53-03,2026-07-13,,7330.25,
DM-11-07-53-03,2026-07-14,,7336.75,
DM-11-07-53-03,2026-07-15,,7418.25,
DM-11-07-53-03,2026-07-16,,7258.0,
DM-11-07-53-03,2026-07-17,,7332.75,
DM-11-07-53-03,2026-07-18,,7553.0,
DM-11-07-53-03,2026-07-19,,7482.75,
DM-11-07-53-03,2026-07-20,,7405.25,
DM-11-07-53-03,2026-07-21,,7400.5,
DM-11-07-53-03,2026-07-22,,6999.0,0.0
DM-11-07-53-03,2026-07-23,,6945.0,0.0
DM-11-07-53-03,2026-07-24,,7088.5,0.0
DM-11-07-53-03,2026-07-25,,7163.75,0.0
DM-11-07-53-03,2026-07-26,,6948.5,0.0
DM-11-07-53-03,2026-07-27,,6830.75,0.0
DM-11-07-53-03,2026-07-28,,6518.75,0.0
DM-11-07-53-03,2026-07-29,,6458.75,0.0
DM-11-07-53-03,2026-07-30,,6579.5,0.0
DM-11-07-53-03,2026-07-31,,6470.25,0.0
DM-11-07-53-03,2026-08-01,,6618.0,0.0
DM-11-07-53-03,2026-08-02,,6823.25,0.0
DM-11-07-53-03,2026-08-03,,6876.0,0.0
DM-11-07-53-03,2026-08-04,,6860.0,0.0
DM-11-07-53-03,2026-08-05,,6886.75,0.0
DM-11-07-53-05,2026-07-08,,2390.5,
DM-11-07-53-05,2026-07-09,94.0,3919.5,
DM-11-07-53-05,2026-07-10,90.875,3979.75,
DM-11-07-53-05,2026-07-11,95.5,4073.0,
DM-11-07-53-05,2026-07-12,93.0,4085.75,
DM-11-07-53-05,2026-07-13,94.375,4062.0,
DM-11-07-53-05,2026-07-14,134.375,4529.0,
DM-11-07-53-05,2026-07-15,90.375,3987.75,
DM-11-07-53-05,2026-07-16,89.875,3862.25,
DM-11-07-53-05,2026-07-17,95.875,4045.75,
DM-11-07-53-05,2026-07-18,89.75,4161.75,
DM-11-07-53-05,2026-07-19,95.75,4171.5,
DM-11-07-53-05,2026-07-20,93.375,4044.25,
DM-11-07-53-05,2026-07-21,94.25,3886.5,
DM-11-07-53-05,2026-07-22,99.75,3735.25,0.0
DM-11-07-53-05,2026-07-23,73.125,3465.0,0.0
DM-11-07-53-05,2026-07-24,77.5,3627.25,0.0
DM-11-07-53-05,2026-07-25,74.375,3747.25,0.0
DM-11-07-53-05,2026-07-26,81.0,3811.5,0.0
DM-11-07-53-05,2026-07-27,76.75,3580.5,0.0
DM-11-07-53-05,2026-07-28,76.375,3477.25,0.0
DM-11-07-53-05,2026-07-29,77.875,3511.75,0.0
DM-11-07-53-05,2026-07-30,77.5,3578.75,0.0
DM-11-07-53-05,2026-07-31,73.625,3381.75,0.0
DM-11-07-53-05,2026-08-01,76.375,3555.0,0.0
DM-11-07-53-05,2026-08-02,78.625,3724.25,0.0
DM-11-07-53-05,2026-08-03,79.875,3608.75,0.0
DM-11-07-53-05,2026-08-04,75.625,3616.0,0.0
DM-11-07-53-05,2026-08-05,76.375,3572.25,0.0
DM-11-07-54-01,2026-07-08,,721.0,
DM-11-07-54-01,2026-07-09,,1302.75,
DM-11-07-54-01,2026-07-10,,1347.25,
DM-11-07-54-01,2026-07-11,,1381.0,
DM-11-07-54-01,2026-07-12,,1357.25,
DM-11-07-54-01,2026-07-13,,1330.0,
DM-11-07-54-01,2026-07-14,,1315.5,
DM-11-07-54-01,2026-07-15,,1340.75,
DM-11-07-54-01,2026-07-16,,1307.5,
DM-11-07-54-01,2026-07-17,,1362.0,
DM-11-07-54-01,2026-07-18,,1466.75,
DM-11-07-54-01,2026-07-19,,1480.25,
DM-11-07-54-01,2026-07-20,,1406.75,
DM-11-07-54-01,2026-07-21,,1392.25,
DM-11-07-54-01,2026-07-22,,1321.5,0.0
DM-11-07-54-01,2026-07-23,,1304.5,0.0
DM-11-07-54-01,2026-07-24,,1380.5,0.0
DM-11-07-54-01,2026-07-25,,1425.0,0.0
DM-11-07-54-01,2026-07-26,,1400.25,0.0
DM-11-07-54-01,2026-07-27,,1337.75,0.0
DM-11-07-54-01,2026-07-28,,1244.0,0.0
DM-11-07-54-01,2026-07-29,,1288.75,0.0
DM-11-07-54-01,2026-07-30,,1323.0,0.0
DM-11-07-54-01,2026-07-31,,1268.75,0.0
DM-11-07-54-01,2026-08-01,,1301.0,0.0
DM-11-07-54-01,2026-08-02,,1365.0,0.0
DM-11-07-54-01,2026-08-03,,1362.25,0.0
DM-11-07-54-01,2026-08-04,,1404.75,0.0
DM-11-07-54-01,2026-08-05,,1386.0,0.0
DM-11-07-54-02,2026-07-08,,2684.0,
DM-11-07-54-02,2026-07-09,82.375,4344.5,
DM-11-07-54-02,2026-07-10,85.125,4414.25,
DM-11-07-54-02,2026-07-11,84.375,4542.0,
DM-11-07-54-02,2026-07-12,83.5,4506.5,
DM-11-07-54-02,2026-07-13,82.25,4377.75,
DM-11-07-54-02,2026-07-14,80.875,4354.75,
DM-11-07-54-02,2026-07-15,82.25,4388.5,
DM-11-07-54-02,2026-07-16,81.0,4261.5,
DM-11-07-54-02,2026-07-17,83.625,4389.75,
DM-11-07-54-02,2026-07-18,80.25,4627.25,
DM-11-07-54-02,2026-07-19,86.75,4727.5,
DM-11-07-54-02,2026-07-20,83.5,4525.5,
DM-11-07-54-02,2026-07-21,85.5,4462.0,
DM-11-07-54-02,2026-07-22,80.625,4352.75,0.0
DM-11-07-54-02,2026-07-23,83.5,4278.0,0.0
DM-11-07-54-02,2026-07-24,79.625,4417.75,0.0
DM-11-07-54-02,2026-07-25,85.125,4575.25,1.014
DM-11-07-54-02,2026-07-26,86.375,4558.5,3.279
DM-11-07-54-02,2026-07-27,85.875,4344.25,5.043
DM-11-07-54-02,2026-07-28,80.75,4195.75,1.683
DM-11-07-54-02,2026-07-29,87.25,4308.25,4.822
DM-11-07-54-02,2026-07-30,80.75,4335.0,1.462
DM-11-07-54-02,2026-07-31,79.0,4162.5,0.0
DM-11-07-54-02,2026-08-01,80.875,4333.0,0.0
DM-11-07-54-02,2026-08-02,81.375,4507.75,0.0
DM-11-07-54-02,2026-08-03,86.75,4208.5,2.639
DM-11-07-54-02,2026-08-04,81.375,4420.25,0.0
DM-11-07-54-02,2026-08-05,80.125,4380.25,0.0
DM-11-07-57-01,2026-07-08,,1729.5,
DM-11-07-57-01,2026-07-09,56.875,2848.75,
DM-11-07-57-01,2026-07-10,59.875,2877.25,
DM-11-07-57-01,2026-07-11,63.625,2948.0,
DM-11-07-57-01,2026-07-12,58.625,2978.75,
DM-11-07-57-01,2026-07-13,61.0,2878.25,
DM-11-07-57-01,2026-07-14,58.5,2890.0,
DM-11-07-57-01,2026-07-15,60.75,2917.0,
DM-11-07-57-01,2026-07-16,58.75,2843.0,
DM-11-07-57-01,2026-07-17,59.75,2881.25,
DM-11-07-57-01,2026-07-18,58.625,3003.25,
DM-11-07-57-01,2026-07-19,58.625,3042.75,
DM-11-07-57-01,2026-07-20,58.5,2934.0,
DM-11-07-57-01,2026-07-21,56.625,2913.75,
DM-11-07-57-01,2026-07-22,57.375,2867.0,0.0
DM-11-07-57-01,2026-07-23,59.25,2861.75,0.0
DM-11-07-57-01,2026-07-24,59.25,2918.25,0.0
DM-11-07-57-01,2026-07-25,60.875,3021.25,0.756
DM-11-07-57-01,2026-07-26,62.25,3000.25,2.886
DM-11-07-57-01,2026-07-27,61.625,2876.0,4.392
DM-11-07-57-01,2026-07-28,59.5,2850.25,3.773
DM-11-07-57-01,2026-07-29,64.25,2885.75,7.903
DM-11-07-57-01,2026-07-30,59.0,2887.5,6.784
DM-11-07-57-01,2026-07-31,61.125,2836.5,7.79
DM-11-07-57-01,2026-08-01,58.0,2919.5,5.671
DM-11-07-57-01,2026-08-02,59.125,3010.75,4.676
DM-11-07-57-01,2026-08-03,57.75,2940.5,2.307
DM-11-07-57-01,2026-08-04,61.375,2989.75,3.563
DM-11-07-57-01,2026-08-05,60.25,2952.5,3.693
DM-11-07-57-02,2026-07-08,,879.25,
DM-11-07-57-02,2026-07-09,,1574.75,
DM-11-07-57-02,2026-07-10,,1666.75,
DM-11-07-57-02,2026-07-11,,652.25,
DM-11-07-57-02,2026-07-12,,1451.25,
DM-11-07-57-02,2026-07-13,,1615.25,
DM-11-07-57-02,2026-07-14,,1605.25,
DM-11-07-57-02,2026-07-15,,1663.25,
DM-11-07-57-02,2026-07-16,,1579.25,
DM-11-07-57-02,2026-07-17,,1623.75,
DM-11-07-57-02,2026-07-18,,1770.25,
DM-11-07-57-02,2026-07-19,,1763.5,
DM-11-07-57-02,2026-07-20,,1720.5,
DM-11-07-57-02,2026-07-21,,1707.0,
DM-11-07-57-02,2026-07-22,,1582.75,0.0
DM-11-07-57-02,2026-07-23,,1512.5,0.0
DM-11-07-57-02,2026-07-24,,1648.5,0.0
DM-11-07-57-02,2026-07-25,,1723.75,0.0
DM-11-07-57-02,2026-07-26,,1690.0,0.0
DM-11-07-57-02,2026-07-27,,1596.5,0.0
DM-11-07-57-02,2026-07-28,,1506.75,0.0
DM-11-07-57-02,2026-07-29,,1557.5,0.0
DM-11-07-57-02,2026-07-30,,1623.0,0.0
DM-11-07-57-02,2026-07-31,,1525.0,0.0
DM-11-07-57-02,2026-08-01,,1608.0,0.0
DM-11-07-57-02,2026-08-02,,1706.5,0.0
DM-11-07-57-02,2026-08-03,,1693.0,0.0
DM-11-07-57-02,2026-08-04,,1663.5,0.0
DM-11-07-57-02,2026-08-05,,1614.0,0.0
DM-11-08-07-02,2026-07-08,,8287.25,
DM-11-08-07-02,2026-07-09,,14618.25,
DM-11-08-07-02,2026-07-10,,14748.25,
DM-11-08-07-02,2026-07-11,,10967.75,
DM-11-08-07-02,2026-07-12,,9324.75,
DM-11-08-07-02,2026-07-13,,8920.75,
DM-11-08-07-02,2026-07-14,,9262.75,
DM-11-08-07-02,2026-07-15,,8352.0,
DM-11-08-07-02,2026-07-16,,8175.5,
DM-11-08-07-02,2026-07-17,,8122.0,
DM-11-08-07-02,2026-07-18,,8242.0,
DM-11-08-07-02,2026-07-19,,8203.5,
DM-11-08-07-02,2026-07-20,,8213.75,
DM-11-08-07-02,2026-07-21,,8217.0,
DM-11-08-07-02,2026-07-22,,8156.75,0.0
DM-11-08-07-02,2026-07-23,,8110.75,0.0
DM-11-08-07-02,2026-07-24,,8226.25,0.0
DM-11-08-07-02,2026-07-25,,8136.5,0.0
DM-11-08-07-02,2026-07-26,,8158.5,0.0
DM-11-08-07-02,2026-07-27,,8231.5,0.0
DM-11-08-07-02,2026-07-28,,8025.5,0.0
DM-11-08-07-02,2026-07-29,,8014.75,0.0
DM-11-08-07-02,2026-07-30,,8015.0,0.0
DM-11-08-07-02,2026-07-31,,8079.75,0.0
DM-11-08-07-02,2026-08-01,,7997.25,0.0
DM-11-08-07-02,2026-08-02,,8080.75,0.0
DM-11-08-07-02,2026-08-03,,12414.0,0.0
DM-11-08-07-02,2026-08-04,,10336.75,0.0
DM-11-08-07-02,2026-08-05,,8068.75,0.0
DM-11-08-08-02,2026-07-08,,618.25,
DM-11-08-08-02,2026-07-09,,1138.75,
DM-11-08-08-02,2026-07-10,,1167.5,
DM-11-08-08-02,2026-07-11,,1170.5,
DM-11-08-08-02,2026-07-12,,1098.5,
DM-11-08-08-02,2026-07-13,,1129.5,
DM-11-08-08-02,2026-07-14,,1192.5,
DM-11-08-08-02,2026-07-15,,1139.5,
DM-11-08-08-02,2026-07-16,,1074.25,
DM-11-08-08-02,2026-07-17,,1059.0,
DM-11-08-08-02,2026-07-18,,1186.25,
DM-11-08-08-02,2026-07-19,,1145.0,
DM-11-08-08-02,2026-07-20,,1170.75,
DM-11-08-08-02,2026-07-21,,1213.0,
DM-11-08-08-02,2026-07-22,,1145.5,0.0
DM-11-08-08-02,2026-07-23,,1080.75,0.0
DM-11-08-08-02,2026-07-24,,1112.5,0.0
DM-11-08-08-02,2026-07-25,,1191.75,0.0
DM-11-08-08-02,2026-07-26,,1173.0,0.0
DM-11-08-08-02,2026-07-27,,1179.5,0.0
DM-11-08-08-02,2026-07-28,,1123.0,0.0
DM-11-08-08-02,2026-07-29,,1156.0,0.0
DM-11-08-08-02,2026-07-30,,1100.0,0.0
DM-11-08-08-02,2026-07-31,,1041.75,0.0
DM-11-08-08-02,2026-08-01,,1077.5,0.0
DM-11-08-08-02,2026-08-02,,1071.75,0.0
DM-11-08-08-02,2026-08-03,,1069.25,0.0
DM-11-08-08-02,2026-08-04,,1108.25,0.0
DM-11-08-08-02,2026-08-05,,1064.0,0.0
DM-11-08-08-03,2026-07-08,,1084.75,
DM-11-08-08-03,2026-07-09,33.25,1723.5,
DM-11-08-08-03,2026-07-10,36.0,1708.0,
DM-11-08-08-03,2026-07-11,35.875,4880.0,
DM-11-08-08-03,2026-07-12,151.25,6961.75,
DM-11-08-08-03,2026-07-13,172.0,7118.25,
DM-11-08-08-03,2026-07-14,166.375,7063.25,
DM-11-08-08-03,2026-07-15,180.5,7056.75,
DM-11-08-08-03,2026-07-16,171.375,6981.25,
DM-11-08-08-03,2026-07-17,180.5,7017.0,
DM-11-08-08-03,2026-07-18,154.25,7237.0,
DM-11-08-08-03,2026-07-19,180.875,7187.75,
DM-11-08-08-03,2026-07-20,161.375,7128.0,
DM-11-08-08-03,2026-07-21,168.375,7080.0,
DM-11-08-08-03,2026-07-22,160.0,6961.75,0.0
DM-11-08-08-03,2026-07-23,172.375,7007.0,6.028
DM-11-08-08-03,2026-07-24,177.0,7129.25,16.681
DM-11-08-08-03,2026-07-25,172.25,7207.25,22.583
DM-11-08-08-03,2026-07-26,181.625,7068.5,37.861
DM-11-08-08-03,2026-07-27,166.375,6952.0,37.889
DM-11-08-08-03,2026-07-28,154.25,6637.75,25.792
DM-11-08-08-03,2026-07-29,171.625,6969.0,31.069
DM-11-08-08-03,2026-07-30,163.75,6906.0,28.472
DM-11-08-08-03,2026-07-31,158.25,6739.0,20.375
DM-11-08-08-03,2026-08-01,151.875,6887.0,5.903
DM-11-08-08-03,2026-08-02,150.0,6919.5,0.0
DM-11-08-08-03,2026-08-03,149.0,3716.0,0.0
DM-11-08-08-03,2026-08-04,30.625,4554.0,0.0
DM-11-08-08-03,2026-08-05,156.0,6807.75,0.0
DM-11-08-12-02,2026-07-08,,2084.75,
DM-11-08-12-02,2026-07-09,,3810.25,
DM-11-08-12-02,2026-07-10,,3824.25,
DM-11-08-12-02,2026-07-11,,3927.25,
DM-11-08-12-02,2026-07-12,,3897.0,
DM-11-08-12-02,2026-07-13,,3903.25,
DM-11-08-12-02,2026-07-14,,3905.5,
DM-11-08-12-02,2026-07-15,,3914.0,
DM-11-08-12-02,2026-07-16,,3850.75,
DM-11-08-12-02,2026-07-17,,3817.5,
DM-11-08-12-02,2026-07-18,,4099.5,
DM-11-08-12-02,2026-07-19,,4005.75,
DM-11-08-12-02,2026-07-20,,3958.0,
DM-11-08-12-02,2026-07-21,,3979.5,
DM-11-08-12-02,2026-07-22,,3935.5,0.0
DM-11-08-12-02,2026-07-23,,3890.0,0.0
DM-11-08-12-02,2026-07-24,,3954.25,0.0
DM-11-08-12-02,2026-07-25,,4069.5,0.0
DM-11-08-12-02,2026-07-26,,3938.0,0.0
DM-11-08-12-02,2026-07-27,,3871.75,0.0
DM-11-08-12-02,2026-07-28,,3811.75,0.0
DM-11-08-12-02,2026-07-29,,3818.75,0.0
DM-11-08-12-02,2026-07-30,,3840.5,0.0
DM-11-08-12-02,2026-07-31,,3769.25,0.0
DM-11-08-12-02,2026-08-01,,3886.0,0.0
DM-11-08-12-02,2026-08-02,,3974.0,0.0
DM-11-08-12-02,2026-08-03,,3966.5,0.0
DM-11-08-12-02,2026-08-04,,3925.25,0.0
DM-11-08-12-02,2026-08-05,,3865.0,0.0
DM-11-08-13-02,2026-07-08,,1511.5,
DM-11-08-13-02,2026-07-09,44.5,2479.75,
DM-11-08-13-02,2026-07-10,44.5,2510.25,
DM-11-08-13-02,2026-07-11,63.0,2685.25,
DM-11-08-13-02,2026-07-12,46.375,2667.25,
DM-11-08-13-02,2026-07-13,55.875,2647.5,
DM-11-08-13-02,2026-07-14,62.625,2248.0,
DM-11-08-13-02,2026-07-15,39.75,1854.0,
DM-11-08-13-02,2026-07-16,46.625,1967.0,
DM-11-08-13-02,2026-07-17,56.0,2043.5,
DM-11-08-13-02,2026-07-18,41.5,2015.0,
DM-11-08-13-02,2026-07-19,52.0,2083.75,
DM-11-08-13-02,2026-07-20,46.75,2051.75,
DM-11-08-13-02,2026-07-21,44.75,2044.25,
DM-11-08-13-02,2026-07-22,35.75,1880.75,0.0
DM-11-08-13-02,2026-07-23,41.875,1932.25,0.0
DM-11-08-13-02,2026-07-24,55.0,2081.25,1.771
DM-11-08-13-02,2026-07-25,43.75,2080.5,0.0
DM-11-08-13-02,2026-07-26,55.375,2088.0,2.146
DM-11-08-13-02,2026-07-27,46.75,2085.0,0.0
DM-11-08-13-02,2026-07-28,37.5,1991.0,0.0
DM-11-08-13-02,2026-07-29,50.5,1966.0,0.0
DM-11-08-13-02,2026-07-30,45.5,2014.25,0.0
DM-11-08-13-02,2026-07-31,39.25,1914.75,0.0
DM-11-08-13-02,2026-08-01,36.25,1945.75,0.0
DM-11-08-13-02,2026-08-02,41.0,1990.75,0.0
DM-11-08-13-02,2026-08-03,39.25,2032.0,0.0
DM-11-08-13-02,2026-08-04,35.5,2018.5,0.0
DM-11-08-13-02,2026-08-05,35.875,1999.25,0.0
DM-11-08-14-01,2026-07-08,,4357.75,
DM-11-08-14-01,2026-07-09,,7795.0,
DM-11-08-14-01,2026-07-10,,7995.25,
DM-11-08-14-01,2026-07-11,,8151.75,
DM-11-08-14-01,2026-07-12,,8016.0,
DM-11-08-14-01,2026-07-13,,8001.5,
DM-11-08-14-01,2026-07-14,,7877.25,
DM-11-08-14-01,2026-07-15,,7888.0,
DM-11-08-14-01,2026-07-16,,7813.75,
DM-11-08-14-01,2026-07-17,,7743.0,
DM-11-08-14-01,2026-07-18,,8160.0,
DM-11-08-14-01,2026-07-19,,8006.5,
DM-11-08-14-01,2026-07-20,,7798.25,
DM-11-08-14-01,2026-07-21,,7768.5,
DM-11-08-14-01,2026-07-22,,7699.5,0.0
DM-11-08-14-01,2026-07-23,,7672.75,0.0
DM-11-08-14-01,2026-07-24,,7763.0,0.0
DM-11-08-14-01,2026-07-25,,7945.75,0.0
DM-11-08-14-01,2026-07-26,,7794.5,0.0
DM-11-08-14-01,2026-07-27,,7708.25,0.0
DM-11-08-14-01,2026-07-28,,7562.25,0.0
DM-11-08-14-01,2026-07-29,,7673.25,0.0
DM-11-08-14-01,2026-07-30,,7702.0,0.0
DM-11-08-14-01,2026-07-31,,7562.75,0.0
DM-11-08-14-01,2026-08-01,,7743.5,0.0
DM-11-08-14-01,2026-08-02,,7863.75,0.0
DM-11-08-14-01,2026-08-03,,7865.0,0.0
DM-11-08-14-01,2026-08-04,,7745.0,0.0
DM-11-08-14-01,2026-08-05,,7762.75,0.0
DM-11-08-20-01,2026-07-08,,2663.5,
DM-11-08-20-01,2026-07-09,86.375,4319.75,
DM-11-08-20-01,2026-07-10,86.75,4214.75,
DM-11-08-20-01,2026-07-11,90.5,4370.5,
DM-11-08-20-01,2026-07-12,93.125,4518.75,
DM-11-08-20-01,2026-07-13,92.0,4386.75,
DM-11-08-20-01,2026-07-14,85.25,4200.5,
DM-11-08-20-01,2026-07-15,89.625,4409.75,
DM-11-08-20-01,2026-07-16,86.75,4150.0,
DM-11-08-20-01,2026-07-17,86.0,4303.0,
DM-11-08-20-01,2026-07-18,88.375,4556.75,
DM-11-08-20-01,2026-07-19,97.25,4582.5,
DM-11-08-20-01,2026-07-20,93.625,4412.25,
DM-11-08-20-01,2026-07-21,92.75,4547.0,
DM-11-08-20-01,2026-07-22,94.25,4296.0,2.606
DM-11-08-20-01,2026-07-23,95.875,4289.0,6.837
DM-11-08-20-01,2026-07-24,92.625,4584.25,7.819
DM-11-08-20-01,2026-07-25,103.625,4582.25,19.8
DM-11-08-20-01,2026-07-26,97.375,4629.25,25.531
DM-11-08-20-01,2026-07-27,93.75,4472.0,27.637
DM-11-08-20-01,2026-07-28,103.375,4423.75,39.368
DM-11-08-20-01,2026-07-29,90.375,4265.75,38.1
DM-11-08-20-01,2026-07-30,89.625,4276.5,36.081
DM-11-08-20-01,2026-07-31,92.875,4229.5,37.312
DM-11-08-20-01,2026-08-01,89.0,4395.75,34.668
DM-11-08-20-01,2026-08-02,91.0,4584.75,34.025
DM-11-08-20-01,2026-08-03,86.625,4417.75,29.006
DM-11-08-20-01,2026-08-04,88.5,4450.75,25.862
DM-11-08-20-01,2026-08-05,86.375,4292.25,20.593
DM-11-08-22-01,2026-07-08,,2335.0,
DM-11-08-22-01,2026-07-09,,4375.75,
DM-11-08-22-01,2026-07-10,,4446.5,
DM-11-08-22-01,2026-07-11,,4606.0,
DM-11-08-22-01,2026-07-12,,4644.0,
DM-11-08-22-01,2026-07-13,,4440.0,
DM-11-08-22-01,2026-07-14,,4409.75,
DM-11-08-22-01,2026-07-15,,4423.75,
DM-11-08-22-01,2026-07-16,,4324.75,
DM-11-08-22-01,2026-07-17,,4396.5,
DM-11-08-22-01,2026-07-18,,4673.0,
DM-11-08-22-01,2026-07-19,,4790.25,
DM-11-08-22-01,2026-07-20,,4496.25,
DM-11-08-22-01,2026-07-21,,4472.75,
DM-11-08-22-01,2026-07-22,,4358.5,0.0
DM-11-08-22-01,2026-07-23,,4346.75,0.0
DM-11-08-22-01,2026-07-24,,4364.0,0.0
DM-11-08-22-01,2026-07-25,,4584.25,0.0
DM-11-08-22-01,2026-07-26,,4600.0,0.0
DM-11-08-22-01,2026-07-27,,4350.25,0.0
DM-11-08-22-01,2026-07-28,,4356.75,0.0
DM-11-08-22-01,2026-07-29,,4334.5,0.0
DM-11-08-22-01,2026-07-30,,4385.5,0.0
DM-11-08-22-01,2026-07-31,,4262.0,0.0
DM-11-08-22-01,2026-08-01,,4510.5,0.0
DM-11-08-22-01,2026-08-02,,4694.5,0.0
DM-11-08-22-01,2026-08-03,,4526.25,0.0
DM-11-08-22-01,2026-08-04,,4519.0,0.0
DM-11-08-22-01,2026-08-05,,4458.0,0.0
DM-11-10-58-01,2026-07-08,,1491.0,
DM-11-10-58-01,2026-07-09,,2682.25,
DM-11-10-58-01,2026-07-10,,2769.25,
DM-11-10-58-01,2026-07-11,,2979.0,
DM-11-10-58-01,2026-07-12,,2978.25,
DM-11-10-58-01,2026-07-13,,2696.5,
DM-11-10-58-01,2026-07-14,,2683.25,
DM-11-10-58-01,2026-07-15,,2763.75,
DM-11-10-58-01,2026-07-16,,2631.25,
DM-11-10-58-01,2026-07-17,,2706.0,
DM-11-10-58-01,2026-07-18,,3008.0,
DM-11-10-58-01,2026-07-19,,2997.0,
DM-11-10-58-01,2026-07-20,,2772.5,
DM-11-10-58-01,2026-07-21,,2760.5,
DM-11-10-58-01,2026-07-22,,2675.25,0.0
DM-11-10-58-01,2026-07-23,,2695.0,0.0
DM-11-10-58-01,2026-07-24,,2720.5,0.0
DM-11-10-58-01,2026-07-25,,2871.75,0.0
DM-11-10-58-01,2026-07-26,,2903.5,0.0
DM-11-10-58-01,2026-07-27,,2623.5,0.0
DM-11-10-58-01,2026-07-28,,2644.5,0.0
DM-11-10-58-01,2026-07-29,,2713.75,0.0
DM-11-10-58-01,2026-07-30,,2834.0,0.0
DM-11-10-58-01,2026-07-31,,2741.5,0.0
DM-11-10-58-01,2026-08-01,,2842.0,0.0
DM-11-10-58-01,2026-08-02,,2902.25,0.0
DM-11-10-58-01,2026-08-03,,2743.75,0.0
DM-11-10-58-01,2026-08-04,,2690.25,0.0
DM-11-10-58-01,2026-08-05,,2712.25,0.0
DM-11-10-58-02,2026-07-08,,2499.0,
DM-11-10-58-02,2026-07-09,111.125,4191.75,
DM-11-10-58-02,2026-07-10,112.5,4230.0,
DM-11-10-58-02,2026-07-11,115.875,4242.25,
DM-11-10-58-02,2026-07-12,109.875,4246.0,
DM-11-10-58-02,2026-07-13,110.25,4236.25,
DM-11-10-58-02,2026-07-14,115.75,4250.0,
DM-11-10-58-02,2026-07-15,113.0,4299.75,
DM-11-10-58-02,2026-07-16,113.625,4194.25,
DM-11-10-58-02,2026-07-17,115.5,4238.25,
DM-11-10-58-02,2026-07-18,113.0,4294.75,
DM-11-10-58-02,2026-07-19,122.125,4398.5,
DM-11-10-58-02,2026-07-20,108.25,4232.5,
DM-11-10-58-02,2026-07-21,111.0,4232.5,
DM-11-10-58-02,2026-07-22,116.625,4247.75,1.69
DM-11-10-58-02,2026-07-23,114.0,4226.75,0.755
DM-11-10-58-02,2026-07-24,113.625,4299.75,0.0
DM-11-10-58-02,2026-07-25,116.25,4347.0,1.315
DM-11-10-58-02,2026-07-26,115.5,4296.25,1.88
DM-11-10-58-02,2026-07-27,114.0,4195.5,0.945
DM-11-10-58-02,2026-07-28,112.375,4189.0,0.0
DM-11-10-58-02,2026-07-29,118.25,4382.25,3.315
DM-11-10-58-02,2026-07-30,114.875,4294.25,3.255
DM-11-10-58-02,2026-07-31,110.875,4189.25,0.0
DM-11-10-58-02,2026-08-01,113.0,4215.75,0.0
DM-11-10-58-02,2026-08-02,109.5,4220.25,0.0
DM-11-10-58-02,2026-08-03,104.875,4222.5,0.0
DM-11-10-58-02,2026-08-04,113.625,4284.5,0.0
DM-11-10-58-02,2026-08-05,114.375,4283.5,0.0
DM-11-10-62-01,2026-07-08,,3156.0,
DM-11-10-62-01,2026-07-09,121.25,5171.5,
DM-11-10-62-01,2026-07-10,124.0,5267.5,
DM-11-10-62-01,2026-07-11,118.125,5367.75,
DM-11-10-62-01,2026-07-12,117.25,5303.0,
DM-11-10-62-01,2026-07-13,128.5,5241.0,
DM-11-10-62-01,2026-07-14,119.125,5190.0,
DM-11-10-62-01,2026-07-15,117.5,5227.5,
DM-11-10-62-01,2026-07-16,119.875,5160.0,
DM-11-10-62-01,2026-07-17,122.25,5247.25,
DM-11-10-62-01,2026-07-18,120.25,5428.75,
DM-11-10-62-01,2026-07-19,128.0,5374.5,
DM-11-10-62-01,2026-07-20,123.875,5266.25,
DM-11-10-62-01,2026-07-21,118.625,5258.75,
DM-11-10-62-01,2026-07-22,123.0,5176.5,0.0
DM-11-10-62-01,2026-07-23,115.125,5055.75,0.0
DM-11-10-62-01,2026-07-24,120.25,5210.0,0.0
DM-11-10-62-01,2026-07-25,113.375,5239.25,0.0
DM-11-10-62-01,2026-07-26,123.25,5217.75,0.024
DM-11-10-62-01,2026-07-27,122.125,5117.5,0.0
DM-11-10-62-01,2026-07-28,119.375,4969.0,0.0
DM-11-10-62-01,2026-07-29,114.875,5071.5,0.0
DM-11-10-62-01,2026-07-30,120.125,5107.0,0.0
DM-11-10-62-01,2026-07-31,113.5,5058.75,0.0
DM-11-10-62-01,2026-08-01,120.5,5160.5,0.0
DM-11-10-62-01,2026-08-02,110.625,5201.25,0.0
DM-11-10-62-01,2026-08-03,116.375,5167.75,0.0
DM-11-10-62-01,2026-08-04,115.875,5188.25,0.0
DM-11-10-62-01,2026-08-05,114.625,5145.25,0.0
DM-11-10-63-01,2026-07-08,,3072.0,
DM-11-10-63-01,2026-07-09,107.0,5016.75,
DM-11-10-63-01,2026-07-10,116.0,5121.25,
DM-11-10-63-01,2026-07-11,112.125,5254.75,
DM-11-10-63-01,2026-07-12,113.875,5081.0,
DM-11-10-63-01,2026-07-13,108.75,5013.5,
DM-11-10-63-01,2026-07-14,109.125,5037.0,
DM-11-10-63-01,2026-07-15,116.75,5088.5,
DM-11-10-63-01,2026-07-16,109.625,4926.75,
DM-11-10-63-01,2026-07-17,108.375,4990.0,
DM-11-10-63-01,2026-07-18,104.125,5179.25,
DM-11-10-63-01,2026-07-19,107.375,5144.75,
DM-11-10-63-01,2026-07-20,103.0,5003.25,
DM-11-10-63-01,2026-07-21,104.125,4952.75,
DM-11-10-63-01,2026-07-22,102.875,4874.5,0.0
DM-11-10-63-01,2026-07-23,101.25,4846.0,0.0
DM-11-10-63-01,2026-07-24,100.0,4925.75,0.0
DM-11-10-63-01,2026-07-25,116.5,5074.25,5.134
DM-11-10-63-01,2026-07-26,104.125,4957.0,0.0
DM-11-10-63-01,2026-07-27,103.0,4868.75,0.0
DM-11-10-63-01,2026-07-28,101.125,4757.25,0.0
DM-11-10-63-01,2026-07-29,101.375,4784.25,0.0
DM-11-10-63-01,2026-07-30,104.125,4901.25,0.0
DM-11-10-63-01,2026-07-31,103.375,4825.5,0.0
DM-11-10-63-01,2026-08-01,102.5,4958.5,0.0
DM-11-10-63-01,2026-08-02,112.375,5044.75,1.009
DM-11-10-63-01,2026-08-03,104.25,5023.75,0.0
DM-11-10-63-01,2026-08-04,107.0,4970.0,0.0
DM-11-10-63-01,2026-08-05,104.875,4962.5,0.0
DM-11-10-64-01,2026-07-08,,1113.0,
DM-11-10-64-01,2026-07-09,,2038.25,
DM-11-10-64-01,2026-07-10,,2059.0,
DM-11-10-64-01,2026-07-11,,2086.5,
DM-11-10-64-01,2026-07-12,,2187.0,
DM-11-10-64-01,2026-07-13,,2044.0,
DM-11-10-64-01,2026-07-14,,2027.25,
DM-11-10-64-01,2026-07-15,,2040.75,
DM-11-10-64-01,2026-07-16,,2007.75,
DM-11-10-64-01,2026-07-17,,2035.0,
DM-11-10-64-01,2026-07-18,,2207.75,
DM-11-10-64-01,2026-07-19,,2170.75,
DM-11-10-64-01,2026-07-20,,1881.75,
DM-11-10-64-01,2026-07-21,,1896.0,
DM-11-10-64-01,2026-07-22,,1844.5,0.0
DM-11-10-64-01,2026-07-23,,1860.5,0.0
DM-11-10-64-01,2026-07-24,,1866.75,0.0
DM-11-10-64-01,2026-07-25,,1955.75,0.0
DM-11-10-64-01,2026-07-26,,1957.75,0.0
DM-11-10-64-01,2026-07-27,,1852.75,0.0
DM-11-10-64-01,2026-07-28,,1880.5,0.0
DM-11-10-64-01,2026-07-29,,1856.75,0.0
DM-11-10-64-01,2026-07-30,,1851.0,0.0
DM-11-10-64-01,2026-07-31,,1801.5,0.0
DM-11-10-64-01,2026-08-01,,1877.75,0.0
DM-11-10-64-01,2026-08-02,,1984.25,0.0
DM-11-10-64-01,2026-08-03,,2346.25,0.0
DM-11-10-64-01,2026-08-04,,2792.5,0.0
DM-11-10-64-01,2026-08-05,,2792.5,0.0
DM-11-10-65-01,2026-07-08,,3253.25,
DM-11-10-65-01,2026-07-09,130.0,5371.75,
DM-11-10-65-01,2026-07-10,129.5,5461.0,
DM-11-10-65-01,2026-07-11,130.875,5660.25,
DM-11-10-65-01,2026-07-12,132.25,5650.75,
DM-11-10-65-01,2026-07-13,131.0,5474.75,
DM-11-10-65-01,2026-07-14,130.375,5418.0,
DM-11-10-65-01,2026-07-15,131.875,5498.0,
DM-11-10-65-01,2026-07-16,132.5,5410.0,
DM-11-10-65-01,2026-07-17,133.0,5493.5,
DM-11-10-65-01,2026-07-18,130.25,5720.75,
DM-11-10-65-01,2026-07-19,133.375,5766.0,
DM-11-10-65-01,2026-07-20,132.375,5531.5,
DM-11-10-65-01,2026-07-21,128.375,5470.5,
DM-11-10-65-01,2026-07-22,130.125,5401.75,0.0
DM-11-10-65-01,2026-07-23,127.0,5371.75,0.0
DM-11-10-65-01,2026-07-24,127.25,5494.25,0.0
DM-11-10-65-01,2026-07-25,132.25,5674.5,0.323
DM-11-10-65-01,2026-07-26,137.0,5655.5,5.395
DM-11-10-65-01,2026-07-27,132.625,5437.5,6.093
DM-11-10-65-01,2026-07-28,129.875,5421.25,4.041
DM-11-10-65-01,2026-07-29,134.625,5501.75,6.739
DM-11-10-65-01,2026-07-30,130.0,5439.5,4.811
DM-11-10-65-01,2026-07-31,126.0,5294.75,0.0
DM-11-10-65-01,2026-08-01,127.375,5509.5,0.0
DM-11-10-65-01,2026-08-02,132.75,5645.0,0.823
DM-11-10-65-01,2026-08-03,127.25,5395.25,0.0
DM-11-10-65-01,2026-08-04,128.875,5451.25,0.0
DM-11-10-65-01,2026-08-05,129.875,5432.5,0.0
DM-11-10-66-01,2026-07-08,,3224.25,
DM-11-10-66-01,2026-07-09,114.875,5341.5,
DM-11-10-66-01,2026-07-10,117.75,5353.25,
DM-11-10-66-01,2026-07-11,117.125,5521.75,
DM-11-10-66-01,2026-07-12,121.75,5613.0,
DM-11-10-66-01,2026-07-13,124.25,5574.25,
DM-11-10-66-01,2026-07-14,124.25,5574.25,
DM-11-10-66-01,2026-07-15,122.75,5551.5,
DM-11-10-66-01,2026-07-16,120.375,5492.75,
DM-11-10-66-01,2026-07-17,125.625,5602.0,
DM-11-10-66-01,2026-07-18,123.875,5878.25,
DM-11-10-66-01,2026-07-19,127.375,5875.75,
DM-11-10-66-01,2026-07-20,124.75,5620.5,
DM-11-10-66-01,2026-07-21,121.625,5520.0,
DM-11-10-66-01,2026-07-22,123.5,5508.25,0.0
DM-11-10-66-01,2026-07-23,124.5,5532.25,0.721
DM-11-10-66-01,2026-07-24,123.375,5629.25,0.318
DM-11-10-66-01,2026-07-25,128.625,5761.75,5.164
DM-11-10-66-01,2026-07-26,126.125,5718.0,7.51
DM-11-10-66-01,2026-07-27,121.625,5490.5,5.356
DM-11-10-66-01,2026-07-28,124.375,5456.25,5.953
DM-11-10-66-01,2026-07-29,127.625,5508.75,9.799
DM-11-10-66-01,2026-07-30,124.875,5569.5,10.895
DM-11-10-66-01,2026-07-31,125.375,5472.5,12.492
DM-11-10-66-01,2026-08-01,125.125,5692.25,13.838
DM-11-10-66-01,2026-08-02,132.0,5855.75,22.059
DM-11-10-66-01,2026-08-03,126.5,5698.25,24.781
DM-11-10-66-01,2026-08-04,127.625,5658.75,28.627
DM-11-10-66-01,2026-08-05,128.125,5588.0,32.973
DM-11-10-69-01,2026-07-08,,945.25,
DM-11-10-69-01,2026-07-09,,1750.75,
DM-11-10-69-01,2026-07-10,,1729.75,
DM-11-10-69-01,2026-07-11,,1665.0,
DM-11-10-69-01,2026-07-12,,1637.0,
DM-11-10-69-01,2026-07-13,,1743.75,
DM-11-10-69-01,2026-07-14,,1837.75,
DM-11-10-69-01,2026-07-15,,1769.5,
DM-11-10-69-01,2026-07-16,,1739.75,
DM-11-10-69-01,2026-07-17,,1785.0,
DM-11-10-69-01,2026-07-18,,1797.0,
DM-11-10-69-01,2026-07-19,,1829.5,
DM-11-10-69-01,2026-07-20,,1795.5,
DM-11-10-69-01,2026-07-21,,1803.75,
DM-11-10-69-01,2026-07-22,,1811.0,0.0
DM-11-10-69-01,2026-07-23,,1913.25,0.0
DM-11-10-69-01,2026-07-24,,1811.5,0.0
DM-11-10-69-01,2026-07-25,,1765.0,0.0
DM-11-10-69-01,2026-07-26,,1719.75,0.0
DM-11-10-69-01,2026-07-27,,1670.5,0.0
DM-11-10-69-01,2026-07-28,,1616.75,0.0
DM-11-10-69-01,2026-07-29,,1691.75,0.0
DM-11-10-69-01,2026-07-30,,1684.5,0.0
DM-11-10-69-01,2026-07-31,,1700.25,0.0
DM-11-10-69-01,2026-08-01,,1739.25,0.0
DM-11-10-69-01,2026-08-02,,1716.75,0.0
DM-11-10-69-01,2026-08-03,,1837.75,0.0
DM-11-10-69-01,2026-08-04,,1817.5,0.0
DM-11-10-69-01,2026-08-05,,1821.25,0.0
DM-11-10-69-02,2026-07-08,,2182.25,
DM-11-10-69-02,2026-07-09,73.0,3236.25,
DM-11-10-69-02,2026-07-10,99.875,3594.5,
DM-11-10-69-02,2026-07-11,109.125,4041.5,
DM-11-10-69-02,2026-07-12,71.0,3373.25,
DM-11-10-69-02,2026-07-13,110.25,3707.0,
DM-11-10-69-02,2026-07-14,79.25,3901.5,
DM-11-10-69-02,2026-07-15,116.625,4383.5,
DM-11-10-69-02,2026-07-16,89.0,3997.25,
DM-11-10-69-02,2026-07-17,125.875,4110.0,
DM-11-10-69-02,2026-07-18,75.625,4236.75,
DM-11-10-69-02,2026-07-19,113.875,4354.25,
DM-11-10-69-02,2026-07-20,89.625,4001.5,
DM-11-10-69-02,2026-07-21,94.375,4027.0,
DM-11-10-69-02,2026-07-22,82.0,3881.5,0.0
DM-11-10-69-02,2026-07-23,100.625,3930.25,0.0
DM-11-10-69-02,2026-07-24,95.375,4043.5,0.0
DM-11-10-69-02,2026-07-25,110.875,4307.5,6.176
DM-11-10-69-02,2026-07-26,123.125,4293.0,24.602
DM-11-10-69-02,2026-07-27,116.125,4049.25,36.028
DM-11-10-69-02,2026-07-28,79.875,3807.25,11.205
DM-11-10-69-02,2026-07-29,116.75,4021.0,23.256
DM-11-10-69-02,2026-07-30,84.625,3873.25,3.182
DM-11-10-69-02,2026-07-31,64.0,3590.5,0.0
DM-11-10-69-02,2026-08-01,65.0,3819.75,0.0
DM-11-10-69-02,2026-08-02,78.75,4027.5,0.0
DM-11-10-69-02,2026-08-03,71.25,3878.5,0.0
DM-11-10-69-02,2026-08-04,65.875,3769.5,0.0
DM-11-10-69-02,2026-08-05,71.75,3699.75,0.0
DM-11-10-71-01,2026-07-08,,1819.0,
DM-11-10-71-01,2026-07-09,56.0,2966.75,
DM-11-10-71-01,2026-07-10,59.125,2989.75,
DM-11-10-71-01,2026-07-11,60.125,2979.75,
DM-11-10-71-01,2026-07-12,55.125,2926.25,
DM-11-10-71-01,2026-07-13,61.875,2982.0,
DM-11-10-71-01,2026-07-14,55.125,3029.75,
DM-11-10-71-01,2026-07-15,60.625,3020.5,
DM-11-10-71-01,2026-07-16,60.0,2957.0,
DM-11-10-71-01,2026-07-17,64.5,2948.25,
DM-11-10-71-01,2026-07-18,52.0,3055.75,
DM-11-10-71-01,2026-07-19,64.25,3120.5,
DM-11-10-71-01,2026-07-20,58.25,3089.25,
DM-11-10-71-01,2026-07-21,60.25,3091.75,
DM-11-10-71-01,2026-07-22,56.875,3584.0,0.0
DM-11-10-71-01,2026-07-23,122.0,3741.5,61.22
DM-11-10-71-01,2026-07-24,61.125,3048.75,61.566
DM-11-10-71-01,2026-07-25,63.75,3009.75,64.536
DM-11-10-71-01,2026-07-26,64.625,2964.0,68.381
DM-11-10-71-01,2026-07-27,62.5,2864.0,70.102
DM-11-10-71-01,2026-07-28,51.125,2667.5,60.447
DM-11-10-71-01,2026-07-29,61.75,2762.0,61.417
DM-11-10-71-01,2026-07-30,55.625,2832.0,56.263
DM-11-10-71-01,2026-07-31,54.125,2723.0,49.608
DM-11-10-71-01,2026-08-01,50.125,2908.5,38.954
DM-11-10-71-01,2026-08-02,51.625,2943.5,29.799
DM-11-10-71-01,2026-08-03,52.375,3017.0,21.394
DM-11-10-71-01,2026-08-04,53.0,3025.0,13.615
DM-11-10-71-01,2026-08-05,57.125,2942.75,9.96
DM-11-10-71-02,2026-07-08,,779.25,
DM-11-10-71-02,2026-07-09,31.125,1347.25,
DM-11-10-71-02,2026-07-10,35.875,1400.75,
DM-11-10-71-02,2026-07-11,34.75,1493.75,
DM-11-10-71-02,2026-07-12,30.125,1476.25,
DM-11-10-71-02,2026-07-13,34.0,1488.25,
DM-11-10-71-02,2026-07-14,30.125,1492.5,
DM-11-10-71-02,2026-07-15,32.25,1500.0,
DM-11-10-71-02,2026-07-16,30.75,1460.25,
DM-11-10-71-02,2026-07-17,32.5,1484.0,
DM-11-10-71-02,2026-07-18,29.25,1575.25,
DM-11-10-71-02,2026-07-19,36.5,1524.0,
DM-11-10-71-02,2026-07-20,32.375,1491.25,
DM-11-10-71-02,2026-07-21,32.875,1488.5,
DM-11-10-71-02,2026-07-22,31.5,1488.0,0.0
DM-11-10-71-02,2026-07-23,32.25,1503.5,0.0
DM-11-10-71-02,2026-07-24,34.625,1523.0,1.036
DM-11-10-71-02,2026-07-25,34.75,1573.5,2.196
DM-11-10-71-02,2026-07-26,36.125,1541.75,4.732
DM-11-10-71-02,2026-07-27,36.25,1478.0,7.392
DM-11-10-71-02,2026-07-28,31.875,1339.5,5.678
DM-11-10-71-02,2026-07-29,33.0,1359.25,5.088
DM-11-10-71-02,2026-07-30,27.5,1456.75,0.0
DM-11-10-71-02,2026-07-31,34.0,1477.25,0.411
DM-11-10-71-02,2026-08-01,33.125,1510.5,0.0
DM-11-10-71-02,2026-08-02,32.625,1545.5,0.0
DM-11-10-71-02,2026-08-03,32.375,1482.5,0.0
DM-11-10-71-02,2026-08-04,32.625,1509.5,0.0
DM-11-10-71-02,2026-08-05,31.625,1515.75,0.0
DM-11-10-72-02,2026-07-08,,1113.25,
DM-11-10-72-02,2026-07-09,26.125,1452.5,
DM-11-10-72-02,2026-07-10,26.375,1483.0,
DM-11-10-72-02,2026-07-11,32.875,1513.5,
DM-11-10-72-02,2026-07-12,28.625,1429.5,
DM-11-10-72-02,2026-07-13,32.75,1518.5,
DM-11-10-72-02,2026-07-14,36.375,1751.25,
DM-11-10-72-02,2026-07-15,29.5,1450.5,
DM-11-10-72-02,2026-07-16,33.125,1444.25,
DM-11-10-72-02,2026-07-17,37.25,1520.0,
DM-11-10-72-02,2026-07-18,35.625,1503.75,
DM-11-10-72-02,2026-07-19,32.0,1532.25,
DM-11-10-72-02,2026-07-20,31.5,1559.25,
DM-11-10-72-02,2026-07-21,33.625,1457.25,
DM-11-10-72-02,2026-07-22,28.125,1445.75,0.0
DM-11-10-72-02,2026-07-23,32.125,2086.75,0.0
DM-11-10-72-02,2026-07-24,61.375,2735.5,27.701
DM-11-10-72-02,2026-07-25,61.375,2673.0,55.402
DM-11-10-72-02,2026-07-26,60.625,2655.25,82.352
DM-11-10-72-02,2026-07-27,59.0,2683.5,107.678
DM-11-10-72-02,2026-07-28,60.125,2616.75,134.129
DM-11-10-72-02,2026-07-29,58.625,2559.5,159.08
DM-11-10-72-02,2026-07-30,57.625,2622.5,183.031
DM-11-10-72-02,2026-07-31,58.625,2565.5,207.981
DM-11-10-72-02,2026-08-01,60.75,2625.25,235.057
DM-11-10-72-02,2026-08-02,64.625,2702.0,266.008
DM-11-10-72-02,2026-08-03,61.375,2741.75,293.709
DM-11-10-72-02,2026-08-04,60.25,2661.75,320.285
DM-11-10-72-02,2026-08-05,62.5,2613.75,349.11
DM-11-10-72-03,2026-07-08,45.25,674.25,
DM-11-10-72-03,2026-07-09,45.75,1211.75,
DM-11-10-72-03,2026-07-10,48.125,1204.75,
DM-11-10-72-03,2026-07-11,44.375,1234.0,
DM-11-10-72-03,2026-07-12,51.5,1320.25,
DM-11-10-72-03,2026-07-13,43.5,1257.25,
DM-11-10-72-03,2026-07-14,44.0,1208.75,
DM-11-10-72-03,2026-07-15,46.5,1227.75,
DM-11-10-72-03,2026-07-16,48.0,1219.5,
DM-11-10-72-03,2026-07-17,47.5,1220.75,
DM-11-10-72-03,2026-07-18,49.375,1203.75,
DM-11-10-72-03,2026-07-19,45.5,1191.75,
DM-11-10-72-03,2026-07-20,46.25,1214.75,
DM-11-10-72-03,2026-07-21,43.25,1236.75,
DM-11-10-72-03,2026-07-22,42.875,1225.0,0.0
DM-11-10-72-03,2026-07-23,52.0,1250.75,4.515
DM-11-10-72-03,2026-07-24,44.25,1240.25,1.28
DM-11-10-72-03,2026-07-25,45.625,1217.5,0.0
DM-11-10-72-03,2026-07-26,47.75,1212.5,0.265
DM-11-10-72-03,2026-07-27,45.875,1236.25,0.0
DM-11-10-72-03,2026-07-28,49.75,1232.5,2.265
DM-11-10-72-03,2026-07-29,46.375,1285.0,1.155
DM-11-10-72-03,2026-07-30,41.875,1136.25,0.0
DM-11-10-72-03,2026-07-31,46.0,1213.75,0.0
DM-11-10-72-03,2026-08-01,41.875,1274.5,0.0
DM-11-10-72-03,2026-08-02,50.5,1247.5,3.015
DM-11-10-72-03,2026-08-03,48.25,1267.25,3.78
DM-11-10-72-03,2026-08-04,30.75,1213.25,0.0
DM-11-10-72-03,2026-08-05,33.875,1128.0,0.0
DM-12-01-01-02,2026-07-08,,1983.5,
DM-12-01-01-02,2026-07-09,,3724.25,
DM-12-01-01-02,2026-07-10,,3667.5,
DM-12-01-01-02,2026-07-11,,3733.75,
DM-12-01-01-02,2026-07-12,,3743.5,
DM-12-01-01-02,2026-07-13,,3665.75,
DM-12-01-01-02,2026-07-14,,3676.75,
DM-12-01-01-02,2026-07-15,,3612.75,
DM-12-01-01-02,2026-07-16,,3656.75,
DM-12-01-01-02,2026-07-17,,3696.0,
DM-12-01-01-02,2026-07-18,,3812.5,
DM-12-01-01-02,2026-07-19,,3798.0,
DM-12-01-01-02,2026-07-20,,3703.75,
DM-12-01-01-02,2026-07-21,,3623.25,
DM-12-01-01-02,2026-07-22,,3647.5,0.0
DM-12-01-01-02,2026-07-23,,3623.75,0.0
DM-12-01-01-02,2026-07-24,,3662.5,0.0
DM-12-01-01-02,2026-07-25,,3706.75,0.0
DM-12-01-01-02,2026-07-26,,3710.75,0.0
DM-12-01-01-02,2026-07-27,,3553.0,0.0
DM-12-01-01-02,2026-07-28,,3520.5,0.0
DM-12-01-01-02,2026-07-29,,3511.25,0.0
DM-12-01-01-02,2026-07-30,,3539.25,0.0
DM-12-01-01-02,2026-07-31,,3545.75,0.0
DM-12-01-01-02,2026-08-01,,3672.5,0.0
DM-12-01-01-02,2026-08-02,,3694.5,0.0
DM-12-01-01-02,2026-08-03,,3620.0,0.0
DM-12-01-01-02,2026-08-04,,3633.5,0.0
DM-12-01-01-02,2026-08-05,,3639.75,0.0
DM-12-01-03-02,2026-07-08,,2105.0,
DM-12-01-03-02,2026-07-09,91.25,3453.0,
DM-12-01-03-02,2026-07-10,93.375,3493.5,
DM-12-01-03-02,2026-07-11,96.375,3545.0,
DM-12-01-03-02,2026-07-12,93.5,3580.5,
DM-12-01-03-02,2026-07-13,90.25,3475.75,
DM-12-01-03-02,2026-07-14,94.625,3506.25,
DM-12-01-03-02,2026-07-15,89.5,3466.0,
DM-12-01-03-02,2026-07-16,87.875,3456.75,
DM-12-01-03-02,2026-07-17,87.5,3476.5,
DM-12-01-03-02,2026-07-18,92.375,3630.25,
DM-12-01-03-02,2026-07-19,93.25,3622.25,
DM-12-01-03-02,2026-07-20,94.75,3500.5,
DM-12-01-03-02,2026-07-21,87.125,3492.5,
DM-12-01-03-02,2026-07-22,80.125,3402.5,0.0
DM-12-01-03-02,2026-07-23,91.625,3429.0,0.0
DM-12-01-03-02,2026-07-24,89.75,3437.75,0.0
DM-12-01-03-02,2026-07-25,93.5,3558.25,0.379
DM-12-01-03-02,2026-07-26,93.0,3619.75,0.259
DM-12-01-03-02,2026-07-27,94.625,3497.75,1.763
DM-12-01-03-02,2026-07-28,91.0,3502.0,0.0
DM-12-01-03-02,2026-07-29,93.75,3547.0,0.629
DM-12-01-03-02,2026-07-30,93.5,3538.25,1.009
DM-12-01-03-02,2026-07-31,92.375,3467.0,0.263
DM-12-01-03-02,2026-08-01,95.75,3622.0,2.893
DM-12-01-03-02,2026-08-02,98.25,3682.0,8.022
DM-12-01-03-02,2026-08-03,96.0,3603.5,10.901
DM-12-01-03-02,2026-08-04,89.25,3575.75,7.031
DM-12-01-03-02,2026-08-05,91.875,3560.75,5.785
DM-12-01-05-01,2026-07-08,,2870.0,
DM-12-01-05-01,2026-07-09,121.25,4705.25,
DM-12-01-05-01,2026-07-10,120.375,4864.25,
DM-12-01-05-01,2026-07-11,126.75,4874.0,
DM-12-01-05-01,2026-07-12,124.0,4784.0,
DM-12-01-05-01,2026-07-13,121.125,4889.5,
DM-12-01-05-01,2026-07-14,119.25,4933.25,
DM-12-01-05-01,2026-07-15,124.375,4979.25,
DM-12-01-05-01,2026-07-16,123.0,4853.5,
DM-12-01-05-01,2026-07-17,124.0,4878.25,
DM-12-01-05-01,2026-07-18,123.875,5031.0,
DM-12-01-05-01,2026-07-19,124.5,5077.0,
DM-12-01-05-01,2026-07-20,127.125,5019.75,
DM-12-01-05-01,2026-07-21,117.75,3793.0,
DM-12-01-05-01,2026-07-22,116.875,4705.75,0.0
DM-12-01-05-01,2026-07-23,112.375,4642.0,0.0
DM-12-01-05-01,2026-07-24,114.125,4707.0,0.0
DM-12-01-05-01,2026-07-25,117.375,4862.5,0.0
DM-12-01-05-01,2026-07-26,122.625,4823.0,0.0
DM-12-01-05-01,2026-07-27,121.0,4882.0,0.0
DM-12-01-05-01,2026-07-28,116.625,4718.75,0.0
DM-12-01-05-01,2026-07-29,113.375,4710.5,0.0
DM-12-01-05-01,2026-07-30,113.75,4680.0,0.0
DM-12-01-05-01,2026-07-31,123.875,4773.5,0.0
DM-12-01-05-01,2026-08-01,120.625,4965.25,0.0
DM-12-01-05-01,2026-08-02,123.125,4915.75,0.0
DM-12-01-05-01,2026-08-03,124.75,4884.25,0.539
DM-12-01-05-01,2026-08-04,118.625,4783.0,0.0
DM-12-01-05-01,2026-08-05,115.625,4715.5,0.0
DM-12-01-06-01,2026-07-08,,924.0,
DM-12-01-06-01,2026-07-09,,2164.5,
DM-12-01-06-01,2026-07-10,,1827.25,
DM-12-01-06-01,2026-07-11,,1782.5,
DM-12-01-06-01,2026-07-12,,1871.25,
DM-12-01-06-01,2026-07-13,,2221.5,
DM-12-01-06-01,2026-07-14,,1833.75,
DM-12-01-06-01,2026-07-15,,1766.75,
DM-12-01-06-01,2026-07-16,,1706.25,
DM-12-01-06-01,2026-07-17,,1960.75,
DM-12-01-06-01,2026-07-18,,1896.5,
DM-12-01-06-01,2026-07-19,,1908.0,
DM-12-01-06-01,2026-07-20,,1859.25,
DM-12-01-06-01,2026-07-21,,1801.5,
DM-12-01-06-01,2026-07-22,,1950.0,0.0
DM-12-01-06-01,2026-07-23,,1666.5,0.0
DM-12-01-06-01,2026-07-24,,1710.25,0.0
DM-12-01-06-01,2026-07-25,,1784.75,0.0
DM-12-01-06-01,2026-07-26,,1828.0,0.0
DM-12-01-06-01,2026-07-27,,1685.75,0.0
DM-12-01-06-01,2026-07-28,,1738.75,0.0
DM-12-01-06-01,2026-07-29,,1708.5,0.0
DM-12-01-06-01,2026-07-30,,1705.5,0.0
DM-12-01-06-01,2026-07-31,,1646.75,0.0
DM-12-01-06-01,2026-08-01,,1723.5,0.0
DM-12-01-06-01,2026-08-02,,1736.0,0.0
DM-12-01-06-01,2026-08-03,,1658.5,0.0
DM-12-01-06-01,2026-08-04,,1749.0,0.0
DM-12-01-06-01,2026-08-05,,1656.75,0.0
DM-12-01-07-01,2026-07-08,,2170.75,
DM-12-01-07-01,2026-07-09,101.375,3536.25,
DM-12-01-07-01,2026-07-10,113.75,3696.0,
DM-12-01-07-01,2026-07-11,108.5,3614.5,
DM-12-01-07-01,2026-07-12,102.0,3500.75,
DM-12-01-07-01,2026-07-13,100.875,3554.0,
DM-12-01-07-01,2026-07-14,108.375,3612.5,
DM-12-01-07-01,2026-07-15,100.125,3592.25,
DM-12-01-07-01,2026-07-16,102.0,3603.75,
DM-12-01-07-01,2026-07-17,104.5,3690.25,
DM-12-01-07-01,2026-07-18,102.625,3707.75,
DM-12-01-07-01,2026-07-19,105.5,3751.0,
DM-12-01-07-01,2026-07-20,103.875,3685.0,
DM-12-01-07-01,2026-07-21,104.875,3728.75,
DM-12-01-07-01,2026-07-22,102.75,3665.5,0.0
DM-12-01-07-01,2026-07-23,55.375,2136.0,0.0
DM-12-01-07-01,2026-07-24,59.75,1974.25,0.0
DM-12-01-07-01,2026-07-25,55.625,1896.75,0.0
DM-12-01-07-01,2026-07-26,55.75,1995.75,0.0
DM-12-01-07-01,2026-07-27,60.75,1994.75,0.0
DM-12-01-07-01,2026-07-28,51.625,2579.75,0.0
DM-12-01-07-01,2026-07-29,59.625,2836.5,0.0
DM-12-01-07-01,2026-07-30,56.375,2167.75,0.0
DM-12-01-07-01,2026-07-31,53.875,1991.75,0.0
DM-12-01-07-01,2026-08-01,54.125,1843.5,0.0
DM-12-01-07-01,2026-08-02,47.5,2098.25,0.0
DM-12-01-07-01,2026-08-03,52.125,1958.75,0.0
DM-12-01-07-01,2026-08-04,53.875,2755.75,0.0
DM-12-01-07-01,2026-08-05,57.0,1959.25,0.0
DM-12-02-01-02,2026-07-08,,2006.5,
DM-12-02-01-02,2026-07-09,,3618.25,
DM-12-02-01-02,2026-07-10,,3701.5,
DM-12-02-01-02,2026-07-11,,3768.75,
DM-12-02-01-02,2026-07-12,,3724.5,
DM-12-02-01-02,2026-07-13,,3664.75,
DM-12-02-01-02,2026-07-14,,3601.75,
DM-12-02-01-02,2026-07-15,,3614.25,
DM-12-02-01-02,2026-07-16,,3597.5,
DM-12-02-01-02,2026-07-17,,3663.25,
DM-12-02-01-02,2026-07-18,,3793.0,
DM-12-02-01-02,2026-07-19,,3812.25,
DM-12-02-01-02,2026-07-20,,3653.5,
DM-12-02-01-02,2026-07-21,,3570.0,
DM-12-02-01-02,2026-07-22,,3516.25,0.0
DM-12-02-01-02,2026-07-23,,3511.25,0.0
DM-12-02-01-02,2026-07-24,,3563.0,0.0
DM-12-02-01-02,2026-07-25,,3687.0,0.0
DM-12-02-01-02,2026-07-26,,3709.25,0.0
DM-12-02-01-02,2026-07-27,,3595.5,0.0
DM-12-02-01-02,2026-07-28,,3662.25,0.0
DM-12-02-01-02,2026-07-29,,3553.5,0.0
DM-12-02-01-02,2026-07-30,,3491.0,0.0
DM-12-02-01-02,2026-07-31,,3484.0,0.0
DM-12-02-01-02,2026-08-01,,3673.75,0.0
DM-12-02-01-02,2026-08-02,,3702.0,0.0
DM-12-02-01-02,2026-08-03,,3577.25,0.0
DM-12-02-01-02,2026-08-04,,3542.75,0.0
DM-12-02-01-02,2026-08-05,,3537.25,0.0
DM-12-02-03-01,2026-07-08,,0.0,
DM-12-02-03-01,2026-07-09,98.0,3673.0,
DM-12-02-03-01,2026-07-10,94.875,3583.0,
DM-12-02-03-01,2026-07-11,93.875,3609.25,
DM-12-02-03-01,2026-07-12,92.125,3650.5,
DM-12-02-03-01,2026-07-13,97.75,3627.25,
DM-12-02-03-01,2026-07-14,94.375,3631.75,
DM-12-02-03-01,2026-07-15,94.375,3617.75,
DM-12-02-03-01,2026-07-16,99.875,3695.75,
DM-12-02-03-01,2026-07-17,93.625,3730.25,
DM-12-02-03-01,2026-07-18,102.25,3794.0,
DM-12-02-03-01,2026-07-19,106.125,3781.5,
DM-12-02-03-01,2026-07-20,97.5,3738.5,
DM-12-02-03-01,2026-07-21,96.75,3730.0,
DM-12-02-03-01,2026-07-22,101.25,3673.75,2.33
DM-12-02-03-01,2026-07-23,98.625,3672.75,2.034
DM-12-02-03-01,2026-07-24,96.5,3705.0,0.0
DM-12-02-03-01,2026-07-25,99.5,3790.75,0.58
DM-12-02-03-01,2026-07-26,99.125,3825.5,0.784
DM-12-02-03-01,2026-07-27,101.0,3782.0,2.864
DM-12-02-03-01,2026-07-28,103.125,3778.5,7.068
DM-12-02-03-01,2026-07-29,104.25,3748.0,12.398
DM-12-02-03-01,2026-07-30,103.0,3731.75,16.478
DM-12-02-03-01,2026-07-31,95.875,3538.5,13.432
DM-12-02-03-01,2026-08-01,97.75,3624.0,12.262
DM-12-02-03-01,2026-08-02,102.125,3664.25,15.466
DM-12-02-03-01,2026-08-03,96.0,3624.5,12.546
DM-12-02-03-01,2026-08-04,100.125,3619.5,13.751
DM-12-02-03-01,2026-08-05,100.375,3614.25,15.205
DM-12-02-06-01,2026-07-08,,2274.25,
DM-12-02-06-01,2026-07-09,88.5,3721.75,
DM-12-02-06-01,2026-07-10,92.875,3777.5,
DM-12-02-06-01,2026-07-11,88.625,3864.25,
DM-12-02-06-01,2026-07-12,90.5,3878.5,
DM-12-02-06-01,2026-07-13,94.0,3764.5,
DM-12-02-06-01,2026-07-14,92.875,3819.5,
DM-12-02-06-01,2026-07-15,87.625,3802.25,
DM-12-02-06-01,2026-07-16,90.625,3633.25,
DM-12-02-06-01,2026-07-17,91.875,3843.25,
DM-12-02-06-01,2026-07-18,95.75,3931.0,
DM-12-02-06-01,2026-07-19,97.5,4020.25,
DM-12-02-06-01,2026-07-20,97.25,4066.5,
DM-12-02-06-01,2026-07-21,99.75,4250.75,
DM-12-02-06-01,2026-07-22,105.125,4196.5,10.393
DM-12-02-06-01,2026-07-23,108.5,4246.0,24.161
DM-12-02-06-01,2026-07-24,106.25,4306.5,35.679
DM-12-02-06-01,2026-07-25,111.0,4350.75,51.947
DM-12-02-06-01,2026-07-26,104.25,4386.25,61.465
DM-12-02-06-01,2026-07-27,107.125,4249.5,73.858
DM-12-02-06-01,2026-07-28,111.625,4333.25,90.751
DM-12-02-06-01,2026-07-29,112.375,4428.5,108.394
DM-12-02-06-01,2026-07-30,113.5,4550.0,127.162
DM-12-02-06-01,2026-07-31,124.0,4750.25,156.43
DM-12-02-06-01,2026-08-01,120.625,4839.5,182.323
DM-12-02-06-01,2026-08-02,123.875,4872.5,211.466
DM-12-02-06-01,2026-08-03,124.125,4868.75,240.859
DM-12-02-06-01,2026-08-04,119.75,4831.5,265.877
DM-12-02-06-01,2026-08-05,125.125,4789.25,296.27
DM-12-02-07-01,2026-07-08,,3154.0,
DM-12-02-07-01,2026-07-09,,5674.5,
DM-12-02-07-01,2026-07-10,,5610.75,
DM-12-02-07-01,2026-07-11,,5716.5,
DM-12-02-07-01,2026-07-12,,5747.25,
DM-12-02-07-01,2026-07-13,,5586.25,
DM-12-02-07-01,2026-07-14,,5597.5,
DM-12-02-07-01,2026-07-15,,5591.75,
DM-12-02-07-01,2026-07-16,,5571.75,
DM-12-02-07-01,2026-07-17,,5625.75,
DM-12-02-07-01,2026-07-18,,5867.0,
DM-12-02-07-01,2026-07-19,,5808.75,
DM-12-02-07-01,2026-07-20,,5781.0,
DM-12-02-07-01,2026-07-21,,5657.75,
DM-12-02-07-01,2026-07-22,,5636.0,0.0
DM-12-02-07-01,2026-07-23,,5579.25,0.0
DM-12-02-07-01,2026-07-24,,5663.0,0.0
DM-12-02-07-01,2026-07-25,,5340.75,0.0
DM-12-02-07-01,2026-07-26,,4877.25,0.0
DM-12-02-07-01,2026-07-27,,4605.5,0.0
DM-12-02-07-01,2026-07-28,,4608.0,0.0
DM-12-02-07-01,2026-07-29,,4568.5,0.0
DM-12-02-07-01,2026-07-30,,4588.5,0.0
DM-12-02-07-01,2026-07-31,,4506.5,0.0
DM-12-02-07-01,2026-08-01,,4813.0,0.0
DM-12-02-07-01,2026-08-02,,4909.75,0.0
DM-12-02-07-01,2026-08-03,,4700.75,0.0
DM-12-02-07-01,2026-08-04,,4694.25,0.0
DM-12-02-07-01,2026-08-05,,4647.75,0.0
DM-12-02-07-02,2026-07-08,,3870.5,
DM-12-02-07-02,2026-07-09,139.0,6031.25,
DM-12-02-07-02,2026-07-10,140.375,6078.25,
DM-12-02-07-02,2026-07-11,143.75,6138.5,
DM-12-02-07-02,2026-07-12,149.25,6180.25,
DM-12-02-07-02,2026-07-13,144.25,6049.5,
DM-12-02-07-02,2026-07-14,145.75,6045.0,
DM-12-02-07-02,2026-07-15,142.25,6062.5,
DM-12-02-07-02,2026-07-16,137.5,5977.0,
DM-12-02-07-02,2026-07-17,136.375,6052.75,
DM-12-02-07-02,2026-07-18,151.875,6347.25,
DM-12-02-07-02,2026-07-19,144.5,6284.75,
DM-12-02-07-02,2026-07-20,148.0,6295.25,
DM-12-02-07-02,2026-07-21,144.375,6206.75,
DM-12-02-07-02,2026-07-22,147.75,6091.25,1.927
DM-12-02-07-02,2026-07-23,150.375,6010.5,6.479
DM-12-02-07-02,2026-07-24,144.875,6106.25,5.531
DM-12-02-07-02,2026-07-25,151.875,5966.75,11.583
DM-12-02-07-02,2026-07-26,108.5,5413.75,0.0
DM-12-02-07-02,2026-07-27,108.375,5186.0,0.0
DM-12-02-07-02,2026-07-28,105.75,5115.75,0.0
DM-12-02-07-02,2026-07-29,107.5,5100.25,0.0
DM-12-02-07-02,2026-07-30,106.125,5097.5,0.0
DM-12-02-07-02,2026-07-31,108.75,5080.75,0.0
DM-12-02-07-02,2026-08-01,112.375,5361.75,0.0
DM-12-02-07-02,2026-08-02,115.125,5505.5,0.0
DM-12-02-07-02,2026-08-03,112.125,5303.5,0.0
DM-12-02-07-02,2026-08-04,117.5,5366.5,0.0
DM-12-02-07-02,2026-08-05,109.375,5233.0,0.0
DM-12-02-08-02,2026-07-08,,2240.5,
DM-12-02-08-02,2026-07-09,73.875,3400.0,
DM-12-02-08-02,2026-07-10,79.0,3515.5,
DM-12-02-08-02,2026-07-11,79.875,3482.5,
DM-12-02-08-02,2026-07-12,81.75,3437.25,
DM-12-02-08-02,2026-07-13,78.0,3448.5,
DM-12-02-08-02,2026-07-14,78.0,3484.0,
DM-12-02-08-02,2026-07-15,74.25,3499.5,
DM-12-02-08-02,2026-07-16,74.375,3440.0,
DM-12-02-08-02,2026-07-17,76.25,3459.25,
DM-12-02-08-02,2026-07-18,79.125,3618.0,
DM-12-02-08-02,2026-07-19,79.625,3573.0,
DM-12-02-08-02,2026-07-20,77.5,3690.5,
DM-12-02-08-02,2026-07-21,76.75,3589.0,
DM-12-02-08-02,2026-07-22,71.125,3657.5,0.0
DM-12-02-08-02,2026-07-23,83.375,3513.75,4.655
DM-12-02-08-02,2026-07-24,76.0,3433.0,1.934
DM-12-02-08-02,2026-07-25,82.625,3539.0,5.839
DM-12-02-08-02,2026-07-26,79.125,3601.5,6.243
DM-12-02-08-02,2026-07-27,80.25,3530.5,7.773
DM-12-02-08-02,2026-07-28,78.625,3345.75,7.677
DM-12-02-08-02,2026-07-29,94.25,3716.75,23.207
DM-12-02-08-02,2026-07-30,98.25,3564.75,42.737
DM-12-02-08-02,2026-07-31,97.25,3641.25,61.266
DM-12-02-08-02,2026-08-01,78.75,3605.0,61.296
DM-12-02-08-02,2026-08-02,79.375,3576.75,61.95
DM-12-02-08-02,2026-08-03,83.625,3699.0,66.855
DM-12-02-08-02,2026-08-04,84.125,3552.25,72.259
DM-12-02-08-02,2026-08-05,84.875,3642.25,78.414
DM-12-03-01-01,2026-07-08,,2205.0,
DM-12-03-01-01,2026-07-09,183.0,3790.0,
DM-12-03-01-01,2026-07-10,187.5,3813.75,
DM-12-03-01-01,2026-07-11,200.5,3936.0,
DM-12-03-01-01,2026-07-12,192.25,3904.0,
DM-12-03-01-01,2026-07-13,191.5,3820.25,
DM-12-03-01-01,2026-07-14,188.875,3682.5,
DM-12-03-01-01,2026-07-15,173.0,3706.75,
DM-12-03-01-01,2026-07-16,176.875,3755.0,
DM-12-03-01-01,2026-07-17,193.125,3785.75,
DM-12-03-01-01,2026-07-18,182.125,3865.25,
DM-12-03-01-01,2026-07-19,191.5,3924.25,
DM-12-03-01-01,2026-07-20,194.0,3914.75,
DM-12-03-01-01,2026-07-21,189.25,3877.0,
DM-12-03-01-01,2026-07-22,196.5,3949.25,4.944
DM-12-03-01-01,2026-07-23,193.5,3863.0,6.888
DM-12-03-01-01,2026-07-24,114.25,3827.25,0.0
DM-12-03-01-01,2026-07-25,101.5,4023.0,0.0
DM-12-03-01-01,2026-07-26,106.125,3892.75,0.0
DM-12-03-01-01,2026-07-27,106.125,3767.0,0.0
DM-12-03-01-01,2026-07-28,96.25,3703.5,0.0
DM-12-03-01-01,2026-07-29,98.875,3707.5,0.0
DM-12-03-01-01,2026-07-30,98.5,3819.5,0.0
DM-12-03-01-01,2026-07-31,172.688,3789.25,0.0
DM-12-03-01-01,2026-08-01,104.75,3895.25,0.0
DM-12-03-01-01,2026-08-02,104.875,3983.25,0.0
DM-12-03-01-01,2026-08-03,104.125,3864.25,0.0
DM-12-03-01-01,2026-08-04,99.25,3866.75,0.0
DM-12-03-01-01,2026-08-05,105.5,3941.25,0.0
DM-12-03-01-02,2026-07-08,,1967.5,
DM-12-03-01-02,2026-07-09,,3487.0,
DM-12-03-01-02,2026-07-10,,3471.5,
DM-12-03-01-02,2026-07-11,,3546.5,
DM-12-03-01-02,2026-07-12,,3537.5,
DM-12-03-01-02,2026-07-13,,3495.75,
DM-12-03-01-02,2026-07-14,,3434.75,
DM-12-03-01-02,2026-07-15,,3484.5,
DM-12-03-01-02,2026-07-16,,3420.25,
DM-12-03-01-02,2026-07-17,,3466.25,
DM-12-03-01-02,2026-07-18,,3532.75,
DM-12-03-01-02,2026-07-19,,3548.25,
DM-12-03-01-02,2026-07-20,,3557.25,
DM-12-03-01-02,2026-07-21,,3496.75,
DM-12-03-01-02,2026-07-22,,3496.0,0.0
DM-12-03-01-02,2026-07-23,,3480.75,0.0
DM-12-03-01-02,2026-07-24,,3508.25,0.0
DM-12-03-01-02,2026-07-25,,3586.75,0.0
DM-12-03-01-02,2026-07-26,,3488.25,0.0
DM-12-03-01-02,2026-07-27,,3379.5,0.0
DM-12-03-01-02,2026-07-28,,3364.5,0.0
DM-12-03-01-02,2026-07-29,,3371.25,0.0
DM-12-03-01-02,2026-07-30,,3450.75,0.0
DM-12-03-01-02,2026-07-31,,3424.25,0.0
DM-12-03-01-02,2026-08-01,,3489.0,0.0
DM-12-03-01-02,2026-08-02,,3539.25,0.0
DM-12-03-01-02,2026-08-03,,3545.25,0.0
DM-12-03-01-02,2026-08-04,,3562.75,0.0
DM-12-03-01-02,2026-08-05,,3597.0,0.0
DM-12-03-04-01,2026-07-15,23.625,948.25,
DM-12-03-04-01,2026-07-16,26.875,935.5,
DM-12-03-04-01,2026-07-17,28.75,947.25,
DM-12-03-04-01,2026-07-18,28.125,912.5,
DM-12-03-04-01,2026-07-19,30.75,1025.25,
DM-12-03-04-01,2026-07-20,28.625,971.25,
DM-12-03-04-01,2026-07-21,28.75,944.25,
DM-12-03-04-01,2026-07-22,23.375,827.75,
DM-12-03-04-01,2026-07-23,21.625,918.25,
DM-12-03-04-01,2026-07-24,32.375,964.0,
DM-12-03-04-01,2026-07-25,29.75,918.75,
DM-12-03-04-01,2026-07-26,29.25,1049.75,
DM-12-03-04-01,2026-07-27,29.25,962.25,
DM-12-03-04-01,2026-07-28,30.5,981.25,
DM-12-03-04-01,2026-07-29,28.5,1017.5,0.0
DM-12-03-04-01,2026-07-30,31.375,891.5,1.919
DM-12-03-04-01,2026-07-31,26.875,931.75,0.0
DM-12-03-04-01,2026-08-01,27.375,989.0,0.0
DM-12-03-04-01,2026-08-02,27.125,1020.5,0.0
DM-12-03-04-01,2026-08-03,28.25,920.0,0.0
DM-12-03-04-01,2026-08-04,9.875,873.75,0.0
DM-12-03-04-01,2026-08-05,30.25,952.0,0.794
DM-12-03-04-02,2026-07-08,,1655.0,
DM-12-03-04-02,2026-07-09,,3011.5,
DM-12-03-04-02,2026-07-10,,3045.5,
DM-12-03-04-02,2026-07-11,,3022.25,
DM-12-03-04-02,2026-07-12,,2829.5,
DM-12-03-04-02,2026-07-13,,3071.5,
DM-12-03-04-02,2026-07-14,,3048.75,
DM-12-03-04-02,2026-07-15,,3026.75,
DM-12-03-04-02,2026-07-16,,3041.0,
DM-12-03-04-02,2026-07-17,,3039.25,
DM-12-03-04-02,2026-07-18,,3153.5,
DM-12-03-04-02,2026-07-19,,3131.25,
DM-12-03-04-02,2026-07-20,,3076.75,
DM-12-03-04-02,2026-07-21,,3086.5,
DM-12-03-04-02,2026-07-22,,3065.25,0.0
DM-12-03-04-02,2026-07-23,,3098.0,0.0
DM-12-03-04-02,2026-07-24,,3088.75,0.0
DM-12-03-04-02,2026-07-25,,3163.0,0.0
DM-12-03-04-02,2026-07-26,,3178.5,0.0
DM-12-03-04-02,2026-07-27,,3147.75,0.0
DM-12-03-04-02,2026-07-28,,3128.0,0.0
DM-12-03-04-02,2026-07-29,,3084.0,0.0
DM-12-03-04-02,2026-07-30,,3112.25,0.0
DM-12-03-04-02,2026-07-31,,3057.5,0.0
DM-12-03-04-02,2026-08-01,,3084.0,0.0
DM-12-03-04-02,2026-08-02,,3082.0,0.0
DM-12-03-04-02,2026-08-03,,3080.75,0.0
DM-12-03-04-02,2026-08-04,,3037.0,0.0
DM-12-03-04-02,2026-08-05,,3042.5,0.0
DM-12-03-05-01,2026-07-08,84.125,1838.75,
DM-12-03-05-01,2026-07-09,85.125,3496.25,
DM-12-03-05-01,2026-07-10,93.0,3505.0,
DM-12-03-05-01,2026-07-11,88.875,3560.75,
DM-12-03-05-01,2026-07-12,92.375,3617.5,
DM-12-03-05-01,2026-07-13,88.875,3572.75,
DM-12-03-05-01,2026-07-14,87.75,3533.75,
DM-12-03-05-01,2026-07-15,85.25,3538.75,
DM-12-03-05-01,2026-07-16,85.25,3480.75,
DM-12-03-05-01,2026-07-17,85.5,3379.5,
DM-12-03-05-01,2026-07-18,81.0,3511.0,
DM-12-03-05-01,2026-07-19,79.875,3552.25,
DM-12-03-05-01,2026-07-20,80.125,3453.25,
DM-12-03-05-01,2026-07-21,80.0,3422.75,
DM-12-03-05-01,2026-07-22,111.75,3527.0,24.151
DM-12-03-05-01,2026-07-23,92.25,3494.0,28.803
DM-12-03-05-01,2026-07-24,80.375,3443.5,21.579
DM-12-03-05-01,2026-07-25,88.375,3530.0,22.355
DM-12-03-05-01,2026-07-26,93.0,3507.75,27.757
DM-12-03-05-01,2026-07-27,83.125,3344.75,23.283
DM-12-03-05-01,2026-07-28,82.125,3322.75,17.81
DM-12-03-05-01,2026-07-29,88.25,3407.25,18.461
DM-12-03-05-01,2026-07-30,93.625,3415.0,24.487
DM-12-03-05-01,2026-07-31,84.875,3330.75,21.764
DM-12-03-05-01,2026-08-01,84.25,3453.5,18.415
DM-12-03-05-01,2026-08-02,105.25,3606.0,36.066
DM-12-03-05-01,2026-08-03,97.625,3423.5,46.093
DM-12-03-05-01,2026-08-04,89.5,3438.25,47.994
DM-12-03-05-01,2026-08-05,95.375,3311.0,55.77
DM-12-03-07-01,2026-07-08,62.625,1250.5,
DM-12-03-07-01,2026-07-09,62.25,2297.25,
DM-12-03-07-01,2026-07-10,65.75,2324.5,
DM-12-03-07-01,2026-07-11,66.25,2330.5,
DM-12-03-07-01,2026-07-12,64.125,2316.75,
DM-12-03-07-01,2026-07-13,63.625,2363.25,
DM-12-03-07-01,2026-07-14,64.375,2351.25,
DM-12-03-07-01,2026-07-15,60.875,2314.5,
DM-12-03-07-01,2026-07-16,61.0,2290.25,
DM-12-03-07-01,2026-07-17,65.125,2299.75,
DM-12-03-07-01,2026-07-18,64.375,2339.0,
DM-12-03-07-01,2026-07-19,65.5,2349.0,
DM-12-03-07-01,2026-07-20,59.25,2305.5,
DM-12-03-07-01,2026-07-21,60.5,2294.25,
DM-12-03-07-01,2026-07-22,65.5,2306.5,1.181
DM-12-03-07-01,2026-07-23,62.625,2304.5,0.0
DM-12-03-07-01,2026-07-24,64.125,2307.75,0.0
DM-12-03-07-01,2026-07-25,64.0,2333.75,0.0
DM-12-03-07-01,2026-07-26,60.25,2284.25,0.0
DM-12-03-07-01,2026-07-27,60.625,2273.5,0.0
DM-12-03-07-01,2026-07-28,57.375,2167.25,0.0
DM-12-03-07-01,2026-07-29,60.125,2155.25,0.0
DM-12-03-07-01,2026-07-30,61.375,2221.25,0.0
DM-12-03-07-01,2026-07-31,61.875,2226.75,0.0
DM-12-03-07-01,2026-08-01,61.5,2233.5,0.0
DM-12-03-07-01,2026-08-02,60.25,2232.0,0.0
DM-12-03-07-01,2026-08-03,59.875,2259.5,0.0
DM-12-03-07-01,2026-08-04,57.75,2218.5,0.0
DM-12-03-07-01,2026-08-05,58.875,2192.0,0.0
DM-12-03-08-01,2026-07-08,,1004.0,
DM-12-03-08-01,2026-07-09,34.625,1649.0,
DM-12-03-08-01,2026-07-10,36.125,1655.75,
DM-12-03-08-01,2026-07-11,37.125,1695.25,
DM-12-03-08-01,2026-07-12,36.875,1709.5,
DM-12-03-08-01,2026-07-13,35.375,1666.25,
DM-12-03-08-01,2026-07-14,36.875,1654.25,
DM-12-03-08-01,2026-07-15,35.875,1667.0,
DM-12-03-08-01,2026-07-16,35.375,1648.75,
DM-12-03-08-01,2026-07-17,36.625,1647.75,
DM-12-03-08-01,2026-07-18,38.375,1739.0,
DM-12-03-08-01,2026-07-19,38.625,1757.5,
DM-12-03-08-01,2026-07-20,38.375,1695.5,
DM-12-03-08-01,2026-07-21,36.125,1680.5,
DM-12-03-08-01,2026-07-22,38.625,1651.75,1.381
DM-12-03-08-01,2026-07-23,40.125,1668.0,4.263
DM-12-03-08-01,2026-07-24,36.25,1676.0,3.269
DM-12-03-08-01,2026-07-25,37.625,1711.0,3.65
DM-12-03-08-01,2026-07-26,38.5,1741.75,4.907
DM-12-03-08-01,2026-07-27,37.5,1678.5,5.163
DM-12-03-08-01,2026-07-28,37.5,1678.5,5.42
DM-12-03-08-01,2026-07-29,39.125,1660.25,7.301
DM-12-03-08-01,2026-07-30,37.875,1680.0,7.932
DM-12-03-08-01,2026-07-31,37.75,1661.5,8.439
DM-12-03-08-01,2026-08-01,38.125,1718.5,9.32
DM-12-03-08-01,2026-08-02,39.375,1749.5,11.451
DM-12-03-08-01,2026-08-03,38.375,1722.75,12.583
DM-12-03-08-01,2026-08-04,37.125,1706.75,12.464
DM-12-03-08-01,2026-08-05,38.0,1690.25,13.221
DM-12-03-08-02,2026-07-08,,1806.25,
DM-12-03-08-02,2026-07-09,,3341.0,
DM-12-03-08-02,2026-07-10,,3372.75,
DM-12-03-08-02,2026-07-11,,3411.5,
DM-12-03-08-02,2026-07-12,,3439.5,
DM-12-03-08-02,2026-07-13,,3337.25,
DM-12-03-08-02,2026-07-14,,3305.25,
DM-12-03-08-02,2026-07-15,,3321.5,
DM-12-03-08-02,2026-07-16,,3342.0,
DM-12-03-08-02,2026-07-17,,3322.25,
DM-12-03-08-02,2026-07-18,,3489.75,
DM-12-03-08-02,2026-07-19,,3528.75,
DM-12-03-08-02,2026-07-20,,3389.0,
DM-12-03-08-02,2026-07-21,,3377.5,
DM-12-03-08-02,2026-07-22,,3337.75,0.0
DM-12-03-08-02,2026-07-23,,3341.0,0.0
DM-12-03-08-02,2026-07-24,,3377.0,0.0
DM-12-03-08-02,2026-07-25,,3441.25,0.0
DM-12-03-08-02,2026-07-26,,3494.75,0.0
DM-12-03-08-02,2026-07-27,,3422.25,0.0
DM-12-03-08-02,2026-07-28,,3381.0,0.0
DM-12-03-08-02,2026-07-29,,3367.0,0.0
DM-12-03-08-02,2026-07-30,,3402.75,0.0
DM-12-03-08-02,2026-07-31,,3345.75,0.0
DM-12-03-08-02,2026-08-01,,3451.75,0.0
DM-12-03-08-02,2026-08-02,,3501.5,0.0
DM-12-03-08-02,2026-08-03,,3431.25,0.0
DM-12-03-08-02,2026-08-04,,3401.0,0.0
DM-12-03-08-02,2026-08-05,,3372.25,0.0
DM-12-03-10-01,2026-07-08,,1333.75,
DM-12-03-10-01,2026-07-09,,2113.0,
DM-12-03-10-01,2026-07-10,,2519.0,
DM-12-03-10-01,2026-07-11,,2436.5,
DM-12-03-10-01,2026-07-12,,2285.75,
DM-12-03-10-01,2026-07-13,,2295.5,
DM-12-03-10-01,2026-07-14,,2321.0,
DM-12-03-10-01,2026-07-15,,2204.25,
DM-12-03-10-01,2026-07-16,,2203.75,
DM-12-03-10-01,2026-07-17,,2280.75,
DM-12-03-10-01,2026-07-18,,2235.75,
DM-12-03-10-01,2026-07-19,,2400.0,
DM-12-03-10-01,2026-07-20,,2286.0,
DM-12-03-10-01,2026-07-21,,2309.75,
DM-12-03-10-01,2026-07-22,,2230.75,0.0
DM-12-03-10-01,2026-07-23,,2269.75,0.0
DM-12-03-10-01,2026-07-24,,2005.75,0.0
DM-12-03-10-01,2026-07-25,,2562.0,0.0
DM-12-03-10-01,2026-07-26,,2156.5,0.0
DM-12-03-10-01,2026-07-27,,2326.75,0.0
DM-12-03-10-01,2026-07-28,,1851.0,0.0
DM-12-03-10-01,2026-07-29,,2490.25,0.0
DM-12-03-10-01,2026-07-30,,2259.75,0.0
DM-12-03-10-01,2026-07-31,,2057.75,0.0
DM-12-03-10-01,2026-08-01,,2316.25,0.0
DM-12-03-10-01,2026-08-02,,2343.25,0.0
DM-12-03-10-01,2026-08-03,,2222.75,0.0
DM-12-03-10-01,2026-08-04,,2266.75,0.0
DM-12-03-10-01,2026-08-05,,2331.0,0.0
DM-12-03-11-01,2026-07-08,,2424.75,
DM-12-03-11-01,2026-07-09,,4343.0,
DM-12-03-11-01,2026-07-10,,4372.0,
DM-12-03-11-01,2026-07-11,,4481.5,
DM-12-03-11-01,2026-07-12,,4544.75,
DM-12-03-11-01,2026-07-13,,4407.75,
DM-12-03-11-01,2026-07-14,,4366.75,
DM-12-03-11-01,2026-07-15,,4325.5,
DM-12-03-11-01,2026-07-16,,4280.5,
DM-12-03-11-01,2026-07-17,,4261.75,
DM-12-03-11-01,2026-07-18,,4457.5,
DM-12-03-11-01,2026-07-19,,4498.0,
DM-12-03-11-01,2026-07-20,,4248.75,
DM-12-03-11-01,2026-07-21,,4157.5,
DM-12-03-11-01,2026-07-22,,4150.5,0.0
DM-12-03-11-01,2026-07-23,,4266.75,0.0
DM-12-03-11-01,2026-07-24,,4202.5,0.0
DM-12-03-11-01,2026-07-25,,4267.25,0.0
DM-12-03-11-01,2026-07-26,,4265.0,0.0
DM-12-03-11-01,2026-07-27,,4101.75,0.0
DM-12-03-11-01,2026-07-28,,4291.5,0.0
DM-12-03-11-01,2026-07-29,,4218.5,0.0
DM-12-03-11-01,2026-07-30,,4173.5,0.0
DM-12-03-11-01,2026-07-31,,4091.25,0.0
DM-12-03-11-01,2026-08-01,,4277.0,0.0
DM-12-03-11-01,2026-08-02,,4457.5,0.0
DM-12-03-11-01,2026-08-03,,4325.25,0.0
DM-12-03-11-01,2026-08-04,,4201.75,0.0
DM-12-03-11-01,2026-08-05,,4153.75,0.0
DM-12-04-02-02,2026-07-08,,2485.25,
DM-12-04-02-02,2026-07-09,116.375,4211.5,
DM-12-04-02-02,2026-07-10,110.25,4173.0,
DM-12-04-02-02,2026-07-11,118.125,4237.75,
DM-12-04-02-02,2026-07-12,113.375,4218.25,
DM-12-04-02-02,2026-07-13,112.375,4191.75,
DM-12-04-02-02,2026-07-14,110.875,4191.0,
DM-12-04-02-02,2026-07-15,111.625,4186.5,
DM-12-04-02-02,2026-07-16,109.625,4167.5,
DM-12-04-02-02,2026-07-17,113.5,4215.75,
DM-12-04-02-02,2026-07-18,118.25,4292.75,
DM-12-04-02-02,2026-07-19,117.125,4287.0,
DM-12-04-02-02,2026-07-20,116.625,4258.0,
DM-12-04-02-02,2026-07-21,113.125,4213.0,
DM-12-04-02-02,2026-07-22,109.125,4147.0,0.0
DM-12-04-02-02,2026-07-23,120.25,4216.75,4.853
DM-12-04-02-02,2026-07-24,119.25,4220.0,8.707
DM-12-04-02-02,2026-07-25,115.25,4251.25,8.56
DM-12-04-02-02,2026-07-26,114.0,4225.0,7.163
DM-12-04-02-02,2026-07-27,115.0,4195.75,6.767
DM-12-04-02-02,2026-07-28,116.125,4158.25,7.495
DM-12-04-02-02,2026-07-29,113.625,4167.5,5.723
DM-12-04-02-02,2026-07-30,116.0,4253.5,6.327
DM-12-04-02-02,2026-07-31,117.125,4157.0,8.055
DM-12-04-02-02,2026-08-01,117.5,4277.25,10.158
DM-12-04-02-02,2026-08-02,116.75,4283.75,11.512
DM-12-04-02-02,2026-08-03,116.875,4267.5,12.99
DM-12-04-02-02,2026-08-04,111.75,4236.25,9.343
DM-12-04-02-02,2026-08-05,115.375,4224.5,9.322
DM-12-04-03-01,2026-07-08,,2460.5,
DM-12-04-03-01,2026-07-09,68.25,3900.5,
DM-12-04-03-01,2026-07-10,82.0,3560.5,
DM-12-04-03-01,2026-07-11,63.125,3124.0,
DM-12-04-03-01,2026-07-12,60.875,3068.25,
DM-12-04-03-01,2026-07-13,62.75,3269.75,
DM-12-04-03-01,2026-07-14,60.25,3149.25,
DM-12-04-03-01,2026-07-15,67.5,3231.5,
DM-12-04-03-01,2026-07-16,69.125,3098.25,
DM-12-04-03-01,2026-07-17,56.375,3052.5,
DM-12-04-03-01,2026-07-18,63.25,3349.25,
DM-12-04-03-01,2026-07-19,63.75,3138.5,
DM-12-04-03-01,2026-07-20,71.5,3273.75,
DM-12-04-03-01,2026-07-21,66.375,3276.0,
DM-12-04-03-01,2026-07-22,70.375,3321.0,1.538
DM-12-04-03-01,2026-07-23,67.75,3165.0,0.451
DM-12-04-03-01,2026-07-24,69.5,3332.0,1.115
DM-12-04-03-01,2026-07-25,66.0,3299.25,0.0
DM-12-04-03-01,2026-07-26,68.875,3220.25,0.038
DM-12-04-03-01,2026-07-27,68.0,3323.0,0.0
DM-12-04-03-01,2026-07-28,65.25,3089.0,0.0
DM-12-04-03-01,2026-07-29,62.125,3267.25,0.0
DM-12-04-03-01,2026-07-30,66.625,3367.75,0.0
DM-12-04-03-01,2026-07-31,63.875,3201.25,0.0
DM-12-04-03-01,2026-08-01,67.625,3237.0,0.0
DM-12-04-03-01,2026-08-02,76.625,3318.0,7.788
DM-12-04-03-01,2026-08-03,72.5,3524.5,11.451
DM-12-04-03-01,2026-08-04,72.875,3525.5,15.49
DM-12-04-03-01,2026-08-05,66.625,3419.75,13.278
DM-12-04-03-03,2026-07-08,,1274.75,
DM-12-04-03-03,2026-07-09,19.25,1929.5,
DM-12-04-03-03,2026-07-10,42.0,2441.25,
DM-12-04-03-03,2026-07-11,77.25,2440.25,
DM-12-04-03-03,2026-07-12,50.125,2287.5,
DM-12-04-03-03,2026-07-13,42.5,2217.5,
DM-12-04-03-03,2026-07-14,41.375,2251.75,
DM-12-04-03-03,2026-07-15,43.25,2243.25,
DM-12-04-03-03,2026-07-16,41.375,2382.0,
DM-12-04-03-03,2026-07-17,70.875,2528.75,
DM-12-04-03-03,2026-07-18,77.5,2460.25,
DM-12-04-03-03,2026-07-19,45.0,2288.25,
DM-12-04-03-03,2026-07-20,46.875,2271.75,
DM-12-04-03-03,2026-07-21,43.875,2248.0,
DM-12-04-03-03,2026-07-22,48.5,2230.5,0.0
DM-12-04-03-03,2026-07-23,46.75,2451.5,0.0
DM-12-04-03-03,2026-07-24,77.25,2415.75,20.004
DM-12-04-03-03,2026-07-25,46.0,2260.75,8.758
DM-12-04-03-03,2026-07-26,44.625,2231.75,0.0
DM-12-04-03-03,2026-07-27,44.125,2198.75,0.0
DM-12-04-03-03,2026-07-28,46.25,2186.25,0.0
DM-12-04-03-03,2026-07-29,46.25,2222.0,0.0
DM-12-04-03-03,2026-07-30,43.25,2212.0,0.0
DM-12-04-03-03,2026-07-31,49.125,2458.5,0.0
DM-12-04-03-03,2026-08-01,73.875,2554.0,16.629
DM-12-04-03-03,2026-08-02,71.75,2420.25,31.133
DM-12-04-03-03,2026-08-03,45.75,2298.5,19.637
DM-12-04-03-03,2026-08-04,44.75,2300.75,7.14
DM-12-04-03-03,2026-08-05,47.0,2284.0,0.0
DM-12-04-04-03,2026-07-08,,3298.5,
DM-12-04-04-03,2026-07-09,,5910.75,
DM-12-04-04-03,2026-07-10,,5921.5,
DM-12-04-04-03,2026-07-11,,5900.25,
DM-12-04-04-03,2026-07-12,,5842.25,
DM-12-04-04-03,2026-07-13,,5860.0,
DM-12-04-04-03,2026-07-14,,5863.0,
DM-12-04-04-03,2026-07-15,,6043.0,
DM-12-04-04-03,2026-07-16,,5818.5,
DM-12-04-04-03,2026-07-17,,5891.0,
DM-12-04-04-03,2026-07-18,,5910.25,
DM-12-04-04-03,2026-07-19,,5964.25,
DM-12-04-04-03,2026-07-20,,5902.5,
DM-12-04-04-03,2026-07-21,,6026.25,
DM-12-04-04-03,2026-07-22,,6076.25,0.0
DM-12-04-04-03,2026-07-23,,5915.25,0.0
DM-12-04-04-03,2026-07-24,,6287.5,0.0
DM-12-04-04-03,2026-07-25,,6200.75,0.0
DM-12-04-04-03,2026-07-26,,6276.25,0.0
DM-12-04-04-03,2026-07-27,,5956.75,0.0
DM-12-04-04-03,2026-07-28,,5839.0,0.0
DM-12-04-04-03,2026-07-29,,5819.25,0.0
DM-12-04-04-03,2026-07-30,,6033.25,0.0
DM-12-04-04-03,2026-07-31,,5949.5,0.0
DM-12-04-04-03,2026-08-01,,6151.25,0.0
DM-12-04-04-03,2026-08-02,,6231.5,0.0
DM-12-04-04-03,2026-08-03,,6206.5,0.0
DM-12-04-04-03,2026-08-04,,6299.0,0.0
DM-12-04-04-03,2026-08-05,,6240.5,0.0
DM-12-04-05-01,2026-07-08,,3334.25,
DM-12-04-05-01,2026-07-09,146.75,5370.25,
DM-12-04-05-01,2026-07-10,143.875,5482.0,
DM-12-04-05-01,2026-07-11,148.625,5430.75,
DM-12-04-05-01,2026-07-12,153.375,5493.75,
DM-12-04-05-01,2026-07-13,153.375,5592.5,
DM-12-04-05-01,2026-07-14,155.75,5528.5,
DM-12-04-05-01,2026-07-15,146.0,5502.25,
DM-12-04-05-01,2026-07-16,148.0,5515.25,
DM-12-04-05-01,2026-07-17,147.0,5455.75,
DM-12-04-05-01,2026-07-18,147.25,5571.5,
DM-12-04-05-01,2026-07-19,153.875,5525.0,
DM-12-04-05-01,2026-07-20,152.625,5625.0,
DM-12-04-05-01,2026-07-21,149.125,5619.5,
DM-12-04-05-01,2026-07-22,150.125,5543.25,0.0
DM-12-04-05-01,2026-07-23,154.875,5623.5,3.438
DM-12-04-05-01,2026-07-24,151.375,5603.25,3.376
DM-12-04-05-01,2026-07-25,148.625,5625.25,0.564
DM-12-04-05-01,2026-07-26,150.0,5536.0,0.0
DM-12-04-05-01,2026-07-27,153.375,5621.5,1.938
DM-12-04-05-01,2026-07-28,150.125,5527.0,0.626
DM-12-04-05-01,2026-07-29,154.5,5496.0,3.689
DM-12-04-05-01,2026-07-30,151.125,5540.75,3.377
DM-12-04-05-01,2026-07-31,147.75,5454.75,0.0
DM-12-04-05-01,2026-08-01,154.5,5578.5,3.063
DM-12-04-05-01,2026-08-02,152.125,5561.5,3.751
DM-12-04-05-01,2026-08-03,151.375,5695.0,3.689
DM-12-04-05-01,2026-08-04,152.75,5661.0,5.002
DM-12-04-05-01,2026-08-05,152.375,5654.5,5.94
DM-12-04-05-02,2026-07-08,,5484.5,
DM-12-04-05-02,2026-07-09,217.375,8909.5,
DM-12-04-05-02,2026-07-10,224.75,9143.25,
DM-12-04-05-02,2026-07-11,234.75,9223.25,
DM-12-04-05-02,2026-07-12,241.0,9335.25,
DM-12-04-05-02,2026-07-13,228.625,9349.25,
DM-12-04-05-02,2026-07-14,231.5,8887.25,
DM-12-04-05-02,2026-07-15,202.25,8296.5,
DM-12-04-05-02,2026-07-16,203.375,8208.0,
DM-12-04-05-02,2026-07-17,202.75,8178.5,
DM-12-04-05-02,2026-07-18,212.375,8364.5,
DM-12-04-05-02,2026-07-19,208.625,8314.25,
DM-12-04-05-02,2026-07-20,213.375,8342.0,
DM-12-04-05-02,2026-07-21,204.0,8324.25,
DM-12-04-05-02,2026-07-22,214.375,8306.5,0.0
DM-12-04-05-02,2026-07-23,215.375,8259.0,0.0
DM-12-04-05-02,2026-07-24,218.125,8376.25,0.0
DM-12-04-05-02,2026-07-25,214.875,8359.5,0.0
DM-12-04-05-02,2026-07-26,216.25,8286.75,0.0
DM-12-04-05-02,2026-07-27,208.125,8326.5,0.0
DM-12-04-05-02,2026-07-28,214.75,8210.5,0.0
DM-12-04-05-02,2026-07-29,220.0,8246.5,0.0
DM-12-04-05-02,2026-07-30,205.5,8252.75,0.0
DM-12-04-05-02,2026-07-31,215.875,8213.25,0.0
DM-12-04-05-02,2026-08-01,213.375,8258.25,0.0
DM-12-04-05-02,2026-08-02,210.25,8292.75,0.0
DM-12-04-05-02,2026-08-03,209.75,8375.75,0.0
DM-12-04-05-02,2026-08-04,208.625,8370.5,0.0
DM-12-04-05-02,2026-08-05,211.5,8335.5,0.0
DM-12-04-07-01,2026-07-08,,3275.0,
DM-12-04-07-01,2026-07-09,142.25,5461.75,
DM-12-04-07-01,2026-07-10,145.625,5477.0,
DM-12-04-07-01,2026-07-11,150.125,5663.25,
DM-12-04-07-01,2026-07-12,150.5,5755.75,
DM-12-04-07-01,2026-07-13,147.0,5609.25,
DM-12-04-07-01,2026-07-14,142.5,5557.75,
DM-12-04-07-01,2026-07-15,145.375,5584.5,
DM-12-04-07-01,2026-07-16,149.25,5496.5,
DM-12-04-07-01,2026-07-17,150.75,5533.5,
DM-12-04-07-01,2026-07-18,151.625,5778.0,
DM-12-04-07-01,2026-07-19,159.875,5907.25,
DM-12-04-07-01,2026-07-20,157.375,5674.5,
DM-12-04-07-01,2026-07-21,156.75,5656.5,
DM-12-04-07-01,2026-07-22,161.0,5661.75,8.419
DM-12-04-07-01,2026-07-23,154.5,5668.5,10.339
DM-12-04-07-01,2026-07-24,156.75,5684.25,14.508
DM-12-04-07-01,2026-07-25,158.625,5776.25,20.552
DM-12-04-07-01,2026-07-26,154.75,5765.75,22.722
DM-12-04-07-01,2026-07-27,161.125,5631.5,31.266
DM-12-04-07-01,2026-07-28,156.5,5671.0,35.185
DM-12-04-07-01,2026-07-29,150.375,5671.75,32.98
DM-12-04-07-01,2026-07-30,149.75,5688.5,30.149
DM-12-04-07-01,2026-07-31,150.625,5618.25,28.193
DM-12-04-07-01,2026-08-01,157.625,5853.25,33.238
DM-12-04-07-01,2026-08-02,168.0,5932.75,48.657
DM-12-04-07-01,2026-08-03,171.5,5800.0,67.576
DM-12-04-07-01,2026-08-04,158.5,5650.25,73.496
DM-12-04-07-01,2026-08-05,150.625,5619.75,71.54
DM-12-04-07-02,2026-07-08,144.375,2239.25,
DM-12-04-07-02,2026-07-09,158.25,3719.5,
DM-12-04-07-02,2026-07-10,155.125,3788.0,
DM-12-04-07-02,2026-07-11,154.625,4001.75,
DM-12-04-07-02,2026-07-12,164.0,4136.75,
DM-12-04-07-02,2026-07-13,152.125,3882.5,
DM-12-04-07-02,2026-07-14,150.75,3856.25,
DM-12-04-07-02,2026-07-15,149.0,3857.25,
DM-12-04-07-02,2026-07-16,150.875,3771.0,
DM-12-04-07-02,2026-07-17,158.625,3885.5,
DM-12-04-07-02,2026-07-18,152.0,4052.0,
DM-12-04-07-02,2026-07-19,162.125,4119.25,
DM-12-04-07-02,2026-07-20,121.5,3805.75,
DM-12-04-07-02,2026-07-21,123.0,3875.5,
DM-12-04-07-02,2026-07-22,129.0,3819.75,0.0
DM-12-04-07-02,2026-07-23,117.25,3792.75,0.0
DM-12-04-07-02,2026-07-24,103.125,3784.0,0.0
DM-12-04-07-02,2026-07-25,125.0,3900.25,0.0
DM-12-04-07-02,2026-07-26,131.0,3979.5,0.0
DM-12-04-07-02,2026-07-27,102.375,3821.25,0.0
DM-12-04-07-02,2026-07-28,109.875,3960.0,0.0
DM-12-04-07-02,2026-07-29,91.5,3872.5,0.0
DM-12-04-07-02,2026-07-30,128.75,3863.25,0.0
DM-12-04-07-02,2026-07-31,109.5,3765.5,0.0
DM-12-04-07-02,2026-08-01,118.0,4012.5,0.0
DM-12-04-07-02,2026-08-02,134.625,4153.25,0.0
DM-12-04-07-02,2026-08-03,131.5,3981.25,0.0
DM-12-04-07-02,2026-08-04,123.25,3845.5,0.0
DM-12-04-07-02,2026-08-05,136.875,3944.25,0.0
DM-12-04-09-01,2026-07-08,31.125,1212.75,
DM-12-04-09-01,2026-07-09,46.375,2071.75,
DM-12-04-09-01,2026-07-10,39.875,2179.25,
DM-12-04-09-01,2026-07-11,42.25,2276.5,
DM-12-04-09-01,2026-07-12,40.5,2289.75,
DM-12-04-09-01,2026-07-13,51.25,2229.5,
DM-12-04-09-01,2026-07-14,50.125,2295.75,
DM-12-04-09-01,2026-07-15,37.0,2225.25,
DM-12-04-09-01,2026-07-16,33.375,2098.5,
DM-12-04-09-01,2026-07-17,33.125,2199.25,
DM-12-04-09-01,2026-07-18,44.25,2305.75,
DM-12-04-09-01,2026-07-19,55.375,2432.75,
DM-12-04-09-01,2026-07-20,33.625,2323.0,
DM-12-04-09-01,2026-07-21,53.875,2114.75,
DM-12-04-09-01,2026-07-22,60.0,1907.75,13.769
DM-12-04-09-01,2026-07-23,57.5,2104.75,25.037
DM-12-04-09-01,2026-07-24,38.75,2148.0,17.556
DM-12-04-09-01,2026-07-25,30.5,2154.75,1.825
DM-12-04-09-01,2026-07-26,39.875,2222.25,0.0
DM-12-04-09-01,2026-07-27,39.75,1838.5,0.0
DM-12-04-09-01,2026-07-28,62.375,2287.5,16.144
DM-12-04-09-01,2026-07-29,40.375,2303.25,10.287
DM-12-04-09-01,2026-07-30,31.25,2144.25,0.0
DM-12-04-09-01,2026-07-31,29.75,2063.5,0.0
DM-12-04-09-01,2026-08-01,32.25,2191.75,0.0
DM-12-04-09-01,2026-08-02,49.875,2297.25,3.644
DM-12-04-09-01,2026-08-03,49.25,2002.75,6.662
DM-12-04-09-01,2026-08-04,41.875,2062.75,2.306
DM-12-04-09-01,2026-08-05,47.25,2004.75,3.325
DM-12-05-01-01,2026-07-08,,2842.25,
DM-12-05-01-01,2026-07-09,77.375,4517.25,
DM-12-05-01-01,2026-07-10,81.125,4606.0,
DM-12-05-01-01,2026-07-11,86.875,4491.75,
DM-12-05-01-01,2026-07-12,85.25,4439.75,
DM-12-05-01-01,2026-07-13,82.875,4656.0,
DM-12-05-01-01,2026-07-14,19.75,4331.5,
DM-12-05-01-01,2026-07-15,82.875,4646.0,
DM-12-05-01-01,2026-07-16,82.375,4650.5,
DM-12-05-01-01,2026-07-17,79.0,4690.0,
DM-12-05-01-01,2026-07-18,84.125,4603.75,
DM-12-05-01-01,2026-07-19,88.375,4688.25,
DM-12-05-01-01,2026-07-20,92.25,4710.0,
DM-12-05-01-01,2026-07-21,79.125,4750.5,
DM-12-05-01-01,2026-07-22,98.375,4685.25,11.095
DM-12-05-01-01,2026-07-23,106.25,4661.5,30.065
DM-12-05-01-01,2026-07-24,83.375,4652.75,26.16
DM-12-05-01-01,2026-07-25,86.5,4544.25,25.379
DM-12-05-01-01,2026-07-26,86.0,4534.75,24.099
DM-12-05-01-01,2026-07-27,86.25,4622.0,23.069
DM-12-05-01-01,2026-07-28,81.625,4345.5,17.414
DM-12-05-01-01,2026-07-29,80.875,4250.25,11.009
DM-12-05-01-01,2026-07-30,82.375,4472.0,6.104
DM-12-05-01-01,2026-07-31,83.875,4597.25,2.698
DM-12-05-01-01,2026-08-01,86.875,4423.0,2.293
DM-12-05-01-01,2026-08-02,85.125,4564.75,0.138
DM-12-05-01-01,2026-08-03,87.875,4624.0,0.733
DM-12-05-01-01,2026-08-04,82.625,4557.25,0.0
DM-12-05-01-01,2026-08-05,82.875,4561.25,0.0
DM-12-05-03-01,2026-07-08,,2821.0,
DM-12-05-03-01,2026-07-09,,5107.75,
DM-12-05-03-01,2026-07-10,,5154.75,
DM-12-05-03-01,2026-07-11,,5236.75,
DM-12-05-03-01,2026-07-12,,5253.75,
DM-12-05-03-01,2026-07-13,,5235.5,
DM-12-05-03-01,2026-07-14,,5146.0,
DM-12-05-03-01,2026-07-15,,5052.75,
DM-12-05-03-01,2026-07-16,,5029.5,
DM-12-05-03-01,2026-07-17,,5093.25,
DM-12-05-03-01,2026-07-18,,5153.0,
DM-12-05-03-01,2026-07-19,,5041.5,
DM-12-05-03-01,2026-07-20,,5078.75,
DM-12-05-03-01,2026-07-21,,5016.25,
DM-12-05-03-01,2026-07-22,,4909.5,0.0
DM-12-05-03-01,2026-07-23,,4922.5,0.0
DM-12-05-03-01,2026-07-24,,5061.0,0.0
DM-12-05-03-01,2026-07-25,,4964.5,0.0
DM-12-05-03-01,2026-07-26,,4884.5,0.0
DM-12-05-03-01,2026-07-27,,4932.5,0.0
DM-12-05-03-01,2026-07-28,,4809.75,0.0
DM-12-05-03-01,2026-07-29,,4863.5,0.0
DM-12-05-03-01,2026-07-30,,4969.0,0.0
DM-12-05-03-01,2026-07-31,,4925.25,0.0
DM-12-05-03-01,2026-08-01,,5032.75,0.0
DM-12-05-03-01,2026-08-02,,5063.25,0.0
DM-12-05-03-01,2026-08-03,,5085.5,0.0
DM-12-05-03-01,2026-08-04,,5106.5,0.0
DM-12-05-03-01,2026-08-05,,4995.75,0.0
DM-12-05-04-01,2026-07-08,,812.75,
DM-12-05-04-01,2026-07-09,,1454.5,
DM-12-05-04-01,2026-07-10,,1486.75,
DM-12-05-04-01,2026-07-11,,1511.0,
DM-12-05-04-01,2026-07-12,,1482.5,
DM-12-05-04-01,2026-07-13,,1496.25,
DM-12-05-04-01,2026-07-14,,1451.5,
DM-12-05-04-01,2026-07-15,,1390.5,
DM-12-05-04-01,2026-07-16,,1321.25,
DM-12-05-04-01,2026-07-17,,1338.75,
DM-12-05-04-01,2026-07-18,,1373.25,
DM-12-05-04-01,2026-07-19,,1348.25,
DM-12-05-04-01,2026-07-20,,1347.25,
DM-12-05-04-01,2026-07-21,,1335.0,
DM-12-05-04-01,2026-07-22,,1331.0,0.0
DM-12-05-04-01,2026-07-23,,1340.5,0.0
DM-12-05-04-01,2026-07-24,,1358.75,0.0
DM-12-05-04-01,2026-07-25,,1383.0,0.0
DM-12-05-04-01,2026-07-26,,1374.5,0.0
DM-12-05-04-01,2026-07-27,,1356.5,0.0
DM-12-05-04-01,2026-07-28,,1338.0,0.0
DM-12-05-04-01,2026-07-29,,1333.25,0.0
DM-12-05-04-01,2026-07-30,,1321.75,0.0
DM-12-05-04-01,2026-07-31,,1337.25,0.0
DM-12-05-04-01,2026-08-01,,1367.5,0.0
DM-12-05-04-01,2026-08-02,,1372.25,0.0
DM-12-05-04-01,2026-08-03,,1374.25,0.0
DM-12-05-04-01,2026-08-04,,1354.0,0.0
DM-12-05-04-01,2026-08-05,,1344.75,0.0
DM-12-05-05-02,2026-07-08,,699.25,
DM-12-05-05-02,2026-07-09,8.875,1069.0,
DM-12-05-05-02,2026-07-10,10.625,1126.75,
DM-12-05-05-02,2026-07-11,3.0,842.5,
DM-12-05-05-02,2026-07-12,2.875,760.0,
DM-12-05-05-02,2026-07-13,10.5,1116.25,
DM-12-05-05-02,2026-07-14,8.875,1023.25,
DM-12-05-05-02,2026-07-15,10.875,1002.25,
DM-12-05-05-02,2026-07-16,15.375,1110.25,
DM-12-05-05-02,2026-07-17,8.875,1011.25,
DM-12-05-05-02,2026-07-18,8.25,860.0,
DM-12-05-05-02,2026-07-19,7.75,930.25,
DM-12-05-05-02,2026-07-20,10.875,1090.25,
DM-12-05-05-02,2026-07-21,12.375,1170.0,
DM-12-05-05-02,2026-07-22,13.875,1126.0,3.075
DM-12-05-05-02,2026-07-23,21.75,1058.0,14.025
DM-12-05-05-02,2026-07-24,9.0,1085.0,12.225
DM-12-05-05-02,2026-07-25,5.375,845.0,6.799
DM-12-05-05-02,2026-07-26,5.375,859.75,1.374
DM-12-05-05-02,2026-07-27,12.375,1077.0,2.949
DM-12-05-05-02,2026-07-28,7.625,805.25,0.0
DM-12-05-05-02,2026-07-29,7.625,819.25,0.0
DM-12-05-05-02,2026-07-30,9.5,842.0,0.0
DM-12-05-05-02,2026-07-31,9.5,980.5,0.0
DM-12-05-05-02,2026-08-01,4.625,775.5,0.0
DM-12-05-05-02,2026-08-02,5.125,799.25,0.0
DM-12-05-05-02,2026-08-03,10.375,1078.25,0.0
DM-12-05-05-02,2026-08-04,12.5,1035.25,1.7
DM-12-05-05-02,2026-08-05,12.125,1058.25,3.025
DM-12-05-06-02,2026-07-08,85.625,1827.25,
DM-12-05-06-02,2026-07-09,84.0,3410.5,
DM-12-05-06-02,2026-07-10,86.75,3440.0,
DM-12-05-06-02,2026-07-11,89.625,3537.75,
DM-12-05-06-02,2026-07-12,90.875,3597.0,
DM-12-05-06-02,2026-07-13,89.75,3592.25,
DM-12-05-06-02,2026-07-14,85.25,3501.25,
DM-12-05-06-02,2026-07-15,85.875,3532.5,
DM-12-05-06-02,2026-07-16,88.5,3501.0,
DM-12-05-06-02,2026-07-17,92.5,3504.5,
DM-12-05-06-02,2026-07-18,88.75,3669.75,
DM-12-05-06-02,2026-07-19,90.75,3713.0,
DM-12-05-06-02,2026-07-20,84.375,3486.0,
DM-12-05-06-02,2026-07-21,82.125,3438.25,
DM-12-05-06-02,2026-07-22,86.625,3405.0,0.0
DM-12-05-06-02,2026-07-23,86.625,3454.25,0.0
DM-12-05-06-02,2026-07-24,92.0,3555.0,3.043
DM-12-05-06-02,2026-07-25,93.5,3673.5,7.586
DM-12-05-06-02,2026-07-26,94.5,3749.0,13.13
DM-12-05-06-02,2026-07-27,94.875,3702.5,19.048
DM-12-05-06-02,2026-07-28,88.25,3521.75,18.341
DM-12-05-06-02,2026-07-29,90.25,3517.75,19.634
DM-12-05-06-02,2026-07-30,91.25,3586.0,21.927
DM-12-05-06-02,2026-07-31,89.375,3468.5,22.346
DM-12-05-06-02,2026-08-01,90.0,3615.25,23.389
DM-12-05-06-02,2026-08-02,86.375,3680.75,20.807
DM-12-05-06-02,2026-08-03,89.0,3567.5,20.85
DM-12-05-06-02,2026-08-04,90.0,3595.0,21.894
DM-12-05-06-02,2026-08-05,91.25,3576.75,24.187
DM-12-05-09-01,2026-07-08,105.375,2281.0,
DM-12-05-09-01,2026-07-09,110.25,4415.0,
DM-12-05-09-01,2026-07-10,109.75,4504.5,
DM-12-05-09-01,2026-07-11,128.625,4780.25,
DM-12-05-09-01,2026-07-12,126.625,4812.25,
DM-12-05-09-01,2026-07-13,129.625,4929.5,
DM-12-05-09-01,2026-07-14,133.625,5094.0,
DM-12-05-09-01,2026-07-15,145.125,5304.25,
DM-12-05-09-01,2026-07-16,86.25,3700.25,
DM-12-05-09-01,2026-07-17,92.375,3545.75,
DM-12-05-09-01,2026-07-18,91.25,3720.0,
DM-12-05-09-01,2026-07-19,89.0,3748.0,
DM-12-05-09-01,2026-07-20,89.75,3601.5,
DM-12-05-09-01,2026-07-21,82.25,3609.5,
DM-12-05-09-01,2026-07-22,89.875,3562.75,0.0
DM-12-05-09-01,2026-07-23,82.25,3514.5,0.0
DM-12-05-09-01,2026-07-24,94.5,3545.0,0.0
DM-12-05-09-01,2026-07-25,83.875,3567.75,0.0
DM-12-05-09-01,2026-07-26,87.625,3632.75,0.0
DM-12-05-09-01,2026-07-27,85.5,3479.25,0.0
DM-12-05-09-01,2026-07-28,86.0,3562.75,0.0
DM-12-05-09-01,2026-07-29,96.25,3590.75,0.0
DM-12-05-09-01,2026-07-30,89.0,3612.5,0.0
DM-12-05-09-01,2026-07-31,96.125,3580.25,0.0
DM-12-05-09-01,2026-08-01,95.75,3639.0,0.0
DM-12-05-09-01,2026-08-02,87.0,3716.25,0.0
DM-12-05-09-01,2026-08-03,87.875,3621.25,0.0
DM-12-05-09-01,2026-08-04,83.75,3608.0,0.0
DM-12-05-09-01,2026-08-05,80.375,3630.25,0.0
DM-12-05-10-01,2026-07-08,,2802.0,
DM-12-05-10-01,2026-07-09,,4917.0,
DM-12-05-10-01,2026-07-10,,4939.75,
DM-12-05-10-01,2026-07-11,,4969.5,
DM-12-05-10-01,2026-07-12,,4938.75,
DM-12-05-10-01,2026-07-13,,5012.5,
DM-12-05-10-01,2026-07-14,,5041.0,
DM-12-05-10-01,2026-07-15,,4947.0,
DM-12-05-10-01,2026-07-16,,4984.5,
DM-12-05-10-01,2026-07-17,,5028.25,
DM-12-05-10-01,2026-07-18,,5042.0,
DM-12-05-10-01,2026-07-19,,5114.75,
DM-12-05-10-01,2026-07-20,,4975.0,
DM-12-05-10-01,2026-07-21,,5022.25,
DM-12-05-10-01,2026-07-22,,4954.75,0.0
DM-12-05-10-01,2026-07-23,,4998.5,0.0
DM-12-05-10-01,2026-07-24,,4996.25,0.0
DM-12-05-10-01,2026-07-25,,4960.75,0.0
DM-12-05-10-01,2026-07-26,,5010.5,0.0
DM-12-05-10-01,2026-07-27,,4949.0,0.0
DM-12-05-10-01,2026-07-28,,4898.75,0.0
DM-12-05-10-01,2026-07-29,,4823.75,0.0
DM-12-05-10-01,2026-07-30,,4948.25,0.0
DM-12-05-10-01,2026-07-31,,4908.0,0.0
DM-12-05-10-01,2026-08-01,,4956.0,0.0
DM-12-05-10-01,2026-08-02,,5065.75,0.0
DM-12-05-10-01,2026-08-03,,5043.75,0.0
DM-12-05-10-01,2026-08-04,,5004.0,0.0
DM-12-05-10-01,2026-08-05,,5034.0,0.0
DM-12-06-01-01,2026-07-08,,3848.0,
DM-12-06-01-01,2026-07-09,,6656.5,
DM-12-06-01-01,2026-07-10,,6819.5,
DM-12-06-01-01,2026-07-11,,6794.25,
DM-12-06-01-01,2026-07-12,,6718.75,
DM-12-06-01-01,2026-07-13,,6695.5,
DM-12-06-01-01,2026-07-14,,6836.0,
DM-12-06-01-01,2026-07-15,,6822.75,
DM-12-06-01-01,2026-07-16,,5145.5,
DM-12-06-01-01,2026-07-17,,4378.75,
DM-12-06-01-01,2026-07-18,,4435.75,
DM-12-06-01-01,2026-07-19,,4543.75,
DM-12-06-01-01,2026-07-20,,4492.0,
DM-12-06-01-01,2026-07-21,,4507.25,
DM-12-06-01-01,2026-07-22,,4382.5,0.0
DM-12-06-01-01,2026-07-23,,4521.75,0.0
DM-12-06-01-01,2026-07-24,,4465.25,0.0
DM-12-06-01-01,2026-07-25,,4601.25,0.0
DM-12-06-01-01,2026-07-26,,4589.25,0.0
DM-12-06-01-01,2026-07-27,,4528.25,0.0
DM-12-06-01-01,2026-07-28,,4421.75,0.0
DM-12-06-01-01,2026-07-29,,4353.75,0.0
DM-12-06-01-01,2026-07-30,,4460.25,0.0
DM-12-06-01-01,2026-07-31,,4405.5,0.0
DM-12-06-01-01,2026-08-01,,4397.0,0.0
DM-12-06-01-01,2026-08-02,,4422.25,0.0
DM-12-06-01-01,2026-08-03,,4457.5,0.0
DM-12-06-01-01,2026-08-04,,4441.25,0.0
DM-12-06-01-01,2026-08-05,,4425.75,0.0
DM-12-06-02-01,2026-07-08,,687.0,
DM-12-06-02-01,2026-07-09,30.875,1171.5,
DM-12-06-02-01,2026-07-10,32.0,1180.75,
DM-12-06-02-01,2026-07-11,32.75,1237.0,
DM-12-06-02-01,2026-07-12,33.5,1235.0,
DM-12-06-02-01,2026-07-13,31.0,1138.25,
DM-12-06-02-01,2026-07-14,31.875,1128.0,
DM-12-06-02-01,2026-07-15,28.375,1103.0,
DM-12-06-02-01,2026-07-16,27.625,1086.0,
DM-12-06-02-01,2026-07-17,28.25,1082.25,
DM-12-06-02-01,2026-07-18,30.25,1154.0,
DM-12-06-02-01,2026-07-19,29.375,1141.25,
DM-12-06-02-01,2026-07-20,29.375,1107.75,
DM-12-06-02-01,2026-07-21,27.75,1095.25,
DM-12-06-02-01,2026-07-22,20.75,1069.0,0.0
DM-12-06-02-01,2026-07-23,26.125,1084.75,0.0
DM-12-06-02-01,2026-07-24,30.25,1120.25,0.0
DM-12-06-02-01,2026-07-25,29.875,1179.25,0.0
DM-12-06-02-01,2026-07-26,31.5,1193.5,0.332
DM-12-06-02-01,2026-07-27,28.625,1091.0,0.0
DM-12-06-02-01,2026-07-28,31.375,1150.0,0.207
DM-12-06-02-01,2026-07-29,31.0,1165.75,0.04
DM-12-06-02-01,2026-07-30,29.75,1179.0,0.0
DM-12-06-02-01,2026-07-31,32.625,1258.5,1.457
DM-12-06-02-01,2026-08-01,33.5,1305.75,3.79
DM-12-06-02-01,2026-08-02,34.375,1303.0,6.997
DM-12-06-02-01,2026-08-03,33.125,1253.25,8.954
DM-12-06-02-01,2026-08-04,33.25,1280.5,11.036
DM-12-06-02-01,2026-08-05,34.625,1228.25,14.494
DM-12-06-03-02,2026-07-08,,2344.25,
DM-12-06-03-02,2026-07-09,72.5,3767.75,
DM-12-06-03-02,2026-07-10,74.0,3823.0,
DM-12-06-03-02,2026-07-11,81.0,3970.5,
DM-12-06-03-02,2026-07-12,75.5,3951.75,
DM-12-06-03-02,2026-07-13,74.625,3954.0,
DM-12-06-03-02,2026-07-14,81.625,3833.25,
DM-12-06-03-02,2026-07-15,75.125,3828.25,
DM-12-06-03-02,2026-07-16,75.5,3799.5,
DM-12-06-03-02,2026-07-17,87.375,3901.75,
DM-12-06-03-02,2026-07-18,74.375,4041.75,
DM-12-06-03-02,2026-07-19,101.125,4153.0,
DM-12-06-03-02,2026-07-20,79.375,3983.0,
DM-12-06-03-02,2026-07-21,78.875,3902.75,
DM-12-06-03-02,2026-07-22,72.875,3798.75,0.0
DM-12-06-03-02,2026-07-23,93.375,3829.0,10.355
DM-12-06-03-02,2026-07-24,78.875,3861.25,6.209
DM-12-06-03-02,2026-07-25,89.5,3999.25,12.689
DM-12-06-03-02,2026-07-26,81.875,3980.0,11.543
DM-12-06-03-02,2026-07-27,82.125,3945.75,10.648
DM-12-06-03-02,2026-07-28,80.5,3845.5,8.128
DM-12-06-03-02,2026-07-29,81.0,3857.75,6.107
DM-12-06-03-02,2026-07-30,80.75,3915.75,3.837
DM-12-06-03-02,2026-07-31,77.625,3806.5,0.0
DM-12-06-03-02,2026-08-01,80.625,4054.5,0.0
DM-12-06-03-02,2026-08-02,84.625,4104.25,1.605
DM-12-06-03-02,2026-08-03,95.625,4091.0,14.209
DM-12-06-03-02,2026-08-04,77.75,4004.5,8.939
DM-12-06-03-02,2026-08-05,93.25,3991.0,19.168
DM-12-06-04-01,2026-07-08,,1809.75,
DM-12-06-04-01,2026-07-09,72.375,2968.0,
DM-12-06-04-01,2026-07-10,63.125,3008.0,
DM-12-06-04-01,2026-07-11,75.875,2912.75,
DM-12-06-04-01,2026-07-12,72.25,2961.5,
DM-12-06-04-01,2026-07-13,64.75,2974.75,
DM-12-06-04-01,2026-07-14,73.5,2996.0,
DM-12-06-04-01,2026-07-15,62.25,2966.0,
DM-12-06-04-01,2026-07-16,76.625,2949.25,
DM-12-06-04-01,2026-07-17,69.0,2978.25,
DM-12-06-04-01,2026-07-18,67.375,2950.25,
DM-12-06-04-01,2026-07-19,78.25,3013.0,
DM-12-06-04-01,2026-07-20,77.25,3031.25,
DM-12-06-04-01,2026-07-21,63.0,2994.5,
DM-12-06-04-01,2026-07-22,61.0,2948.25,0.0
DM-12-06-04-01,2026-07-23,64.625,2967.25,0.0
DM-12-06-04-01,2026-07-24,72.875,3036.5,0.0
DM-12-06-04-01,2026-07-25,67.125,2904.5,0.0
DM-12-06-04-01,2026-07-26,70.5,2984.25,0.0
DM-12-06-04-01,2026-07-27,65.0,2954.0,0.0
DM-12-06-04-01,2026-07-28,62.75,2811.25,0.0
DM-12-06-04-01,2026-07-29,73.25,2834.0,0.005
DM-12-06-04-01,2026-07-30,64.75,2737.25,0.0
DM-12-06-04-01,2026-07-31,61.625,2793.25,0.0
DM-12-06-04-01,2026-08-01,65.125,2821.75,0.0
DM-12-06-04-01,2026-08-02,63.75,2896.0,0.0
DM-12-06-04-01,2026-08-03,65.5,2933.75,0.0
DM-12-06-04-01,2026-08-04,73.375,2900.25,0.13
DM-12-06-04-01,2026-08-05,70.125,2866.75,0.0
DM-12-06-05-01,2026-07-08,90.75,1946.75,
DM-12-06-05-01,2026-07-09,85.0,3541.75,
DM-12-06-05-01,2026-07-10,99.125,3586.25,
DM-12-06-05-01,2026-07-11,84.0,3391.75,
DM-12-06-05-01,2026-07-12,76.875,3471.0,
DM-12-06-05-01,2026-07-13,72.0,3400.0,
DM-12-06-05-01,2026-07-14,89.625,3386.25,
DM-12-06-05-01,2026-07-15,80.875,3525.5,
DM-12-06-05-01,2026-07-16,80.125,3710.25,
DM-12-06-05-01,2026-07-17,80.125,3700.0,
DM-12-06-05-01,2026-07-18,82.875,3473.0,
DM-12-06-05-01,2026-07-19,72.875,3444.0,
DM-12-06-05-01,2026-07-20,86.75,3553.0,
DM-12-06-05-01,2026-07-21,89.25,3569.5,
DM-12-06-05-01,2026-07-22,84.125,3599.0,0.0
DM-12-06-05-01,2026-07-23,87.75,3599.5,0.627
DM-12-06-05-01,2026-07-24,95.875,3639.5,9.379
DM-12-06-05-01,2026-07-25,83.125,3559.75,5.381
DM-12-06-05-01,2026-07-26,86.375,3607.25,4.633
DM-12-06-05-01,2026-07-27,84.5,3602.25,2.009
DM-12-06-05-01,2026-07-28,95.5,3733.75,10.386
DM-12-06-05-01,2026-07-29,94.875,3940.5,18.138
DM-12-06-05-01,2026-07-30,98.75,4067.0,29.765
DM-12-06-05-01,2026-07-31,105.75,4085.5,48.392
DM-12-06-05-01,2026-08-01,99.25,3987.5,60.519
DM-12-06-05-01,2026-08-02,96.25,3889.25,69.646
DM-12-06-05-01,2026-08-03,86.125,3662.75,68.648
DM-12-06-05-01,2026-08-04,91.5,4025.75,73.024
DM-12-06-05-01,2026-08-05,124.375,3597.25,110.276
DM-12-06-07-01,2026-07-08,,1117.25,
DM-12-06-07-01,2026-07-09,,1962.0,
DM-12-06-07-01,2026-07-10,,2009.0,
DM-12-06-07-01,2026-07-11,,2095.5,
DM-12-06-07-01,2026-07-12,,2125.75,
DM-12-06-07-01,2026-07-13,,2040.0,
DM-12-06-07-01,2026-07-14,,2006.25,
DM-12-06-07-01,2026-07-15,,1996.0,
DM-12-06-07-01,2026-07-16,,1964.25,
DM-12-06-07-01,2026-07-17,,1969.0,
DM-12-06-07-01,2026-07-18,,2129.0,
DM-12-06-07-01,2026-07-19,,2139.5,
DM-12-06-07-01,2026-07-20,,2010.0,
DM-12-06-07-01,2026-07-21,,2032.5,
DM-12-06-07-01,2026-07-22,,1985.0,0.0
DM-12-06-07-01,2026-07-23,,2024.25,0.0
DM-12-06-07-01,2026-07-24,,1984.5,0.0
DM-12-06-07-01,2026-07-25,,2012.5,0.0
DM-12-06-07-01,2026-07-26,,2009.75,0.0
DM-12-06-07-01,2026-07-27,,1913.0,0.0
DM-12-06-07-01,2026-07-28,,1932.25,0.0
DM-12-06-07-01,2026-07-29,,1900.75,0.0
DM-12-06-07-01,2026-07-30,,1917.25,0.0
DM-12-06-07-01,2026-07-31,,1912.5,0.0
DM-12-06-07-01,2026-08-01,,1983.5,0.0
DM-12-06-07-01,2026-08-02,,2078.25,0.0
DM-12-06-07-01,2026-08-03,,1969.75,0.0
DM-12-06-07-01,2026-08-04,,1971.75,0.0
DM-12-06-07-01,2026-08-05,,1942.25,0.0
DM-12-06-08-01,2026-07-08,28.25,897.5,
DM-12-06-08-01,2026-07-09,29.25,1788.75,
DM-12-06-08-01,2026-07-10,30.5,1821.5,
DM-12-06-08-01,2026-07-11,30.375,1826.5,
DM-12-06-08-01,2026-07-12,30.625,1844.5,
DM-12-06-08-01,2026-07-13,29.625,1844.0,
DM-12-06-08-01,2026-07-14,29.625,1892.5,
DM-12-06-08-01,2026-07-15,30.125,1825.0,
DM-12-06-08-01,2026-07-16,29.875,1750.25,
DM-12-06-08-01,2026-07-17,30.75,1739.0,
DM-12-06-08-01,2026-07-18,31.25,1918.25,
DM-12-06-08-01,2026-07-19,28.5,1956.75,
DM-12-06-08-01,2026-07-20,28.25,1916.0,
DM-12-06-08-01,2026-07-21,20.875,1750.25,
DM-12-06-08-01,2026-07-22,21.75,1562.25,0.0
DM-12-06-08-01,2026-07-23,21.125,1551.0,0.0
DM-12-06-08-01,2026-07-24,21.0,1587.0,0.0
DM-12-06-08-01,2026-07-25,22.125,1653.5,0.0
DM-12-06-08-01,2026-07-26,23.125,1688.25,0.0
DM-12-06-08-01,2026-07-27,20.25,1486.5,0.0
DM-12-06-08-01,2026-07-28,24.0,1514.75,0.0
DM-12-06-08-01,2026-07-29,21.0,1470.75,0.0
DM-12-06-08-01,2026-07-30,21.875,1478.75,0.0
DM-12-06-08-01,2026-07-31,22.375,1503.5,0.0
DM-12-06-08-01,2026-08-01,22.5,1601.5,0.0
DM-12-06-08-01,2026-08-02,22.625,1668.25,0.0
DM-12-06-08-01,2026-08-03,22.0,1651.75,0.0
DM-12-06-08-01,2026-08-04,20.0,1586.5,0.0
DM-12-06-08-01,2026-08-05,22.75,1497.0,0.0
DM-12-07-03-01,2026-07-08,,2187.75,
DM-12-07-03-01,2026-07-09,90.5,3921.75,
DM-12-07-03-01,2026-07-10,88.75,3552.5,
DM-12-07-03-01,2026-07-11,79.625,3698.0,
DM-12-07-03-01,2026-07-12,101.125,3687.75,
DM-12-07-03-01,2026-07-13,78.625,3568.5,
DM-12-07-03-01,2026-07-14,93.875,3592.25,
DM-12-07-03-01,2026-07-15,95.875,3494.5,
DM-12-07-03-01,2026-07-16,92.875,3519.5,
DM-12-07-03-01,2026-07-17,87.0,3566.5,
DM-12-07-03-01,2026-07-18,93.625,3634.25,
DM-12-07-03-01,2026-07-19,80.75,3558.5,
DM-12-07-03-01,2026-07-20,91.875,3566.25,
DM-12-07-03-01,2026-07-21,84.875,3556.75,
DM-12-07-03-01,2026-07-22,80.5,3439.25,0.0
DM-12-07-03-01,2026-07-23,108.75,3523.75,16.317
DM-12-07-03-01,2026-07-24,79.375,3530.25,3.26
DM-12-07-03-01,2026-07-25,99.625,3567.5,10.452
DM-12-07-03-01,2026-07-26,83.0,3497.5,1.02
DM-12-07-03-01,2026-07-27,96.875,3451.75,5.462
DM-12-07-03-01,2026-07-28,94.125,3452.5,7.155
DM-12-07-03-01,2026-07-29,84.875,3453.75,0.0
DM-12-07-03-01,2026-07-30,83.5,3469.5,0.0
DM-12-07-03-01,2026-07-31,80.875,3420.25,0.0
DM-12-07-03-01,2026-08-01,73.75,3409.0,0.0
DM-12-07-03-01,2026-08-02,92.125,3513.0,0.0
DM-12-07-03-01,2026-08-03,91.375,3505.0,0.0
DM-12-07-03-01,2026-08-04,91.125,3443.5,0.0
DM-12-07-03-01,2026-08-05,86.0,3439.75,0.0
DM-12-07-03-02,2026-07-08,,1663.75,
DM-12-07-03-02,2026-07-09,61.5,2452.25,
DM-12-07-03-02,2026-07-10,61.875,2560.75,
DM-12-07-03-02,2026-07-11,58.125,2556.0,
DM-12-07-03-02,2026-07-12,59.5,2558.25,
DM-12-07-03-02,2026-07-13,53.0,2505.25,
DM-12-07-03-02,2026-07-14,60.0,2560.75,
DM-12-07-03-02,2026-07-15,61.125,2517.5,
DM-12-07-03-02,2026-07-16,56.125,2490.75,
DM-12-07-03-02,2026-07-17,58.625,2413.0,
DM-12-07-03-02,2026-07-18,61.375,2581.5,
DM-12-07-03-02,2026-07-19,58.125,2556.25,
DM-12-07-03-02,2026-07-20,60.875,2568.25,
DM-12-07-03-02,2026-07-21,55.0,2591.75,
DM-12-07-03-02,2026-07-22,57.625,2532.0,0.0
DM-12-07-03-02,2026-07-23,68.25,2606.0,8.061
DM-12-07-03-02,2026-07-24,59.625,2654.0,7.496
DM-12-07-03-02,2026-07-25,65.375,2550.75,12.682
DM-12-07-03-02,2026-07-26,55.875,2457.75,8.368
DM-12-07-03-02,2026-07-27,56.5,2440.25,4.679
DM-12-07-03-02,2026-07-28,55.0,2397.75,0.0
DM-12-07-03-02,2026-07-29,59.875,2420.25,0.0
DM-12-07-03-02,2026-07-30,56.25,2444.0,0.0
DM-12-07-03-02,2026-07-31,56.125,2411.75,0.0
DM-12-07-03-02,2026-08-01,51.5,2417.5,0.0
DM-12-07-03-02,2026-08-02,56.25,2445.5,0.0
DM-12-07-03-02,2026-08-03,55.75,2458.0,0.0
DM-12-07-03-02,2026-08-04,59.125,2467.0,0.0
DM-12-07-03-02,2026-08-05,57.25,2460.5,0.0
DM-12-07-04-01,2026-07-08,,1422.0,
DM-12-07-04-01,2026-07-09,25.0,2047.0,
DM-12-07-04-01,2026-07-10,27.0,2151.0,
DM-12-07-04-01,2026-07-11,28.875,2174.75,
DM-12-07-04-01,2026-07-12,32.0,2181.25,
DM-12-07-04-01,2026-07-13,31.75,2023.5,
DM-12-07-04-01,2026-07-14,27.375,2191.5,
DM-12-07-04-01,2026-07-15,29.375,2157.5,
DM-12-07-04-01,2026-07-16,29.25,2064.25,
DM-12-07-04-01,2026-07-17,30.25,2126.25,
DM-12-07-04-01,2026-07-18,25.75,2260.0,
DM-12-07-04-01,2026-07-19,31.25,2313.5,
DM-12-07-04-01,2026-07-20,37.75,2153.5,
DM-12-07-04-01,2026-07-21,27.125,2202.5,
DM-12-07-04-01,2026-07-22,25.125,2108.0,0.0
DM-12-07-04-01,2026-07-23,32.75,1982.5,1.702
DM-12-07-04-01,2026-07-24,28.875,2169.75,0.0
DM-12-07-04-01,2026-07-25,25.0,2267.75,0.0
DM-12-07-04-01,2026-07-26,29.0,2209.5,0.0
DM-12-07-04-01,2026-07-27,29.75,2074.75,0.0
DM-12-07-04-01,2026-07-28,26.25,2117.75,0.0
DM-12-07-04-01,2026-07-29,29.75,2163.25,0.0
DM-12-07-04-01,2026-07-30,27.625,2170.25,0.0
DM-12-07-04-01,2026-07-31,27.625,1974.0,0.0
DM-12-07-04-01,2026-08-01,26.5,2195.0,0.0
DM-12-07-04-01,2026-08-02,28.75,2168.75,0.0
DM-12-07-04-01,2026-08-03,32.0,2082.5,0.952
DM-12-07-04-01,2026-08-04,29.75,2174.75,0.0
DM-12-07-04-01,2026-08-05,27.0,2059.75,0.0
DM-12-07-04-02,2026-07-14,120.625,6463.25,
DM-12-07-04-02,2026-07-15,137.0,6388.25,
DM-12-07-04-02,2026-07-16,98.125,6383.5,
DM-12-07-04-02,2026-07-17,140.5,6448.25,
DM-12-07-04-02,2026-07-18,99.0,6473.5,
DM-12-07-04-02,2026-07-19,137.0,6495.5,
DM-12-07-04-02,2026-07-20,147.625,6785.25,
DM-12-07-04-02,2026-07-21,98.625,6287.5,
DM-12-07-04-02,2026-07-22,104.625,6395.0,
DM-12-07-04-02,2026-07-23,147.625,6298.5,
DM-12-07-04-02,2026-07-24,88.5,6397.25,
DM-12-07-04-02,2026-07-25,92.375,6534.0,
DM-12-07-04-02,2026-07-26,137.125,6921.25,
DM-12-07-04-02,2026-07-27,115.375,6547.75,
DM-12-07-04-02,2026-07-28,89.875,6480.5,0.0
DM-12-07-04-02,2026-07-29,140.375,6458.0,10.996
DM-12-07-04-02,2026-07-30,95.25,6184.5,0.0
DM-12-07-04-02,2026-07-31,115.0,5964.75,0.0
DM-12-07-04-02,2026-08-01,93.5,6008.25,0.0
DM-12-07-04-02,2026-08-02,89.5,6370.75,0.0
DM-12-07-04-02,2026-08-03,136.5,6432.5,7.121
DM-12-07-04-02,2026-08-04,136.5,6383.25,14.241
DM-12-07-04-02,2026-08-05,93.875,6285.0,0.0
DM-12-07-05-01,2026-07-08,120.375,2572.75,
DM-12-07-05-01,2026-07-09,120.75,4823.75,
DM-12-07-05-01,2026-07-10,125.0,4855.25,
DM-12-07-05-01,2026-07-11,126.375,4811.0,
DM-12-07-05-01,2026-07-12,126.0,4818.75,
DM-12-07-05-01,2026-07-13,124.75,4468.5,
DM-12-07-05-01,2026-07-14,125.375,4768.0,
DM-12-07-05-01,2026-07-15,130.625,4771.75,
DM-12-07-05-01,2026-07-16,118.5,4771.0,
DM-12-07-05-01,2026-07-17,121.0,4704.75,
DM-12-07-05-01,2026-07-18,125.75,4796.0,
DM-12-07-05-01,2026-07-19,128.875,4810.75,
DM-12-07-05-01,2026-07-20,118.625,4784.5,
DM-12-07-05-01,2026-07-21,115.75,4728.75,
DM-12-07-05-01,2026-07-22,130.125,4706.75,4.649
DM-12-07-05-01,2026-07-23,135.875,4906.0,15.048
DM-12-07-05-01,2026-07-24,120.625,4778.25,10.197
DM-12-07-05-01,2026-07-25,124.125,4800.0,8.846
DM-12-07-05-01,2026-07-26,137.625,4786.0,20.995
DM-12-07-05-01,2026-07-27,124.0,4812.25,19.519
DM-12-07-05-01,2026-07-28,125.375,4815.0,19.418
DM-12-07-05-01,2026-07-29,123.75,4742.25,17.692
DM-12-07-05-01,2026-07-30,127.125,4816.75,19.341
DM-12-07-05-01,2026-07-31,122.375,4736.5,16.24
DM-12-07-05-01,2026-08-01,123.875,4765.25,14.639
DM-12-07-05-01,2026-08-02,127.75,4798.25,16.913
DM-12-07-05-01,2026-08-03,124.75,4855.0,16.187
DM-12-07-05-01,2026-08-04,124.375,4853.5,15.086
DM-12-07-05-01,2026-08-05,123.0,4838.75,12.61
DM-12-07-08-01,2026-07-08,,1209.25,
DM-12-07-08-01,2026-07-09,,2276.5,
DM-12-07-08-01,2026-07-10,,2352.75,
DM-12-07-08-01,2026-07-11,,2417.0,
DM-12-07-08-01,2026-07-12,,2402.25,
DM-12-07-08-01,2026-07-13,,2394.25,
DM-12-07-08-01,2026-07-14,,2399.5,
DM-12-07-08-01,2026-07-15,,2378.75,
DM-12-07-08-01,2026-07-16,,2365.5,
DM-12-07-08-01,2026-07-17,,2280.5,
DM-12-07-08-01,2026-07-18,,2603.0,
DM-12-07-08-01,2026-07-19,,2553.75,
DM-12-07-08-01,2026-07-20,,2414.0,
DM-12-07-08-01,2026-07-21,,2454.25,
DM-12-07-08-01,2026-07-22,,2387.75,0.0
DM-12-07-08-01,2026-07-23,,2244.75,0.0
DM-12-07-08-01,2026-07-24,,2407.5,0.0
DM-12-07-08-01,2026-07-25,,2457.0,0.0
DM-12-07-08-01,2026-07-26,,2472.5,0.0
DM-12-07-08-01,2026-07-27,,2343.75,0.0
DM-12-07-08-01,2026-07-28,,2252.5,0.0
DM-12-07-08-01,2026-07-29,,2281.0,0.0
DM-12-07-08-01,2026-07-30,,2274.5,0.0
DM-12-07-08-01,2026-07-31,,2235.75,0.0
DM-12-07-08-01,2026-08-01,,2334.25,0.0
DM-12-07-08-01,2026-08-02,,2431.5,0.0
DM-12-07-08-01,2026-08-03,,2346.75,0.0
DM-12-07-08-01,2026-08-04,,2312.5,0.0
DM-12-07-08-01,2026-08-05,,2236.75,0.0
DM-12-07-09-01,2026-07-08,,1646.75,
DM-12-07-09-01,2026-07-09,,2961.25,
DM-12-07-09-01,2026-07-10,,3046.5,
DM-12-07-09-01,2026-07-11,,3056.25,
DM-12-07-09-01,2026-07-12,,3079.5,
DM-12-07-09-01,2026-07-13,,3028.0,
DM-12-07-09-01,2026-07-14,,3033.75,
DM-12-07-09-01,2026-07-15,,3047.25,
DM-12-07-09-01,2026-07-16,,3000.0,
DM-12-07-09-01,2026-07-17,,3029.25,
DM-12-07-09-01,2026-07-18,,3141.25,
DM-12-07-09-01,2026-07-19,,3181.0,
DM-12-07-09-01,2026-07-20,,3126.0,
DM-12-07-09-01,2026-07-21,,3080.25,
DM-12-07-09-01,2026-07-22,,3094.0,0.0
DM-12-07-09-01,2026-07-23,,3077.75,0.0
DM-12-07-09-01,2026-07-24,,3068.25,0.0
DM-12-07-09-01,2026-07-25,,3114.25,0.0
DM-12-07-09-01,2026-07-26,,3156.75,0.0
DM-12-07-09-01,2026-07-27,,3048.25,0.0
DM-12-07-09-01,2026-07-28,,3049.75,0.0
DM-12-07-09-01,2026-07-29,,3077.25,0.0
DM-12-07-09-01,2026-07-30,,3158.5,0.0
DM-12-07-09-01,2026-07-31,,3118.0,0.0
DM-12-07-09-01,2026-08-01,,3168.25,0.0
DM-12-07-09-01,2026-08-02,,3250.5,0.0
DM-12-07-09-01,2026-08-03,,3097.25,0.0
DM-12-07-09-01,2026-08-04,,3014.0,0.0
DM-12-07-09-01,2026-08-05,,2996.25,0.0
DM-13-01-04-02,2026-07-08,,3248.75,
DM-13-01-04-02,2026-07-09,156.875,5459.25,
DM-13-01-04-02,2026-07-10,152.625,5446.75,
DM-13-01-04-02,2026-07-11,153.5,5435.0,
DM-13-01-04-02,2026-07-12,152.5,5382.25,
DM-13-01-04-02,2026-07-13,149.125,5385.5,
DM-13-01-04-02,2026-07-14,148.875,5335.0,
DM-13-01-04-02,2026-07-15,150.875,5356.5,
DM-13-01-04-02,2026-07-16,146.125,5297.5,
DM-13-01-04-02,2026-07-17,148.0,5332.75,
DM-13-01-04-02,2026-07-18,152.0,5420.5,
DM-13-01-04-02,2026-07-19,155.0,5444.25,
DM-13-01-04-02,2026-07-20,152.0,5385.0,
DM-13-01-04-02,2026-07-21,149.0,5348.5,
DM-13-01-04-02,2026-07-22,146.125,5488.0,0.0
DM-13-01-04-02,2026-07-23,152.25,5348.75,0.0
DM-13-01-04-02,2026-07-24,147.375,5307.5,0.0
DM-13-01-04-02,2026-07-25,147.75,5365.0,0.0
DM-13-01-04-02,2026-07-26,150.75,5346.0,0.0
DM-13-01-04-02,2026-07-27,146.5,5290.5,0.0
DM-13-01-04-02,2026-07-28,150.875,5273.75,0.0
DM-13-01-04-02,2026-07-29,149.5,5325.25,0.0
DM-13-01-04-02,2026-07-30,148.75,5316.5,0.0
DM-13-01-04-02,2026-07-31,148.5,5297.5,0.0
DM-13-01-04-02,2026-08-01,146.25,5341.5,0.0
DM-13-01-04-02,2026-08-02,151.5,5437.5,0.0
DM-13-01-04-02,2026-08-03,152.125,5385.5,0.0
DM-13-01-04-02,2026-08-04,148.5,5383.25,0.0
DM-13-01-04-02,2026-08-05,148.875,5364.5,0.0
DM-13-02-04-03,2026-07-08,,1942.0,
DM-13-02-04-03,2026-07-09,58.375,3008.5,
DM-13-02-04-03,2026-07-10,71.625,3112.5,
DM-13-02-04-03,2026-07-11,82.375,3278.25,
DM-13-02-04-03,2026-07-12,81.875,3108.5,
DM-13-02-04-03,2026-07-13,73.0,3108.5,
DM-13-02-04-03,2026-07-14,76.25,3095.0,
DM-13-02-04-03,2026-07-15,67.5,3108.0,
DM-13-02-04-03,2026-07-16,66.25,2910.5,
DM-13-02-04-03,2026-07-17,61.5,2874.0,
DM-13-02-04-03,2026-07-18,68.25,3123.75,
DM-13-02-04-03,2026-07-19,71.25,3177.5,
DM-13-02-04-03,2026-07-20,59.75,2967.25,
DM-13-02-04-03,2026-07-21,63.0,3054.75,
DM-13-02-04-03,2026-07-22,64.125,3052.0,0.0
DM-13-02-04-03,2026-07-23,64.875,2932.5,0.0
DM-13-02-04-03,2026-07-24,63.625,2917.5,0.0
DM-13-02-04-03,2026-07-25,72.125,2990.0,0.0
DM-13-02-04-03,2026-07-26,69.125,2927.75,0.0
DM-13-02-04-03,2026-07-27,64.5,2887.0,0.0
DM-13-02-04-03,2026-07-28,71.625,2803.5,0.0
DM-13-02-04-03,2026-07-29,64.75,2818.5,0.0
DM-13-02-04-03,2026-07-30,61.125,2806.25,0.0
DM-13-02-04-03,2026-07-31,67.875,2863.25,0.0
DM-13-02-04-03,2026-08-01,62.5,3045.25,0.0
DM-13-02-04-03,2026-08-02,62.75,3032.25,0.0
DM-13-02-04-03,2026-08-03,72.125,3097.25,0.0
DM-13-02-04-03,2026-08-04,68.0,3082.75,0.0
DM-13-02-04-03,2026-08-05,66.0,3203.75,0.0
DM-13-02-06-04,2026-07-08,,5451.0,
DM-13-02-06-04,2026-07-09,205.25,7893.25,
DM-13-02-06-04,2026-07-10,205.5,8105.75,
DM-13-02-06-04,2026-07-11,207.625,7921.75,
DM-13-02-06-04,2026-07-12,202.125,7713.0,
DM-13-02-06-04,2026-07-13,200.75,7862.75,
DM-13-02-06-04,2026-07-14,207.25,7821.0,
DM-13-02-06-04,2026-07-15,200.0,7770.75,
DM-13-02-06-04,2026-07-16,194.5,7663.0,
DM-13-02-06-04,2026-07-17,207.5,7692.0,
DM-13-02-06-04,2026-07-18,207.25,7924.75,
DM-13-02-06-04,2026-07-19,209.625,7872.25,
DM-13-02-06-04,2026-07-20,202.5,7759.75,
DM-13-02-06-04,2026-07-21,203.0,7796.0,
DM-13-02-06-04,2026-07-22,207.125,7750.5,1.07
DM-13-02-06-04,2026-07-23,212.75,7673.0,7.765
DM-13-02-06-04,2026-07-24,198.125,7582.25,0.0
DM-13-02-06-04,2026-07-25,209.875,7745.5,3.82
DM-13-02-06-04,2026-07-26,206.0,7572.5,3.765
DM-13-02-06-04,2026-07-27,201.125,7538.0,0.0
DM-13-02-06-04,2026-07-28,200.875,7187.25,0.0
DM-13-02-06-04,2026-07-29,195.5,7384.5,0.0
DM-13-02-06-04,2026-07-30,189.625,7380.25,0.0
DM-13-02-06-04,2026-07-31,185.5,7461.0,0.0
DM-13-02-06-04,2026-08-01,197.75,7591.25,0.0
DM-13-02-06-04,2026-08-02,197.5,7597.0,0.0
DM-13-02-06-04,2026-08-03,191.75,7728.0,0.0
DM-13-02-06-04,2026-08-04,200.125,7757.75,0.0
DM-13-02-06-04,2026-08-05,199.5,7679.75,0.0
DM-13-06-04-04,2026-07-08,,1334.75,
DM-13-06-04-04,2026-07-09,41.125,2236.25,
DM-13-06-04-04,2026-07-10,39.75,2180.0,
DM-13-06-04-04,2026-07-11,39.75,2036.25,
DM-13-06-04-04,2026-07-12,36.625,2072.75,
DM-13-06-04-04,2026-07-13,34.0,2091.75,
DM-13-06-04-04,2026-07-14,38.0,2101.75,
DM-13-06-04-04,2026-07-15,37.625,1676.25,
DM-13-06-04-04,2026-07-16,29.25,1847.25,
DM-13-06-04-04,2026-07-17,40.125,1831.25,
DM-13-06-04-04,2026-07-18,33.0,1988.0,
DM-13-06-04-04,2026-07-19,36.125,2079.5,
DM-13-06-04-04,2026-07-20,35.25,1980.5,
DM-13-06-04-04,2026-07-21,35.625,1990.5,
DM-13-06-04-04,2026-07-22,31.875,1963.25,0.0
DM-13-06-04-04,2026-07-23,31.875,1996.0,0.0
DM-13-06-04-04,2026-07-24,32.875,1981.25,0.0
DM-13-06-04-04,2026-07-25,35.0,1932.0,0.0
DM-13-06-04-04,2026-07-26,35.0,1918.75,0.0
DM-13-06-04-04,2026-07-27,32.875,1973.75,0.0
DM-13-06-04-04,2026-07-28,33.625,1910.25,0.0
DM-13-06-04-04,2026-07-29,35.5,1947.5,0.0
DM-13-06-04-04,2026-07-30,33.0,1929.25,0.0
DM-13-06-04-04,2026-07-31,30.125,1867.0,0.0
DM-13-06-04-04,2026-08-01,30.75,1956.5,0.0
DM-13-06-04-04,2026-08-02,39.125,2074.75,0.894
DM-13-06-04-04,2026-08-03,32.5,1960.75,0.0
DM-13-07-05-03,2026-07-08,,7369.25,
DM-13-07-05-03,2026-07-09,394.125,12089.75,
DM-13-07-05-03,2026-07-10,373.125,12291.5,
DM-13-07-05-03,2026-07-11,376.5,11902.5,
DM-13-07-05-03,2026-07-12,374.875,11839.25,
DM-13-07-05-03,2026-07-13,376.5,12096.5,
DM-13-07-05-03,2026-07-14,383.75,12161.25,
DM-13-07-05-03,2026-07-15,382.0,12165.5,
DM-13-07-05-03,2026-07-16,375.0,12100.25,
DM-13-07-05-03,2026-07-17,395.625,12144.0,
DM-13-07-05-03,2026-07-18,384.75,11879.25,
DM-13-07-05-03,2026-07-19,383.875,11973.0,
DM-13-07-05-03,2026-07-20,372.875,12211.75,
DM-13-07-05-03,2026-07-21,385.375,12349.0,
DM-13-07-05-03,2026-07-22,382.875,12175.0,0.0
DM-13-07-05-03,2026-07-23,376.375,12179.75,0.0
DM-13-07-05-03,2026-07-24,379.0,12172.5,0.0
DM-13-07-05-03,2026-07-25,379.5,11909.25,0.0
DM-13-07-05-03,2026-07-26,382.25,11801.5,0.0
DM-13-07-05-03,2026-07-27,376.0,11920.5,0.0
DM-13-07-05-03,2026-07-28,369.75,11563.5,0.0
DM-13-07-05-03,2026-07-29,375.875,11681.75,0.0
DM-13-07-05-03,2026-07-30,380.875,12002.25,0.0
DM-13-07-05-03,2026-07-31,368.75,12002.75,0.0
DM-13-07-05-03,2026-08-01,373.875,11802.5,0.0
DM-13-07-05-03,2026-08-02,382.5,11954.25,0.0
DM-13-07-05-03,2026-08-03,368.0,11976.25,0.0
DM-13-07-05-03,2026-08-04,395.125,10584.25,10.106
DM-13-07-05-03,2026-08-05,400.25,12840.0,25.337
DM-14-05-01-02,2026-07-08,,4038.0,
DM-14-05-01-02,2026-07-09,151.875,6880.25,
DM-14-05-01-02,2026-07-10,162.875,6963.0,
DM-14-05-01-02,2026-07-11,159.125,7189.5,
DM-14-05-01-02,2026-07-12,153.125,6830.75,
DM-14-05-01-02,2026-07-13,150.375,6927.0,
DM-14-05-01-02,2026-07-14,161.5,6925.25,
DM-14-05-01-02,2026-07-15,165.625,7054.25,
DM-14-05-01-02,2026-07-16,166.25,6918.25,
DM-14-05-01-02,2026-07-17,175.5,6903.75,
DM-14-05-01-02,2026-07-18,166.375,7356.5,
DM-14-05-01-02,2026-07-19,160.625,7042.75,
DM-14-05-01-02,2026-07-20,168.125,6946.75,
DM-14-05-01-02,2026-07-21,155.875,6911.25,
DM-14-05-01-02,2026-07-22,153.125,6764.5,0.0
DM-14-05-01-02,2026-07-23,170.625,6757.25,5.819
DM-14-05-01-02,2026-07-24,172.25,6866.75,13.263
DM-14-05-01-02,2026-07-25,187.0,7036.25,35.458
DM-14-05-01-02,2026-07-26,172.25,6782.75,42.902
DM-14-05-01-02,2026-07-27,163.75,6605.5,41.846
DM-14-05-01-02,2026-07-28,148.75,6432.0,25.79
DM-14-05-01-02,2026-07-29,153.125,6633.75,14.109
DM-14-05-01-02,2026-07-30,151.5,6761.25,0.804
DM-14-05-01-02,2026-07-31,164.5,6726.5,0.498
DM-14-05-01-02,2026-08-01,162.75,6900.5,0.0
DM-14-05-01-02,2026-08-02,154.5,6860.75,0.0
DM-14-05-01-02,2026-08-03,191.625,6993.25,26.819
DM-14-05-01-02,2026-08-04,177.375,7174.0,39.388
DM-14-05-01-02,2026-08-05,164.25,6936.25,38.833
DM-14-05-02-01,2026-07-08,,4953.25,
DM-14-05-02-01,2026-07-09,196.125,8317.5,
DM-14-05-02-01,2026-07-10,195.75,8470.0,
DM-14-05-02-01,2026-07-11,208.375,8798.0,
DM-14-05-02-01,2026-07-12,202.5,8596.0,
DM-14-05-02-01,2026-07-13,191.875,8332.5,
DM-14-05-02-01,2026-07-14,193.75,8452.25,
DM-14-05-02-01,2026-07-15,196.625,8417.75,
DM-14-05-02-01,2026-07-16,194.625,8062.75,
DM-14-05-02-01,2026-07-17,194.75,8083.5,
DM-14-05-02-01,2026-07-18,200.75,8887.75,
DM-14-05-02-01,2026-07-19,207.25,8888.75,
DM-14-05-02-01,2026-07-20,196.125,8412.5,
DM-14-05-02-01,2026-07-21,191.5,8382.25,
DM-14-05-02-01,2026-07-22,200.0,8149.5,0.0
DM-14-05-02-01,2026-07-23,196.25,8071.75,0.0
DM-14-05-02-01,2026-07-24,191.25,8220.5,0.0
DM-14-05-02-01,2026-07-25,193.25,8531.5,0.0
DM-14-05-02-01,2026-07-26,198.5,8330.0,0.0
DM-14-05-02-01,2026-07-27,192.125,7955.5,0.0
DM-14-05-02-01,2026-07-28,192.75,7818.25,0.0
DM-14-05-02-01,2026-07-29,189.375,7950.0,0.0
DM-14-05-02-01,2026-07-30,182.625,7970.5,0.0
DM-14-05-02-01,2026-07-31,187.875,7824.5,0.0
DM-14-05-02-01,2026-08-01,194.125,8291.0,0.0
DM-14-05-02-01,2026-08-02,189.875,8456.75,0.0
DM-14-05-02-01,2026-08-03,190.375,8295.5,0.0
DM-14-05-02-01,2026-08-04,191.875,8289.75,0.0
DM-14-05-02-01,2026-08-05,187.0,8168.25,0.0
DM-14-05-03-01,2026-07-08,,1871.0,
DM-14-05-03-01,2026-07-09,,3404.75,
DM-14-05-03-01,2026-07-10,,3472.25,
DM-14-05-03-01,2026-07-11,,3622.25,
DM-14-05-03-01,2026-07-12,,3571.5,
DM-14-05-03-01,2026-07-13,,3470.25,
DM-14-05-03-01,2026-07-14,,3509.75,
DM-14-05-03-01,2026-07-15,,3522.5,
DM-14-05-03-01,2026-07-16,,3402.5,
DM-14-05-03-01,2026-07-17,,3389.75,
DM-14-05-03-01,2026-07-18,,3683.0,
DM-14-05-03-01,2026-07-19,,3619.5,
DM-14-05-03-01,2026-07-20,,3504.0,
DM-14-05-03-01,2026-07-21,,3529.75,
DM-14-05-03-01,2026-07-22,,3411.5,0.0
DM-14-05-03-01,2026-07-23,,3396.5,0.0
DM-14-05-03-01,2026-07-24,,3451.5,0.0
DM-14-05-03-01,2026-07-25,,3553.25,0.0
DM-14-05-03-01,2026-07-26,,3483.0,0.0
DM-14-05-03-01,2026-07-27,,3314.0,0.0
DM-14-05-03-01,2026-07-28,,3279.0,0.0
DM-14-05-03-01,2026-07-29,,3342.0,0.0
DM-14-05-03-01,2026-07-30,,3409.0,0.0
DM-14-05-03-01,2026-07-31,,3353.5,0.0
DM-14-05-03-01,2026-08-01,,3474.0,0.0
DM-14-05-03-01,2026-08-02,,3538.25,0.0
DM-14-05-03-01,2026-08-03,,3505.75,0.0
DM-14-05-03-01,2026-08-04,,3387.5,0.0
DM-14-05-03-01,2026-08-05,,3346.25,0.0
DM-14-05-05-01,2026-07-13,67.75,3014.5,
DM-14-05-05-01,2026-07-14,80.0,3285.25,
DM-14-05-05-01,2026-07-15,90.75,3459.0,
DM-14-05-05-01,2026-07-16,94.375,3428.25,
DM-14-05-05-01,2026-07-17,96.25,3484.0,
DM-14-05-05-01,2026-07-18,100.125,3846.0,
DM-14-05-05-01,2026-07-19,108.0,3888.5,
DM-14-05-05-01,2026-07-20,101.0,3756.5,
DM-14-05-05-01,2026-07-21,104.875,3759.0,
DM-14-05-05-01,2026-07-22,105.25,3752.5,
DM-14-05-05-01,2026-07-23,103.375,3729.75,
DM-14-05-05-01,2026-07-24,102.75,3788.75,
DM-14-05-05-01,2026-07-25,107.625,3935.25,
DM-14-05-05-01,2026-07-26,108.375,3923.75,
DM-14-05-05-01,2026-07-27,110.25,3783.0,6.731
DM-14-05-05-01,2026-07-28,107.375,3759.25,10.587
DM-14-05-05-01,2026-07-29,107.875,3825.25,14.942
DM-14-05-05-01,2026-07-30,106.375,3276.0,17.798
DM-14-05-05-01,2026-07-31,52.375,2244.5,0.0
DM-14-05-05-01,2026-08-01,55.75,2381.5,0.0
DM-14-05-05-01,2026-08-02,44.625,2447.75,0.0
DM-14-05-05-01,2026-08-03,48.0,2400.0,0.0
DM-14-05-05-01,2026-08-04,55.625,2354.5,0.0
DM-14-05-05-01,2026-08-05,55.5,2363.0,0.0
DM-14-05-06-01,2026-07-08,,4539.25,
DM-14-05-06-01,2026-07-09,152.25,7178.25,
DM-14-05-06-01,2026-07-10,135.75,7057.75,
DM-14-05-06-01,2026-07-11,140.375,7364.5,
DM-14-05-06-01,2026-07-12,147.5,7232.75,
DM-14-05-06-01,2026-07-13,138.375,6850.25,
DM-14-05-06-01,2026-07-14,133.0,6999.5,
DM-14-05-06-01,2026-07-15,141.25,7059.0,
DM-14-05-06-01,2026-07-16,135.625,6709.5,
DM-14-05-06-01,2026-07-17,141.75,6854.5,
DM-14-05-06-01,2026-07-18,145.25,7427.0,
DM-14-05-06-01,2026-07-19,154.0,7523.5,
DM-14-05-06-01,2026-07-20,145.625,7148.5,
DM-14-05-06-01,2026-07-21,145.0,7133.25,
DM-14-05-06-01,2026-07-22,142.25,6927.25,0.0
DM-14-05-06-01,2026-07-23,136.25,6870.5,0.0
DM-14-05-06-01,2026-07-24,137.875,7050.25,0.0
DM-14-05-06-01,2026-07-25,149.375,7293.25,3.581
DM-14-05-06-01,2026-07-26,145.5,7166.25,3.287
DM-14-05-06-01,2026-07-27,145.75,6905.25,3.243
DM-14-05-06-01,2026-07-28,142.0,6880.0,0.0
DM-14-05-06-01,2026-07-29,147.375,7009.5,1.581
DM-14-05-06-01,2026-07-30,141.0,6985.75,0.0
DM-14-05-06-01,2026-07-31,138.875,6763.25,0.0
DM-14-05-06-01,2026-08-01,145.5,7086.75,0.0
DM-14-05-06-01,2026-08-02,145.875,7307.0,0.081
DM-14-05-06-01,2026-08-03,140.375,7245.75,0.0
DM-14-05-06-01,2026-08-04,144.5,7087.5,0.0
DM-14-05-06-01,2026-08-05,141.625,6970.0,0.0
DM-14-05-06-02,2026-07-08,,2588.0,
DM-14-05-06-02,2026-07-09,101.375,4182.0,
DM-14-05-06-02,2026-07-10,113.875,4225.0,
DM-14-05-06-02,2026-07-11,103.125,4358.0,
DM-14-05-06-02,2026-07-12,106.5,4266.0,
DM-14-05-06-02,2026-07-13,101.25,4251.5,
DM-14-05-06-02,2026-07-14,105.75,4270.25,
DM-14-05-06-02,2026-07-15,106.5,4200.25,
DM-14-05-06-02,2026-07-16,111.875,4266.5,
DM-14-05-06-02,2026-07-17,102.625,4214.25,
DM-14-05-06-02,2026-07-18,107.375,4299.75,
DM-14-05-06-02,2026-07-19,102.625,4306.5,
DM-14-05-06-02,2026-07-20,109.25,4289.0,
DM-14-05-06-02,2026-07-21,103.375,4372.5,
DM-14-05-06-02,2026-07-22,113.875,4322.25,6.151
DM-14-05-06-02,2026-07-23,105.625,4274.75,4.052
DM-14-05-06-02,2026-07-24,103.125,4438.0,0.0
DM-14-05-06-02,2026-07-25,120.25,4350.5,12.526
DM-14-05-06-02,2026-07-26,104.25,4224.75,9.052
DM-14-05-06-02,2026-07-27,114.75,4041.0,16.078
DM-14-05-06-02,2026-07-28,102.0,4194.25,10.354
DM-14-05-06-02,2026-07-29,111.25,4166.75,13.88
DM-14-05-06-02,2026-07-30,118.125,4628.0,24.281
DM-14-05-06-02,2026-07-31,149.75,5589.25,66.307
DM-14-05-06-02,2026-08-01,152.0,5615.0,110.583
DM-14-05-06-02,2026-08-02,158.375,5491.0,161.234
DM-14-05-06-02,2026-08-03,160.625,5659.25,214.135
DM-14-05-06-02,2026-08-04,158.0,5627.5,264.411
DM-14-05-06-02,2026-08-05,151.5,4629.75,308.187
DM-14-05-07-01,2026-07-08,,4356.5,
DM-14-05-07-01,2026-07-09,176.75,7213.5,
DM-14-05-07-01,2026-07-10,181.5,7263.25,
DM-14-05-07-01,2026-07-11,187.625,7657.5,
DM-14-05-07-01,2026-07-12,186.0,7440.75,
DM-14-05-07-01,2026-07-13,179.25,7216.25,
DM-14-05-07-01,2026-07-14,173.125,7219.0,
DM-14-05-07-01,2026-07-15,176.875,7272.25,
DM-14-05-07-01,2026-07-16,176.125,6633.75,
DM-14-05-07-01,2026-07-17,179.75,6982.25,
DM-14-05-07-01,2026-07-18,171.125,7500.75,
DM-14-05-07-01,2026-07-19,176.75,7474.75,
DM-14-05-07-01,2026-07-20,179.5,7188.0,
DM-14-05-07-01,2026-07-21,171.0,7086.25,
DM-14-05-07-01,2026-07-22,174.75,6960.75,0.0
DM-14-05-07-01,2026-07-23,178.625,7006.75,0.0
DM-14-05-07-01,2026-07-24,172.875,7061.25,0.0
DM-14-05-07-01,2026-07-25,176.5,7354.5,0.0
DM-14-05-07-01,2026-07-26,169.625,7098.5,0.0
DM-14-05-07-01,2026-07-27,167.75,6812.25,0.0
DM-14-05-07-01,2026-07-28,168.25,6757.75,0.0
DM-14-05-07-01,2026-07-29,164.75,6847.5,0.0
DM-14-05-07-01,2026-07-30,163.25,6870.0,0.0
DM-14-05-07-01,2026-07-31,162.625,6825.0,0.0
DM-14-05-07-01,2026-08-01,164.5,7103.5,0.0
DM-14-05-07-01,2026-08-02,170.25,7253.0,0.0
DM-14-05-07-01,2026-08-03,169.0,7064.0,0.0
DM-14-05-07-01,2026-08-04,164.75,7060.5,0.0
DM-14-05-07-01,2026-08-05,169.625,7002.5,0.0
DM-14-06-01-01,2026-07-08,,1286.75,
DM-14-06-01-01,2026-07-09,46.5,2107.0,
DM-14-06-01-01,2026-07-10,46.625,2098.25,
DM-14-06-01-01,2026-07-11,48.25,2213.25,
DM-14-06-01-01,2026-07-12,48.5,2210.75,
DM-14-06-01-01,2026-07-13,46.25,2136.5,
DM-14-06-01-01,2026-07-14,49.625,2201.75,
DM-14-06-01-01,2026-07-15,48.25,2149.75,
DM-14-06-01-01,2026-07-16,44.625,2048.0,
DM-14-06-01-01,2026-07-17,47.25,2085.25,
DM-14-06-01-01,2026-07-18,45.5,2209.25,
DM-14-06-01-01,2026-07-19,49.875,2246.0,
DM-14-06-01-01,2026-07-20,46.125,2152.5,
DM-14-06-01-01,2026-07-21,47.375,2112.25,
DM-14-06-01-01,2026-07-22,47.875,2088.5,0.0
DM-14-06-01-01,2026-07-23,48.0,2105.5,0.0
DM-14-06-01-01,2026-07-24,46.75,2127.5,0.0
DM-14-06-01-01,2026-07-25,48.375,2200.75,0.336
DM-14-06-01-01,2026-07-26,51.0,2163.75,3.298
DM-14-06-01-01,2026-07-27,47.125,2073.0,2.384
DM-14-06-01-01,2026-07-28,47.0,2076.75,1.346
DM-14-06-01-01,2026-07-29,47.25,2090.5,0.557
DM-14-06-01-01,2026-07-30,46.875,2103.0,0.0
DM-14-06-01-01,2026-07-31,47.625,2080.25,0.0
DM-14-06-01-01,2026-08-01,49.0,2145.25,0.961
DM-14-06-01-01,2026-08-02,47.5,2233.5,0.423
DM-14-06-01-01,2026-08-03,47.875,2144.0,0.259
DM-14-06-01-01,2026-08-04,49.0,2153.75,1.221
DM-14-06-01-01,2026-08-05,46.125,2124.0,0.0
DM-14-06-01-02,2026-07-08,,592.75,
DM-14-06-01-02,2026-07-09,26.125,996.25,
DM-14-06-01-02,2026-07-10,25.25,1021.5,
DM-14-06-01-02,2026-07-11,25.875,1056.5,
DM-14-06-01-02,2026-07-12,26.0,1045.75,
DM-14-06-01-02,2026-07-13,25.125,1052.75,
DM-14-06-01-02,2026-07-14,26.0,1035.25,
DM-14-06-01-02,2026-07-15,26.0,1051.25,
DM-14-06-01-02,2026-07-16,25.625,1014.0,
DM-14-06-01-02,2026-07-17,25.125,993.25,
DM-14-06-01-02,2026-07-18,24.875,1065.25,
DM-14-06-01-02,2026-07-19,28.0,1061.75,
DM-14-06-01-02,2026-07-20,26.625,1030.75,
DM-14-06-01-02,2026-07-21,25.0,1027.0,
DM-14-06-01-02,2026-07-22,26.625,1034.75,0.404
DM-14-06-01-02,2026-07-23,25.625,1027.5,0.0
DM-14-06-01-02,2026-07-24,25.75,1035.75,0.0
DM-14-06-01-02,2026-07-25,25.625,1079.25,0.0
DM-14-06-01-02,2026-07-26,26.75,1029.5,0.529
DM-14-06-01-02,2026-07-27,25.75,1035.0,0.057
DM-14-06-01-02,2026-07-28,26.125,1011.0,0.0
DM-14-06-01-02,2026-07-29,24.625,1018.5,0.0
DM-14-06-01-02,2026-07-30,24.875,1036.75,0.0
DM-14-06-01-02,2026-07-31,26.125,1020.0,0.0
DM-14-06-01-02,2026-08-01,26.125,1041.25,0.0
DM-14-06-01-02,2026-08-02,25.75,1041.5,0.0
DM-14-06-01-02,2026-08-03,25.375,1026.75,0.0
DM-14-06-01-02,2026-08-04,26.0,1047.75,0.0
DM-14-06-01-02,2026-08-05,25.25,1026.75,0.0
DM-14-06-03-01,2026-07-08,,1457.0,
DM-14-06-03-01,2026-07-09,57.875,2367.5,
DM-14-06-03-01,2026-07-10,59.375,2388.75,
DM-14-06-03-01,2026-07-11,58.75,2493.5,
DM-14-06-03-01,2026-07-12,58.75,2489.0,
DM-14-06-03-01,2026-07-13,56.625,2382.75,
DM-14-06-03-01,2026-07-14,57.25,2462.25,
DM-14-06-03-01,2026-07-15,64.0,2454.5,
DM-14-06-03-01,2026-07-16,59.5,2331.25,
DM-14-06-03-01,2026-07-17,56.0,2323.25,
DM-14-06-03-01,2026-07-18,56.625,2525.5,
DM-14-06-03-01,2026-07-19,61.5,2586.25,
DM-14-06-03-01,2026-07-20,59.5,2453.75,
DM-14-06-03-01,2026-07-21,59.0,2423.0,
DM-14-06-03-01,2026-07-22,59.0,2377.0,0.0
DM-14-06-03-01,2026-07-23,55.75,2351.5,0.0
DM-14-06-03-01,2026-07-24,56.25,2346.25,0.0
DM-14-06-03-01,2026-07-25,58.0,2408.75,0.0
DM-14-06-03-01,2026-07-26,60.125,2533.75,0.258
DM-14-06-03-01,2026-07-27,61.5,2450.25,1.891
DM-14-06-03-01,2026-07-28,56.625,2410.75,0.0
DM-14-06-03-01,2026-07-29,57.25,2419.5,0.0
DM-14-06-03-01,2026-07-30,54.625,2382.75,0.0
DM-14-06-03-01,2026-07-31,54.875,2358.0,0.0
DM-14-06-03-01,2026-08-01,57.625,2409.0,0.0
DM-14-06-03-01,2026-08-02,58.125,2492.75,0.0
DM-14-06-03-01,2026-08-03,58.5,2459.5,0.0
DM-14-06-04-01,2026-07-08,120.375,2097.5,
DM-14-06-04-01,2026-07-09,141.25,4049.25,
DM-14-06-04-01,2026-07-10,145.125,4717.75,
DM-14-06-04-01,2026-07-11,141.875,4754.0,
DM-14-06-04-01,2026-07-12,118.0,4544.75,
DM-14-06-04-01,2026-07-13,129.375,3865.75,
DM-14-06-04-01,2026-07-14,0.625,3383.25,
DM-14-06-04-01,2026-07-15,114.0,3365.0,
DM-14-06-04-01,2026-07-16,111.5,3555.25,
DM-14-06-04-01,2026-07-17,111.375,3593.75,
DM-14-06-04-01,2026-07-18,116.5,3754.25,
DM-14-06-04-01,2026-07-19,108.875,3739.0,
DM-14-06-04-01,2026-07-20,110.875,3580.0,
DM-14-06-04-01,2026-07-21,108.875,3551.5,
DM-14-06-04-01,2026-07-22,109.625,3558.25,0.0
DM-14-06-04-01,2026-07-23,108.375,3577.5,0.0
DM-14-06-04-01,2026-07-24,110.875,3599.0,0.0
DM-14-06-04-01,2026-07-25,109.5,3692.0,0.0
DM-14-06-04-01,2026-07-26,103.125,3620.0,0.0
DM-14-06-04-01,2026-07-27,104.5,3505.75,0.0
DM-14-06-04-01,2026-07-28,105.625,3540.25,0.0
DM-14-06-04-01,2026-07-29,105.125,3552.25,0.0
DM-14-06-04-01,2026-07-30,107.875,3574.75,0.0
DM-14-06-04-01,2026-07-31,108.25,3553.75,0.0
DM-14-06-04-01,2026-08-01,109.5,3641.5,0.0
DM-14-06-04-01,2026-08-02,106.125,3696.25,0.0
DM-14-06-04-01,2026-08-03,109.25,3541.25,0.0
DM-14-06-04-01,2026-08-04,107.375,3578.25,0.0
DM-14-06-04-01,2026-08-05,108.0,3549.25,0.0
DM-14-06-04-03,2026-07-08,,1834.5,
DM-14-06-04-03,2026-07-09,83.875,3028.25,
DM-14-06-04-03,2026-07-10,65.5,2337.25,
DM-14-06-04-03,2026-07-11,70.5,2488.25,
DM-14-06-04-03,2026-07-12,66.125,2490.0,
DM-14-06-04-03,2026-07-13,81.25,3264.0,
DM-14-06-04-03,2026-07-14,77.25,3284.25,
DM-14-06-04-03,2026-07-15,105.75,3355.0,
DM-14-06-04-03,2026-07-16,81.125,3045.5,
DM-14-06-04-03,2026-07-17,81.375,3080.25,
DM-14-06-04-03,2026-07-18,82.125,3221.5,
DM-14-06-04-03,2026-07-19,89.0,3160.75,
DM-14-06-04-03,2026-07-20,79.375,3116.5,
DM-14-06-04-03,2026-07-21,80.75,3087.75,
DM-14-06-04-03,2026-07-22,80.75,3086.75,0.0
DM-14-06-04-03,2026-07-23,82.125,3148.25,0.0
DM-14-06-04-03,2026-07-24,91.75,3183.0,6.503
DM-14-06-04-03,2026-07-25,84.75,3179.0,6.006
DM-14-06-04-03,2026-07-26,84.625,3116.25,5.384
DM-14-06-04-03,2026-07-27,77.25,3159.75,0.0
DM-14-06-04-03,2026-07-28,88.125,3213.5,2.878
DM-14-06-04-03,2026-07-29,85.375,3281.0,3.006
DM-14-06-04-03,2026-07-30,85.0,3341.0,2.759
DM-14-06-04-03,2026-07-31,86.375,3259.5,3.887
DM-14-06-04-03,2026-08-01,84.25,3343.75,2.89
DM-14-06-04-03,2026-08-02,90.125,3410.25,7.768
DM-14-06-04-03,2026-08-03,88.625,3365.25,11.146
DM-14-06-04-03,2026-08-04,91.875,3450.25,17.774
DM-14-06-04-03,2026-08-05,89.125,3308.0,21.652
DM-14-06-05-01,2026-07-08,87.0,1905.25,
DM-14-06-05-01,2026-07-09,89.0,3509.25,
DM-14-06-05-01,2026-07-10,87.5,3610.25,
DM-14-06-05-01,2026-07-11,89.625,3725.25,
DM-14-06-05-01,2026-07-12,83.5,3642.25,
DM-14-06-05-01,2026-07-13,84.625,3541.25,
DM-14-06-05-01,2026-07-14,85.5,3617.5,
DM-14-06-05-01,2026-07-15,87.625,3624.5,
DM-14-06-05-01,2026-07-16,85.75,3445.0,
DM-14-06-05-01,2026-07-17,86.875,3458.25,
DM-14-06-05-01,2026-07-18,85.0,3674.25,
DM-14-06-05-01,2026-07-19,84.125,3704.75,
DM-14-06-05-01,2026-07-20,81.25,3598.75,
DM-14-06-05-01,2026-07-21,80.75,3491.0,
DM-14-06-05-01,2026-07-22,81.25,3451.5,0.0
DM-14-06-05-01,2026-07-23,82.875,3414.0,0.0
DM-14-06-05-01,2026-07-24,81.125,3378.0,0.0
DM-14-06-05-01,2026-07-25,84.125,3441.25,0.0
DM-14-06-05-01,2026-07-26,85.625,3565.5,0.0
DM-14-06-05-01,2026-07-27,79.125,3292.0,0.0
DM-14-06-05-01,2026-07-28,75.625,3339.75,0.0
DM-14-06-05-01,2026-07-29,76.125,3359.75,0.0
DM-14-06-05-01,2026-07-30,77.25,3368.5,0.0
DM-14-06-05-01,2026-07-31,83.375,3245.25,0.0
DM-14-06-05-01,2026-08-01,80.0,3436.5,0.0
DM-14-06-05-01,2026-08-02,81.0,3542.0,0.0
DM-14-06-05-01,2026-08-03,78.5,3482.0,0.0
DM-14-06-05-01,2026-08-04,80.25,3486.25,0.0
DM-14-06-05-01,2026-08-05,79.125,3397.75,0.0
DM-14-06-06-02,2026-07-08,,1599.75,
DM-14-06-06-02,2026-07-09,56.625,2634.75,
DM-14-06-06-02,2026-07-10,55.75,2748.75,
DM-14-06-06-02,2026-07-11,54.875,2897.5,
DM-14-06-06-02,2026-07-12,55.625,2813.25,
DM-14-06-06-02,2026-07-13,53.25,2672.25,
DM-14-06-06-02,2026-07-14,54.5,2720.75,
DM-14-06-06-02,2026-07-15,54.125,2760.0,
DM-14-06-06-02,2026-07-16,54.0,2761.25,
DM-14-06-06-02,2026-07-17,53.75,2646.0,
DM-14-06-06-02,2026-07-18,55.125,2923.5,
DM-14-06-06-02,2026-07-19,60.5,3000.75,
DM-14-06-06-02,2026-07-20,57.25,2818.0,
DM-14-06-06-02,2026-07-21,56.375,2759.0,
DM-14-06-06-02,2026-07-22,59.0,2670.75,2.561
DM-14-06-06-02,2026-07-23,55.625,2645.25,1.748
DM-14-06-06-02,2026-07-24,56.25,2724.25,1.559
DM-14-06-06-02,2026-07-25,56.25,2836.25,1.37
DM-14-06-06-02,2026-07-26,56.5,2912.5,1.431
DM-14-06-06-02,2026-07-27,56.375,2701.25,1.368
DM-14-06-06-02,2026-07-28,54.375,2752.75,0.0
DM-14-06-06-02,2026-07-29,57.125,2767.25,0.686
DM-14-06-06-02,2026-07-30,55.5,2759.25,0.0
DM-14-06-06-02,2026-07-31,58.625,2696.25,2.186
DM-14-06-06-02,2026-08-01,55.5,2788.75,1.248
DM-14-06-06-02,2026-08-02,55.5,2920.0,0.309
DM-14-06-06-02,2026-08-03,55.875,2782.0,0.0
DM-14-06-06-02,2026-08-04,56.75,2769.0,0.311
DM-14-06-06-02,2026-08-05,57.25,2682.25,1.123
DM-14-07-01-02,2026-07-08,,711.0,
DM-14-07-01-02,2026-07-09,23.125,1261.25,
DM-14-07-01-02,2026-07-10,23.125,1234.0,
DM-14-07-01-02,2026-07-11,34.375,1267.0,
DM-14-07-01-02,2026-07-12,25.875,1261.25,
DM-14-07-01-02,2026-07-13,26.75,1149.0,
DM-14-07-01-02,2026-07-14,24.875,1190.25,
DM-14-07-01-02,2026-07-15,35.75,1252.5,
DM-14-07-01-02,2026-07-16,32.125,1268.75,
DM-14-07-01-02,2026-07-17,36.375,1195.75,
DM-14-07-01-02,2026-07-18,29.625,1282.25,
DM-14-07-01-02,2026-07-19,33.375,1280.0,
DM-14-07-01-02,2026-07-20,24.875,1193.0,
DM-14-07-01-02,2026-07-21,26.5,1142.0,
DM-14-07-01-02,2026-07-22,24.125,1154.5,0.0
DM-14-07-01-02,2026-07-23,28.125,1156.5,0.0
DM-14-07-01-02,2026-07-24,23.75,1145.25,0.0
DM-14-07-01-02,2026-07-25,28.375,1188.75,0.0
DM-14-07-01-02,2026-07-26,27.0,1211.75,0.0
DM-14-07-01-02,2026-07-27,22.625,1070.5,0.0
DM-14-07-01-02,2026-07-28,26.0,1111.5,0.0
DM-14-07-01-02,2026-07-29,24.625,1117.25,0.0
DM-14-07-01-02,2026-07-30,26.75,1194.5,0.0
DM-14-07-01-02,2026-07-31,29.25,1149.0,0.0
DM-14-07-01-02,2026-08-01,25.5,1180.75,0.0
DM-14-07-01-02,2026-08-02,23.875,1240.0,0.0
DM-14-07-01-02,2026-08-03,23.0,1171.5,0.0
DM-14-07-01-02,2026-08-04,26.0,1190.25,0.0
DM-14-07-01-02,2026-08-05,25.25,1188.0,0.0
DM-14-07-01-03,2026-07-08,,931.25,
DM-14-07-01-03,2026-07-09,36.375,1387.25,
DM-14-07-01-03,2026-07-10,43.125,1456.75,
DM-14-07-01-03,2026-07-11,37.5,1374.0,
DM-14-07-01-03,2026-07-12,50.25,1439.25,
DM-14-07-01-03,2026-07-13,37.125,1414.5,
DM-14-07-01-03,2026-07-14,36.5,1367.5,
DM-14-07-01-03,2026-07-15,36.25,1411.75,
DM-14-07-01-03,2026-07-16,37.75,1440.75,
DM-14-07-01-03,2026-07-17,49.875,1479.25,
DM-14-07-01-03,2026-07-18,36.25,1374.0,
DM-14-07-01-03,2026-07-19,35.125,1365.5,
DM-14-07-01-03,2026-07-20,37.5,1463.5,
DM-14-07-01-03,2026-07-21,37.625,1478.5,
DM-14-07-01-03,2026-07-22,36.5,1503.0,0.0
DM-14-07-01-03,2026-07-23,39.0,1445.25,0.0
DM-14-07-01-03,2026-07-24,41.125,1524.75,0.0
DM-14-07-01-03,2026-07-25,40.875,1344.5,0.0
DM-14-07-01-03,2026-07-26,35.0,1356.75,0.0
DM-14-07-01-03,2026-07-27,36.25,1379.5,0.0
DM-14-07-01-03,2026-07-28,37.25,1306.75,0.0
DM-14-07-01-03,2026-07-29,35.75,1338.5,0.0
DM-14-07-01-03,2026-07-30,36.125,1314.75,0.0
DM-14-07-01-03,2026-07-31,35.375,1330.75,0.0
DM-14-07-01-03,2026-08-01,40.875,1411.75,0.0
DM-14-07-01-03,2026-08-02,43.125,1388.25,1.336
DM-14-07-01-03,2026-08-03,47.875,1459.25,7.422
DM-14-07-01-03,2026-08-04,52.625,1458.75,18.258
DM-14-07-01-03,2026-08-05,52.625,1407.0,29.094
DM-14-07-03-02,2026-07-08,66.375,1232.75,
DM-14-07-03-02,2026-07-09,73.25,2812.0,
DM-14-07-03-02,2026-07-10,64.5,2508.25,
DM-14-07-03-02,2026-07-11,62.5,2449.75,
DM-14-07-03-02,2026-07-12,51.875,2248.0,
DM-14-07-03-02,2026-07-13,73.375,2733.5,
DM-14-07-03-02,2026-07-14,81.125,2658.5,
DM-14-07-03-02,2026-07-15,64.875,2679.75,
DM-14-07-03-02,2026-07-16,58.5,2738.5,
DM-14-07-03-02,2026-07-17,61.25,2518.25,
DM-14-07-03-02,2026-07-18,59.125,2609.75,
DM-14-07-03-02,2026-07-19,56.0,2215.0,
DM-14-07-03-02,2026-07-20,83.375,2803.25,
DM-14-07-03-02,2026-07-21,81.0,2867.75,
DM-14-07-03-02,2026-07-22,82.625,2829.5,10.885
DM-14-07-03-02,2026-07-23,69.5,2913.5,8.644
DM-14-07-03-02,2026-07-24,68.0,2633.0,4.904
DM-14-07-03-02,2026-07-25,54.125,2441.75,0.0
DM-14-07-03-02,2026-07-26,55.0,1977.75,0.0
DM-14-07-03-02,2026-07-27,64.125,2443.0,0.0
DM-14-07-03-02,2026-07-28,51.375,2069.25,0.0
DM-14-07-03-02,2026-07-29,54.875,2280.0,0.0
DM-14-07-03-02,2026-07-30,59.25,2644.25,0.0
DM-14-07-03-02,2026-07-31,81.875,2567.5,10.135
DM-14-07-03-02,2026-08-01,84.75,2613.75,23.144
DM-14-07-03-02,2026-08-02,64.375,2082.5,15.779
DM-14-07-03-02,2026-08-03,62.75,2644.0,6.788
DM-14-07-03-02,2026-08-04,84.625,2922.0,19.673
DM-14-07-03-02,2026-08-05,85.5,2853.5,33.433
DM-14-07-03-04,2026-07-08,96.5,1635.0,
DM-14-07-03-04,2026-07-09,94.25,2792.5,
DM-14-07-03-04,2026-07-10,96.125,2775.25,
DM-14-07-03-04,2026-07-11,90.25,2659.25,
DM-14-07-03-04,2026-07-12,42.0,1547.25,
DM-14-07-03-04,2026-07-13,36.75,1663.75,
DM-14-07-03-04,2026-07-14,95.625,2549.0,
DM-14-07-03-04,2026-07-15,99.375,2913.0,
DM-14-07-03-04,2026-07-16,88.375,2855.0,
DM-14-07-03-04,2026-07-17,83.625,2829.5,
DM-14-07-03-04,2026-07-18,39.25,1803.25,
DM-14-07-03-04,2026-07-19,44.75,1510.25,
DM-14-07-03-04,2026-07-20,95.25,2506.25,
DM-14-07-03-04,2026-07-21,94.75,2746.0,
DM-14-07-03-04,2026-07-22,94.625,2719.5,4.196
DM-14-07-03-04,2026-07-23,94.375,2846.5,8.142
DM-14-07-03-04,2026-07-24,88.25,2729.0,5.963
DM-14-07-03-04,2026-07-25,59.875,2476.5,0.0
DM-14-07-03-04,2026-07-26,36.25,1637.0,0.0
DM-14-07-03-04,2026-07-27,34.0,1380.5,0.0
DM-14-07-03-04,2026-07-28,33.625,1289.0,0.0
DM-14-07-03-04,2026-07-29,93.5,2481.0,3.071
DM-14-07-03-04,2026-07-30,93.625,2816.75,6.267
DM-14-07-03-04,2026-07-31,90.625,2812.25,6.463
DM-14-07-03-04,2026-08-01,81.0,2567.25,0.0
DM-14-07-03-04,2026-08-02,43.375,1743.0,0.0
DM-14-07-03-04,2026-08-03,90.0,2362.0,0.0
DM-14-07-03-04,2026-08-04,90.375,2672.5,0.0
DM-14-07-03-04,2026-08-05,88.0,2686.25,0.0
DM-14-07-04-01,2026-07-08,192.375,3733.25,
DM-14-07-04-01,2026-07-09,190.125,6723.25,
DM-14-07-04-01,2026-07-10,189.25,6689.0,
DM-14-07-04-01,2026-07-11,167.875,6491.5,
DM-14-07-04-01,2026-07-12,174.875,6583.75,
DM-14-07-04-01,2026-07-13,183.625,6455.25,
DM-14-07-04-01,2026-07-14,181.125,6506.0,
DM-14-07-04-01,2026-07-15,173.75,6605.5,
DM-14-07-04-01,2026-07-16,171.375,6439.25,
DM-14-07-04-01,2026-07-17,177.0,6489.75,
DM-14-07-04-01,2026-07-18,181.0,6497.0,
DM-14-07-04-01,2026-07-19,161.75,6324.25,
DM-14-07-04-01,2026-07-20,181.75,6340.75,
DM-14-07-04-01,2026-07-21,176.5,6439.25,
DM-14-07-04-01,2026-07-22,174.625,6431.0,0.0
DM-14-07-04-01,2026-07-23,173.75,6531.25,0.0
DM-14-07-04-01,2026-07-24,181.25,6385.0,0.0
DM-14-07-04-01,2026-07-25,160.0,6138.25,0.0
DM-14-07-04-01,2026-07-26,159.875,6064.5,0.0
DM-14-07-04-01,2026-07-27,175.875,6175.75,0.0
DM-14-07-04-01,2026-07-28,158.875,6089.5,0.0
DM-14-07-04-01,2026-07-29,177.375,6779.5,0.0
DM-14-07-04-01,2026-07-30,192.125,6558.5,9.204
DM-14-07-04-01,2026-07-31,186.25,6533.75,12.532
DM-14-07-04-01,2026-08-01,163.625,6269.5,0.0
DM-14-07-04-01,2026-08-02,162.375,6360.75,0.0
DM-14-07-04-01,2026-08-03,184.625,6468.25,1.704
DM-14-07-04-01,2026-08-04,182.625,6636.0,1.407
DM-14-07-04-01,2026-08-05,178.0,6558.25,0.0
DM-14-07-05-01,2026-07-08,,2885.25,
DM-14-07-05-01,2026-07-09,113.375,4699.25,
DM-14-07-05-01,2026-07-10,121.625,4687.5,
DM-14-07-05-01,2026-07-11,111.125,4653.0,
DM-14-07-05-01,2026-07-12,120.0,4484.25,
DM-14-07-05-01,2026-07-13,102.0,4682.5,
DM-14-07-05-01,2026-07-14,114.625,4669.5,
DM-14-07-05-01,2026-07-15,119.625,4832.75,
DM-14-07-05-01,2026-07-16,113.875,4629.5,
DM-14-07-05-01,2026-07-17,113.5,4661.0,
DM-14-07-05-01,2026-07-18,117.625,4741.75,
DM-14-07-05-01,2026-07-19,125.875,4507.5,
DM-14-07-05-01,2026-07-20,100.125,4469.0,
DM-14-07-05-01,2026-07-21,98.5,4439.25,
DM-14-07-05-01,2026-07-22,112.875,4417.0,0.0
DM-14-07-05-01,2026-07-23,99.75,4419.5,0.0
DM-14-07-05-01,2026-07-24,100.25,4377.5,0.0
DM-14-07-05-01,2026-07-25,98.625,4167.0,0.0
DM-14-07-05-01,2026-07-26,96.375,3839.75,0.0
DM-14-07-05-01,2026-07-27,89.625,4046.25,0.0
DM-14-07-05-01,2026-07-28,95.625,4038.5,0.0
DM-14-07-05-01,2026-07-29,96.5,4103.75,0.0
DM-14-07-05-01,2026-07-30,90.5,4373.25,0.0
DM-14-07-05-01,2026-07-31,102.0,4359.75,0.0
DM-14-07-05-01,2026-08-01,101.25,4298.0,0.0
DM-14-07-05-01,2026-08-02,99.375,4091.75,0.0
DM-14-07-05-01,2026-08-03,89.0,4335.25,0.0
DM-14-07-05-01,2026-08-04,95.875,4302.5,0.0
DM-14-07-05-01,2026-08-05,100.5,4296.5,0.0
DM-14-07-07-01,2026-07-08,,3157.5,
DM-14-07-07-01,2026-07-09,133.25,5313.25,
DM-14-07-07-01,2026-07-10,133.25,5306.25,
DM-14-07-07-01,2026-07-11,132.625,5560.0,
DM-14-07-07-01,2026-07-12,133.125,5499.5,
DM-14-07-07-01,2026-07-13,131.5,5259.75,
DM-14-07-07-01,2026-07-14,132.25,5229.5,
DM-14-07-07-01,2026-07-15,135.125,4878.5,
DM-14-07-07-01,2026-07-16,134.375,4989.5,
DM-14-07-07-01,2026-07-17,125.625,4868.5,
DM-14-07-07-01,2026-07-18,126.125,5281.0,
DM-14-07-07-01,2026-07-19,126.375,5196.25,
DM-14-07-07-01,2026-07-20,120.75,4911.75,
DM-14-07-07-01,2026-07-21,125.25,4945.5,
DM-14-07-07-01,2026-07-22,123.5,4924.5,0.0
DM-14-07-07-01,2026-07-23,123.375,4866.75,0.0
DM-14-07-07-01,2026-07-24,121.5,4861.5,0.0
DM-14-07-07-01,2026-07-25,124.375,5101.75,0.0
DM-14-07-07-01,2026-07-26,123.25,5009.0,0.0
DM-14-07-07-01,2026-07-27,121.875,4743.25,0.0
DM-14-07-07-01,2026-07-28,125.375,4682.25,0.0
DM-14-07-07-01,2026-07-29,121.0,4775.5,0.0
DM-14-07-07-01,2026-07-30,123.625,4856.25,0.0
DM-14-07-07-01,2026-07-31,125.0,4998.5,0.0
DM-14-07-07-01,2026-08-01,124.0,5103.25,0.0
DM-14-07-07-01,2026-08-02,122.625,5130.75,0.0
DM-14-07-07-01,2026-08-03,122.75,4884.0,0.0
DM-14-07-07-01,2026-08-04,123.25,4969.25,0.0
DM-14-07-07-01,2026-08-05,124.875,4952.25,0.0
DM-14-09-01-01,2026-07-08,136.625,2625.5,
DM-14-09-01-01,2026-07-09,136.125,4717.5,
DM-14-09-01-01,2026-07-10,134.5,4746.25,
DM-14-09-01-01,2026-07-11,139.75,4855.0,
DM-14-09-01-01,2026-07-12,132.0,4830.75,
DM-14-09-01-01,2026-07-13,116.625,4704.75,
DM-14-09-01-01,2026-07-14,121.75,4481.25,
DM-14-09-01-01,2026-07-15,128.0,4559.0,
DM-14-09-01-01,2026-07-16,117.375,4542.5,
DM-14-09-01-01,2026-07-17,119.125,4329.5,
DM-14-09-01-01,2026-07-18,120.5,4515.25,
DM-14-09-01-01,2026-07-19,116.25,4545.25,
DM-14-09-01-01,2026-07-20,116.5,4414.5,
DM-14-09-01-01,2026-07-21,121.0,4413.25,
DM-14-09-01-01,2026-07-22,119.125,4393.25,0.0
DM-14-09-01-01,2026-07-23,120.25,4389.0,0.0
DM-14-09-01-01,2026-07-24,122.125,4449.5,0.0
DM-14-09-01-01,2026-07-25,123.0,4547.75,0.0
DM-14-09-01-01,2026-07-26,122.375,4509.0,0.0
DM-14-09-01-01,2026-07-27,117.625,4321.75,0.0
DM-14-09-01-01,2026-07-28,119.125,4286.0,0.0
DM-14-09-01-01,2026-07-29,117.625,4321.0,0.0
DM-14-09-01-01,2026-07-30,118.125,4362.75,0.0
DM-14-09-01-01,2026-07-31,124.25,4356.75,0.0
DM-14-09-01-01,2026-08-01,124.625,4474.5,0.0
DM-14-09-01-01,2026-08-02,121.5,4573.0,0.0
DM-14-09-01-01,2026-08-03,120.0,4455.5,0.0
DM-14-09-01-01,2026-08-04,125.125,4496.75,0.0
DM-14-09-01-01,2026-08-05,124.625,4477.25,0.0
DM-14-09-02-01,2026-07-08,,4547.0,
DM-14-09-02-01,2026-07-09,209.0,7636.0,
DM-14-09-02-01,2026-07-10,204.625,7631.0,
DM-14-09-02-01,2026-07-11,210.25,7878.75,
DM-14-09-02-01,2026-07-12,210.75,7895.25,
DM-14-09-02-01,2026-07-13,209.125,7644.5,
DM-14-09-02-01,2026-07-14,206.75,7699.5,
DM-14-09-02-01,2026-07-15,210.75,7663.0,
DM-14-09-02-01,2026-07-16,202.125,7496.25,
DM-14-09-02-01,2026-07-17,203.5,7519.75,
DM-14-09-02-01,2026-07-18,209.625,7915.75,
DM-14-09-02-01,2026-07-19,219.25,8022.25,
DM-14-09-02-01,2026-07-20,208.125,7636.75,
DM-14-09-02-01,2026-07-21,209.0,7595.5,
DM-14-09-02-01,2026-07-22,205.25,7559.0,0.0
DM-14-09-02-01,2026-07-23,204.875,7486.0,0.0
DM-14-09-02-01,2026-07-24,203.25,7532.25,0.0
DM-14-09-02-01,2026-07-25,206.625,7756.5,0.0
DM-14-09-02-01,2026-07-26,209.625,7762.5,0.0
DM-14-09-02-01,2026-07-27,205.5,7522.0,0.0
DM-14-09-02-01,2026-07-28,200.5,7496.0,0.0
DM-14-09-02-01,2026-07-29,207.125,7547.0,0.0
DM-14-09-02-01,2026-07-30,200.75,7561.5,0.0
DM-14-09-02-01,2026-07-31,205.625,7512.25,0.0
DM-14-09-02-01,2026-08-01,209.375,7704.5,0.0
DM-14-09-02-01,2026-08-02,211.125,7910.0,0.412
DM-14-09-02-01,2026-08-03,202.5,7616.25,0.0
DM-14-09-02-01,2026-08-04,207.125,7618.75,0.0
DM-14-09-02-01,2026-08-05,205.25,7584.0,0.0
DM-14-09-02-02,2026-07-08,,1495.25,
DM-14-09-02-02,2026-07-09,67.125,2544.25,
DM-14-09-02-02,2026-07-10,70.875,2616.5,
DM-14-09-02-02,2026-07-11,71.5,2722.5,
DM-14-09-02-02,2026-07-12,72.0,2672.0,
DM-14-09-02-02,2026-07-13,67.25,2530.0,
DM-14-09-02-02,2026-07-14,66.875,2567.25,
DM-14-09-02-02,2026-07-15,69.75,2598.75,
DM-14-09-02-02,2026-07-16,72.375,2583.0,
DM-14-09-02-02,2026-07-17,68.625,2489.5,
DM-14-09-02-02,2026-07-18,69.375,2720.75,
DM-14-09-02-02,2026-07-19,73.0,2712.0,
DM-14-09-02-02,2026-07-20,67.5,2568.75,
DM-14-09-02-02,2026-07-21,68.25,2573.75,
DM-14-09-02-02,2026-07-22,68.375,2501.0,0.0
DM-14-09-02-02,2026-07-23,66.25,2449.0,0.0
DM-14-09-02-02,2026-07-24,63.875,2445.25,0.0
DM-14-09-02-02,2026-07-25,64.5,2538.5,0.0
DM-14-09-02-02,2026-07-26,65.5,2494.0,0.0
DM-14-09-02-02,2026-07-27,65.125,2367.25,0.0
DM-14-09-02-02,2026-07-28,66.5,2317.25,0.0
DM-14-09-02-02,2026-07-29,64.375,2397.75,0.0
DM-14-09-02-02,2026-07-30,64.0,2414.0,0.0
DM-14-09-02-02,2026-07-31,64.75,2399.0,0.0
DM-14-09-02-02,2026-08-01,88.5,3597.0,17.88
DM-14-09-02-02,2026-08-02,93.0,3766.25,40.26
DM-14-09-02-02,2026-08-03,92.875,3551.5,62.515
DM-14-09-02-02,2026-08-04,83.25,3448.25,75.145
DM-14-09-02-02,2026-08-05,80.5,3415.75,85.025
DM-14-09-02-03,2026-07-08,55.875,1139.25,
DM-14-09-02-03,2026-07-09,51.375,2076.0,
DM-14-09-02-03,2026-07-10,54.375,2068.0,
DM-14-09-02-03,2026-07-11,60.375,2048.25,
DM-14-09-02-03,2026-07-12,54.875,2081.5,
DM-14-09-02-03,2026-07-13,48.5,2059.0,
DM-14-09-02-03,2026-07-14,57.0,2034.75,
DM-14-09-02-03,2026-07-15,47.25,2057.5,
DM-14-09-02-03,2026-07-16,49.25,1927.0,
DM-14-09-02-03,2026-07-17,12.625,1526.5,
DM-14-09-02-03,2026-07-18,44.0,2133.5,
DM-14-09-02-03,2026-07-19,45.125,1932.5,
DM-14-09-02-03,2026-07-20,46.0,1925.0,
DM-14-09-02-03,2026-07-21,51.875,2003.0,
DM-14-09-02-03,2026-07-22,39.75,1872.25,0.0
DM-14-09-02-03,2026-07-23,41.75,1836.25,0.0
DM-14-09-02-03,2026-07-24,39.875,1792.25,0.0
DM-14-09-02-03,2026-07-25,48.25,1924.25,0.0
DM-14-09-02-03,2026-07-26,42.875,1823.75,0.0
DM-14-09-02-03,2026-07-27,43.0,1844.25,0.0
DM-14-09-02-03,2026-07-28,44.25,1791.25,0.0
DM-14-09-02-03,2026-07-29,43.25,1798.5,0.0
DM-14-09-02-03,2026-07-30,42.625,1771.25,0.0
DM-14-09-02-03,2026-07-31,44.125,1770.5,0.0
DM-14-09-02-03,2026-08-01,44.5,1812.5,0.0
DM-14-09-02-03,2026-08-02,54.25,1898.25,0.293
DM-14-09-02-03,2026-08-03,44.125,1888.5,0.0
DM-14-09-02-03,2026-08-04,46.5,1819.5,0.0
DM-14-09-02-03,2026-08-05,45.375,1809.0,0.0
DM-14-10-01-01,2026-07-08,,1132.5,
DM-14-10-01-01,2026-07-09,40.75,1916.0,
DM-14-10-01-01,2026-07-10,39.125,1903.75,
DM-14-10-01-01,2026-07-11,42.75,2004.0,
DM-14-10-01-01,2026-07-12,48.375,2004.5,
DM-14-10-01-01,2026-07-13,46.125,1962.5,
DM-14-10-01-01,2026-07-14,38.5,1964.0,
DM-14-10-01-01,2026-07-15,39.75,1976.5,
DM-14-10-01-01,2026-07-16,42.125,1920.25,
DM-14-10-01-01,2026-07-17,41.5,1916.25,
DM-14-10-01-01,2026-07-18,41.25,2078.0,
DM-14-10-01-01,2026-07-19,42.0,2055.25,
DM-14-10-01-01,2026-07-20,43.5,1957.25,
DM-14-10-01-01,2026-07-21,41.75,1943.25,
DM-14-10-01-01,2026-07-22,39.875,1923.0,0.0
DM-14-10-01-01,2026-07-23,39.125,1912.25,0.0
DM-14-10-01-01,2026-07-24,38.5,1914.0,0.0
DM-14-10-01-01,2026-07-25,40.125,1987.5,0.0
DM-14-10-01-01,2026-07-26,40.125,1901.75,0.0
DM-14-10-01-01,2026-07-27,42.375,1851.5,0.0
DM-14-10-01-01,2026-07-28,37.625,1806.0,0.0
DM-14-10-01-01,2026-07-29,37.75,1902.75,0.0
DM-14-10-01-01,2026-07-30,43.125,1902.25,0.0
DM-14-10-01-01,2026-07-31,40.625,1911.25,0.0
DM-14-10-01-01,2026-08-01,41.25,1939.75,0.0
DM-14-10-01-01,2026-08-02,39.75,1975.0,0.0
DM-14-10-01-01,2026-08-03,40.625,1950.25,0.0
DM-14-10-01-01,2026-08-04,41.5,1959.5,0.0
DM-14-10-01-01,2026-08-05,39.25,1912.5,0.0
DM-14-10-02-01,2026-07-08,,851.25,
DM-14-10-02-01,2026-07-09,32.375,1502.75,
DM-14-10-02-01,2026-07-10,36.125,1487.75,
DM-14-10-02-01,2026-07-11,32.625,1453.75,
DM-14-10-02-01,2026-07-12,36.25,1519.75,
DM-14-10-02-01,2026-07-13,34.875,1497.25,
DM-14-10-02-01,2026-07-14,30.5,1445.75,
DM-14-10-02-01,2026-07-15,33.375,1404.5,
DM-14-10-02-01,2026-07-16,25.375,1433.25,
DM-14-10-02-01,2026-07-17,32.75,1438.25,
DM-14-10-02-01,2026-07-18,31.875,1470.75,
DM-14-10-02-01,2026-07-19,34.0,1553.75,
DM-14-10-02-01,2026-07-20,35.5,1485.25,
DM-14-10-02-01,2026-07-21,32.875,1464.0,
DM-14-10-02-01,2026-07-22,35.125,1413.25,0.794
DM-14-10-02-01,2026-07-23,28.875,1390.0,0.0
DM-14-10-02-01,2026-07-24,35.875,1441.75,1.544
DM-14-10-02-01,2026-07-25,33.0,1461.25,0.214
DM-14-10-02-01,2026-07-26,33.375,1447.5,0.0
DM-14-10-02-01,2026-07-27,38.625,1391.75,4.294
DM-14-10-02-01,2026-07-28,33.75,1369.5,3.714
DM-14-10-02-01,2026-07-29,34.375,1445.0,3.758
DM-14-10-02-01,2026-07-30,29.5,1450.25,0.0
DM-14-10-02-01,2026-07-31,27.875,1415.75,0.0
DM-14-10-02-01,2026-08-01,31.625,1451.5,0.0
DM-14-10-02-01,2026-08-02,33.125,1574.25,0.0
DM-14-10-02-01,2026-08-03,35.0,1467.25,0.669
DM-14-10-02-01,2026-08-04,36.125,1547.5,2.464
DM-14-10-02-01,2026-08-05,43.625,1514.75,11.758
DM-14-10-04-02,2026-07-08,,1573.75,
DM-14-10-04-02,2026-07-09,,2551.25,
DM-14-10-04-02,2026-07-10,,2703.75,
DM-14-10-04-02,2026-07-11,,2695.5,
DM-14-10-04-02,2026-07-12,,2594.0,
DM-14-10-04-02,2026-07-13,,2541.75,
DM-14-10-04-02,2026-07-14,,2577.5,
DM-14-10-04-02,2026-07-15,,2643.25,
DM-14-10-04-02,2026-07-16,,2498.25,
DM-14-10-04-02,2026-07-17,,2550.5,
DM-14-10-04-02,2026-07-18,,2740.5,
DM-14-10-04-02,2026-07-19,,2627.75,
DM-14-10-04-02,2026-07-20,,2633.25,
DM-14-10-04-02,2026-07-21,,2627.5,
DM-14-10-04-02,2026-07-22,,2584.75,0.0
DM-14-10-04-02,2026-07-23,,2555.5,0.0
DM-14-10-04-02,2026-07-24,,2626.25,0.0
DM-14-10-04-02,2026-07-25,,2714.0,0.0
DM-14-10-04-02,2026-07-26,,2639.0,0.0
DM-14-10-04-02,2026-07-27,,2522.75,0.0
DM-14-10-04-02,2026-07-28,,2455.25,0.0
DM-14-10-04-02,2026-07-29,,2514.0,0.0
DM-14-10-04-02,2026-07-30,,2574.5,0.0
DM-14-10-04-02,2026-07-31,,2569.75,0.0
DM-14-10-04-02,2026-08-01,,2684.5,0.0
DM-14-10-04-02,2026-08-02,,2664.75,0.0
DM-14-10-04-02,2026-08-03,,2676.75,0.0
DM-14-10-04-02,2026-08-04,,2659.25,0.0
DM-14-10-04-02,2026-08-05,,2726.5,0.0
DM-14-10-07-01,2026-07-08,,699.25,
DM-14-10-07-01,2026-07-09,,1166.25,
DM-14-10-07-01,2026-07-10,,1188.5,
DM-14-10-07-01,2026-07-11,,1260.75,
DM-14-10-07-01,2026-07-12,,1217.75,
DM-14-10-07-01,2026-07-13,,1234.25,
DM-14-10-07-01,2026-07-14,,1274.5,
DM-14-10-07-01,2026-07-15,,1224.0,
DM-14-10-07-01,2026-07-16,,1305.5,
DM-14-10-07-01,2026-07-17,,1391.75,
DM-14-10-07-01,2026-07-18,,1367.0,
DM-14-10-07-01,2026-07-19,,1288.0,
DM-14-10-07-01,2026-07-20,,1225.0,
DM-14-10-07-01,2026-07-21,,1220.25,
DM-14-10-07-01,2026-07-22,,1238.5,0.0
DM-14-10-07-01,2026-07-23,,1252.25,0.0
DM-14-10-07-01,2026-07-24,,1268.75,0.0
DM-14-10-07-01,2026-07-25,,1259.5,0.0
DM-14-10-07-01,2026-07-26,,1113.25,0.0
DM-14-10-07-01,2026-07-27,,1165.5,0.0
DM-14-10-07-01,2026-07-28,,941.25,0.0
DM-14-10-07-01,2026-07-29,,841.75,0.0
DM-14-10-07-01,2026-07-30,,955.5,0.0
DM-14-10-07-01,2026-07-31,,1196.5,0.0
DM-14-10-07-01,2026-08-01,,1236.25,0.0
DM-14-10-07-01,2026-08-02,,1132.75,0.0
DM-14-10-07-01,2026-08-03,,1053.0,0.0
DM-14-10-07-01,2026-08-04,,1267.75,0.0
DM-14-10-07-01,2026-08-05,,1375.5,0.0
DM-14-10-07-02,2026-07-08,,1053.5,
DM-14-10-07-02,2026-07-09,61.625,1978.25,
DM-14-10-07-02,2026-07-10,62.625,1995.75,
DM-14-10-07-02,2026-07-11,64.25,2067.5,
DM-14-10-07-02,2026-07-12,63.0,2009.25,
DM-14-10-07-02,2026-07-13,59.75,1939.0,
DM-14-10-07-02,2026-07-14,60.875,1899.0,
DM-14-10-07-02,2026-07-15,60.0,1945.0,
DM-14-10-07-02,2026-07-16,62.0,1819.5,
DM-14-10-07-02,2026-07-17,58.375,1905.5,
DM-14-10-07-02,2026-07-18,62.375,2052.5,
DM-14-10-07-02,2026-07-19,64.25,2002.0,
DM-14-10-07-02,2026-07-20,63.0,1983.0,
DM-14-10-07-02,2026-07-21,63.0,1933.25,
DM-14-10-07-02,2026-07-22,60.375,1909.5,0.0
DM-14-10-07-02,2026-07-23,56.5,1825.5,0.0
DM-14-10-07-02,2026-07-24,57.375,1894.0,0.0
DM-14-10-07-02,2026-07-25,58.75,1868.0,0.0
DM-14-10-07-02,2026-07-26,55.25,1813.75,0.0
DM-14-10-07-02,2026-07-27,54.0,1724.5,0.0
DM-14-10-07-02,2026-07-28,41.25,1682.0,0.0
DM-14-10-07-02,2026-07-29,53.875,1734.5,0.0
DM-14-10-07-02,2026-07-30,54.625,1795.0,0.0
DM-14-10-07-02,2026-07-31,50.75,1702.25,0.0
DM-14-10-07-02,2026-08-01,48.875,1725.0,0.0
DM-14-10-07-02,2026-08-02,48.125,1758.75,0.0
DM-14-10-07-02,2026-08-03,48.5,1774.75,0.0
DM-14-10-07-02,2026-08-04,48.125,1735.25,0.0
DM-14-10-07-02,2026-08-05,52.25,1775.5,0.0
DM-14-17-02-01,2026-07-08,,957.0,
DM-14-17-02-01,2026-07-09,32.375,1584.25,
DM-14-17-02-01,2026-07-10,33.75,1609.0,
DM-14-17-02-01,2026-07-11,32.75,1713.75,
DM-14-17-02-01,2026-07-12,33.875,1730.25,
DM-14-17-02-01,2026-07-13,35.375,1622.5,
DM-14-17-02-01,2026-07-14,32.5,1591.25,
DM-14-17-02-01,2026-07-15,32.875,1614.25,
DM-14-17-02-01,2026-07-16,34.0,1568.75,
DM-14-17-02-01,2026-07-17,35.5,1574.25,
DM-14-17-02-01,2026-07-18,32.625,1735.25,
DM-14-17-02-01,2026-07-19,35.625,1772.0,
DM-14-17-02-01,2026-07-20,33.875,1605.75,
DM-14-17-02-01,2026-07-21,32.5,1614.75,
DM-14-17-02-01,2026-07-22,32.5,1572.0,0.0
DM-14-17-02-01,2026-07-23,32.75,1577.5,0.0
DM-14-17-02-01,2026-07-24,32.125,1562.75,0.0
DM-14-17-02-01,2026-07-25,30.5,1558.5,0.0
DM-14-17-02-01,2026-07-26,26.0,1458.0,0.0
DM-14-17-02-01,2026-07-27,24.25,1350.0,0.0
DM-14-17-02-01,2026-07-28,25.5,1334.25,0.0
DM-14-17-02-01,2026-07-29,23.125,1340.5,0.0
DM-14-17-02-01,2026-07-30,23.5,1362.0,0.0
DM-14-17-02-01,2026-07-31,23.75,1322.25,0.0
DM-14-17-02-01,2026-08-01,24.375,1447.75,0.0
DM-14-17-02-01,2026-08-02,24.875,1461.5,0.0
DM-14-17-02-01,2026-08-03,25.125,1369.25,0.0
DM-14-17-02-01,2026-08-04,22.875,1513.5,0.0
DM-14-17-02-01,2026-08-05,25.0,1387.0,0.0
DM-14-17-02-02,2026-07-08,,1769.0,
DM-14-17-02-02,2026-07-09,,3203.75,
DM-14-17-02-02,2026-07-10,,3274.75,
DM-14-17-02-02,2026-07-11,,3337.25,
DM-14-17-02-02,2026-07-12,,3334.5,
DM-14-17-02-02,2026-07-13,,3270.5,
DM-14-17-02-02,2026-07-14,,3290.0,
DM-14-17-02-02,2026-07-15,,3310.25,
DM-14-17-02-02,2026-07-16,,3152.25,
DM-14-17-02-02,2026-07-17,,3196.75,
DM-14-17-02-02,2026-07-18,,3371.75,
DM-14-17-02-02,2026-07-19,,3408.25,
DM-14-17-02-02,2026-07-20,,3297.25,
DM-14-17-02-02,2026-07-21,,3299.5,
DM-14-17-02-02,2026-07-22,,3248.75,0.0
DM-14-17-02-02,2026-07-23,,3173.75,0.0
DM-14-17-02-02,2026-07-24,,3232.25,0.0
DM-14-17-02-02,2026-07-25,,3302.75,0.0
DM-14-17-02-02,2026-07-26,,3293.5,0.0
DM-14-17-02-02,2026-07-27,,3039.25,0.0
DM-14-17-02-02,2026-07-28,,3026.25,0.0
DM-14-17-02-02,2026-07-29,,3052.25,0.0
DM-14-17-02-02,2026-07-30,,3025.5,0.0
DM-14-17-02-02,2026-07-31,,2948.75,0.0
DM-14-17-02-02,2026-08-01,,3049.25,0.0
DM-14-17-02-02,2026-08-02,,3106.0,0.0
DM-14-17-02-02,2026-08-03,,3011.5,0.0
DM-14-17-02-02,2026-08-04,,3012.5,0.0
DM-14-17-02-02,2026-08-05,,3060.25,0.0
DM-14-17-03-01,2026-07-08,,1504.5,
DM-14-17-03-01,2026-07-09,65.875,2515.0,
DM-14-17-03-01,2026-07-10,67.75,2543.0,
DM-14-17-03-01,2026-07-11,67.875,2609.25,
DM-14-17-03-01,2026-07-12,66.75,2599.0,
DM-14-17-03-01,2026-07-13,65.5,2529.75,
DM-14-17-03-01,2026-07-14,71.875,2553.25,
DM-14-17-03-01,2026-07-15,73.125,2603.75,
DM-14-17-03-01,2026-07-16,69.875,2582.0,
DM-14-17-03-01,2026-07-17,69.75,2593.0,
DM-14-17-03-01,2026-07-18,71.0,2725.0,
DM-14-17-03-01,2026-07-19,77.875,2747.5,
DM-14-17-03-01,2026-07-20,71.75,2638.75,
DM-14-17-03-01,2026-07-21,70.125,2638.25,
DM-14-17-03-01,2026-07-22,72.0,2602.0,0.445
DM-14-17-03-01,2026-07-23,68.0,2587.0,0.0
DM-14-17-03-01,2026-07-24,71.375,2626.25,0.0
DM-14-17-03-01,2026-07-25,71.875,2682.5,0.32
DM-14-17-03-01,2026-07-26,72.75,2673.5,1.516
DM-14-17-03-01,2026-07-27,70.875,2541.5,0.836
DM-14-17-03-01,2026-07-28,71.5,2537.0,0.781
DM-14-17-03-01,2026-07-29,70.625,2556.0,0.0
DM-14-17-03-01,2026-07-30,70.375,2563.5,0.0
DM-14-17-03-01,2026-07-31,73.125,2567.0,1.57
DM-14-17-03-01,2026-08-01,69.875,2644.0,0.0
DM-14-17-03-01,2026-08-02,70.0,2727.0,0.0
DM-14-17-03-01,2026-08-03,71.375,2656.75,0.0
DM-14-17-03-01,2026-08-04,69.5,2658.25,0.0
DM-14-17-03-01,2026-08-05,73.0,2647.25,1.445
DM-14-17-03-02,2026-07-08,,1421.5,
DM-14-17-03-02,2026-07-09,,2587.25,
DM-14-17-03-02,2026-07-10,,2597.75,
DM-14-17-03-02,2026-07-11,,2667.0,
DM-14-17-03-02,2026-07-12,,2668.0,
DM-14-17-03-02,2026-07-13,,2598.25,
DM-14-17-03-02,2026-07-14,,2611.75,
DM-14-17-03-02,2026-07-15,,2594.0,
DM-14-17-03-02,2026-07-16,,2553.75,
DM-14-17-03-02,2026-07-17,,2574.25,
DM-14-17-03-02,2026-07-18,,2692.75,
DM-14-17-03-02,2026-07-19,,2702.25,
DM-14-17-03-02,2026-07-20,,2589.25,
DM-14-17-03-02,2026-07-21,,2581.75,
DM-14-17-03-02,2026-07-22,,2560.25,0.0
DM-14-17-03-02,2026-07-23,,2565.5,0.0
DM-14-17-03-02,2026-07-24,,2589.5,0.0
DM-14-17-03-02,2026-07-25,,2638.75,0.0
DM-14-17-03-02,2026-07-26,,2641.25,0.0
DM-14-17-03-02,2026-07-27,,2553.75,0.0
DM-14-17-03-02,2026-07-28,,2559.0,0.0
DM-14-17-03-02,2026-07-29,,2566.25,0.0
DM-14-17-03-02,2026-07-30,,2586.0,0.0
DM-14-17-03-02,2026-07-31,,2552.25,0.0
DM-14-17-03-02,2026-08-01,,2626.25,0.0
DM-14-17-03-02,2026-08-02,,2688.75,0.0
DM-14-17-03-02,2026-08-03,,2598.5,0.0
DM-14-17-03-02,2026-08-04,,2610.0,0.0
DM-14-17-03-02,2026-08-05,,2593.25,0.0
DM-14-17-04-01,2026-07-08,,2036.5,
DM-14-17-04-01,2026-07-09,82.75,3396.0,
DM-14-17-04-01,2026-07-10,84.125,3427.75,
DM-14-17-04-01,2026-07-11,84.375,3562.5,
DM-14-17-04-01,2026-07-12,84.75,3599.75,
DM-14-17-04-01,2026-07-13,82.875,3434.25,
DM-14-17-04-01,2026-07-14,82.875,3457.0,
DM-14-17-04-01,2026-07-15,84.625,3456.5,
DM-14-17-04-01,2026-07-16,86.5,3391.25,
DM-14-17-04-01,2026-07-17,85.125,3407.5,
DM-14-17-04-01,2026-07-18,86.5,3618.0,
DM-14-17-04-01,2026-07-19,87.875,3702.25,
DM-14-17-04-01,2026-07-20,87.375,3494.75,
DM-14-17-04-01,2026-07-21,85.125,3466.5,
DM-14-17-04-01,2026-07-22,85.5,3418.0,0.0
DM-14-17-04-01,2026-07-23,84.375,3429.5,0.0
DM-14-17-04-01,2026-07-24,84.0,3463.5,0.0
DM-14-17-04-01,2026-07-25,85.625,3582.25,0.0
DM-14-17-04-01,2026-07-26,87.875,3615.0,2.077
DM-14-17-04-01,2026-07-27,86.0,3474.25,2.28
DM-14-17-04-01,2026-07-28,86.875,3538.5,3.357
DM-14-17-04-01,2026-07-29,87.0,3560.5,4.559
DM-14-17-04-01,2026-07-30,86.625,3569.25,5.387
DM-14-17-04-01,2026-07-31,88.75,3469.75,8.339
DM-14-17-04-01,2026-08-01,85.875,3529.25,8.416
DM-14-17-04-01,2026-08-02,85.75,3648.0,8.369
DM-14-17-04-01,2026-08-03,85.75,3445.25,8.321
DM-14-17-04-01,2026-08-04,82.125,3414.25,4.648
DM-14-17-04-01,2026-08-05,83.5,3365.5,2.351
DM-14-17-05-01,2026-07-08,,3378.75,
DM-14-17-05-01,2026-07-09,80.75,5289.5,
DM-14-17-05-01,2026-07-10,84.0,5355.75,
DM-14-17-05-01,2026-07-11,75.375,5345.75,
DM-14-17-05-01,2026-07-12,85.625,5403.5,
DM-14-17-05-01,2026-07-13,72.25,5308.25,
DM-14-17-05-01,2026-07-14,79.375,5603.25,
DM-14-17-05-01,2026-07-15,77.25,5551.0,
DM-14-17-05-01,2026-07-16,110.125,5477.5,
DM-14-17-05-01,2026-07-17,90.75,5466.0,
DM-14-17-05-01,2026-07-18,94.75,5911.25,
DM-14-17-05-01,2026-07-19,107.75,5400.0,
DM-14-17-05-01,2026-07-20,73.625,5012.5,
DM-14-17-05-01,2026-07-21,79.375,5127.25,
DM-14-17-05-01,2026-07-22,78.625,4976.25,0.0
DM-14-17-05-01,2026-07-23,81.375,4988.0,0.0
DM-14-17-05-01,2026-07-24,78.5,5037.75,0.0
DM-14-17-05-01,2026-07-25,78.125,5385.0,0.0
DM-14-17-05-01,2026-07-26,84.75,5319.5,0.0
DM-14-17-05-01,2026-07-27,77.5,5124.5,0.0
DM-14-17-05-01,2026-07-28,85.0,4891.75,0.0
DM-14-17-05-01,2026-07-29,78.0,5203.75,0.0
DM-14-17-05-01,2026-07-30,86.125,5262.25,0.0
DM-14-17-05-01,2026-07-31,87.5,5007.75,0.0
DM-14-17-05-01,2026-08-01,81.5,5173.25,0.0
DM-14-17-05-01,2026-08-02,82.625,5131.5,0.0
DM-14-17-05-01,2026-08-03,72.125,5203.25,0.0
DM-14-17-05-01,2026-08-04,67.5,5088.75,0.0
DM-14-17-05-01,2026-08-05,77.75,5225.0,0.0
DM-14-17-06-01,2026-07-08,,1391.25,
DM-14-17-06-01,2026-07-09,30.75,2285.0,
DM-14-17-06-01,2026-07-10,36.5,2348.5,
DM-14-17-06-01,2026-07-11,34.875,2480.25,
DM-14-17-06-01,2026-07-12,37.125,2394.75,
DM-14-17-06-01,2026-07-13,35.0,2322.0,
DM-14-17-06-01,2026-07-14,33.0,2323.25,
DM-14-17-06-01,2026-07-15,35.5,2255.0,
DM-14-17-06-01,2026-07-16,32.125,2170.75,
DM-14-17-06-01,2026-07-17,33.875,2257.75,
DM-14-17-06-01,2026-07-18,36.5,2414.75,
DM-14-17-06-01,2026-07-19,37.75,2435.25,
DM-14-17-06-01,2026-07-20,42.0,2320.25,
DM-14-17-06-01,2026-07-21,42.125,2343.75,
DM-14-17-06-01,2026-07-22,35.125,2275.75,0.0
DM-14-17-06-01,2026-07-23,33.25,2278.0,0.0
DM-14-17-06-01,2026-07-24,36.0,2367.75,0.0
DM-14-17-06-01,2026-07-25,42.375,2469.75,4.82
DM-14-17-06-01,2026-07-26,35.625,2324.75,2.89
DM-14-17-06-01,2026-07-27,37.875,2298.25,3.209
DM-14-17-06-01,2026-07-28,30.625,2247.25,0.0
DM-14-17-06-01,2026-07-29,38.5,2257.75,0.945
DM-14-17-06-01,2026-07-30,35.375,2331.0,0.0
DM-14-17-06-01,2026-07-31,41.0,2340.0,3.445
DM-14-17-06-01,2026-08-01,34.875,2480.75,0.765
DM-14-17-06-01,2026-08-02,41.5,2635.75,4.709
DM-14-17-06-01,2026-08-03,36.5,2617.5,3.654
DM-14-17-06-01,2026-08-04,40.875,2570.75,6.974
DM-14-17-06-01,2026-08-05,37.25,2510.75,6.669
DM-14-18-01-01,2026-07-08,,2226.0,
DM-14-18-01-01,2026-07-09,107.625,3509.25,
DM-14-18-01-01,2026-07-10,114.0,3447.75,
DM-14-18-01-01,2026-07-11,100.375,3479.5,
DM-14-18-01-01,2026-07-12,101.875,3052.75,
DM-14-18-01-01,2026-07-13,97.875,3512.0,
DM-14-18-01-01,2026-07-14,102.875,3535.5,
DM-14-18-01-01,2026-07-15,97.625,3564.25,
DM-14-18-01-01,2026-07-16,107.25,3525.25,
DM-14-18-01-01,2026-07-17,98.375,3592.75,
DM-14-18-01-01,2026-07-18,129.0,3633.75,
DM-14-18-01-01,2026-07-19,94.5,3065.75,
DM-14-18-01-01,2026-07-20,86.125,3327.75,
DM-14-18-01-01,2026-07-21,85.75,3340.5,
DM-14-18-01-01,2026-07-22,101.5,3327.75,0.0
DM-14-18-01-01,2026-07-23,96.125,3251.75,0.0
DM-14-18-01-01,2026-07-24,94.375,3345.25,0.0
DM-14-18-01-01,2026-07-25,99.125,3224.75,0.0
DM-14-18-01-01,2026-07-26,88.125,2827.25,0.0
DM-14-18-01-01,2026-07-27,102.5,2831.25,0.0
DM-14-18-01-01,2026-07-28,98.25,2840.5,0.0
DM-14-18-01-01,2026-07-29,81.75,3021.0,0.0
DM-14-18-01-01,2026-07-30,91.625,3144.75,0.0
DM-14-18-01-01,2026-07-31,84.5,3208.75,0.0
DM-14-18-01-01,2026-08-01,92.25,3323.5,0.0
DM-14-18-01-01,2026-08-02,92.25,3323.5,0.0
DM-14-18-01-01,2026-08-03,82.125,3154.75,0.0
DM-14-18-01-01,2026-08-04,91.625,3354.25,0.0
DM-14-18-01-01,2026-08-05,97.25,3352.25,0.0
DM-14-18-01-02,2026-07-08,,1688.5,
DM-14-18-01-02,2026-07-09,68.125,3030.25,
DM-14-18-01-02,2026-07-10,66.375,3147.25,
DM-14-18-01-02,2026-07-11,68.125,3238.25,
DM-14-18-01-02,2026-07-12,74.75,2974.75,
DM-14-18-01-02,2026-07-13,69.625,2862.5,
DM-14-18-01-02,2026-07-14,64.125,3113.25,
DM-14-18-01-02,2026-07-15,72.625,3004.75,
DM-14-18-01-02,2026-07-16,74.0,2968.75,
DM-14-18-01-02,2026-07-17,68.0,2779.0,
DM-14-18-01-02,2026-07-18,64.5,3347.0,
DM-14-18-01-02,2026-07-19,73.5,3022.75,
DM-14-18-01-02,2026-07-20,68.75,3070.75,
DM-14-18-01-02,2026-07-21,68.125,2973.0,
DM-14-18-01-02,2026-07-22,71.25,2935.25,0.301
DM-14-18-01-02,2026-07-23,70.25,2726.5,0.0
DM-14-18-01-02,2026-07-24,72.875,2874.75,1.926
DM-14-18-01-02,2026-07-25,59.75,2830.75,0.0
DM-14-18-01-02,2026-07-26,61.625,2650.75,0.0
DM-14-18-01-02,2026-07-27,64.125,2419.75,0.0
DM-14-18-01-02,2026-07-28,69.375,2340.75,0.0
DM-14-18-01-02,2026-07-29,65.0,2603.0,0.0
DM-14-18-01-02,2026-07-30,68.625,2693.75,0.0
DM-14-18-01-02,2026-07-31,75.75,2654.25,4.801
DM-14-18-01-02,2026-08-01,23.375,1626.0,0.0
DM-14-18-01-02,2026-08-02,25.125,1440.5,0.0
DM-14-18-01-02,2026-08-03,22.625,1783.5,0.0
DM-14-18-01-02,2026-08-04,42.875,1834.75,0.0
DM-14-18-01-02,2026-08-05,49.625,1839.25,0.0
DM-14-18-02-02,2026-07-08,66.25,2753.75,
DM-14-18-02-02,2026-07-09,50.125,4999.0,
DM-14-18-02-02,2026-07-10,41.5,4854.0,
DM-14-18-02-02,2026-07-11,67.375,4725.75,
DM-14-18-02-02,2026-07-12,79.25,4628.0,
DM-14-18-02-02,2026-07-13,78.25,5112.0,
DM-14-18-02-02,2026-07-14,52.25,4999.0,
DM-14-18-02-02,2026-07-15,83.375,5077.5,
DM-14-18-02-02,2026-07-16,41.5,4966.0,
DM-14-18-02-02,2026-07-17,54.125,4977.25,
DM-14-18-02-02,2026-07-18,50.375,4764.0,
DM-14-18-02-02,2026-07-19,72.625,4607.25,
DM-14-18-02-02,2026-07-20,64.125,4934.5,
DM-14-18-02-02,2026-07-21,48.625,4995.0,
DM-14-18-02-02,2026-07-22,76.125,4927.75,8.599
DM-14-18-02-02,2026-07-23,88.125,5091.75,29.199
DM-14-18-02-02,2026-07-24,65.5,5000.5,27.173
DM-14-18-02-02,2026-07-25,70.0,4652.0,29.648
DM-14-18-02-02,2026-07-26,71.875,4377.25,33.997
DM-14-18-02-02,2026-07-27,87.25,4614.0,53.721
DM-14-18-02-02,2026-07-28,79.125,4647.0,65.321
DM-14-18-02-02,2026-07-29,90.5,4846.0,88.295
DM-14-18-02-02,2026-07-30,74.0,5010.0,94.77
DM-14-18-02-02,2026-07-31,80.125,5037.5,107.369
DM-14-18-02-02,2026-08-01,65.25,4620.75,105.093
DM-14-18-02-02,2026-08-02,71.0,4325.25,108.568
DM-14-18-02-02,2026-08-03,65.375,4702.25,106.417
DM-14-18-02-02,2026-08-04,77.625,4804.25,116.517
DM-14-18-02-02,2026-08-05,58.875,4665.75,107.866
DM-14-18-02-04,2026-07-08,,1686.25,
DM-14-18-02-04,2026-07-09,,3061.0,
DM-14-18-02-04,2026-07-10,,2206.75,
DM-14-18-02-04,2026-07-11,,3324.0,
DM-14-18-02-04,2026-07-12,,3227.75,
DM-14-18-02-04,2026-07-13,,3001.5,
DM-14-18-02-04,2026-07-14,,3132.5,
DM-14-18-02-04,2026-07-15,,3051.25,
DM-14-18-02-04,2026-07-16,,2724.0,
DM-14-18-02-04,2026-07-17,,2815.25,
DM-14-18-02-04,2026-07-18,,3252.0,
DM-14-18-02-04,2026-07-19,,3028.5,
DM-14-18-02-04,2026-07-20,,2425.0,
DM-14-18-02-04,2026-07-21,,2857.25,
DM-14-18-02-04,2026-07-22,,2795.25,0.0
DM-14-18-02-04,2026-07-23,,2947.75,0.0
DM-14-18-02-04,2026-07-24,,2849.0,0.0
DM-14-18-02-04,2026-07-25,,3063.75,0.0
DM-14-18-02-04,2026-07-26,,3040.75,0.0
DM-14-18-02-04,2026-07-27,,2827.0,0.0
DM-14-18-02-04,2026-07-28,,2694.25,0.0
DM-14-18-02-04,2026-07-29,,2821.5,0.0
DM-14-18-02-04,2026-07-30,,2762.25,0.0
DM-14-18-02-04,2026-07-31,,2830.0,0.0
DM-14-18-02-04,2026-08-01,,3230.75,0.0
DM-14-18-02-04,2026-08-02,,3362.75,0.0
DM-14-18-02-04,2026-08-03,,3202.0,0.0
DM-14-18-02-04,2026-08-04,,3228.75,0.0
DM-14-18-02-04,2026-08-05,,3207.25,0.0
DM-14-18-04-02,2026-07-08,,1230.5,
DM-14-18-04-02,2026-07-09,15.875,2001.0,
DM-14-18-04-02,2026-07-10,20.5,2120.75,
DM-14-18-04-02,2026-07-11,19.0,2116.5,
DM-14-18-04-02,2026-07-12,19.5,1972.0,
DM-14-18-04-02,2026-07-13,13.5,1907.25,
DM-14-18-04-02,2026-07-14,15.0,2025.0,
DM-14-18-04-02,2026-07-15,16.25,1999.0,
DM-14-18-04-02,2026-07-16,15.25,1831.0,
DM-14-18-04-02,2026-07-17,15.125,1857.0,
DM-14-18-04-02,2026-07-18,16.75,2152.5,
DM-14-18-04-02,2026-07-19,19.125,2205.0,
DM-14-18-04-02,2026-07-20,17.5,2033.5,
DM-14-18-04-02,2026-07-21,17.25,2056.25,
DM-14-18-04-02,2026-07-22,18.125,1972.5,0.153
DM-14-18-04-02,2026-07-23,14.625,1913.5,0.0
DM-14-18-04-02,2026-07-24,12.25,1834.0,0.0
DM-14-18-04-02,2026-07-25,15.0,1974.5,0.0
DM-14-18-04-02,2026-07-26,13.5,2075.5,0.0
DM-14-18-04-02,2026-07-27,15.625,1913.5,0.0
DM-14-18-04-02,2026-07-28,12.75,1809.0,0.0
DM-14-18-04-02,2026-07-29,13.5,1792.5,0.0
DM-14-18-04-02,2026-07-30,12.875,1794.75,0.0
DM-14-18-04-02,2026-07-31,16.875,1761.0,0.0
DM-14-18-04-02,2026-08-01,12.125,1880.25,0.0
DM-14-18-04-02,2026-08-02,14.5,2066.25,0.0
DM-14-18-04-02,2026-08-03,12.875,1889.25,0.0
DM-14-18-04-02,2026-08-04,14.5,1888.0,0.0
DM-14-18-04-02,2026-08-05,14.75,1849.5,0.0
DM-15-01-01-01,2026-07-08,,874.0,
DM-15-01-01-01,2026-07-09,41.5,1458.25,
DM-15-01-01-01,2026-07-10,39.375,1438.75,
DM-15-01-01-01,2026-07-11,51.0,1440.5,
DM-15-01-01-01,2026-07-12,38.25,1467.75,
DM-15-01-01-01,2026-07-13,43.75,1454.75,
DM-15-01-01-01,2026-07-14,46.625,1470.25,
DM-15-01-01-01,2026-07-15,54.0,1479.5,
DM-15-01-01-01,2026-07-16,44.875,1441.0,
DM-15-01-01-01,2026-07-17,40.5,1501.25,
DM-15-01-01-01,2026-07-18,38.875,1474.25,
DM-15-01-01-01,2026-07-19,41.0,1486.0,
DM-15-01-01-01,2026-07-20,53.375,1449.0,
DM-15-01-01-01,2026-07-21,47.125,1354.0,
DM-15-01-01-01,2026-07-22,34.75,1340.25,0.0
DM-15-01-01-01,2026-07-23,37.875,1310.0,0.0
DM-15-01-01-01,2026-07-24,37.5,1226.5,0.0
DM-15-01-01-01,2026-07-25,31.875,1222.5,0.0
DM-15-01-01-01,2026-07-26,32.0,1182.25,0.0
DM-15-01-01-01,2026-07-27,32.875,1159.75,0.0
DM-15-01-01-01,2026-07-28,31.125,1260.25,0.0
DM-15-01-01-01,2026-07-29,33.375,1184.5,0.0
DM-15-01-01-01,2026-07-30,29.375,1054.75,0.0
DM-15-01-01-01,2026-07-31,28.25,1062.5,0.0
DM-15-01-01-01,2026-08-01,31.875,1071.25,0.0
DM-15-01-01-01,2026-08-02,36.5,1283.0,0.0
DM-15-01-01-01,2026-08-03,33.875,1175.25,0.0
DM-15-01-01-01,2026-08-04,33.125,1199.25,0.0
DM-15-01-01-01,2026-08-05,30.875,1218.75,0.0
DM-15-01-03-01,2026-07-08,,2277.0,
DM-15-01-03-01,2026-07-09,93.625,3823.25,
DM-15-01-03-01,2026-07-10,71.375,3821.5,
DM-15-01-03-01,2026-07-11,81.0,4019.75,
DM-15-01-03-01,2026-07-12,71.625,3956.75,
DM-15-01-03-01,2026-07-13,73.25,4003.5,
DM-15-01-03-01,2026-07-14,74.0,3858.25,
DM-15-01-03-01,2026-07-15,66.25,3706.0,
DM-15-01-03-01,2026-07-16,70.75,4190.25,
DM-15-01-03-01,2026-07-17,74.5,3936.0,
DM-15-01-03-01,2026-07-18,72.125,4070.25,
DM-15-01-03-01,2026-07-19,69.75,4243.5,
DM-15-01-03-01,2026-07-20,75.625,4124.75,
DM-15-01-03-01,2026-07-21,77.0,3897.75,
DM-15-01-03-01,2026-07-22,87.375,4032.75,9.454
DM-15-01-03-01,2026-07-23,91.0,3840.0,22.533
DM-15-01-03-01,2026-07-24,82.375,4105.5,26.987
DM-15-01-03-01,2026-07-25,73.625,4134.0,22.691
DM-15-01-03-01,2026-07-26,86.5,4188.5,31.271
DM-15-01-03-01,2026-07-27,88.625,3706.75,41.975
DM-15-01-03-01,2026-07-28,88.75,3965.5,52.804
DM-15-01-03-01,2026-07-29,75.875,4111.75,50.758
DM-15-01-03-01,2026-07-30,77.25,3800.5,50.087
DM-15-01-04-01,2026-07-08,,1016.0,
DM-15-01-04-01,2026-07-09,25.75,1611.5,
DM-15-01-04-01,2026-07-10,27.125,1604.25,
DM-15-01-04-01,2026-07-11,29.875,1591.75,
DM-15-01-04-01,2026-07-12,23.25,1612.0,
DM-15-01-04-01,2026-07-13,27.5,1607.75,
DM-15-01-04-01,2026-07-14,25.375,1611.25,
DM-15-01-04-01,2026-07-15,24.625,1587.5,
DM-15-01-04-01,2026-07-16,24.625,1568.5,
DM-15-01-04-01,2026-07-17,26.25,1586.0,
DM-15-01-04-01,2026-07-18,26.875,1664.5,
DM-15-01-04-01,2026-07-19,30.0,1703.0,
DM-15-01-04-01,2026-07-20,31.0,1645.75,
DM-15-01-04-01,2026-07-21,29.625,1639.0,
DM-15-01-04-01,2026-07-22,24.25,1603.5,0.0
DM-15-01-04-01,2026-07-23,31.625,1595.75,3.393
DM-15-01-04-01,2026-07-24,33.375,1665.5,8.537
DM-15-01-04-01,2026-07-25,33.5,1686.5,13.805
DM-15-01-04-01,2026-07-26,37.375,1714.0,22.949
DM-15-01-04-01,2026-07-27,29.875,1608.75,24.592
DM-15-01-04-01,2026-07-28,32.0,1596.0,28.36
DM-15-01-04-01,2026-07-29,30.625,1626.5,30.754
DM-15-01-04-01,2026-07-30,29.75,1603.0,32.272
DM-15-01-04-01,2026-07-31,31.0,1593.0,35.041
DM-15-01-04-01,2026-08-01,31.125,1666.0,37.934
DM-15-01-04-01,2026-08-02,32.375,1708.0,42.078
DM-15-01-04-01,2026-08-03,37.375,1686.5,51.221
DM-15-01-04-01,2026-08-04,31.0,1671.75,53.989
DM-15-01-04-01,2026-08-05,35.375,1677.75,61.133
DM-15-01-05-01,2026-07-08,,2277.5,
DM-15-01-05-01,2026-07-09,,3980.0,
DM-15-01-05-01,2026-07-10,,3945.75,
DM-15-01-05-01,2026-07-11,,3713.5,
DM-15-01-05-01,2026-07-12,,3693.5,
DM-15-01-05-01,2026-07-13,,3946.0,
DM-15-01-05-01,2026-07-14,,4017.5,
DM-15-01-05-01,2026-07-15,,3972.5,
DM-15-01-05-01,2026-07-16,,3915.5,
DM-15-01-05-01,2026-07-17,,4025.25,
DM-15-01-05-01,2026-07-18,,3868.5,
DM-15-01-05-01,2026-07-19,,3742.25,
DM-15-01-05-01,2026-07-20,,4061.0,
DM-15-01-05-01,2026-07-21,,4109.5,
DM-15-01-05-01,2026-07-22,,4053.25,0.0
DM-15-01-05-01,2026-07-23,,4013.5,0.0
DM-15-01-05-01,2026-07-24,,4077.75,0.0
DM-15-01-05-01,2026-07-25,,3830.25,0.0
DM-15-01-05-01,2026-07-26,,3752.5,0.0
DM-15-01-05-01,2026-07-27,,3833.75,0.0
DM-15-01-05-01,2026-07-28,,3654.0,0.0
DM-15-01-05-01,2026-07-29,,3574.5,0.0
DM-15-01-05-01,2026-07-30,,4028.75,0.0
DM-15-01-05-01,2026-07-31,,4006.75,0.0
DM-15-01-05-01,2026-08-01,,3840.25,0.0
DM-15-01-05-01,2026-08-02,,3767.75,0.0
DM-15-01-05-01,2026-08-03,,3991.25,0.0
DM-15-01-05-01,2026-08-04,,4061.0,0.0
DM-15-01-05-01,2026-08-05,,4095.0,0.0
DM-15-01-06-01,2026-07-08,,1484.0,
DM-15-01-06-01,2026-07-09,68.625,2459.75,
DM-15-01-06-01,2026-07-10,68.125,2541.25,
DM-15-01-06-01,2026-07-11,65.375,2520.5,
DM-15-01-06-01,2026-07-12,65.5,2534.0,
DM-15-01-06-01,2026-07-13,67.75,2525.5,
DM-15-01-06-01,2026-07-14,64.75,2543.25,
DM-15-01-06-01,2026-07-15,68.0,2570.75,
DM-15-01-06-01,2026-07-16,63.5,2502.25,
DM-15-01-06-01,2026-07-17,66.125,2517.25,
DM-15-01-06-01,2026-07-18,67.5,2637.0,
DM-15-01-06-01,2026-07-19,68.375,2665.75,
DM-15-01-06-01,2026-07-20,73.25,2681.75,
DM-15-01-06-01,2026-07-21,70.125,2670.75,
DM-15-01-06-01,2026-07-22,70.125,2655.75,1.449
DM-15-01-06-01,2026-07-23,73.25,2565.75,6.024
DM-15-01-06-01,2026-07-24,66.375,2481.0,3.723
DM-15-01-06-01,2026-07-25,65.75,2485.75,0.798
DM-15-01-06-01,2026-07-26,63.0,2456.75,0.0
DM-15-01-06-01,2026-07-27,64.625,2432.75,0.0
DM-15-01-06-01,2026-07-28,64.25,2370.5,0.0
DM-15-01-06-01,2026-07-29,64.0,2391.75,0.0
DM-15-01-06-01,2026-07-30,63.125,2427.5,0.0
DM-15-01-06-01,2026-07-31,66.0,2427.0,0.0
DM-15-01-06-01,2026-08-01,68.625,2511.75,0.0
DM-15-01-06-01,2026-08-02,66.5,2541.75,0.0
DM-15-01-06-01,2026-08-03,66.125,2565.0,0.0
DM-15-01-06-01,2026-08-04,70.625,2544.0,1.949
DM-15-01-06-01,2026-08-05,66.75,2522.0,0.024
DM-15-01-07-01,2026-07-08,,1111.5,
DM-15-01-07-01,2026-07-09,52.25,1860.5,
DM-15-01-07-01,2026-07-10,53.25,1850.25,
DM-15-01-07-01,2026-07-11,55.25,1898.5,
DM-15-01-07-01,2026-07-12,54.0,1852.25,
DM-15-01-07-01,2026-07-13,54.25,1852.0,
DM-15-01-07-01,2026-07-14,53.5,1791.0,
DM-15-01-07-01,2026-07-15,50.125,1749.25,
DM-15-01-07-01,2026-07-16,47.5,1769.25,
DM-15-01-07-01,2026-07-17,47.875,1768.0,
DM-15-01-07-01,2026-07-18,49.875,1791.75,
DM-15-01-07-01,2026-07-19,50.375,1777.75,
DM-15-01-07-01,2026-07-20,50.125,1798.5,
DM-15-01-07-01,2026-07-21,50.625,1772.25,
DM-15-01-07-01,2026-07-22,47.875,1786.25,0.0
DM-15-01-07-01,2026-07-23,50.375,1795.75,0.0
DM-15-01-07-01,2026-07-24,50.375,1759.25,0.0
DM-15-01-07-01,2026-07-25,50.25,1845.75,0.0
DM-15-01-07-01,2026-07-26,51.5,1800.0,0.0
DM-15-01-07-01,2026-07-27,52.0,1757.75,0.0
DM-15-01-07-01,2026-07-28,51.875,1785.25,0.0
DM-15-01-07-01,2026-07-29,50.75,1826.0,0.0
DM-15-01-07-01,2026-07-30,51.75,1846.0,0.0
DM-15-01-07-01,2026-07-31,51.625,1786.0,0.0
DM-15-01-07-01,2026-08-01,50.125,1843.75,0.0
DM-15-01-07-01,2026-08-02,51.5,1796.5,0.0
DM-15-01-07-01,2026-08-03,52.25,1820.0,0.0
DM-15-01-07-01,2026-08-04,52.125,1813.25,0.0
DM-15-01-07-01,2026-08-05,51.625,1805.25,0.0
DM-15-02-01-01,2026-07-08,,2698.0,
DM-15-02-01-01,2026-07-09,,4950.0,
DM-15-02-01-01,2026-07-10,,4948.75,
DM-15-02-01-01,2026-07-11,,5105.75,
DM-15-02-01-01,2026-07-12,,5024.75,
DM-15-02-01-01,2026-07-13,,5044.0,
DM-15-02-01-01,2026-07-14,,4981.0,
DM-15-02-01-01,2026-07-15,,4867.25,
DM-15-02-01-01,2026-07-16,,5036.0,
DM-15-02-01-01,2026-07-17,,4958.5,
DM-15-02-01-01,2026-07-18,,5181.5,
DM-15-02-01-01,2026-07-19,,5099.0,
DM-15-02-01-01,2026-07-20,,5000.0,
DM-15-02-01-01,2026-07-21,,5012.5,
DM-15-02-01-01,2026-07-22,,4921.75,0.0
DM-15-02-01-01,2026-07-23,,4929.5,0.0
DM-15-02-01-01,2026-07-24,,4955.25,0.0
DM-15-02-01-01,2026-07-25,,4955.5,0.0
DM-15-02-01-01,2026-07-26,,4932.0,0.0
DM-15-02-01-01,2026-07-27,,4836.75,0.0
DM-15-02-01-01,2026-07-28,,4808.25,0.0
DM-15-02-01-01,2026-07-29,,4769.75,0.0
DM-15-02-01-01,2026-07-30,,4875.5,0.0
DM-15-02-01-01,2026-07-31,,4849.25,0.0
DM-15-02-01-01,2026-08-01,,4932.75,0.0
DM-15-02-01-01,2026-08-02,,5041.75,0.0
DM-15-02-01-01,2026-08-03,,5041.5,0.0
DM-15-02-01-01,2026-08-04,,5053.75,0.0
DM-15-02-01-01,2026-08-05,,5031.75,0.0
DM-15-02-02-01,2026-07-08,,2403.0,
DM-15-02-02-01,2026-07-09,128.875,4079.0,
DM-15-02-02-01,2026-07-10,123.75,4159.5,
DM-15-02-02-01,2026-07-11,127.625,4112.5,
DM-15-02-02-01,2026-07-12,128.875,4203.75,
DM-15-02-02-01,2026-07-13,129.5,4266.5,
DM-15-02-02-01,2026-07-14,125.625,4203.0,
DM-15-02-02-01,2026-07-15,122.0,4107.75,
DM-15-02-02-01,2026-07-16,124.625,4074.75,
DM-15-02-02-01,2026-07-17,129.0,4087.25,
DM-15-02-02-01,2026-07-18,142.25,4277.75,
DM-15-02-02-01,2026-07-19,126.875,4267.75,
DM-15-02-02-01,2026-07-20,129.875,4201.5,
DM-15-02-02-01,2026-07-21,126.25,4096.75,
DM-15-02-02-01,2026-07-22,127.5,4134.5,0.0
DM-15-02-02-01,2026-07-23,127.5,4134.5,0.0
DM-15-02-02-01,2026-07-24,126.75,4152.5,0.0
DM-15-02-02-01,2026-07-25,123.25,4116.5,0.0
DM-15-02-02-01,2026-07-26,121.625,4142.25,0.0
DM-15-02-02-01,2026-07-27,134.5,4098.25,4.065
DM-15-02-02-01,2026-07-28,129.25,3705.0,2.88
DM-15-02-02-01,2026-07-29,124.875,4029.25,0.0
DM-15-02-02-01,2026-07-30,126.875,4010.75,0.0
DM-15-02-02-01,2026-07-31,129.25,3894.5,0.0
DM-15-02-02-01,2026-08-01,120.875,4026.5,0.0
DM-15-02-02-01,2026-08-02,124.125,4239.0,0.0
DM-15-02-02-01,2026-08-03,135.375,4258.25,4.94
DM-15-02-02-01,2026-08-04,127.75,4137.5,2.255
DM-15-02-02-01,2026-08-05,127.25,4179.25,0.0
DM-15-02-03-01,2026-07-08,,2228.25,
DM-15-02-03-01,2026-07-09,,3975.0,
DM-15-02-03-01,2026-07-10,,4000.75,
DM-15-02-03-01,2026-07-11,,4142.5,
DM-15-02-03-01,2026-07-12,,4098.5,
DM-15-02-03-01,2026-07-13,,4098.0,
DM-15-02-03-01,2026-07-14,,4127.75,
DM-15-02-03-01,2026-07-15,,4056.5,
DM-15-02-03-01,2026-07-16,,4039.25,
DM-15-02-03-01,2026-07-17,,4092.25,
DM-15-02-03-01,2026-07-18,,4278.5,
DM-15-02-03-01,2026-07-19,,4234.25,
DM-15-02-03-01,2026-07-20,,4082.75,
DM-15-02-03-01,2026-07-21,,4120.5,
DM-15-02-03-01,2026-07-22,,4085.75,0.0
DM-15-02-03-01,2026-07-23,,4022.0,0.0
DM-15-02-03-01,2026-07-24,,4102.5,0.0
DM-15-02-03-01,2026-07-25,,4197.75,0.0
DM-15-02-03-01,2026-07-26,,4257.0,0.0
DM-15-02-03-01,2026-07-27,,4190.75,0.0
DM-15-02-03-01,2026-07-28,,4149.5,0.0
DM-15-02-03-01,2026-07-29,,4180.25,0.0
DM-15-02-03-01,2026-07-30,,4265.5,0.0
DM-15-02-03-01,2026-07-31,,4151.25,0.0
DM-15-02-03-01,2026-08-01,,4288.25,0.0
DM-15-02-03-01,2026-08-02,,4296.25,0.0
DM-15-02-03-01,2026-08-03,,4218.0,0.0
DM-15-02-03-01,2026-08-04,,4267.75,0.0
DM-15-02-03-01,2026-08-05,,4209.5,0.0
DM-15-02-04-01,2026-07-08,,2198.0,
DM-15-02-04-01,2026-07-09,114.0,3830.5,
DM-15-02-04-01,2026-07-10,115.125,3934.0,
DM-15-02-04-01,2026-07-11,116.875,3979.25,
DM-15-02-04-01,2026-07-12,123.625,3935.75,
DM-15-02-04-01,2026-07-13,107.875,3963.75,
DM-15-02-04-01,2026-07-14,109.0,3728.0,
DM-15-02-04-01,2026-07-15,128.5,3892.75,
DM-15-02-04-01,2026-07-16,107.875,3763.25,
DM-15-02-04-01,2026-07-17,128.875,4066.75,
DM-15-02-04-01,2026-07-18,126.375,3921.25,
DM-15-02-04-01,2026-07-19,112.875,3839.25,
DM-15-02-04-01,2026-07-20,100.375,3743.0,
DM-15-02-04-01,2026-07-21,99.25,3832.0,
DM-15-02-04-01,2026-07-22,120.75,3794.5,1.312
DM-15-02-04-01,2026-07-23,123.0,3698.25,4.873
DM-15-02-04-01,2026-07-24,107.5,3709.75,0.0
DM-15-02-04-01,2026-07-25,99.625,3840.0,0.0
DM-15-02-04-01,2026-07-26,114.25,3699.75,0.0
DM-15-02-04-01,2026-07-27,101.25,3623.5,0.0
DM-15-02-04-01,2026-07-28,101.875,3701.0,0.0
DM-15-02-04-01,2026-07-29,97.75,3643.0,0.0
DM-15-02-04-01,2026-07-30,98.375,3608.0,0.0
DM-15-02-04-01,2026-07-31,112.875,3653.0,0.0
DM-15-02-04-01,2026-08-01,110.0,3755.5,0.0
DM-15-02-04-01,2026-08-02,101.875,3945.5,0.0
DM-15-02-04-01,2026-08-03,119.75,3765.25,0.312
DM-15-02-04-01,2026-08-04,104.625,3831.75,0.0
DM-15-02-04-01,2026-08-05,120.5,3797.0,1.062
DM-15-02-05-01,2026-07-08,,1536.0,
DM-15-02-05-01,2026-07-09,68.0,2566.25,
DM-15-02-05-01,2026-07-10,64.25,2502.5,
DM-15-02-05-01,2026-07-11,70.875,2414.75,
DM-15-02-05-01,2026-07-12,68.25,2420.5,
DM-15-02-05-01,2026-07-13,70.375,2519.75,
DM-15-02-05-01,2026-07-14,63.75,2503.25,
DM-15-02-05-01,2026-07-15,67.5,2525.25,
DM-15-02-05-01,2026-07-16,65.625,2557.25,
DM-15-02-05-01,2026-07-17,67.375,2604.25,
DM-15-02-05-01,2026-07-18,66.375,2530.75,
DM-15-02-05-01,2026-07-19,72.625,2489.75,
DM-15-02-05-01,2026-07-20,69.25,2625.75,
DM-15-02-05-01,2026-07-21,71.25,2600.25,
DM-15-02-05-01,2026-07-22,72.0,2520.0,2.581
DM-15-02-05-01,2026-07-23,66.375,2460.0,0.0
DM-15-02-05-01,2026-07-24,61.5,2449.5,0.0
DM-15-02-05-01,2026-07-25,70.0,2389.5,0.581
DM-15-02-05-01,2026-07-26,64.25,2347.0,0.0
DM-15-02-05-01,2026-07-27,62.875,2306.75,0.0
DM-15-02-05-01,2026-07-28,70.0,2274.25,0.581
DM-15-02-05-01,2026-07-29,63.125,2281.25,0.0
DM-15-02-05-01,2026-07-30,66.5,2328.5,0.0
DM-15-02-05-01,2026-07-31,63.875,2354.25,0.0
DM-15-02-05-01,2026-08-01,65.375,2374.75,0.0
DM-15-02-05-01,2026-08-02,64.875,2394.0,0.0
DM-15-02-05-01,2026-08-03,69.75,2544.75,0.331
DM-15-02-05-01,2026-08-04,65.375,2489.5,0.0
DM-15-02-05-01,2026-08-05,67.375,2480.0,0.0
DM-15-02-06-01,2026-07-08,,1809.75,
DM-15-02-06-01,2026-07-09,81.625,3046.5,
DM-15-02-06-01,2026-07-10,82.375,3045.75,
DM-15-02-06-01,2026-07-11,95.75,3230.0,
DM-15-02-06-01,2026-07-12,80.5,3278.0,
DM-15-02-06-01,2026-07-13,78.25,3026.25,
DM-15-02-06-01,2026-07-14,85.125,3096.25,
DM-15-02-06-01,2026-07-15,82.375,3036.5,
DM-15-02-06-01,2026-07-16,84.875,3040.25,
DM-15-02-06-01,2026-07-17,85.875,3030.0,
DM-15-02-06-01,2026-07-18,80.875,3249.0,
DM-15-02-06-01,2026-07-19,86.0,3285.75,
DM-15-02-06-01,2026-07-20,79.625,3070.25,
DM-15-02-06-01,2026-07-21,78.5,3110.75,
DM-15-02-06-01,2026-07-22,74.75,3076.25,0.0
DM-15-02-06-01,2026-07-23,81.25,3042.0,0.0
DM-15-02-06-01,2026-07-24,77.375,3033.5,0.0
DM-15-02-06-01,2026-07-25,78.875,3242.75,0.0
DM-15-02-06-01,2026-07-26,87.5,3193.75,2.074
DM-15-02-06-01,2026-07-27,80.75,3013.0,0.0
DM-15-02-06-01,2026-07-28,82.5,3039.75,0.0
DM-15-02-06-01,2026-07-29,72.25,3030.0,0.0
DM-15-02-06-01,2026-07-30,78.125,2990.0,0.0
DM-15-02-06-01,2026-07-31,79.75,3027.25,0.0
DM-15-02-06-01,2026-08-01,78.0,3128.0,0.0
DM-15-02-06-01,2026-08-02,75.5,3255.25,0.0
DM-15-02-06-01,2026-08-03,83.125,3116.25,0.0
DM-15-02-06-01,2026-08-04,82.875,3087.75,0.0
DM-15-02-06-01,2026-08-05,80.25,3098.0,0.0
DM-15-03-01-01,2026-07-08,112.5,2310.75,
DM-15-03-01-01,2026-07-09,112.625,4186.0,
DM-15-03-01-01,2026-07-10,151.5,4207.75,
DM-15-03-01-01,2026-07-11,126.0,4139.0,
DM-15-03-01-01,2026-07-12,119.375,4327.75,
DM-15-03-01-01,2026-07-13,123.5,4171.75,
DM-15-03-01-01,2026-07-14,124.625,4232.0,
DM-15-03-01-01,2026-07-15,111.125,4050.5,
DM-15-03-01-01,2026-07-16,109.0,4011.25,
DM-15-03-01-01,2026-07-17,109.125,4052.0,
DM-15-03-01-01,2026-07-18,143.875,4260.75,
DM-15-03-01-01,2026-07-19,110.625,4302.25,
DM-15-03-01-01,2026-07-20,109.75,4028.75,
DM-15-03-01-01,2026-07-21,121.25,4066.0,
DM-15-03-01-01,2026-07-22,112.375,4118.25,0.0
DM-15-03-01-01,2026-07-23,112.875,4037.5,0.0
DM-15-03-01-01,2026-07-24,108.5,4043.0,0.0
DM-15-03-01-01,2026-07-25,110.875,4187.75,0.0
DM-15-03-01-01,2026-07-26,112.5,4142.0,0.0
DM-15-03-01-01,2026-07-27,112.0,4084.75,0.0
DM-15-03-01-01,2026-07-28,113.75,3996.75,0.0
DM-15-03-01-01,2026-07-29,117.375,4061.5,0.0
DM-15-03-01-01,2026-07-30,112.625,3983.75,0.0
DM-15-03-01-01,2026-07-31,112.0,4012.25,0.0
DM-15-03-01-01,2026-08-01,118.875,4222.25,0.0
DM-15-03-01-01,2026-08-02,136.25,4200.5,9.558
DM-15-03-01-01,2026-08-03,112.625,4045.75,0.0
DM-15-03-01-01,2026-08-04,110.875,4076.5,0.0
DM-15-03-01-01,2026-08-05,113.375,4016.0,0.0
DM-15-03-04-01,2026-07-08,,2465.25,
DM-15-03-04-01,2026-07-09,,4453.5,
DM-15-03-04-01,2026-07-10,,4525.0,
DM-15-03-04-01,2026-07-11,,4734.5,
DM-15-03-04-01,2026-07-12,,4740.5,
DM-15-03-04-01,2026-07-13,,4471.75,
DM-15-03-04-01,2026-07-14,,4404.0,
DM-15-03-04-01,2026-07-15,,4489.75,
DM-15-03-04-01,2026-07-16,,4465.75,
DM-15-03-04-01,2026-07-17,,4401.0,
DM-15-03-04-01,2026-07-18,,4745.75,
DM-15-03-04-01,2026-07-19,,4841.25,
DM-15-03-04-01,2026-07-20,,4576.0,
DM-15-03-04-01,2026-07-21,,4554.5,
DM-15-03-04-01,2026-07-22,,4712.75,0.0
DM-15-03-04-01,2026-07-23,,4631.5,0.0
DM-15-03-04-01,2026-07-24,,4569.0,0.0
DM-15-03-04-01,2026-07-25,,4792.0,0.0
DM-15-03-04-01,2026-07-26,,4682.25,0.0
DM-15-03-04-01,2026-07-27,,4233.25,0.0
DM-15-03-04-01,2026-07-28,,4110.0,0.0
DM-15-03-04-01,2026-07-29,,4050.25,0.0
DM-15-03-04-01,2026-07-30,,4299.25,0.0
DM-15-03-04-01,2026-07-31,,4127.25,0.0
DM-15-03-04-01,2026-08-01,,4320.25,0.0
DM-15-03-04-01,2026-08-02,,4436.5,0.0
DM-15-03-04-01,2026-08-03,,4335.75,0.0
DM-15-03-04-01,2026-08-04,,4346.75,0.0
DM-15-03-04-01,2026-08-05,,4273.5,0.0
DM-15-03-06-01,2026-07-08,,1497.5,
DM-15-03-06-01,2026-07-09,,2654.75,
DM-15-03-06-01,2026-07-10,,2674.75,
DM-15-03-06-01,2026-07-11,,2787.75,
DM-15-03-06-01,2026-07-12,,2838.75,
DM-15-03-06-01,2026-07-13,,2710.25,
DM-15-03-06-01,2026-07-14,,2753.0,
DM-15-03-06-01,2026-07-15,,2664.0,
DM-15-03-06-01,2026-07-16,,2588.25,
DM-15-03-06-01,2026-07-17,,2713.25,
DM-15-03-06-01,2026-07-18,,2823.25,
DM-15-03-06-01,2026-07-19,,2861.25,
DM-15-03-06-01,2026-07-20,,2749.5,
DM-15-03-06-01,2026-07-21,,2695.5,
DM-15-03-06-01,2026-07-22,,2637.5,0.0
DM-15-03-06-01,2026-07-23,,2628.75,0.0
DM-15-03-06-01,2026-07-24,,2660.5,0.0
DM-15-03-06-01,2026-07-25,,2732.5,0.0
DM-15-03-06-01,2026-07-26,,2694.5,0.0
DM-15-03-06-01,2026-07-27,,2595.0,0.0
DM-15-03-06-01,2026-07-28,,2477.75,0.0
DM-15-03-06-01,2026-07-29,,2501.75,0.0
DM-15-03-06-01,2026-07-30,,2675.5,0.0
DM-15-03-06-01,2026-07-31,,2548.25,0.0
DM-15-03-06-01,2026-08-01,,2634.0,0.0
DM-15-03-06-01,2026-08-02,,2830.25,0.0
DM-15-03-06-01,2026-08-03,,2687.5,0.0
DM-15-03-06-01,2026-08-04,,2694.25,0.0
DM-15-03-06-01,2026-08-05,,2606.5,0.0
DM-15-04-01-01,2026-07-08,34.125,989.5,
DM-15-04-01-01,2026-07-09,31.5,1667.0,
DM-15-04-01-01,2026-07-10,44.625,1762.25,
DM-15-04-01-01,2026-07-11,39.75,1690.25,
DM-15-04-01-01,2026-07-12,36.375,1600.5,
DM-15-04-01-01,2026-07-13,39.125,1681.5,
DM-15-04-01-01,2026-07-14,40.875,1781.75,
DM-15-04-01-01,2026-07-15,37.0,1765.0,
DM-15-04-01-01,2026-07-16,37.125,1807.75,
DM-15-04-01-01,2026-07-17,30.25,1735.25,
DM-15-04-01-01,2026-07-18,36.625,1848.75,
DM-15-04-01-01,2026-07-19,29.75,1730.25,
DM-15-04-01-01,2026-07-20,37.5,1780.25,
DM-15-04-01-01,2026-07-21,44.125,1885.0,
DM-15-04-01-01,2026-07-22,27.75,1729.25,0.0
DM-15-04-01-01,2026-07-23,35.25,1694.5,0.0
DM-15-04-01-01,2026-07-24,37.875,1735.75,0.0
DM-15-04-01-01,2026-07-25,37.0,1777.5,0.0
DM-15-04-01-01,2026-07-26,35.625,1760.5,0.0
DM-15-04-01-01,2026-07-27,25.5,1668.75,0.0
DM-15-04-01-01,2026-07-28,24.375,1602.75,0.0
DM-15-04-01-01,2026-07-29,24.5,1608.75,0.0
DM-15-04-01-01,2026-07-30,39.25,1761.0,0.0
DM-15-04-01-01,2026-07-31,36.875,1635.25,0.0
DM-15-04-01-01,2026-08-01,36.625,1872.25,0.0
DM-15-04-01-01,2026-08-02,37.125,1737.5,0.0
DM-15-04-01-01,2026-08-03,48.25,1802.0,8.987
DM-15-04-01-01,2026-08-04,30.0,1640.25,0.0
DM-15-04-01-01,2026-08-05,32.75,1698.75,0.0
DM-15-04-02-01,2026-07-08,51.0,1122.75,
DM-15-04-02-01,2026-07-09,51.5,2198.5,
DM-15-04-02-01,2026-07-10,53.0,2247.0,
DM-15-04-02-01,2026-07-11,53.375,2209.0,
DM-15-04-02-01,2026-07-12,53.0,2227.25,
DM-15-04-02-01,2026-07-13,56.25,2303.0,
DM-15-04-02-01,2026-07-14,55.5,2286.75,
DM-15-04-02-01,2026-07-15,54.875,2284.25,
DM-15-04-02-01,2026-07-16,53.5,2243.25,
DM-15-04-02-01,2026-07-17,55.625,2290.75,
DM-15-04-02-01,2026-07-18,56.375,2342.5,
DM-15-04-02-01,2026-07-19,54.75,2313.0,
DM-15-04-02-01,2026-07-20,54.125,2328.25,
DM-15-04-02-01,2026-07-21,53.0,2277.75,
DM-15-04-02-01,2026-07-22,56.625,2271.25,1.834
DM-15-04-02-01,2026-07-23,55.125,2199.75,2.168
DM-15-04-02-01,2026-07-24,53.0,2207.5,0.377
DM-15-04-02-01,2026-07-25,52.25,2182.0,0.0
DM-15-04-02-01,2026-07-26,49.0,2140.75,0.0
DM-15-04-02-01,2026-07-27,52.875,2132.25,0.0
DM-15-04-02-01,2026-07-28,54.25,2096.25,0.0
DM-15-04-02-01,2026-07-29,49.25,2048.25,0.0
DM-15-04-02-01,2026-07-30,49.75,2106.25,0.0
DM-15-04-02-01,2026-07-31,52.125,2077.0,0.0
DM-15-04-02-01,2026-08-01,40.25,1877.5,0.0
DM-15-04-02-01,2026-08-02,43.0,1865.25,0.0
DM-15-04-02-01,2026-08-03,39.375,1907.75,0.0
DM-15-04-02-01,2026-08-04,40.0,1875.0,0.0
DM-15-04-02-01,2026-08-05,41.25,1837.25,0.0
DM-15-04-02-02,2026-07-08,,1897.75,
DM-15-04-02-02,2026-07-09,91.375,3163.0,
DM-15-04-02-02,2026-07-10,89.0,3188.75,
DM-15-04-02-02,2026-07-11,93.25,3124.75,
DM-15-04-02-02,2026-07-12,84.875,3130.0,
DM-15-04-02-02,2026-07-13,94.0,3213.5,
DM-15-04-02-02,2026-07-14,86.875,3192.25,
DM-15-04-02-02,2026-07-15,91.75,3194.5,
DM-15-04-02-02,2026-07-16,86.5,3129.0,
DM-15-04-02-02,2026-07-17,95.125,3232.25,
DM-15-04-02-02,2026-07-18,90.5,3241.75,
DM-15-04-02-02,2026-07-19,84.375,3217.5,
DM-15-04-02-02,2026-07-20,89.75,3234.5,
DM-15-04-02-02,2026-07-21,90.625,3227.25,
DM-15-04-02-02,2026-07-22,89.625,3189.5,0.0
DM-15-04-02-02,2026-07-23,90.875,3173.25,0.0
DM-15-04-02-02,2026-07-24,83.625,3161.5,0.0
DM-15-04-02-02,2026-07-25,89.75,3235.75,0.0
DM-15-04-02-02,2026-07-26,86.875,3206.5,0.0
DM-15-04-02-02,2026-07-27,85.0,2737.0,0.0
DM-15-04-02-02,2026-07-28,53.0,2072.0,0.0
DM-15-04-02-02,2026-07-29,51.375,2034.75,0.0
DM-15-04-02-02,2026-07-30,48.75,2115.5,0.0
DM-15-04-02-02,2026-07-31,43.5,2083.25,0.0
DM-15-04-02-02,2026-08-01,49.625,2094.25,0.0
DM-15-04-02-02,2026-08-02,49.875,2080.25,0.0
DM-15-04-02-02,2026-08-03,44.125,2187.0,0.0
DM-15-04-02-02,2026-08-04,73.625,2260.25,0.0
DM-15-04-02-02,2026-08-05,54.0,2167.75,0.0
DM-15-04-03-01,2026-07-08,,4502.25,
DM-15-04-03-01,2026-07-09,169.0,7611.25,
DM-15-04-03-01,2026-07-10,162.75,7546.25,
DM-15-04-03-01,2026-07-11,170.75,7629.75,
DM-15-04-03-01,2026-07-12,166.125,7611.0,
DM-15-04-03-01,2026-07-13,161.5,7605.0,
DM-15-04-03-01,2026-07-14,177.0,7614.0,
DM-15-04-03-01,2026-07-15,176.625,7560.5,
DM-15-04-03-01,2026-07-16,165.5,7560.0,
DM-15-04-03-01,2026-07-17,174.625,7788.0,
DM-15-04-03-01,2026-07-18,166.25,7723.75,
DM-15-04-03-01,2026-07-19,183.25,7776.25,
DM-15-04-03-01,2026-07-20,172.375,7530.75,
DM-15-04-03-01,2026-07-21,179.375,7609.75,
DM-15-04-03-01,2026-07-22,169.75,7474.75,0.0
DM-15-04-03-01,2026-07-23,174.75,7533.75,0.36
DM-15-04-03-01,2026-07-24,168.125,7510.0,0.0
DM-15-04-03-01,2026-07-25,165.625,7542.5,0.0
DM-15-04-03-01,2026-07-26,160.375,7504.0,0.0
DM-15-04-03-01,2026-07-27,163.25,7410.75,0.0
DM-15-04-03-01,2026-07-28,163.75,7546.5,0.0
DM-15-04-03-01,2026-07-29,150.25,7431.25,0.0
DM-15-04-03-01,2026-07-30,165.625,7530.25,0.0
DM-15-04-03-01,2026-07-31,157.125,7373.75,0.0
DM-15-04-03-01,2026-08-01,158.375,7534.5,0.0
DM-15-04-03-01,2026-08-02,151.375,7474.25,0.0
DM-15-04-03-01,2026-08-03,152.5,7393.75,0.0
DM-15-04-03-01,2026-08-04,167.375,7475.0,0.0
DM-15-04-03-01,2026-08-05,174.625,7429.0,0.235
DM-15-04-04-01,2026-07-08,,1491.0,
DM-15-04-04-01,2026-07-09,39.25,1842.0,
DM-15-04-04-01,2026-07-10,49.25,1802.75,
DM-15-04-04-01,2026-07-11,41.75,1745.25,
DM-15-04-04-01,2026-07-12,82.0,1928.25,
DM-15-04-04-01,2026-07-13,38.75,1767.5,
DM-15-04-04-01,2026-07-14,38.75,1798.0,
DM-15-04-04-01,2026-07-15,36.125,1863.75,
DM-15-04-04-01,2026-07-16,42.375,2330.25,
DM-15-04-04-01,2026-07-17,44.375,2006.0,
DM-15-04-04-01,2026-07-18,37.625,1803.25,
DM-15-04-04-01,2026-07-19,39.75,1698.75,
DM-15-04-04-01,2026-07-20,36.25,1862.25,
DM-15-04-04-01,2026-07-21,36.25,2059.0,
DM-15-04-04-01,2026-07-22,49.25,1793.75,0.112
DM-15-04-04-01,2026-07-23,44.0,2046.0,0.0
DM-15-04-04-01,2026-07-24,37.25,1780.75,0.0
DM-15-04-04-01,2026-07-25,36.625,1835.25,0.0
DM-15-04-04-01,2026-07-26,36.0,1705.5,0.0
DM-15-04-04-01,2026-07-27,32.125,1767.0,0.0
DM-15-04-04-01,2026-07-28,38.0,1452.5,0.0
DM-15-04-04-01,2026-07-29,37.875,1522.75,0.0
DM-15-04-04-01,2026-07-30,32.0,1550.25,0.0
DM-15-04-04-01,2026-07-31,38.0,1780.0,0.0
DM-15-04-04-01,2026-08-01,45.75,1729.25,0.0
DM-15-04-04-01,2026-08-02,41.125,1596.75,0.0
DM-15-04-04-01,2026-08-03,46.375,1753.25,0.0
DM-15-04-04-01,2026-08-04,36.625,1893.0,0.0
DM-15-04-04-01,2026-08-05,47.625,2007.0,0.0
DM-15-04-05-01,2026-07-08,,1737.0,
DM-15-04-05-01,2026-07-09,65.625,2800.5,
DM-15-04-05-01,2026-07-10,69.875,2866.25,
DM-15-04-05-01,2026-07-11,66.0,2841.75,
DM-15-04-05-01,2026-07-12,65.875,2717.25,
DM-15-04-05-01,2026-07-13,63.625,2857.25,
DM-15-04-05-01,2026-07-14,71.5,2847.5,
DM-15-04-05-01,2026-07-15,68.625,2787.25,
DM-15-04-05-01,2026-07-16,64.0,2772.5,
DM-15-04-05-01,2026-07-17,65.625,2828.0,
DM-15-04-05-01,2026-07-18,68.625,2870.0,
DM-15-04-05-01,2026-07-19,61.875,2783.75,
DM-15-04-05-01,2026-07-20,63.75,2927.5,
DM-15-04-05-01,2026-07-21,66.125,2886.0,
DM-15-04-05-01,2026-07-22,62.75,2794.25,0.0
DM-15-04-05-01,2026-07-23,64.75,2749.75,0.0
DM-15-04-05-01,2026-07-24,62.125,2814.75,0.0
DM-15-04-05-01,2026-07-25,64.125,2813.5,0.0
DM-15-04-05-01,2026-07-26,63.625,2762.25,0.0
DM-15-04-05-01,2026-07-27,66.375,2724.75,0.0
DM-15-04-05-01,2026-07-28,64.625,2615.75,0.0
DM-15-04-05-01,2026-07-29,64.75,2665.75,0.0
DM-15-04-05-01,2026-07-30,63.875,2713.5,0.0
DM-15-04-05-01,2026-07-31,69.75,2717.0,2.192
DM-15-04-05-01,2026-08-01,68.625,2755.5,3.258
DM-15-04-05-01,2026-08-02,63.25,2695.0,0.0
DM-15-04-05-01,2026-08-03,62.5,2733.75,0.0
DM-15-04-05-01,2026-08-04,64.125,2769.75,0.0
DM-15-04-05-01,2026-08-05,63.375,2726.5,0.0
DM-15-05-01-01,2026-07-08,,742.25,
DM-15-05-01-01,2026-07-09,27.75,1257.5,
DM-15-05-01-01,2026-07-10,29.0,1297.0,
DM-15-05-01-01,2026-07-11,28.625,1290.25,
DM-15-05-01-01,2026-07-12,29.25,1332.0,
DM-15-05-01-01,2026-07-13,28.125,1292.25,
DM-15-05-01-01,2026-07-14,26.375,1279.75,
DM-15-05-01-01,2026-07-15,28.625,1289.25,
DM-15-05-01-01,2026-07-16,27.25,1274.0,
DM-15-05-01-01,2026-07-17,29.25,1309.25,
DM-15-05-01-01,2026-07-18,28.375,1305.75,
DM-15-05-01-01,2026-07-19,25.0,1234.75,
DM-15-05-01-01,2026-07-20,24.875,1192.0,
DM-15-05-01-01,2026-07-21,25.25,1200.5,
DM-15-05-01-01,2026-07-22,23.0,1165.5,0.0
DM-15-05-01-01,2026-07-23,25.5,1154.5,0.0
DM-15-05-01-01,2026-07-24,24.875,1197.0,0.0
DM-15-05-01-01,2026-07-25,25.375,1221.25,0.0
DM-15-05-01-01,2026-07-26,24.125,1219.5,0.0
DM-15-05-01-01,2026-07-27,25.75,1153.5,0.0
DM-15-05-01-01,2026-07-28,25.375,1154.75,0.0
DM-15-05-01-01,2026-07-29,25.125,1167.0,0.0
DM-15-05-01-01,2026-07-30,27.375,1187.25,0.0
DM-15-05-01-01,2026-07-31,24.0,1134.0,0.0
DM-15-05-01-01,2026-08-01,26.375,1190.0,0.0
DM-15-05-01-01,2026-08-02,24.75,1207.75,0.0
DM-15-05-01-01,2026-08-03,23.75,1192.0,0.0
DM-15-05-01-01,2026-08-04,23.25,1187.5,0.0
DM-15-05-01-01,2026-08-05,25.625,1184.25,0.0
DM-15-05-02-01,2026-07-08,,3958.5,
DM-15-05-02-01,2026-07-09,159.875,6724.25,
DM-15-05-02-01,2026-07-10,170.125,6788.75,
DM-15-05-02-01,2026-07-11,169.5,7007.25,
DM-15-05-02-01,2026-07-12,177.375,7029.5,
DM-15-05-02-01,2026-07-13,161.5,6839.0,
DM-15-05-02-01,2026-07-14,156.375,6783.25,
DM-15-05-02-01,2026-07-15,158.5,6800.0,
DM-15-05-02-01,2026-07-16,155.5,6695.25,
DM-15-05-02-01,2026-07-17,160.75,6832.75,
DM-15-05-02-01,2026-07-18,157.375,7090.0,
DM-15-05-02-01,2026-07-19,164.75,7249.5,
DM-15-05-02-01,2026-07-20,158.375,6742.75,
DM-15-05-02-01,2026-07-21,170.625,6969.75,
DM-15-05-02-01,2026-07-22,158.0,6718.5,0.0
DM-15-05-02-01,2026-07-23,169.875,6666.75,3.494
DM-15-05-02-01,2026-07-24,164.625,6500.0,1.739
DM-15-05-02-01,2026-07-25,130.625,5971.75,0.0
DM-15-05-02-01,2026-07-26,147.5,6500.5,0.0
DM-15-05-02-01,2026-07-27,167.625,6162.25,1.244
DM-15-05-02-01,2026-07-28,151.375,5919.25,0.0
DM-15-05-02-01,2026-07-29,131.75,5856.25,0.0
DM-15-05-02-01,2026-07-30,146.125,6088.75,0.0
DM-15-05-02-01,2026-07-31,141.375,5930.5,0.0
DM-15-05-02-01,2026-08-01,147.75,6253.0,0.0
DM-15-05-02-01,2026-08-02,147.5,6415.25,0.0
DM-15-05-02-01,2026-08-03,158.25,6300.75,0.0
DM-15-05-02-01,2026-08-04,158.5,6262.0,0.0
DM-15-05-02-01,2026-08-05,141.25,6143.75,0.0
DM-15-06-01-01,2026-07-08,,3227.25,
DM-15-06-01-01,2026-07-09,164.75,5284.0,
DM-15-06-01-01,2026-07-10,143.875,5200.5,
DM-15-06-01-01,2026-07-11,145.625,5391.5,
DM-15-06-01-01,2026-07-12,139.125,5393.5,
DM-15-06-01-01,2026-07-13,174.875,5413.25,
DM-15-06-01-01,2026-07-14,162.5,5304.5,
DM-15-06-01-01,2026-07-15,168.625,5358.25,
DM-15-06-01-01,2026-07-16,154.5,5356.0,
DM-15-06-01-01,2026-07-17,162.75,5307.25,
DM-15-06-01-01,2026-07-18,160.125,5557.0,
DM-15-06-01-01,2026-07-19,166.375,5560.0,
DM-15-06-01-01,2026-07-20,168.75,5345.0,
DM-15-06-01-01,2026-07-21,164.875,5263.5,
DM-15-06-01-01,2026-07-22,118.5,5317.75,0.0
DM-15-06-01-01,2026-07-23,150.0,5261.5,0.0
DM-15-06-01-01,2026-07-24,151.625,5159.75,0.0
DM-15-06-01-01,2026-07-25,145.0,5436.25,0.0
DM-15-06-01-01,2026-07-26,155.75,5363.75,0.0
DM-15-06-01-01,2026-07-27,159.5,5190.25,0.0
DM-15-06-01-01,2026-07-28,147.25,5276.75,0.0
DM-15-06-01-01,2026-07-29,156.0,5210.5,0.0
DM-15-06-01-01,2026-07-30,147.5,5345.75,0.0
DM-15-06-01-01,2026-07-31,149.625,5233.5,0.0
DM-15-06-01-01,2026-08-01,143.625,5378.0,0.0
DM-15-06-01-01,2026-08-02,153.125,5406.5,0.0
DM-15-06-01-01,2026-08-03,143.875,5383.25,0.0
DM-15-06-01-01,2026-08-04,152.875,5273.5,0.0
DM-15-06-01-01,2026-08-05,146.5,5290.5,0.0
DM-15-06-03-01,2026-07-08,,3660.5,
DM-15-06-03-01,2026-07-09,159.125,5902.25,
DM-15-06-03-01,2026-07-10,160.0,6064.25,
DM-15-06-03-01,2026-07-11,155.0,6288.25,
DM-15-06-03-01,2026-07-12,154.0,6420.25,
DM-15-06-03-01,2026-07-13,165.75,6137.5,
DM-15-06-03-01,2026-07-14,166.0,6090.25,
DM-15-06-03-01,2026-07-15,160.125,6117.75,
DM-15-06-03-01,2026-07-16,154.25,5931.0,
DM-15-06-03-01,2026-07-17,155.875,5942.75,
DM-15-06-03-01,2026-07-18,154.375,6244.75,
DM-15-06-03-01,2026-07-19,151.75,6478.25,
DM-15-06-03-01,2026-07-20,165.25,5933.75,
DM-15-06-03-01,2026-07-21,154.75,6144.25,
DM-15-06-03-01,2026-07-22,86.875,5715.5,0.0
DM-15-06-03-01,2026-07-23,146.75,5960.25,0.0
DM-15-06-03-01,2026-07-24,138.75,5447.25,0.0
DM-15-06-03-01,2026-07-25,166.75,6439.75,6.206
DM-15-06-03-01,2026-07-26,153.0,6401.5,0.0
DM-15-06-03-01,2026-07-27,147.375,6008.75,0.0
DM-15-06-03-01,2026-07-28,149.625,6145.75,0.0
DM-15-06-03-01,2026-07-29,157.625,6114.75,0.0
DM-15-06-03-01,2026-07-30,158.25,6288.5,0.0
DM-15-06-03-01,2026-07-31,153.0,5850.25,0.0
DM-15-06-03-01,2026-08-01,150.625,6190.25,0.0
DM-15-06-03-01,2026-08-02,157.125,6444.25,0.0
DM-15-06-03-01,2026-08-03,165.5,6114.0,4.956
DM-15-06-03-01,2026-08-04,147.625,6064.5,0.0
DM-15-06-03-01,2026-08-05,156.125,6059.25,0.0
DM-15-06-04-01,2026-07-08,,2127.25,
DM-15-06-04-01,2026-07-09,70.0,3465.5,
DM-15-06-04-01,2026-07-10,68.75,3549.25,
DM-15-06-04-01,2026-07-11,72.25,3658.75,
DM-15-06-04-01,2026-07-12,70.125,3803.5,
DM-15-06-04-01,2026-07-13,73.5,3598.5,
DM-15-06-04-01,2026-07-14,68.5,3559.75,
DM-15-06-04-01,2026-07-15,67.5,3561.25,
DM-15-06-04-01,2026-07-16,66.0,3474.0,
DM-15-06-04-01,2026-07-17,67.125,3550.5,
DM-15-06-04-01,2026-07-18,68.625,3862.75,
DM-15-06-04-01,2026-07-19,72.75,3946.75,
DM-15-06-04-01,2026-07-20,70.5,3677.75,
DM-15-06-04-01,2026-07-21,67.125,3638.75,
DM-15-06-04-01,2026-07-22,70.125,3564.0,0.0
DM-15-06-04-01,2026-07-23,72.25,3360.5,1.685
DM-15-06-04-01,2026-07-24,62.0,3496.5,0.0
DM-15-06-04-01,2026-07-25,69.25,3701.75,0.0
DM-15-06-04-01,2026-07-26,68.625,3764.25,0.0
DM-15-06-04-01,2026-07-27,66.875,3444.0,0.0
DM-15-06-04-01,2026-07-28,71.0,3467.25,0.435
DM-15-06-04-01,2026-07-29,70.125,3430.75,0.0
DM-15-06-04-01,2026-07-30,68.5,3483.25,0.0
DM-15-06-04-01,2026-07-31,70.125,3389.25,0.0
DM-15-06-04-01,2026-08-01,71.25,3629.75,0.685
DM-15-06-04-01,2026-08-02,70.0,3732.5,0.119
DM-15-06-04-01,2026-08-03,71.125,3614.75,0.679
DM-15-06-04-01,2026-08-04,68.0,3508.75,0.0
DM-15-06-04-01,2026-08-05,69.75,3416.25,0.0
DM-15-07-01-01,2026-07-08,,1170.75,
DM-15-07-01-01,2026-07-09,55.5,1943.25,
DM-15-07-01-01,2026-07-10,56.125,1970.0,
DM-15-07-01-01,2026-07-11,57.0,2018.75,
DM-15-07-01-01,2026-07-12,51.75,1967.5,
DM-15-07-01-01,2026-07-13,50.25,1950.25,
DM-15-07-01-01,2026-07-14,66.125,2065.75,
DM-15-07-01-01,2026-07-15,57.875,2001.75,
DM-15-07-01-01,2026-07-16,51.5,1914.5,
DM-15-07-01-01,2026-07-17,53.625,1899.5,
DM-15-07-01-01,2026-07-18,53.875,1938.5,
DM-15-07-01-01,2026-07-19,53.625,2004.75,
DM-15-07-01-01,2026-07-20,52.875,1908.5,
DM-15-07-01-01,2026-07-21,55.125,2043.5,
DM-15-07-01-01,2026-07-22,41.375,1972.25,0.0
DM-15-07-01-01,2026-07-23,55.875,1936.25,0.0
DM-15-07-01-01,2026-07-24,52.125,1935.5,0.0
DM-15-07-01-01,2026-07-25,66.125,2185.5,9.182
DM-15-07-01-01,2026-07-26,59.5,2223.25,11.739
DM-15-07-01-01,2026-07-27,59.125,2104.0,13.92
DM-15-07-01-01,2026-07-28,56.0,2113.5,12.977
DM-15-07-01-01,2026-07-29,57.75,2127.5,13.784
DM-15-07-01-01,2026-07-30,56.75,2059.0,13.591
DM-15-07-01-01,2026-07-31,55.625,2001.75,12.272
DM-15-07-01-01,2026-08-01,56.5,2090.0,11.829
DM-15-07-01-01,2026-08-02,57.875,2163.25,12.761
DM-15-07-01-01,2026-08-03,63.75,2114.5,19.568
DM-15-07-01-01,2026-08-04,56.5,2082.0,19.124
DM-15-07-01-01,2026-08-05,63.25,2069.5,25.431
DM-15-07-02-01,2026-07-08,,3507.25,
DM-15-07-02-01,2026-07-09,137.125,5810.0,
DM-15-07-02-01,2026-07-10,137.625,5789.5,
DM-15-07-02-01,2026-07-11,145.0,6160.0,
DM-15-07-02-01,2026-07-12,145.125,6320.75,
DM-15-07-02-01,2026-07-13,145.75,5994.0,
DM-15-07-02-01,2026-07-14,146.125,5917.25,
DM-15-07-02-01,2026-07-15,151.0,5935.25,
DM-15-07-02-01,2026-07-16,144.625,5858.25,
DM-15-07-02-01,2026-07-17,144.25,5954.5,
DM-15-07-02-01,2026-07-18,152.875,6369.25,
DM-15-07-02-01,2026-07-19,144.625,6358.75,
DM-15-07-02-01,2026-07-20,142.875,5962.75,
DM-15-07-02-01,2026-07-21,143.25,5893.5,
DM-15-07-02-01,2026-07-22,130.25,5823.0,0.0
DM-15-07-02-01,2026-07-23,148.375,5866.0,1.67
DM-15-07-02-01,2026-07-24,142.375,5897.75,0.0
DM-15-07-02-01,2026-07-25,152.75,6261.25,6.045
DM-15-07-02-01,2026-07-26,152.875,6339.25,12.214
DM-15-07-02-01,2026-07-27,149.5,5927.0,15.009
DM-15-07-02-01,2026-07-28,151.0,6171.0,19.304
DM-15-07-02-01,2026-07-29,159.875,6245.5,32.474
DM-15-07-02-01,2026-07-30,157.0,6239.25,42.768
DM-15-07-02-01,2026-07-31,160.75,6081.75,56.813
DM-15-07-02-01,2026-08-01,163.375,6472.5,73.483
DM-15-07-02-01,2026-08-02,168.0,6620.0,94.778
DM-15-07-02-01,2026-08-03,160.75,6288.0,108.822
DM-15-07-02-01,2026-08-04,158.625,6211.25,120.742
DM-15-07-02-01,2026-08-05,161.875,6232.25,135.912
DM-15-07-04-01,2026-07-08,,4006.25,
DM-15-07-04-01,2026-07-09,154.625,6528.75,
DM-15-07-04-01,2026-07-10,141.125,6497.0,
DM-15-07-04-01,2026-07-11,154.375,6746.5,
DM-15-07-04-01,2026-07-12,145.75,6778.5,
DM-15-07-04-01,2026-07-13,168.0,6630.25,
DM-15-07-04-01,2026-07-14,153.5,6541.0,
DM-15-07-04-01,2026-07-15,167.25,6447.5,
DM-15-07-04-01,2026-07-16,148.125,6286.0,
DM-15-07-04-01,2026-07-17,197.25,6498.5,
DM-15-07-04-01,2026-07-18,163.125,6814.75,
DM-15-07-04-01,2026-07-19,168.875,6759.0,
DM-15-07-04-01,2026-07-20,157.0,6558.0,
DM-15-07-04-01,2026-07-21,150.875,6491.25,
DM-15-07-04-01,2026-07-22,144.125,6334.5,0.0
DM-15-07-04-01,2026-07-23,153.875,6388.25,0.0
DM-15-07-04-01,2026-07-24,155.0,6469.5,0.0
DM-15-07-04-01,2026-07-25,152.5,6781.75,0.0
DM-15-07-04-01,2026-07-26,160.75,6895.0,0.0
DM-15-07-04-01,2026-07-27,155.0,6370.25,0.0
DM-15-07-04-01,2026-07-28,151.75,6504.75,0.0
DM-15-07-04-01,2026-07-29,159.5,6596.25,0.0
DM-15-07-04-01,2026-07-30,164.25,6628.0,0.0
DM-15-07-04-01,2026-07-31,172.5,6650.75,6.373
DM-15-07-04-01,2026-08-01,182.875,6774.25,23.12
DM-15-07-04-01,2026-08-02,161.375,6869.75,18.368
DM-15-07-04-01,2026-08-03,160.75,6680.5,12.991
DM-15-07-04-01,2026-08-04,158.625,6423.0,5.488
DM-15-07-04-01,2026-08-05,158.5,6539.5,0.0
DM-15-07-05-01,2026-07-08,,1252.5,
DM-15-07-05-01,2026-07-09,50.125,1748.25,
DM-15-07-05-01,2026-07-10,73.25,2142.0,
DM-15-07-05-01,2026-07-11,47.875,2100.75,
DM-15-07-05-01,2026-07-12,47.75,2123.25,
DM-15-07-05-01,2026-07-13,49.0,2040.5,
DM-15-07-05-01,2026-07-14,51.5,2032.25,
DM-15-07-05-01,2026-07-15,48.375,1976.5,
DM-15-07-05-01,2026-07-16,46.625,1987.75,
DM-15-07-05-01,2026-07-17,50.125,1992.5,
DM-15-07-05-01,2026-07-18,45.625,2113.25,
DM-15-07-05-01,2026-07-19,48.375,2144.75,
DM-15-07-05-01,2026-07-20,49.625,2061.25,
DM-15-07-05-01,2026-07-21,51.0,2031.25,
DM-15-07-05-01,2026-07-22,34.375,1917.25,0.0
DM-15-07-05-01,2026-07-23,50.625,2066.0,0.0
DM-15-07-05-01,2026-07-24,44.0,2013.5,0.0
DM-15-07-05-01,2026-07-25,53.875,2161.5,0.0
DM-15-07-05-01,2026-07-26,49.625,2183.0,0.0
DM-15-07-05-01,2026-07-27,49.0,2012.5,0.0
DM-15-07-05-01,2026-07-28,47.875,2049.25,0.0
DM-15-07-05-01,2026-07-29,50.5,2080.75,0.0
DM-15-07-05-01,2026-07-30,52.125,2085.75,0.0
DM-15-07-05-01,2026-07-31,49.625,1977.0,0.0
DM-15-07-05-01,2026-08-01,49.25,2136.25,0.0
DM-15-07-05-01,2026-08-02,53.5,2205.75,0.0
DM-15-07-05-01,2026-08-03,51.75,2075.0,0.0
DM-15-07-05-01,2026-08-04,49.125,2041.0,0.0
DM-15-07-05-01,2026-08-05,51.0,2027.0,0.0
DM-15-08-01-01,2026-07-08,,609.5,
DM-15-08-01-01,2026-07-09,,968.5,
DM-15-08-01-01,2026-07-10,,1092.25,
DM-15-08-01-01,2026-07-11,,1109.0,
DM-15-08-01-01,2026-07-12,,1128.0,
DM-15-08-01-01,2026-07-13,,1091.5,
DM-15-08-01-01,2026-07-14,,1069.0,
DM-15-08-01-01,2026-07-15,,1064.75,
DM-15-08-01-01,2026-07-16,,1062.5,
DM-15-08-01-01,2026-07-17,,1073.25,
DM-15-08-01-01,2026-07-18,,1155.25,
DM-15-08-01-01,2026-07-19,,1166.0,
DM-15-08-01-01,2026-07-20,,1113.75,
DM-15-08-01-01,2026-07-21,,1081.75,
DM-15-08-01-01,2026-07-22,,1085.5,0.0
DM-15-08-01-01,2026-07-23,,1083.0,0.0
DM-15-08-01-01,2026-07-24,,1078.75,0.0
DM-15-08-01-01,2026-07-25,,1130.5,0.0
DM-15-08-01-01,2026-07-26,,1134.75,0.0
DM-15-08-01-01,2026-07-27,,1080.5,0.0
DM-15-08-01-01,2026-07-28,,1104.25,0.0
DM-15-08-01-01,2026-07-29,,1093.5,0.0
DM-15-08-01-01,2026-07-30,,1096.25,0.0
DM-15-08-01-01,2026-07-31,,1077.5,0.0
DM-15-08-01-01,2026-08-01,,1148.0,0.0
DM-15-08-01-01,2026-08-02,,1140.5,0.0
DM-15-08-01-01,2026-08-03,,1087.75,0.0
DM-15-08-01-01,2026-08-04,,1095.25,0.0
DM-15-08-01-01,2026-08-05,,1095.25,0.0
DM-15-08-03-01,2026-07-08,95.875,2149.25,
DM-15-08-03-01,2026-07-09,91.5,3816.25,
DM-15-08-03-01,2026-07-10,89.625,3850.25,
DM-15-08-03-01,2026-07-11,79.75,3961.75,
DM-15-08-03-01,2026-07-12,68.75,3852.0,
DM-15-08-03-01,2026-07-13,81.5,3909.0,
DM-15-08-03-01,2026-07-14,84.5,3872.75,
DM-15-08-03-01,2026-07-15,84.375,3820.25,
DM-15-08-03-01,2026-07-16,71.5,3706.25,
DM-15-08-03-01,2026-07-17,76.375,3754.75,
DM-15-08-03-01,2026-07-18,74.25,4061.5,
DM-15-08-03-01,2026-07-19,73.375,4080.25,
DM-15-08-03-01,2026-07-20,80.25,3943.0,
DM-15-08-03-01,2026-07-21,78.25,3805.0,
DM-15-08-03-01,2026-07-22,81.625,3785.75,0.0
DM-15-08-03-01,2026-07-23,85.5,3850.75,1.006
DM-15-08-03-01,2026-07-24,90.875,3846.25,7.388
DM-15-08-03-01,2026-07-25,75.375,3957.75,0.0
DM-15-08-03-01,2026-07-26,71.125,4019.75,0.0
DM-15-08-03-01,2026-07-27,79.375,3744.75,0.0
DM-15-08-03-01,2026-07-28,73.625,3536.0,0.0
DM-15-08-03-01,2026-07-29,74.5,3458.25,0.0
DM-15-08-03-01,2026-07-30,71.75,3616.25,0.0
DM-15-08-03-01,2026-07-31,77.25,3541.25,0.0
DM-15-08-03-01,2026-08-01,71.25,3722.25,0.0
DM-15-08-03-01,2026-08-02,80.75,3910.75,0.0
DM-15-08-03-01,2026-08-03,84.625,3876.25,0.131
DM-15-08-03-01,2026-08-04,92.75,3909.0,8.388
DM-15-08-03-01,2026-08-05,95.0,3828.0,18.894
DM-15-08-06-03,2026-07-08,,1424.0,
DM-15-08-06-03,2026-07-09,56.125,2238.0,
DM-15-08-06-03,2026-07-10,69.625,2410.75,
DM-15-08-06-03,2026-07-11,58.625,2481.5,
DM-15-08-06-03,2026-07-12,56.125,2514.5,
DM-15-08-06-03,2026-07-13,57.75,2362.25,
DM-15-08-06-03,2026-07-14,54.5,2329.0,
DM-15-08-06-03,2026-07-15,56.0,2325.75,
DM-15-08-06-03,2026-07-16,55.25,2327.25,
DM-15-08-06-03,2026-07-17,55.625,2340.25,
DM-15-08-06-03,2026-07-18,56.5,2492.75,
DM-15-08-06-03,2026-07-19,55.0,2559.25,
DM-15-08-06-03,2026-07-20,56.375,2398.75,
DM-15-08-06-03,2026-07-21,58.375,2368.75,
DM-15-08-06-03,2026-07-22,48.375,2302.5,0.0
DM-15-08-06-03,2026-07-23,57.125,2362.75,0.0
DM-15-08-06-03,2026-07-24,56.875,2378.75,0.0
DM-15-08-06-03,2026-07-25,59.25,2494.5,0.009
DM-15-08-06-03,2026-07-26,59.5,2518.25,0.268
DM-15-08-06-03,2026-07-27,58.125,2343.0,0.0
DM-15-08-06-03,2026-07-28,57.75,2421.0,0.0
DM-15-08-06-03,2026-07-29,56.5,2404.5,0.0
DM-15-08-06-03,2026-07-30,57.375,2401.25,0.0
DM-15-08-06-03,2026-07-31,58.0,2352.0,0.0
DM-15-08-06-03,2026-08-01,58.125,2469.0,0.0
DM-15-08-06-03,2026-08-02,59.25,2539.25,0.009
DM-15-08-06-03,2026-08-03,58.0,2376.0,0.0
DM-15-08-06-03,2026-08-04,56.375,2310.5,0.0
DM-15-08-06-03,2026-08-05,55.875,2297.75,0.0
DM-15-09-01-01,2026-07-08,,3677.0,
DM-15-09-01-01,2026-07-09,121.625,5715.75,
DM-15-09-01-01,2026-07-10,129.0,5817.25,
DM-15-09-01-01,2026-07-11,135.875,5341.5,
DM-15-09-01-01,2026-07-12,134.75,5301.25,
DM-15-09-01-01,2026-07-13,122.5,5699.0,
DM-15-09-01-01,2026-07-14,125.25,5718.0,
DM-15-09-01-01,2026-07-15,199.625,5909.25,
DM-15-09-01-01,2026-07-16,137.125,5469.5,
DM-15-09-01-01,2026-07-17,143.0,5741.0,
DM-15-09-01-01,2026-07-18,132.625,6063.5,
DM-15-09-01-01,2026-07-19,138.375,5470.0,
DM-15-09-01-01,2026-07-20,125.875,5920.75,
DM-15-09-01-01,2026-07-21,130.5,5798.75,
DM-15-09-01-01,2026-07-22,135.375,5637.5,0.0
DM-15-09-01-01,2026-07-23,145.375,5652.0,0.0
DM-15-09-01-01,2026-07-24,152.0,5713.0,5.769
DM-15-09-01-01,2026-07-25,129.5,5411.25,0.0
DM-15-09-01-01,2026-07-26,127.625,5234.75,0.0
DM-15-09-01-01,2026-07-27,126.875,5467.75,0.0
DM-15-09-01-01,2026-07-28,132.875,4964.5,0.0
DM-15-09-01-01,2026-07-29,127.125,5445.5,0.0
DM-15-09-01-01,2026-07-30,121.625,5561.75,0.0
DM-15-09-01-01,2026-07-31,131.125,5280.25,0.0
DM-15-09-01-01,2026-08-01,127.75,5233.75,0.0
DM-15-09-01-01,2026-08-02,131.125,5233.0,0.0
DM-15-09-01-01,2026-08-03,124.5,5667.5,0.0
DM-15-09-01-01,2026-08-04,129.5,5384.75,0.0
DM-15-09-01-01,2026-08-05,132.75,5508.75,0.0
DM-15-09-01-02,2026-07-08,16.75,514.75,
DM-15-09-01-02,2026-07-09,17.875,989.0,
DM-15-09-01-02,2026-07-10,17.875,1077.5,
DM-15-09-01-02,2026-07-11,18.25,1045.25,
DM-15-09-01-02,2026-07-12,14.25,1003.5,
DM-15-09-01-02,2026-07-13,15.0,1043.0,
DM-15-09-01-02,2026-07-14,14.5,1020.25,
DM-15-09-01-02,2026-07-15,16.0,1039.25,
DM-15-09-01-02,2026-07-16,15.75,934.25,
DM-15-09-01-02,2026-07-17,17.5,1083.0,
DM-15-09-01-02,2026-07-18,20.375,1192.25,
DM-15-09-01-02,2026-07-19,18.375,1183.25,
DM-15-09-01-02,2026-07-20,20.125,1111.0,
DM-15-09-01-02,2026-07-21,16.75,1083.25,
DM-15-09-01-02,2026-07-22,17.875,1037.5,0.0
DM-15-09-01-02,2026-07-23,12.75,914.75,0.0
DM-15-09-01-02,2026-07-24,17.0,987.5,0.0
DM-15-09-01-02,2026-07-25,14.625,994.0,0.0
DM-15-09-01-02,2026-07-26,15.25,1041.75,0.0
DM-15-09-01-02,2026-07-27,14.875,1001.25,0.0
DM-15-09-01-02,2026-07-28,14.5,898.75,0.0
DM-15-09-01-02,2026-07-29,16.125,953.75,0.0
DM-15-09-01-02,2026-07-30,14.375,945.5,0.0
DM-15-09-01-02,2026-07-31,17.0,919.25,0.0
DM-15-09-01-02,2026-08-01,16.0,1021.75,0.0
DM-15-09-01-02,2026-08-02,15.125,1014.5,0.0
DM-15-09-01-02,2026-08-03,15.0,1038.75,0.0
DM-15-09-01-02,2026-08-04,17.25,1027.25,0.0
DM-15-09-01-02,2026-08-05,15.375,973.25,0.0
DM-15-09-02-01,2026-07-08,216.875,2653.0,
DM-15-09-02-01,2026-07-09,252.5,5087.75,
DM-15-09-02-01,2026-07-10,182.125,4956.25,
DM-15-09-02-01,2026-07-11,223.75,4749.25,
DM-15-09-02-01,2026-07-12,164.5,4857.75,
DM-15-09-02-01,2026-07-13,208.5,4654.0,
DM-15-09-02-01,2026-07-14,164.75,4935.5,
DM-15-09-02-01,2026-07-15,159.25,4898.25,
DM-15-09-02-01,2026-07-16,164.375,4770.75,
DM-15-09-02-01,2026-07-17,168.0,4975.0,
DM-15-09-02-01,2026-07-18,190.75,4850.5,
DM-15-09-02-01,2026-07-19,250.625,5080.5,
DM-15-09-02-01,2026-07-20,175.875,4799.5,
DM-15-09-02-01,2026-07-21,171.0,5006.0,
DM-15-09-02-01,2026-07-22,183.625,4222.75,0.0
DM-15-09-02-01,2026-07-23,227.375,4310.75,19.383
DM-15-09-02-01,2026-07-24,145.125,4240.25,0.0
DM-15-09-02-01,2026-07-25,178.5,4355.0,0.0
DM-15-09-02-01,2026-07-26,164.125,4832.75,0.0
DM-15-09-02-01,2026-07-27,184.75,4226.25,0.0
DM-15-09-02-01,2026-07-28,154.0,4336.25,0.0
DM-15-09-02-01,2026-07-29,267.125,4938.0,59.133
DM-15-09-02-01,2026-07-30,145.375,4928.0,0.0
DM-15-09-02-01,2026-07-31,169.0,4005.0,0.0
DM-15-09-02-01,2026-08-01,162.0,4530.5,0.0
DM-15-09-02-01,2026-08-02,157.875,4606.5,0.0
DM-15-09-02-01,2026-08-03,174.125,4251.0,0.0
DM-15-09-02-01,2026-08-04,225.25,4635.0,17.258
DM-15-09-02-01,2026-08-05,146.25,4628.25,0.0
DM-15-09-03-02,2026-07-08,,2333.75,
DM-15-09-03-02,2026-07-09,90.625,3935.5,
DM-15-09-03-02,2026-07-10,96.0,3759.5,
DM-15-09-03-02,2026-07-11,16.625,2457.5,
DM-15-09-03-02,2026-07-12,91.75,3702.0,
DM-15-09-03-02,2026-07-13,84.0,3051.75,
DM-15-09-03-02,2026-07-14,37.875,3823.25,
DM-15-09-03-02,2026-07-15,93.125,3952.75,
DM-15-09-03-02,2026-07-16,91.625,3878.5,
DM-15-09-03-02,2026-07-17,90.875,3937.75,
DM-15-09-03-02,2026-07-18,101.0,4185.5,
DM-15-09-03-02,2026-07-19,95.5,4155.5,
DM-15-09-03-02,2026-07-20,85.125,4017.5,
DM-15-09-03-02,2026-07-21,86.0,3989.25,
DM-15-09-03-02,2026-07-22,82.375,3890.25,0.0
DM-15-09-03-02,2026-07-23,94.625,3990.75,1.106
DM-15-09-03-02,2026-07-24,87.875,4005.75,0.0
DM-15-09-03-02,2026-07-25,95.875,4193.0,2.356
DM-15-09-03-02,2026-07-26,93.5,4079.5,2.337
DM-15-09-03-02,2026-07-27,91.75,3911.0,0.568
DM-15-09-03-02,2026-07-28,89.375,3794.0,0.0
DM-15-09-03-02,2026-07-29,91.125,3946.25,0.0
DM-15-09-03-02,2026-07-30,90.5,4046.75,0.0
DM-15-09-03-02,2026-07-31,98.375,4036.0,4.856
DM-15-09-03-02,2026-08-01,92.75,4118.0,4.087
DM-15-09-03-02,2026-08-02,94.625,4153.0,5.193
DM-15-09-03-02,2026-08-03,102.25,4136.0,13.924
DM-15-09-03-02,2026-08-04,103.0,4117.25,23.404
DM-15-09-03-02,2026-08-05,105.375,4036.5,35.26
DM-15-09-05-03,2026-07-08,,390.5,
DM-15-09-05-03,2026-07-09,,1294.0,
DM-15-09-05-03,2026-07-10,,1324.25,
DM-15-09-05-03,2026-07-11,,1389.0,
DM-15-09-05-03,2026-07-12,,1394.75,
DM-15-09-05-03,2026-07-13,,1310.0,
DM-15-09-05-03,2026-07-14,,1316.5,
DM-15-09-05-03,2026-07-15,,1280.75,
DM-15-09-05-03,2026-07-16,,1322.0,
DM-15-09-05-03,2026-07-17,,1303.25,
DM-15-09-05-03,2026-07-18,,1428.75,
DM-15-09-05-03,2026-07-19,,1441.0,
DM-15-09-05-03,2026-07-20,,1354.25,
DM-15-09-05-03,2026-07-21,,1330.0,
DM-15-09-05-03,2026-07-22,,1315.5,0.0
DM-15-09-05-03,2026-07-23,,1252.25,0.0
DM-15-09-05-03,2026-07-24,,1437.0,0.0
DM-15-09-05-03,2026-07-25,,1500.0,0.0
DM-15-09-05-03,2026-07-26,,1487.75,0.0
DM-15-09-05-03,2026-07-27,,1386.5,0.0
DM-15-09-05-03,2026-07-28,,1354.75,0.0
DM-15-09-05-03,2026-07-29,,1380.5,0.0
DM-15-09-05-03,2026-07-30,,1425.0,0.0
DM-15-09-05-03,2026-07-31,,1353.5,0.0
DM-15-09-05-03,2026-08-01,,1419.5,0.0
DM-15-09-05-03,2026-08-02,,1452.5,0.0
DM-15-09-05-03,2026-08-03,,1381.5,0.0
DM-15-09-05-03,2026-08-04,,1364.0,0.0
DM-15-09-05-03,2026-08-05,,1367.25,0.0
DM-15-09-07-01,2026-07-08,,2817.75,
DM-15-09-07-01,2026-07-09,116.625,4451.75,
DM-15-09-07-01,2026-07-10,125.625,4662.25,
DM-15-09-07-01,2026-07-11,111.25,4728.75,
DM-15-09-07-01,2026-07-12,110.75,3917.0,
DM-15-09-07-01,2026-07-13,115.625,4503.0,
DM-15-09-07-01,2026-07-14,124.25,4382.25,
DM-15-09-07-01,2026-07-15,110.375,4651.75,
DM-15-09-07-01,2026-07-16,106.75,4435.75,
DM-15-09-07-01,2026-07-17,112.375,4427.5,
DM-15-09-07-01,2026-07-18,110.375,4494.0,
DM-15-09-07-01,2026-07-19,107.25,3889.75,
DM-15-09-07-01,2026-07-20,124.875,4780.25,
DM-15-09-07-01,2026-07-21,141.625,4835.5,
DM-15-09-07-01,2026-07-22,65.25,4560.75,0.0
DM-15-09-07-01,2026-07-23,137.0,4828.5,15.49
DM-15-09-07-01,2026-07-24,122.75,4758.75,16.731
DM-15-09-07-01,2026-07-25,126.25,4906.25,21.471
DM-15-09-07-01,2026-07-26,126.625,4439.5,26.587
DM-15-09-07-01,2026-07-27,121.125,4514.25,26.202
DM-15-09-07-01,2026-07-28,121.25,4268.75,25.942
DM-15-09-07-01,2026-07-29,122.625,5000.0,27.058
DM-15-09-07-01,2026-07-30,125.5,4978.0,31.048
DM-15-09-07-01,2026-07-31,121.375,4727.5,30.914
DM-15-09-07-01,2026-08-01,138.875,4948.25,48.279
DM-15-09-07-01,2026-08-02,118.375,4172.75,45.144
DM-15-09-07-01,2026-08-03,135.875,4802.25,59.51
DM-15-09-07-01,2026-08-04,130.625,4733.0,68.625
DM-15-09-07-01,2026-08-05,134.75,4669.5,81.866
DM-16-02-01-01,2026-07-08,,1968.25,
DM-16-02-01-01,2026-07-09,,3560.25,
DM-16-02-01-01,2026-07-10,,3561.25,
DM-16-02-01-01,2026-07-11,,3649.0,
DM-16-02-01-01,2026-07-12,,3692.5,
DM-16-02-01-01,2026-07-13,,3591.5,
DM-16-02-01-01,2026-07-14,,3565.0,
DM-16-02-01-01,2026-07-15,,3521.5,
DM-16-02-01-01,2026-07-16,,3782.0,
DM-16-02-01-01,2026-07-17,,3558.0,
DM-16-02-01-01,2026-07-18,,3780.5,
DM-16-02-01-01,2026-07-19,,3775.5,
DM-16-02-01-01,2026-07-20,,3713.75,
DM-16-02-01-01,2026-07-21,,3544.25,
DM-16-02-01-01,2026-07-22,,3631.0,0.0
DM-16-02-01-01,2026-07-23,,3465.75,0.0
DM-16-02-01-01,2026-07-24,,3667.5,0.0
DM-16-02-01-01,2026-07-25,,3743.5,0.0
DM-16-02-01-01,2026-07-26,,3757.25,0.0
DM-16-02-01-01,2026-07-27,,3625.25,0.0
DM-16-02-01-01,2026-07-28,,3687.75,0.0
DM-16-02-01-01,2026-07-29,,3726.75,0.0
DM-16-02-01-01,2026-07-30,,3707.75,0.0
DM-16-02-01-01,2026-07-31,,3524.5,0.0
DM-16-02-01-01,2026-08-01,,3660.5,0.0
DM-16-02-01-01,2026-08-02,,3718.25,0.0
DM-16-02-01-01,2026-08-03,,3613.0,0.0
DM-16-02-01-02,2026-07-08,,1542.75,
DM-16-02-01-02,2026-07-09,81.0,2611.0,
DM-16-02-01-02,2026-07-10,82.5,2604.0,
DM-16-02-01-02,2026-07-11,79.75,2659.0,
DM-16-02-01-02,2026-07-12,80.5,2695.75,
DM-16-02-01-02,2026-07-13,80.5,2604.0,
DM-16-02-01-02,2026-07-14,80.125,2581.5,
DM-16-02-01-02,2026-07-15,79.75,2566.0,
DM-16-02-01-02,2026-07-16,78.625,2349.25,
DM-16-02-01-02,2026-07-17,80.5,2569.75,
DM-16-02-01-02,2026-07-18,80.125,2738.0,
DM-16-02-01-02,2026-07-19,81.625,2748.75,
DM-16-02-01-02,2026-07-20,81.0,2671.25,
DM-16-02-01-02,2026-07-21,81.875,2631.25,
DM-16-02-01-02,2026-07-22,71.125,2564.5,0.0
DM-16-02-01-02,2026-07-23,81.125,2476.25,0.03
DM-16-02-01-02,2026-07-24,84.375,2636.25,3.311
DM-16-02-01-02,2026-07-25,81.625,2732.5,3.841
DM-16-02-01-02,2026-07-26,80.625,2713.0,3.371
DM-16-02-01-02,2026-07-27,79.0,2618.75,1.276
DM-16-02-01-02,2026-07-28,79.375,2670.25,0.0
DM-16-02-01-02,2026-07-29,82.375,2689.5,1.28
DM-16-02-01-02,2026-07-30,80.0,2673.25,0.186
DM-16-02-01-02,2026-07-31,80.25,2555.25,0.0
DM-16-02-01-02,2026-08-01,79.75,2655.5,0.0
DM-16-02-01-02,2026-08-02,82.5,2701.75,1.405
DM-16-02-01-02,2026-08-03,81.125,2620.0,1.436
DM-16-02-01-02,2026-08-04,80.0,2584.0,0.341
DM-16-02-01-02,2026-08-05,79.75,2533.75,0.0
DM-16-02-02-01,2026-07-08,,1091.75,
DM-16-02-02-01,2026-07-09,39.625,1749.75,
DM-16-02-02-01,2026-07-10,43.375,1819.5,
DM-16-02-02-01,2026-07-11,43.375,1877.25,
DM-16-02-02-01,2026-07-12,43.75,1874.25,
DM-16-02-02-01,2026-07-13,43.125,1833.0,
DM-16-02-02-01,2026-07-14,41.25,1792.0,
DM-16-02-02-01,2026-07-15,41.75,1760.0,
DM-16-02-02-01,2026-07-16,37.625,1745.75,
DM-16-02-02-01,2026-07-17,39.5,1760.75,
DM-16-02-02-01,2026-07-18,41.0,1906.25,
DM-16-02-02-01,2026-07-19,42.125,1976.75,
DM-16-02-02-01,2026-07-20,44.375,1879.0,
DM-16-02-02-01,2026-07-21,42.0,1854.0,
DM-16-02-02-01,2026-07-22,43.375,1768.0,0.678
DM-16-02-02-01,2026-07-23,42.125,1663.5,0.106
DM-16-02-02-01,2026-07-24,44.0,1856.75,1.41
DM-16-02-02-01,2026-07-25,42.75,1904.25,1.463
DM-16-02-02-01,2026-07-26,44.5,1880.5,3.266
DM-16-02-02-01,2026-07-27,41.875,1781.5,2.444
DM-16-02-02-01,2026-07-28,36.625,1768.0,0.0
DM-16-02-02-01,2026-07-29,41.75,1817.25,0.0
DM-16-02-02-01,2026-07-30,38.0,1813.0,0.0
DM-16-02-02-01,2026-07-31,42.375,1705.25,0.0
DM-16-02-02-01,2026-08-01,40.25,1817.75,0.0
DM-16-02-02-01,2026-08-02,42.0,1884.0,0.0
DM-16-02-02-01,2026-08-03,44.625,1825.25,1.928
DM-16-02-02-01,2026-08-04,39.0,1772.5,0.0
DM-16-02-02-01,2026-08-05,39.875,1705.0,0.0
DM-16-02-02-02,2026-07-08,,1068.75,
DM-16-02-02-02,2026-07-09,36.25,1707.75,
DM-16-02-02-02,2026-07-10,36.75,1742.0,
DM-16-02-02-02,2026-07-11,39.75,1802.25,
DM-16-02-02-02,2026-07-12,39.875,1873.5,
DM-16-02-02-02,2026-07-13,35.0,1744.0,
DM-16-02-02-02,2026-07-14,37.875,1717.0,
DM-16-02-02-02,2026-07-15,38.125,1687.5,
DM-16-02-02-02,2026-07-16,36.625,1662.25,
DM-16-02-02-02,2026-07-17,35.625,1713.5,
DM-16-02-02-02,2026-07-18,40.125,1846.75,
DM-16-02-02-02,2026-07-19,38.875,1883.5,
DM-16-02-02-02,2026-07-20,37.125,1764.0,
DM-16-02-02-02,2026-07-21,36.625,1747.75,
DM-16-02-02-02,2026-07-22,32.125,1708.75,0.0
DM-16-02-02-02,2026-07-23,39.625,1675.75,1.236
DM-16-02-02-02,2026-07-24,44.875,1774.25,7.722
DM-16-02-02-02,2026-07-25,38.625,1874.0,7.958
DM-16-02-02-02,2026-07-26,40.25,1872.0,9.819
DM-16-02-02-02,2026-07-27,39.875,1756.5,11.305
DM-16-02-02-02,2026-07-28,40.625,1784.75,13.541
DM-16-02-02-02,2026-07-29,43.875,1839.5,19.027
DM-16-02-02-02,2026-07-30,38.5,1815.5,19.138
DM-16-02-02-02,2026-07-31,42.125,1730.25,22.874
DM-16-02-02-02,2026-08-01,40.375,1842.5,24.861
DM-16-02-02-02,2026-08-02,41.0,1861.75,27.472
DM-16-02-02-02,2026-08-03,40.625,1808.5,29.708
DM-16-02-02-02,2026-08-04,41.0,1722.0,32.319
DM-16-02-02-02,2026-08-05,39.375,1644.75,33.305
DM-16-02-03-02,2026-07-08,69.625,1538.25,
DM-16-02-03-02,2026-07-09,69.5,2819.25,
DM-16-02-03-02,2026-07-10,61.625,2732.5,
DM-16-02-03-02,2026-07-11,40.375,2579.0,
DM-16-02-03-02,2026-07-12,60.25,2715.5,
DM-16-02-03-02,2026-07-13,62.25,2767.25,
DM-16-02-03-02,2026-07-14,69.875,2756.75,
DM-16-02-03-02,2026-07-15,70.25,2795.0,
DM-16-02-03-02,2026-07-16,70.625,2700.5,
DM-16-02-03-02,2026-07-17,59.875,2754.75,
DM-16-02-03-02,2026-07-18,43.375,2608.5,
DM-16-02-03-02,2026-07-19,55.125,2654.5,
DM-16-02-03-02,2026-07-20,59.625,2640.5,
DM-16-02-03-02,2026-07-21,62.125,2609.25,
DM-16-02-03-02,2026-07-22,59.625,2350.0,0.0
DM-16-02-03-02,2026-07-23,83.75,2643.25,18.122
DM-16-02-03-02,2026-07-24,51.25,2471.5,3.744
DM-16-02-03-02,2026-07-25,39.75,2660.5,0.0
DM-16-02-03-02,2026-07-26,60.0,2719.0,0.0
DM-16-02-03-02,2026-07-27,57.25,2659.75,0.0
DM-16-02-03-02,2026-07-28,55.625,2644.0,0.0
DM-16-02-03-02,2026-07-29,50.0,2643.75,0.0
DM-16-02-03-02,2026-07-30,99.375,3176.75,33.747
DM-16-02-03-02,2026-07-31,62.75,2744.75,30.869
DM-16-02-03-02,2026-08-01,55.25,2672.5,20.49
DM-16-02-03-02,2026-08-02,57.875,2780.75,12.737
DM-16-02-03-02,2026-08-03,47.5,2618.75,0.0
DM-16-02-03-02,2026-08-04,61.875,2614.25,0.0
DM-16-02-03-02,2026-08-05,53.125,2636.5,0.0
DM-16-02-04-02,2026-07-08,,2342.5,
DM-16-02-04-02,2026-07-09,110.75,3882.75,
DM-16-02-04-02,2026-07-10,111.375,3887.75,
DM-16-02-04-02,2026-07-11,111.875,4023.0,
DM-16-02-04-02,2026-07-12,110.75,4117.0,
DM-16-02-04-02,2026-07-13,111.875,3887.25,
DM-16-02-04-02,2026-07-14,108.625,3847.75,
DM-16-02-04-02,2026-07-15,111.25,3823.25,
DM-16-02-04-02,2026-07-16,108.5,3846.25,
DM-16-02-04-02,2026-07-17,111.75,3851.5,
DM-16-02-04-02,2026-07-18,108.5,4041.25,
DM-16-02-04-02,2026-07-19,108.625,4084.75,
DM-16-02-04-02,2026-07-20,110.5,3870.25,
DM-16-02-04-02,2026-07-21,111.75,3854.75,
DM-16-02-04-02,2026-07-22,93.75,3735.75,0.0
DM-16-02-04-02,2026-07-23,110.0,3745.5,0.0
DM-16-02-04-02,2026-07-24,109.0,3850.75,0.0
DM-16-02-04-02,2026-07-25,110.5,4043.75,0.0
DM-16-02-04-02,2026-07-26,109.625,4043.25,0.0
DM-16-02-04-02,2026-07-27,111.375,3824.75,0.233
DM-16-02-04-02,2026-07-28,110.875,3984.5,0.0
DM-16-02-04-02,2026-07-29,113.5,4030.75,2.358
DM-16-02-04-02,2026-07-30,112.125,4016.75,3.342
DM-16-02-04-02,2026-07-31,110.75,3844.0,2.95
DM-16-02-04-02,2026-08-01,111.0,4002.0,2.808
DM-16-02-04-02,2026-08-02,113.5,4136.5,5.167
DM-16-02-04-02,2026-08-03,113.25,3874.75,7.275
DM-16-02-04-02,2026-08-04,109.875,3829.75,6.008
DM-16-02-04-02,2026-08-05,110.875,3806.75,5.742
DM-16-02-05-01,2026-07-08,40.875,1027.25,
DM-16-02-05-01,2026-07-09,40.75,1941.5,
DM-16-02-05-01,2026-07-10,41.25,1908.5,
DM-16-02-05-01,2026-07-11,40.75,2060.5,
DM-16-02-05-01,2026-07-12,41.625,2151.0,
DM-16-02-05-01,2026-07-13,40.375,1977.0,
DM-16-02-05-01,2026-07-14,42.125,1964.25,
DM-16-02-05-01,2026-07-15,39.875,1925.5,
DM-16-02-05-01,2026-07-16,41.5,1938.0,
DM-16-02-05-01,2026-07-17,43.25,1946.0,
DM-16-02-05-01,2026-07-18,42.625,2140.5,
DM-16-02-05-01,2026-07-19,43.625,2208.5,
DM-16-02-05-01,2026-07-20,41.625,2013.75,
DM-16-02-05-01,2026-07-21,36.875,1938.5,
DM-16-02-05-01,2026-07-22,40.625,1969.75,0.0
DM-16-02-05-01,2026-07-23,41.375,1947.0,0.0
DM-16-02-05-01,2026-07-24,42.625,1971.25,0.61
DM-16-02-05-01,2026-07-25,41.0,2108.5,0.0
DM-16-02-05-01,2026-07-26,39.5,2157.25,0.0
DM-16-02-05-01,2026-07-27,40.75,1942.75,0.0
DM-16-02-05-01,2026-07-28,41.75,2012.25,0.0
DM-16-02-05-01,2026-07-29,43.125,2043.25,1.11
DM-16-02-05-01,2026-07-30,42.75,2060.75,1.846
DM-16-02-05-01,2026-07-31,43.75,1951.5,3.581
DM-16-02-05-01,2026-08-01,44.375,2105.25,5.942
DM-16-02-05-01,2026-08-02,41.875,2133.0,5.802
DM-16-02-05-01,2026-08-03,42.875,2000.75,6.663
DM-16-02-05-01,2026-08-04,39.75,1960.0,4.398
DM-16-02-05-01,2026-08-05,47.75,1913.0,10.134
DM-16-02-06-01,2026-07-10,0.0,6.25,
DM-16-02-06-01,2026-07-11,32.875,1667.0,
DM-16-02-06-01,2026-07-12,33.375,1675.0,
DM-16-02-06-01,2026-07-13,32.25,1591.0,
DM-16-02-06-01,2026-07-14,34.375,1584.25,
DM-16-02-06-01,2026-07-15,34.0,1632.0,
DM-16-02-06-01,2026-07-16,35.125,1630.5,
DM-16-02-06-01,2026-07-17,34.625,1631.0,
DM-16-02-06-01,2026-07-18,34.875,1787.5,
DM-16-02-06-01,2026-07-19,36.75,1810.5,
DM-16-02-06-01,2026-07-20,33.5,1690.5,
DM-16-02-06-01,2026-07-21,37.375,1658.25,
DM-16-02-06-01,2026-07-22,28.875,1617.0,
DM-16-02-06-01,2026-07-23,36.0,1631.75,
DM-16-02-06-01,2026-07-24,36.25,1679.25,0.025
DM-16-02-06-01,2026-07-25,36.375,1779.25,0.174
DM-16-02-06-01,2026-07-26,35.5,1765.75,0.0
DM-16-02-06-01,2026-07-27,38.125,1664.0,1.9
DM-16-02-06-01,2026-07-28,34.375,1632.0,0.049
DM-16-02-06-01,2026-07-29,34.875,1651.75,0.0
DM-16-02-06-01,2026-07-30,34.375,1683.25,0.0
DM-16-02-06-01,2026-07-31,33.75,1598.25,0.0
DM-16-02-06-01,2026-08-01,37.125,1728.75,0.9
DM-16-02-06-01,2026-08-02,36.375,1787.0,1.049
DM-16-02-06-01,2026-08-03,36.875,1652.25,1.699
DM-16-02-06-01,2026-08-04,35.5,1643.75,0.973
DM-16-02-06-01,2026-08-05,35.75,1635.0,0.498
DM-16-03-02-02,2026-07-08,81.375,1517.75,
DM-16-03-02-02,2026-07-09,79.25,2856.5,
DM-16-03-02-02,2026-07-10,81.125,2830.5,
DM-16-03-02-02,2026-07-11,79.125,2934.25,
DM-16-03-02-02,2026-07-12,80.75,3026.25,
DM-16-03-02-02,2026-07-13,82.375,2910.25,
DM-16-03-02-02,2026-07-14,78.75,2880.25,
DM-16-03-02-02,2026-07-15,76.25,2890.25,
DM-16-03-02-02,2026-07-16,80.0,2880.25,
DM-16-03-02-02,2026-07-17,79.5,2887.0,
DM-16-03-02-02,2026-07-18,75.875,2929.25,
DM-16-03-02-02,2026-07-19,77.875,2969.75,
DM-16-03-02-02,2026-07-20,79.25,2871.75,
DM-16-03-02-02,2026-07-21,56.25,2777.5,
DM-16-03-02-02,2026-07-22,78.875,2824.0,0.0
DM-16-03-02-02,2026-07-23,74.5,2807.75,0.0
DM-16-03-02-02,2026-07-24,78.75,2807.25,0.0
DM-16-03-02-02,2026-07-25,79.375,2952.75,0.0
DM-16-03-02-02,2026-07-26,77.875,2974.25,0.0
DM-16-03-02-02,2026-07-27,77.375,2839.0,0.0
DM-16-03-02-02,2026-07-28,78.25,2933.0,0.0
DM-16-03-02-02,2026-07-29,80.0,2942.25,0.0
DM-16-03-02-02,2026-07-30,80.375,2966.5,0.0
DM-16-03-02-02,2026-07-31,79.625,2816.5,0.0
DM-16-03-02-02,2026-08-01,80.25,2934.25,0.0
DM-16-03-02-02,2026-08-02,77.5,2952.75,0.0
DM-16-03-02-02,2026-08-03,76.0,2780.75,0.0
DM-16-03-02-02,2026-08-04,76.375,2810.75,0.0
DM-16-03-02-02,2026-08-05,79.625,2775.75,0.0
DM-16-03-03-01,2026-07-08,,458.5,
DM-16-03-03-01,2026-07-09,,833.25,
DM-16-03-03-01,2026-07-10,,892.75,
DM-16-03-03-01,2026-07-11,,922.0,
DM-16-03-03-01,2026-07-12,,885.5,
DM-16-03-03-01,2026-07-13,,889.25,
DM-16-03-03-01,2026-07-14,,872.75,
DM-16-03-03-01,2026-07-15,,914.5,
DM-16-03-03-01,2026-07-16,,835.25,
DM-16-03-03-01,2026-07-17,,856.25,
DM-16-03-03-01,2026-07-18,,870.75,
DM-16-03-03-01,2026-07-19,,926.25,
DM-16-03-03-01,2026-07-20,,892.75,
DM-16-03-03-01,2026-07-21,,881.5,
DM-16-03-03-01,2026-07-22,,849.5,0.0
DM-16-03-03-01,2026-07-23,,837.25,0.0
DM-16-03-03-01,2026-07-24,,929.0,0.0
DM-16-03-03-01,2026-07-25,,919.25,0.0
DM-16-03-03-01,2026-07-26,,901.0,0.0
DM-16-03-03-01,2026-07-27,,900.75,0.0
DM-16-03-03-01,2026-07-28,,900.25,0.0
DM-16-03-03-01,2026-07-29,,877.25,0.0
DM-16-03-03-01,2026-07-30,,876.25,0.0
DM-16-03-03-01,2026-07-31,,805.75,0.0
DM-16-03-03-01,2026-08-01,,855.75,0.0
DM-16-03-03-01,2026-08-02,,857.25,0.0
DM-16-03-03-01,2026-08-03,,831.5,0.0
DM-16-03-03-01,2026-08-04,,848.75,0.0
DM-16-03-03-01,2026-08-05,,853.25,0.0
DM-16-03-06-01,2026-07-08,,3856.25,
DM-16-03-06-01,2026-07-09,173.75,5530.75,
DM-16-03-06-01,2026-07-10,187.25,5499.0,
DM-16-03-06-01,2026-07-11,84.5,4967.0,
DM-16-03-06-01,2026-07-12,80.5,5171.25,
DM-16-03-06-01,2026-07-13,180.625,5354.25,
DM-16-03-06-01,2026-07-14,175.375,5670.5,
DM-16-03-06-01,2026-07-15,149.75,5188.0,
DM-16-03-06-01,2026-07-16,202.5,5685.0,
DM-16-03-06-01,2026-07-17,160.625,5687.0,
DM-16-03-06-01,2026-07-18,164.875,5869.0,
DM-16-03-06-01,2026-07-19,134.0,6168.5,
DM-16-03-06-01,2026-07-20,205.25,6465.0,
DM-16-03-06-01,2026-07-21,232.0,6625.5,
DM-16-03-06-01,2026-07-22,284.5,5909.25,99.429
DM-16-03-06-01,2026-07-23,244.375,5168.5,158.732
DM-16-03-06-01,2026-07-24,207.875,5924.25,181.536
DM-16-03-06-01,2026-07-25,120.875,5291.75,117.34
DM-16-03-06-01,2026-07-26,110.75,5449.5,43.019
DM-16-03-06-01,2026-07-27,186.875,5835.5,44.822
DM-16-03-06-01,2026-07-28,101.0,5763.25,0.0
DM-16-03-06-01,2026-07-29,136.875,5786.75,0.0
DM-16-03-06-01,2026-07-30,105.25,5570.25,0.0
DM-16-03-06-01,2026-07-31,129.25,6250.5,0.0
DM-16-03-06-01,2026-08-01,140.625,6222.5,0.0
DM-16-03-06-01,2026-08-02,128.25,6853.0,0.0
DM-16-03-06-01,2026-08-03,247.5,7314.25,62.429
DM-16-03-06-01,2026-08-04,237.625,7046.5,114.982
DM-16-03-06-01,2026-08-05,218.25,7069.0,148.161
DM-16-03-08-01,2026-07-08,,1926.25,
DM-16-03-08-01,2026-07-09,78.375,3147.25,
DM-16-03-08-01,2026-07-10,78.625,3216.75,
DM-16-03-08-01,2026-07-11,79.5,3389.5,
DM-16-03-08-01,2026-07-12,80.875,3412.0,
DM-16-03-08-01,2026-07-13,80.75,3296.75,
DM-16-03-08-01,2026-07-14,80.875,3280.0,
DM-16-03-08-01,2026-07-15,79.375,3236.75,
DM-16-03-08-01,2026-07-16,77.875,3140.5,
DM-16-03-08-01,2026-07-17,81.0,3058.25,
DM-16-03-08-01,2026-07-18,71.125,3249.75,
DM-16-03-08-01,2026-07-19,73.0,3260.0,
DM-16-03-08-01,2026-07-20,70.0,3066.75,
DM-16-03-08-01,2026-07-21,70.5,3038.0,
DM-16-03-08-01,2026-07-22,67.5,2933.75,0.0
DM-16-03-08-01,2026-07-23,68.875,2867.5,0.0
DM-16-03-08-01,2026-07-24,72.125,3072.0,0.0
DM-16-03-08-01,2026-07-25,73.0,3245.75,0.0
DM-16-03-08-01,2026-07-26,69.625,3359.0,0.0
DM-16-03-08-01,2026-07-27,78.5,3240.0,0.0
DM-16-03-08-01,2026-07-28,78.25,3228.0,0.0
DM-16-03-08-01,2026-07-29,80.625,3345.75,1.506
DM-16-03-08-01,2026-07-30,82.5,3285.75,4.886
DM-16-03-08-01,2026-07-31,80.375,3179.0,6.142
DM-16-03-08-01,2026-08-01,81.875,3363.25,8.897
DM-16-03-08-01,2026-08-02,80.875,3434.5,10.653
DM-16-03-08-01,2026-08-03,81.75,3213.0,13.283
DM-16-03-08-01,2026-08-04,77.375,3159.25,11.539
DM-16-03-08-01,2026-08-05,77.875,3102.0,10.294
DM-16-04-01-01,2026-07-09,49.375,2237.25,
DM-16-04-01-01,2026-07-10,54.375,2282.75,
DM-16-04-01-01,2026-07-11,47.125,2391.5,
DM-16-04-01-01,2026-07-12,49.75,2417.25,
DM-16-04-01-01,2026-07-13,55.0,2279.5,
DM-16-04-01-01,2026-07-14,50.875,2257.0,
DM-16-04-01-01,2026-07-15,55.125,2230.25,
DM-16-04-01-01,2026-07-16,47.75,2205.25,
DM-16-04-01-01,2026-07-17,49.5,2230.25,
DM-16-04-01-01,2026-07-18,58.125,2438.0,
DM-16-04-01-01,2026-07-19,56.25,2531.25,
DM-16-04-01-01,2026-07-20,51.25,2249.0,
DM-16-04-01-01,2026-07-21,53.0,2278.5,
DM-16-04-01-01,2026-07-22,46.5,2231.0,
DM-16-04-01-01,2026-07-23,57.125,2236.25,3.658
DM-16-04-01-01,2026-07-24,58.375,2338.75,8.567
DM-16-04-01-01,2026-07-25,48.875,2461.75,3.975
DM-16-04-01-01,2026-07-26,53.125,2432.75,3.634
DM-16-04-01-01,2026-07-27,53.125,2208.5,3.292
DM-16-04-01-01,2026-07-28,44.0,2168.25,0.0
DM-16-04-01-01,2026-07-29,48.25,2170.5,0.0
DM-16-04-01-01,2026-07-30,48.75,2230.5,0.0
DM-16-04-01-01,2026-07-31,50.75,2179.0,0.0
DM-16-04-01-01,2026-08-01,48.375,2277.5,0.0
DM-16-04-01-01,2026-08-02,52.875,2427.75,0.0
DM-16-04-01-01,2026-08-03,50.5,2145.75,0.0
DM-16-04-01-01,2026-08-04,46.875,2140.75,0.0
DM-16-04-01-01,2026-08-05,50.0,2083.5,0.0
DM-16-04-02-01,2026-07-09,21.5,1518.75,
DM-16-04-02-01,2026-07-10,29.375,1671.0,
DM-16-04-02-01,2026-07-11,30.0,1750.0,
DM-16-04-02-01,2026-07-12,31.125,1784.5,
DM-16-04-02-01,2026-07-13,30.875,1673.75,
DM-16-04-02-01,2026-07-14,28.375,1591.75,
DM-16-04-02-01,2026-07-15,23.5,1527.5,
DM-16-04-02-01,2026-07-16,23.0,1459.25,
DM-16-04-02-01,2026-07-17,25.75,1517.75,
DM-16-04-02-01,2026-07-18,25.75,1695.5,
DM-16-04-02-01,2026-07-19,24.5,1721.5,
DM-16-04-02-01,2026-07-20,25.0,1633.0,
DM-16-04-02-01,2026-07-21,23.75,1554.0,
DM-16-04-02-01,2026-07-22,24.875,1508.75,
DM-16-04-02-01,2026-07-23,23.375,1458.25,0.0
DM-16-04-02-01,2026-07-24,24.375,1555.0,0.0
DM-16-04-02-01,2026-07-25,24.75,1656.25,0.0
DM-16-04-02-01,2026-07-26,25.0,1653.75,0.0
DM-16-04-02-01,2026-07-27,25.75,1527.75,0.0
DM-16-04-02-01,2026-07-28,26.375,1504.0,0.0
DM-16-04-02-01,2026-07-29,27.25,1545.0,0.0
DM-16-04-02-01,2026-07-30,24.875,1528.25,0.0
DM-16-04-02-01,2026-07-31,26.125,1470.5,0.0
DM-16-04-02-01,2026-08-01,26.0,1625.25,0.0
DM-16-04-02-01,2026-08-02,26.875,1654.0,0.0
DM-16-04-02-01,2026-08-03,26.125,1578.5,0.0
DM-16-04-02-01,2026-08-04,23.5,1524.0,0.0
DM-16-04-02-01,2026-08-05,26.75,1500.5,0.0
DM-16-04-03-01,2026-07-08,,1488.5,
DM-16-04-03-01,2026-07-09,77.75,2675.0,
DM-16-04-03-01,2026-07-10,72.375,2655.0,
DM-16-04-03-01,2026-07-11,67.625,2678.75,
DM-16-04-03-01,2026-07-12,70.25,2694.75,
DM-16-04-03-01,2026-07-13,69.75,2613.0,
DM-16-04-03-01,2026-07-14,70.625,2596.0,
DM-16-04-03-01,2026-07-15,73.625,2709.0,
DM-16-04-03-01,2026-07-16,76.75,2617.5,
DM-16-04-03-01,2026-07-17,70.25,2627.5,
DM-16-04-03-01,2026-07-18,64.125,2686.5,
DM-16-04-03-01,2026-07-19,73.25,2753.75,
DM-16-04-03-01,2026-07-20,73.125,2650.5,
DM-16-04-03-01,2026-07-21,70.75,2640.5,
DM-16-04-03-01,2026-07-22,71.375,2532.25,0.0
DM-16-04-03-01,2026-07-23,66.5,2699.75,0.0
DM-16-04-03-01,2026-07-24,75.875,2762.25,2.594
DM-16-04-03-01,2026-07-25,74.875,2787.5,4.187
DM-16-04-03-01,2026-07-26,75.375,2763.75,6.281
DM-16-04-03-01,2026-07-27,74.375,2711.75,7.375
DM-16-04-03-01,2026-07-28,80.25,2773.75,14.343
DM-16-04-03-01,2026-07-29,73.375,2744.0,14.437
DM-16-04-03-01,2026-07-30,74.25,2781.75,15.406
DM-16-04-03-01,2026-07-31,94.25,2765.75,36.374
DM-16-04-03-01,2026-08-01,73.875,2650.75,36.968
DM-16-04-03-01,2026-08-02,68.25,2712.5,31.937
DM-16-04-03-01,2026-08-03,68.25,2682.75,26.905
DM-16-04-03-01,2026-08-04,71.75,2698.5,25.374
DM-16-04-03-01,2026-08-05,72.125,2663.5,24.218
DM-16-04-03-02,2026-07-08,,1108.0,
DM-16-04-03-02,2026-07-09,,1952.5,
DM-16-04-03-02,2026-07-10,,1937.0,
DM-16-04-03-02,2026-07-11,,2066.25,
DM-16-04-03-02,2026-07-12,,2069.75,
DM-16-04-03-02,2026-07-13,,1948.25,
DM-16-04-03-02,2026-07-14,,1937.5,
DM-16-04-03-02,2026-07-15,,1917.5,
DM-16-04-03-02,2026-07-16,,1927.25,
DM-16-04-03-02,2026-07-17,,1941.75,
DM-16-04-03-02,2026-07-18,,2063.0,
DM-16-04-03-02,2026-07-19,,2093.5,
DM-16-04-03-02,2026-07-20,,1943.0,
DM-16-04-03-02,2026-07-21,,1936.25,
DM-16-04-03-02,2026-07-22,,1915.25,0.0
DM-16-04-03-02,2026-07-23,,1985.25,0.0
DM-16-04-03-02,2026-07-24,,1945.75,0.0
DM-16-04-03-02,2026-07-25,,2047.25,0.0
DM-16-04-03-02,2026-07-26,,2031.75,0.0
DM-16-04-03-02,2026-07-27,,1898.75,0.0
DM-16-04-03-02,2026-07-28,,1988.0,0.0
DM-16-04-03-02,2026-07-29,,1992.75,0.0
DM-16-04-03-02,2026-07-30,,2026.75,0.0
DM-16-04-03-02,2026-07-31,,1955.75,0.0
DM-16-04-03-02,2026-08-01,,2102.75,0.0
DM-16-04-03-02,2026-08-02,,2132.5,0.0
DM-16-04-03-02,2026-08-03,,1968.5,0.0
DM-16-04-03-02,2026-08-04,,1974.75,0.0
DM-16-04-03-02,2026-08-05,,1971.0,0.0
DM-16-04-05-01,2026-07-08,116.625,2520.5,
DM-16-04-05-01,2026-07-09,108.875,4554.5,
DM-16-04-05-01,2026-07-10,112.375,4563.5,
DM-16-04-05-01,2026-07-11,115.875,4954.0,
DM-16-04-05-01,2026-07-12,112.625,5074.5,
DM-16-04-05-01,2026-07-13,114.5,4663.75,
DM-16-04-05-01,2026-07-14,111.0,4645.75,
DM-16-04-05-01,2026-07-15,103.875,4569.0,
DM-16-04-05-01,2026-07-16,107.25,4509.75,
DM-16-04-05-01,2026-07-17,107.75,4533.25,
DM-16-04-05-01,2026-07-18,114.125,5008.5,
DM-16-04-05-01,2026-07-19,109.375,5106.75,
DM-16-04-05-01,2026-07-20,108.625,4652.75,
DM-16-04-05-01,2026-07-21,109.75,4574.0,
DM-16-04-05-01,2026-07-22,116.375,4557.0,3.723
DM-16-04-05-01,2026-07-23,110.5,4618.0,1.571
DM-16-04-05-01,2026-07-24,113.875,4627.0,2.794
DM-16-04-05-01,2026-07-25,122.875,4850.0,13.016
DM-16-04-05-01,2026-07-26,108.5,4960.25,8.864
DM-16-04-05-01,2026-07-27,118.0,4536.25,14.212
DM-16-04-05-01,2026-07-28,116.875,4699.5,18.435
DM-16-04-05-01,2026-07-29,115.625,4589.5,21.408
DM-16-04-05-01,2026-07-30,106.125,4631.75,14.881
DM-16-04-05-01,2026-07-31,116.0,4498.5,18.229
DM-16-04-05-01,2026-08-01,113.125,4761.0,18.702
DM-16-04-05-01,2026-08-02,113.375,5066.75,19.424
DM-16-04-05-01,2026-08-03,113.875,4654.0,20.647
DM-16-04-05-01,2026-08-04,109.625,4635.25,17.62
DM-16-04-05-01,2026-08-05,111.0,4531.5,15.968
DM-16-04-05-02,2026-07-08,,1674.5,
DM-16-04-05-02,2026-07-09,59.0,2703.5,
DM-16-04-05-02,2026-07-10,61.0,2753.75,
DM-16-04-05-02,2026-07-11,72.5,2931.75,
DM-16-04-05-02,2026-07-12,68.625,2974.25,
DM-16-04-05-02,2026-07-13,66.0,2794.0,
DM-16-04-05-02,2026-07-14,57.375,2751.0,
DM-16-04-05-02,2026-07-15,60.625,2734.0,
DM-16-04-05-02,2026-07-16,64.75,2684.0,
DM-16-04-05-02,2026-07-17,62.875,2749.0,
DM-16-04-05-02,2026-07-18,62.125,2963.25,
DM-16-04-05-02,2026-07-19,63.25,3069.5,
DM-16-04-05-02,2026-07-20,61.375,2764.5,
DM-16-04-05-02,2026-07-21,67.75,2813.75,
DM-16-04-05-02,2026-07-22,61.25,2730.75,0.0
DM-16-04-05-02,2026-07-23,59.25,2720.0,0.0
DM-16-04-05-02,2026-07-24,61.625,2728.0,0.0
DM-16-04-05-02,2026-07-25,57.875,2892.25,0.0
DM-16-04-05-02,2026-07-26,54.375,2903.0,0.0
DM-16-04-05-02,2026-07-27,54.0,2601.75,0.0
DM-16-04-05-02,2026-07-28,60.75,2677.5,0.0
DM-16-04-05-02,2026-07-29,60.125,2665.0,0.0
DM-16-04-05-02,2026-07-30,56.75,2644.75,0.0
DM-16-04-05-02,2026-07-31,52.625,2559.5,0.0
DM-16-04-05-02,2026-08-01,57.75,2782.25,0.0
DM-16-04-05-02,2026-08-02,62.5,2890.0,0.0
DM-16-04-05-02,2026-08-03,60.125,2644.5,0.0
DM-16-04-05-02,2026-08-04,66.25,2694.25,0.596
DM-16-04-05-02,2026-08-05,63.5,2642.5,0.0
DM-16-04-07-01,2026-07-08,,688.25,
DM-16-04-07-01,2026-07-09,20.375,1082.5,
DM-16-04-07-01,2026-07-10,18.75,1111.5,
DM-16-04-07-01,2026-07-11,19.125,1125.75,
DM-16-04-07-01,2026-07-12,18.375,1142.25,
DM-16-04-07-01,2026-07-13,18.5,1101.0,
DM-16-04-07-01,2026-07-14,17.5,1114.0,
DM-16-04-07-01,2026-07-15,17.375,1095.75,
DM-16-04-07-01,2026-07-16,19.0,1041.5,
DM-16-04-07-01,2026-07-17,17.625,1081.5,
DM-16-04-07-01,2026-07-18,18.375,1178.0,
DM-16-04-07-01,2026-07-19,19.125,1164.75,
DM-16-04-07-01,2026-07-20,18.875,1139.5,
DM-16-04-07-01,2026-07-21,18.625,1134.0,
DM-16-04-07-01,2026-07-22,17.25,1072.0,0.0
DM-16-04-07-01,2026-07-23,17.75,1072.5,0.0
DM-16-04-07-01,2026-07-24,18.125,1121.75,0.0
DM-16-04-07-01,2026-07-25,18.25,1129.25,0.0
DM-16-04-07-01,2026-07-26,18.25,1142.25,0.0
DM-16-04-07-01,2026-07-27,18.125,1088.0,0.0
DM-16-04-07-01,2026-07-28,18.375,1044.5,0.0
DM-16-04-07-01,2026-07-29,18.375,1066.75,0.0
DM-16-04-07-01,2026-07-30,18.875,1096.25,0.0
DM-16-04-07-01,2026-07-31,19.375,1058.25,0.403
DM-16-04-07-01,2026-08-01,18.25,1111.5,0.0
DM-16-04-07-01,2026-08-02,18.875,1111.75,0.0
DM-16-04-07-01,2026-08-03,18.75,1119.0,0.0
DM-16-04-07-01,2026-08-04,19.625,1145.5,0.653
DM-16-04-07-01,2026-08-05,18.25,1100.75,0.0
DM-16-05-01-01,2026-07-08,,3311.5,
DM-16-05-01-01,2026-07-09,128.125,5312.5,
DM-16-05-01-01,2026-07-10,135.5,5402.75,
DM-16-05-01-01,2026-07-11,126.5,5435.5,
DM-16-05-01-01,2026-07-12,129.125,5481.75,
DM-16-05-01-01,2026-07-13,124.5,5288.75,
DM-16-05-01-01,2026-07-14,127.0,5230.5,
DM-16-05-01-01,2026-07-15,129.875,5352.0,
DM-16-05-01-01,2026-07-16,135.25,5172.5,
DM-16-05-01-01,2026-07-17,127.25,5126.75,
DM-16-05-01-01,2026-07-18,130.0,5257.0,
DM-16-05-01-01,2026-07-19,111.625,5210.5,
DM-16-05-01-01,2026-07-20,111.375,5033.5,
DM-16-05-01-01,2026-07-21,112.75,4973.5,
DM-16-05-01-01,2026-07-22,114.0,4721.0,0.0
DM-16-05-01-01,2026-07-23,104.125,4733.5,0.0
DM-16-05-01-01,2026-07-24,101.875,4608.75,0.0
DM-16-05-01-01,2026-07-25,105.125,4912.25,0.0
DM-16-05-01-01,2026-07-26,103.75,4831.0,0.0
DM-16-05-01-01,2026-07-27,104.875,4641.5,0.0
DM-16-05-01-01,2026-07-28,129.0,4544.25,0.0
DM-16-05-01-01,2026-07-29,123.75,4670.75,0.0
DM-16-05-01-01,2026-07-30,114.25,4683.25,0.0
DM-16-05-01-01,2026-07-31,103.625,4504.5,0.0
DM-16-05-01-01,2026-08-01,107.0,4806.0,0.0
DM-16-05-01-01,2026-08-02,111.0,4811.0,0.0
DM-16-05-01-01,2026-08-03,126.375,4839.5,0.0
DM-16-05-01-01,2026-08-04,117.125,4881.25,0.0
DM-16-05-01-01,2026-08-05,103.125,4672.75,0.0
DM-16-05-02-01,2026-07-08,92.125,1842.25,
DM-16-05-02-01,2026-07-09,98.875,3366.0,
DM-16-05-02-01,2026-07-10,95.5,3352.5,
DM-16-05-02-01,2026-07-11,101.125,3458.5,
DM-16-05-02-01,2026-07-12,110.875,3575.75,
DM-16-05-02-01,2026-07-13,96.625,3396.5,
DM-16-05-02-01,2026-07-14,103.25,3446.5,
DM-16-05-02-01,2026-07-15,85.0,3092.0,
DM-16-05-02-01,2026-07-16,91.25,3239.25,
DM-16-05-02-01,2026-07-17,85.5,3261.0,
DM-16-05-02-01,2026-07-18,90.625,3527.0,
DM-16-05-02-01,2026-07-19,85.5,3483.25,
DM-16-05-02-01,2026-07-20,92.875,3400.25,
DM-16-05-02-01,2026-07-21,78.5,3232.5,
DM-16-05-02-01,2026-07-22,97.125,3369.0,0.0
DM-16-05-02-01,2026-07-23,85.625,3273.0,0.0
DM-16-05-02-01,2026-07-24,91.75,3292.0,0.0
DM-16-05-02-01,2026-07-25,90.125,3498.75,0.0
DM-16-05-02-01,2026-07-26,100.0,3508.5,2.505
DM-16-05-02-01,2026-07-27,90.125,3292.0,0.0
DM-16-05-02-01,2026-07-28,95.5,3410.0,0.0
DM-16-05-02-01,2026-07-29,92.625,3368.5,0.0
DM-16-05-02-01,2026-07-30,90.0,3384.25,0.0
DM-16-05-02-01,2026-07-31,103.375,3416.25,5.88
DM-16-05-02-01,2026-08-01,126.625,3908.0,35.009
DM-16-05-02-01,2026-08-02,119.5,3967.5,57.014
DM-16-05-02-01,2026-08-03,113.25,3690.75,72.768
DM-16-05-02-01,2026-08-04,103.25,3714.5,78.523
DM-16-05-02-01,2026-08-05,109.25,3688.75,90.277
DM-16-05-02-02,2026-07-08,55.25,1214.5,
DM-16-05-02-02,2026-07-09,59.0,2294.5,
DM-16-05-02-02,2026-07-10,64.25,2287.5,
DM-16-05-02-02,2026-07-11,55.375,2360.5,
DM-16-05-02-02,2026-07-12,58.75,2366.0,
DM-16-05-02-02,2026-07-13,56.5,2343.0,
DM-16-05-02-02,2026-07-14,58.625,2334.75,
DM-16-05-02-02,2026-07-15,50.75,2050.5,
DM-16-05-02-02,2026-07-16,53.375,2107.0,
DM-16-05-02-02,2026-07-17,58.875,2055.75,
DM-16-05-02-02,2026-07-18,47.375,2198.75,
DM-16-05-02-02,2026-07-19,54.875,2249.5,
DM-16-05-02-02,2026-07-20,53.0,2143.5,
DM-16-05-02-02,2026-07-21,50.0,2091.0,
DM-16-05-02-02,2026-07-22,50.0,2121.0,0.0
DM-16-05-02-02,2026-07-23,47.625,2056.0,0.0
DM-16-05-02-02,2026-07-24,58.5,2105.75,0.952
DM-16-05-02-02,2026-07-25,51.0,2115.5,0.0
DM-16-05-02-02,2026-07-26,50.25,2179.5,0.0
DM-16-05-02-02,2026-07-27,50.25,2089.0,0.0
DM-16-05-02-02,2026-07-28,53.25,2155.25,0.0
DM-16-05-02-02,2026-07-29,49.125,2055.5,0.0
DM-16-05-02-02,2026-07-30,46.0,2049.0,0.0
DM-16-05-02-02,2026-07-31,50.625,1997.75,0.0
DM-16-05-02-02,2026-08-01,52.125,2073.0,0.0
DM-16-05-02-02,2026-08-02,51.5,2178.0,0.0
DM-16-05-02-02,2026-08-03,51.5,2129.75,0.0
DM-16-05-02-02,2026-08-04,47.375,2089.0,0.0
DM-16-05-02-02,2026-08-05,52.875,2098.75,0.0
DM-16-05-03-02,2026-07-08,,1748.75,
DM-16-05-03-02,2026-07-09,83.0,2901.75,
DM-16-05-03-02,2026-07-10,90.125,2947.0,
DM-16-05-03-02,2026-07-11,90.0,2975.0,
DM-16-05-03-02,2026-07-12,85.5,3001.75,
DM-16-05-03-02,2026-07-13,84.25,2902.5,
DM-16-05-03-02,2026-07-14,83.5,2893.5,
DM-16-05-03-02,2026-07-15,81.5,2897.5,
DM-16-05-03-02,2026-07-16,80.875,2832.75,
DM-16-05-03-02,2026-07-17,84.5,2908.75,
DM-16-05-03-02,2026-07-18,83.625,2990.0,
DM-16-05-03-02,2026-07-19,85.875,2990.75,
DM-16-05-03-02,2026-07-20,83.0,2921.75,
DM-16-05-03-02,2026-07-21,86.625,2901.5,
DM-16-05-03-02,2026-07-22,79.125,2835.75,0.0
DM-16-05-03-02,2026-07-23,83.75,2862.25,0.0
DM-16-05-03-02,2026-07-24,80.125,2825.75,0.0
DM-16-05-03-02,2026-07-25,85.0,3003.25,0.0
DM-16-05-03-02,2026-07-26,87.25,2995.25,1.089
DM-16-05-03-02,2026-07-27,84.125,2865.75,0.0
DM-16-05-03-02,2026-07-28,81.75,2943.5,0.0
DM-16-05-03-02,2026-07-29,111.0,3487.25,24.839
DM-16-05-03-02,2026-07-30,110.75,3507.0,49.428
DM-16-05-03-02,2026-07-31,106.0,2761.75,69.267
DM-16-05-03-02,2026-08-01,81.5,2990.5,64.606
DM-16-05-03-02,2026-08-02,85.5,3003.0,63.944
DM-16-05-03-02,2026-08-03,86.0,2958.25,63.783
DM-16-05-03-02,2026-08-04,83.625,2938.5,61.247
DM-16-05-03-02,2026-08-05,86.125,2925.75,61.211
DM-16-05-04-01,2026-07-08,,3578.5,
DM-16-05-04-01,2026-07-09,145.5,5792.75,
DM-16-05-04-01,2026-07-10,150.375,5898.0,
DM-16-05-04-01,2026-07-11,141.375,6122.5,
DM-16-05-04-01,2026-07-12,153.75,6133.0,
DM-16-05-04-01,2026-07-13,146.125,6123.25,
DM-16-05-04-01,2026-07-14,153.125,5967.0,
DM-16-05-04-01,2026-07-15,144.625,6139.0,
DM-16-05-04-01,2026-07-16,154.375,6012.25,
DM-16-05-04-01,2026-07-17,142.875,5978.0,
DM-16-05-04-01,2026-07-18,151.125,6422.25,
DM-16-05-04-01,2026-07-19,156.625,6339.75,
DM-16-05-04-01,2026-07-20,142.625,6095.25,
DM-16-05-04-01,2026-07-21,154.25,6191.25,
DM-16-05-04-01,2026-07-22,142.875,5985.0,0.0
DM-16-05-04-01,2026-07-23,150.375,5984.25,0.0
DM-16-05-04-01,2026-07-24,149.125,5984.75,0.0
DM-16-05-04-01,2026-07-25,144.125,6199.75,0.0
DM-16-05-04-01,2026-07-26,149.875,6298.25,0.0
DM-16-05-04-01,2026-07-27,148.625,5974.0,0.0
DM-16-05-04-01,2026-07-28,138.5,5829.0,0.0
DM-16-05-04-01,2026-07-29,134.75,5807.0,0.0
DM-16-05-04-01,2026-07-30,147.0,6000.0,0.0
DM-16-05-04-01,2026-07-31,156.25,5938.5,4.725
DM-16-05-04-01,2026-08-01,157.0,6183.5,10.201
DM-16-05-04-01,2026-08-02,147.875,6100.5,6.551
DM-16-05-04-01,2026-08-03,141.625,6049.0,0.0
DM-16-05-04-01,2026-08-04,156.125,6123.5,4.6
DM-16-05-04-01,2026-08-05,166.25,6073.5,19.326
DM-16-06-01-01,2026-07-08,,695.25,
DM-16-06-01-01,2026-07-09,,1293.5,
DM-16-06-01-01,2026-07-10,,1287.0,
DM-16-06-01-01,2026-07-11,,1315.25,
DM-16-06-01-01,2026-07-12,,1292.5,
DM-16-06-01-01,2026-07-13,,1308.75,
DM-16-06-01-01,2026-07-14,,1295.5,
DM-16-06-01-01,2026-07-15,,1291.25,
DM-16-06-01-01,2026-07-16,,1283.25,
DM-16-06-01-01,2026-07-17,,1350.5,
DM-16-06-01-01,2026-07-18,,1383.75,
DM-16-06-01-01,2026-07-19,,1373.25,
DM-16-06-01-01,2026-07-20,,1360.5,
DM-16-06-01-01,2026-07-21,,1346.5,
DM-16-06-01-01,2026-07-22,,1338.5,0.0
DM-16-06-01-01,2026-07-23,,1254.0,0.0
DM-16-06-01-01,2026-07-24,,1308.25,0.0
DM-16-06-01-01,2026-07-25,,1314.5,0.0
DM-16-06-01-01,2026-07-26,,1325.25,0.0
DM-16-06-01-01,2026-07-27,,1305.75,0.0
DM-16-06-01-01,2026-07-28,,1292.0,0.0
DM-16-06-01-01,2026-07-29,,1269.75,0.0
DM-16-06-01-01,2026-07-30,,1261.25,0.0
DM-16-06-01-01,2026-07-31,,1205.75,0.0
DM-16-06-01-01,2026-08-01,,1311.5,0.0
DM-16-06-01-01,2026-08-02,,1306.5,0.0
DM-16-06-01-01,2026-08-03,,1300.75,0.0
DM-16-06-01-01,2026-08-04,,1358.5,0.0
DM-16-06-01-01,2026-08-05,,1307.25,0.0
DM-16-06-01-02,2026-07-08,,2315.0,
DM-16-06-01-02,2026-07-09,,4324.0,
DM-16-06-01-02,2026-07-10,,4300.0,
DM-16-06-01-02,2026-07-11,,4348.75,
DM-16-06-01-02,2026-07-12,,4553.5,
DM-16-06-01-02,2026-07-13,,4302.5,
DM-16-06-01-02,2026-07-14,,4353.25,
DM-16-06-01-02,2026-07-15,,4253.75,
DM-16-06-01-02,2026-07-16,,3903.5,
DM-16-06-01-02,2026-07-17,,4457.75,
DM-16-06-01-02,2026-07-18,,4489.25,
DM-16-06-01-02,2026-07-19,,4450.25,
DM-16-06-01-02,2026-07-20,,4483.25,
DM-16-06-01-02,2026-07-21,,4391.0,
DM-16-06-01-02,2026-07-22,,4287.25,0.0
DM-16-06-01-02,2026-07-23,,4233.0,0.0
DM-16-06-01-02,2026-07-24,,4478.0,0.0
DM-16-06-01-02,2026-07-25,,4503.25,0.0
DM-16-06-01-02,2026-07-26,,4578.0,0.0
DM-16-06-01-02,2026-07-27,,4376.5,0.0
DM-16-06-01-02,2026-07-28,,4550.25,0.0
DM-16-06-01-02,2026-07-29,,4321.25,0.0
DM-16-06-01-02,2026-07-30,,4306.0,0.0
DM-16-06-01-02,2026-07-31,,4425.25,0.0
DM-16-06-01-02,2026-08-01,,4535.0,0.0
DM-16-06-01-02,2026-08-02,,4644.5,0.0
DM-16-06-01-02,2026-08-03,,4442.75,0.0
DM-16-06-01-02,2026-08-04,,4528.0,0.0
DM-16-06-01-02,2026-08-05,,4491.5,0.0
DM-16-06-02-01,2026-07-08,101.5,2264.75,
DM-16-06-02-01,2026-07-09,101.875,4379.5,
DM-16-06-02-01,2026-07-10,102.5,4403.5,
DM-16-06-02-01,2026-07-11,101.875,4547.25,
DM-16-06-02-01,2026-07-12,105.375,4656.5,
DM-16-06-02-01,2026-07-13,104.375,4509.5,
DM-16-06-02-01,2026-07-14,105.0,4511.25,
DM-16-06-02-01,2026-07-15,101.25,4481.5,
DM-16-06-02-01,2026-07-16,104.625,4452.0,
DM-16-06-02-01,2026-07-17,105.5,4549.5,
DM-16-06-02-01,2026-07-18,106.375,4772.75,
DM-16-06-02-01,2026-07-19,108.0,4817.25,
DM-16-06-02-01,2026-07-20,107.5,4659.0,
DM-16-06-02-01,2026-07-21,92.375,4556.0,
DM-16-06-02-01,2026-07-22,127.375,4770.0,22.07
DM-16-06-02-01,2026-07-23,105.375,4768.25,22.139
DM-16-06-02-01,2026-07-24,105.75,4492.25,22.584
DM-16-06-02-01,2026-07-25,105.75,4768.75,23.029
DM-16-06-02-01,2026-07-26,108.5,4815.0,26.223
DM-16-06-02-01,2026-07-27,110.625,4475.75,31.543
DM-16-06-02-01,2026-07-28,114.375,4679.25,40.613
DM-16-06-02-01,2026-07-29,110.125,4668.75,45.433
DM-16-06-02-01,2026-07-30,104.25,4680.75,44.377
DM-16-06-02-01,2026-07-31,105.375,4385.0,44.447
DM-16-06-02-01,2026-08-01,108.75,4693.5,47.892
DM-16-06-02-01,2026-08-02,105.5,4749.25,48.086
DM-16-06-02-01,2026-08-03,101.875,4462.75,44.656
DM-16-06-02-01,2026-08-04,77.875,4095.5,17.226
DM-16-06-02-01,2026-08-05,79.5,3804.75,0.0
DM-16-06-04-01,2026-07-08,,1146.5,
DM-16-06-04-01,2026-07-09,40.875,1780.5,
DM-16-06-04-01,2026-07-10,44.875,1844.75,
DM-16-06-04-01,2026-07-11,40.875,1872.5,
DM-16-06-04-01,2026-07-12,42.625,1871.75,
DM-16-06-04-01,2026-07-13,44.5,1874.75,
DM-16-06-04-01,2026-07-14,43.875,1870.25,
DM-16-06-04-01,2026-07-15,44.125,1877.75,
DM-16-06-04-01,2026-07-16,41.5,1819.0,
DM-16-06-04-01,2026-07-17,44.75,1870.75,
DM-16-06-04-01,2026-07-18,41.625,1955.25,
DM-16-06-04-01,2026-07-19,43.375,1913.0,
DM-16-06-04-01,2026-07-20,49.75,1963.75,
DM-16-06-04-01,2026-07-21,41.25,1866.0,
DM-16-06-04-01,2026-07-22,41.375,1826.5,0.0
DM-16-06-04-01,2026-07-23,43.375,1788.75,0.0
DM-16-06-04-01,2026-07-24,41.75,1856.75,0.0
DM-16-06-04-01,2026-07-25,42.5,1887.75,0.0
DM-16-06-04-01,2026-07-26,39.5,1863.25,0.0
DM-16-06-04-01,2026-07-27,42.125,1875.75,0.0
DM-16-06-04-01,2026-07-28,41.5,1881.5,0.0
DM-16-06-04-01,2026-07-29,42.25,1864.25,0.0
DM-16-06-04-01,2026-07-30,42.25,1839.25,0.0
DM-16-06-04-01,2026-07-31,40.625,1787.5,0.0
DM-16-06-04-01,2026-08-01,42.875,1904.75,0.0
DM-16-06-04-01,2026-08-02,44.75,1936.5,0.197
DM-16-06-04-01,2026-08-03,48.875,1735.75,4.519
DM-16-06-04-01,2026-08-04,46.25,1824.25,6.215
DM-16-06-04-01,2026-08-05,36.625,1688.5,0.0
DM-16-06-05-01,2026-07-08,,1936.25,
DM-16-06-05-01,2026-07-09,63.0,3074.0,
DM-16-06-05-01,2026-07-10,62.875,3166.5,
DM-16-06-05-01,2026-07-11,65.0,3255.25,
DM-16-06-05-01,2026-07-12,67.125,3256.75,
DM-16-06-05-01,2026-07-13,63.5,3220.75,
DM-16-06-05-01,2026-07-14,66.125,3222.5,
DM-16-06-05-01,2026-07-15,64.5,3191.25,
DM-16-06-05-01,2026-07-16,64.25,3077.75,
DM-16-06-05-01,2026-07-17,63.875,3175.25,
DM-16-06-05-01,2026-07-18,65.875,3445.0,
DM-16-06-05-01,2026-07-19,67.125,3468.25,
DM-16-06-05-01,2026-07-20,69.75,3337.75,
DM-16-06-05-01,2026-07-21,65.875,3269.0,
DM-16-06-05-01,2026-07-22,66.125,3219.0,0.0
DM-16-06-05-01,2026-07-23,68.5,3144.0,2.261
DM-16-06-05-01,2026-07-24,66.375,3202.5,2.396
DM-16-06-05-01,2026-07-25,68.0,3373.25,4.157
DM-16-06-05-01,2026-07-26,69.0,3347.25,6.917
DM-16-06-05-01,2026-07-27,66.25,3230.25,6.928
DM-16-06-05-01,2026-07-28,73.125,3243.0,13.813
DM-16-06-05-01,2026-07-29,71.875,3238.75,19.449
DM-16-06-05-01,2026-07-30,67.375,3245.25,20.585
DM-16-06-05-01,2026-07-31,72.0,3165.5,26.345
DM-16-06-05-01,2026-08-01,69.75,3326.0,29.856
DM-16-06-05-01,2026-08-02,69.0,3399.5,32.616
DM-16-06-05-01,2026-08-03,68.5,3256.25,34.877
DM-16-06-05-01,2026-08-04,67.375,3253.0,36.012
DM-16-06-05-01,2026-08-05,68.125,3160.25,37.898
DM-16-07-01-01,2026-07-08,130.625,2414.75,
DM-16-07-01-01,2026-07-09,131.625,4375.75,
DM-16-07-01-01,2026-07-10,128.0,4453.5,
DM-16-07-01-01,2026-07-11,132.5,4638.0,
DM-16-07-01-01,2026-07-12,125.25,4718.0,
DM-16-07-01-01,2026-07-13,118.625,4542.75,
DM-16-07-01-01,2026-07-14,123.375,4509.75,
DM-16-07-01-01,2026-07-15,121.625,4610.75,
DM-16-07-01-01,2026-07-16,131.0,4523.75,
DM-16-07-01-01,2026-07-17,138.875,4508.25,
DM-16-07-01-01,2026-07-18,138.0,4891.5,
DM-16-07-01-01,2026-07-19,134.625,4835.25,
DM-16-07-01-01,2026-07-20,158.625,4712.5,
DM-16-07-01-01,2026-07-21,122.25,4308.75,
DM-16-07-01-01,2026-07-22,132.75,4404.0,0.0
DM-16-07-01-01,2026-07-23,125.375,4311.5,0.0
DM-16-07-01-01,2026-07-24,130.625,4365.5,0.0
DM-16-07-01-01,2026-07-25,128.5,4547.0,0.0
DM-16-07-01-01,2026-07-26,117.625,4509.25,0.0
DM-16-07-01-01,2026-07-27,120.25,4167.75,0.0
DM-16-07-01-01,2026-07-28,120.875,4201.25,0.0
DM-16-07-01-01,2026-07-29,118.875,4226.75,0.0
DM-16-07-01-01,2026-07-30,121.125,4271.25,0.0
DM-16-07-01-01,2026-07-31,117.5,4103.0,0.0
DM-16-07-01-01,2026-08-01,111.125,4300.75,0.0
DM-16-07-01-01,2026-08-02,111.0,4288.0,0.0
DM-16-07-01-01,2026-08-03,117.5,4046.5,0.0
DM-16-07-01-01,2026-08-04,113.75,4042.25,0.0
DM-16-07-01-01,2026-08-05,112.25,3989.5,0.0
DM-16-07-02-01,2026-07-08,,2923.25,
DM-16-07-02-01,2026-07-09,,5203.75,
DM-16-07-02-01,2026-07-10,,5221.75,
DM-16-07-02-01,2026-07-11,,5478.5,
DM-16-07-02-01,2026-07-12,,5545.75,
DM-16-07-02-01,2026-07-13,,5343.25,
DM-16-07-02-01,2026-07-14,,5244.25,
DM-16-07-02-01,2026-07-15,,5196.75,
DM-16-07-02-01,2026-07-16,,5246.75,
DM-16-07-02-01,2026-07-17,,5350.25,
DM-16-07-02-01,2026-07-18,,5640.75,
DM-16-07-02-01,2026-07-19,,5615.5,
DM-16-07-02-01,2026-07-20,,5395.25,
DM-16-07-02-01,2026-07-21,,5193.5,
DM-16-07-02-01,2026-07-22,,5291.5,0.0
DM-16-07-02-01,2026-07-23,,5174.75,0.0
DM-16-07-02-01,2026-07-24,,5141.25,0.0
DM-16-07-02-01,2026-07-25,,5298.75,0.0
DM-16-07-02-01,2026-07-26,,5387.5,0.0
DM-16-07-02-01,2026-07-27,,5209.0,0.0
DM-16-07-02-01,2026-07-28,,4981.0,0.0
DM-16-07-02-01,2026-07-29,,5194.5,0.0
DM-16-07-02-01,2026-07-30,,5293.5,0.0
DM-16-07-02-01,2026-07-31,,5199.75,0.0
DM-16-07-02-01,2026-08-01,,5491.25,0.0
DM-16-07-02-01,2026-08-02,,5503.5,0.0
DM-16-07-02-01,2026-08-03,,5260.0,0.0
DM-16-07-02-01,2026-08-04,,5220.25,0.0
DM-16-07-02-01,2026-08-05,,5268.5,0.0
DM-16-07-04-01,2026-07-08,,478.25,
DM-16-07-04-01,2026-07-09,,914.25,
DM-16-07-04-01,2026-07-10,,892.5,
DM-16-07-04-01,2026-07-11,,894.0,
DM-16-07-04-01,2026-07-12,,965.0,
DM-16-07-04-01,2026-07-13,,764.5,
DM-16-07-04-01,2026-07-14,,818.5,
DM-16-07-04-01,2026-07-15,,792.5,
DM-16-07-04-01,2026-07-16,,822.25,
DM-16-07-04-01,2026-07-17,,820.75,
DM-16-07-04-01,2026-07-18,,894.25,
DM-16-07-04-01,2026-07-19,,900.5,
DM-16-07-04-01,2026-07-20,,865.25,
DM-16-07-04-01,2026-07-21,,896.5,
DM-16-07-04-01,2026-07-22,,906.75,0.0
DM-16-07-04-01,2026-07-23,,888.25,0.0
DM-16-07-04-01,2026-07-24,,898.0,0.0
DM-16-07-04-01,2026-07-25,,902.0,0.0
DM-16-07-04-01,2026-07-26,,902.5,0.0
DM-16-07-04-01,2026-07-27,,841.25,0.0
DM-16-07-04-01,2026-07-28,,822.25,0.0
DM-16-07-04-01,2026-07-29,,763.25,0.0
DM-16-07-04-01,2026-07-30,,825.0,0.0
DM-16-07-04-01,2026-07-31,,1274.0,0.0
DM-16-07-04-01,2026-08-01,,1174.75,0.0
DM-16-07-04-01,2026-08-02,,969.5,0.0
DM-16-07-04-01,2026-08-03,,859.5,0.0
DM-16-07-04-01,2026-08-04,,985.75,0.0
DM-16-07-04-01,2026-08-05,,870.0,0.0
DM-16-07-06-02,2026-07-08,,2213.5,
DM-16-07-06-02,2026-07-09,96.125,3740.75,
DM-16-07-06-02,2026-07-10,88.125,3766.75,
DM-16-07-06-02,2026-07-11,91.0,3879.0,
DM-16-07-06-02,2026-07-12,99.125,3943.25,
DM-16-07-06-02,2026-07-13,89.0,3769.25,
DM-16-07-06-02,2026-07-14,86.75,3722.75,
DM-16-07-06-02,2026-07-15,86.125,3755.0,
DM-16-07-06-02,2026-07-16,82.25,3684.25,
DM-16-07-06-02,2026-07-17,83.625,3755.5,
DM-16-07-06-02,2026-07-18,89.5,4004.5,
DM-16-07-06-02,2026-07-19,87.875,3991.25,
DM-16-07-06-02,2026-07-20,92.875,3801.25,
DM-16-07-06-02,2026-07-21,96.375,3791.5,
DM-16-07-06-02,2026-07-22,89.5,3728.0,0.0
DM-16-07-06-02,2026-07-23,86.25,3698.0,0.0
DM-16-07-06-02,2026-07-24,89.75,3653.0,0.0
DM-16-07-06-02,2026-07-25,89.25,3887.5,0.0
DM-16-07-06-02,2026-07-26,99.125,3918.5,6.795
DM-16-07-06-02,2026-07-27,88.25,3654.75,2.715
DM-16-07-06-02,2026-07-28,93.5,3706.75,3.884
DM-16-07-06-02,2026-07-29,89.375,3746.5,0.929
DM-16-07-06-02,2026-07-30,91.375,3784.75,0.0
DM-16-07-06-02,2026-07-31,90.0,3726.75,0.0
DM-16-07-06-02,2026-08-01,91.0,3893.75,0.0
DM-16-07-06-02,2026-08-02,93.0,3967.75,0.67
DM-16-07-06-02,2026-08-03,87.75,3731.75,0.0
DM-16-07-06-02,2026-08-04,93.0,3674.5,0.67
DM-16-07-06-02,2026-08-05,82.0,3657.0,0.0
DM-16-07-07-01,2026-07-08,,1427.0,
DM-16-07-07-01,2026-07-09,46.875,2090.0,
DM-16-07-07-01,2026-07-10,47.0,2407.5,
DM-16-07-07-01,2026-07-11,49.625,2158.5,
DM-16-07-07-01,2026-07-12,48.75,2437.5,
DM-16-07-07-01,2026-07-13,54.125,2196.0,
DM-16-07-07-01,2026-07-14,46.5,2052.5,
DM-16-07-07-01,2026-07-15,46.5,2265.5,
DM-16-07-07-01,2026-07-16,47.125,2142.75,
DM-16-07-07-01,2026-07-17,52.75,2078.75,
DM-16-07-07-01,2026-07-18,49.625,2510.5,
DM-16-07-07-01,2026-07-19,50.125,2266.5,
DM-16-07-07-01,2026-07-20,51.75,2411.75,
DM-16-07-07-01,2026-07-21,49.875,2196.25,
DM-16-07-07-01,2026-07-22,46.0,2247.75,0.0
DM-16-07-07-01,2026-07-23,53.5,2435.0,3.026
DM-16-07-07-01,2026-07-24,46.375,2058.75,0.0
DM-16-07-07-01,2026-07-25,51.625,2363.75,1.151
DM-16-07-07-01,2026-07-26,46.25,2532.75,0.0
DM-16-07-07-01,2026-07-27,45.375,2076.75,0.0
DM-16-07-07-01,2026-07-28,47.875,2301.25,0.0
DM-16-07-07-01,2026-07-29,49.0,2037.25,0.0
DM-16-07-07-01,2026-07-30,45.125,2238.25,0.0
DM-16-07-07-01,2026-07-31,45.625,2206.5,0.0
DM-16-07-07-01,2026-08-01,52.375,2239.5,1.901
DM-16-07-07-01,2026-08-02,51.25,2123.25,2.677
DM-16-07-07-01,2026-08-03,58.125,2404.25,10.328
DM-16-07-07-01,2026-08-04,51.5,2233.0,11.354
DM-16-07-07-01,2026-08-05,51.125,2216.25,12.005
DM-16-07-07-02,2026-07-08,,1759.0,
DM-16-07-07-02,2026-07-09,84.375,2971.0,
DM-16-07-07-02,2026-07-10,91.125,3068.25,
DM-16-07-07-02,2026-07-11,89.5,3047.75,
DM-16-07-07-02,2026-07-12,84.25,3003.75,
DM-16-07-07-02,2026-07-13,87.75,2986.75,
DM-16-07-07-02,2026-07-14,84.75,2956.75,
DM-16-07-07-02,2026-07-15,81.0,2970.5,
DM-16-07-07-02,2026-07-16,79.5,2977.0,
DM-16-07-07-02,2026-07-17,79.25,2996.5,
DM-16-07-07-02,2026-07-18,81.25,3121.5,
DM-16-07-07-02,2026-07-19,83.0,3119.0,
DM-16-07-07-02,2026-07-20,88.125,2997.75,
DM-16-07-07-02,2026-07-21,83.0,2989.5,
DM-16-07-07-02,2026-07-22,82.75,2985.25,0.0
DM-16-07-07-02,2026-07-23,86.125,3054.0,0.0
DM-16-07-07-02,2026-07-24,88.25,3050.0,2.054
DM-16-07-07-02,2026-07-25,87.125,3175.0,2.983
DM-16-07-07-02,2026-07-26,93.375,3139.5,10.162
DM-16-07-07-02,2026-07-27,78.75,3023.5,2.717
DM-16-07-07-02,2026-07-28,81.0,3068.0,0.0
DM-16-07-07-02,2026-07-29,82.125,2994.75,0.0
DM-16-07-07-02,2026-07-30,91.875,3081.0,5.679
DM-16-07-07-02,2026-07-31,91.25,3065.75,10.733
DM-16-07-07-02,2026-08-01,84.25,3230.25,8.787
DM-16-07-07-02,2026-08-02,103.5,3384.75,26.092
DM-16-07-07-02,2026-08-03,84.875,3039.25,24.771
DM-16-07-07-02,2026-08-04,90.625,3163.75,29.2
DM-16-07-07-02,2026-08-05,91.625,3169.5,34.629
DM-16-07-08-01,2026-07-10,50.625,2809.75,
DM-16-07-08-01,2026-07-11,51.875,2880.75,
DM-16-07-08-01,2026-07-12,52.5,2811.0,
DM-16-07-08-01,2026-07-13,49.125,2768.25,
DM-16-07-08-01,2026-07-14,49.5,2772.75,
DM-16-07-08-01,2026-07-15,51.125,2802.75,
DM-16-07-08-01,2026-07-16,48.25,2711.0,
DM-16-07-08-01,2026-07-17,51.5,2804.5,
DM-16-07-08-01,2026-07-18,50.125,2933.75,
DM-16-07-08-01,2026-07-19,51.0,2994.0,
DM-16-07-08-01,2026-07-20,52.0,2977.0,
DM-16-07-08-01,2026-07-21,52.5,2919.5,
DM-16-07-08-01,2026-07-22,50.625,2829.75,
DM-16-07-08-01,2026-07-23,54.875,2682.25,
DM-16-07-08-01,2026-07-24,48.125,2756.5,0.0
DM-16-07-08-01,2026-07-25,50.5,2848.25,0.0
DM-16-07-08-01,2026-07-26,51.875,2912.0,0.0
DM-16-07-08-01,2026-07-27,53.0,2800.5,1.085
DM-16-07-08-01,2026-07-28,51.875,2656.25,1.045
DM-16-07-08-01,2026-07-29,55.5,2764.5,4.63
DM-16-07-08-01,2026-07-30,50.875,2766.25,3.59
DM-16-07-08-01,2026-07-31,55.875,2743.25,7.551
DM-16-07-08-01,2026-08-01,52.875,2816.25,8.511
DM-16-07-08-01,2026-08-02,54.125,2836.25,10.721
DM-16-07-08-01,2026-08-03,53.0,2756.75,11.806
DM-16-07-08-01,2026-08-04,50.375,2792.25,10.266
DM-16-07-08-01,2026-08-05,52.625,2726.0,10.976
DM-16-07-09-01,2026-07-08,,2014.0,
DM-16-07-09-01,2026-07-09,88.375,3351.0,
DM-16-07-09-01,2026-07-10,87.625,3354.25,
DM-16-07-09-01,2026-07-11,93.875,3411.25,
DM-16-07-09-01,2026-07-12,91.5,3376.0,
DM-16-07-09-01,2026-07-13,89.75,3395.0,
DM-16-07-09-01,2026-07-14,95.125,3373.75,
DM-16-07-09-01,2026-07-15,90.0,3414.25,
DM-16-07-09-01,2026-07-16,86.125,3292.25,
DM-16-07-09-01,2026-07-17,89.375,3416.25,
DM-16-07-09-01,2026-07-18,91.0,3515.75,
DM-16-07-09-01,2026-07-19,91.375,3404.75,
DM-16-07-09-01,2026-07-20,90.125,3422.75,
DM-16-07-09-01,2026-07-21,99.875,3425.0,
DM-16-07-09-01,2026-07-22,89.375,3254.0,0.0
DM-16-07-09-01,2026-07-23,83.5,3201.5,0.0
DM-16-07-09-01,2026-07-24,84.5,3256.0,0.0
DM-16-07-09-01,2026-07-25,90.875,3356.75,0.0
DM-16-07-09-01,2026-07-26,86.75,3317.5,0.0
DM-16-07-09-01,2026-07-27,96.25,3355.25,3.452
DM-16-07-09-01,2026-07-28,83.125,3177.5,0.0
DM-16-07-09-01,2026-07-29,87.5,3188.25,0.0
DM-16-07-09-01,2026-07-30,83.875,3224.5,0.0
DM-16-07-09-01,2026-07-31,86.375,3213.0,0.0
DM-16-07-09-01,2026-08-01,85.125,3297.25,0.0
DM-16-07-09-01,2026-08-02,88.0,3310.5,0.0
DM-16-07-09-01,2026-08-03,82.5,3251.0,0.0
DM-16-07-09-01,2026-08-04,86.625,3291.75,0.0
DM-16-07-09-01,2026-08-05,84.625,3245.75,0.0
DM-16-08-01-01,2026-07-08,,2349.75,
DM-16-08-01-01,2026-07-09,,4197.5,
DM-16-08-01-01,2026-07-10,,4200.25,
DM-16-08-01-01,2026-07-11,,4248.0,
DM-16-08-01-01,2026-07-12,,4358.75,
DM-16-08-01-01,2026-07-13,,4217.0,
DM-16-08-01-01,2026-07-14,,4283.25,
DM-16-08-01-01,2026-07-15,,4840.25,
DM-16-08-01-01,2026-07-16,,4062.25,
DM-16-08-01-01,2026-07-17,,3961.25,
DM-16-08-01-01,2026-07-18,,4039.5,
DM-16-08-01-01,2026-07-19,,4043.5,
DM-16-08-01-01,2026-07-20,,3847.75,
DM-16-08-01-01,2026-07-21,,3838.0,
DM-16-08-01-01,2026-07-22,,3777.25,0.0
DM-16-08-01-01,2026-07-23,,3790.5,0.0
DM-16-08-01-01,2026-07-24,,3880.25,0.0
DM-16-08-01-01,2026-07-25,,3931.25,0.0
DM-16-08-01-01,2026-07-26,,3941.0,0.0
DM-16-08-01-01,2026-07-27,,3817.0,0.0
DM-16-08-01-01,2026-07-28,,3817.75,0.0
DM-16-08-01-01,2026-07-29,,3823.75,0.0
DM-16-08-01-01,2026-07-30,,3840.25,0.0
DM-16-08-01-01,2026-07-31,,3782.25,0.0
DM-16-08-01-01,2026-08-01,,3942.25,0.0
DM-16-08-01-01,2026-08-02,,3988.25,0.0
DM-16-08-01-01,2026-08-03,,3864.25,0.0
DM-16-08-01-01,2026-08-04,,3851.25,0.0
DM-16-08-01-01,2026-08-05,,3852.0,0.0
DM-16-08-02-01,2026-07-09,154.5,7256.0,
DM-16-08-02-01,2026-07-10,161.875,7390.25,
DM-16-08-02-01,2026-07-11,152.5,7038.75,
DM-16-08-02-01,2026-07-12,130.375,6606.75,
DM-16-08-02-01,2026-07-13,124.25,6162.5,
DM-16-08-02-01,2026-07-14,127.125,6150.5,
DM-16-08-02-01,2026-07-15,135.625,6178.0,
DM-16-08-02-01,2026-07-16,129.0,6062.25,
DM-16-08-02-01,2026-07-17,131.5,6157.75,
DM-16-08-02-01,2026-07-18,139.625,6739.75,
DM-16-08-02-01,2026-07-19,144.625,6879.5,
DM-16-08-02-01,2026-07-20,138.0,6278.25,
DM-16-08-02-01,2026-07-21,126.0,6266.5,
DM-16-08-02-01,2026-07-22,139.375,6270.75,
DM-16-08-02-01,2026-07-23,135.0,6167.5,0.0
DM-16-08-02-01,2026-07-24,127.25,6252.0,0.0
DM-16-08-02-01,2026-07-25,131.375,6560.25,0.0
DM-16-08-02-01,2026-07-26,138.125,6662.0,0.0
DM-16-08-02-01,2026-07-27,131.125,6219.25,0.0
DM-16-08-02-01,2026-07-28,130.625,6274.0,0.0
DM-16-08-02-01,2026-07-29,140.5,6350.5,0.0
DM-16-08-02-01,2026-07-30,136.25,6296.0,0.0
DM-16-08-02-01,2026-07-31,138.0,6162.75,0.0
DM-16-08-02-01,2026-08-01,136.75,6536.0,0.0
DM-16-08-02-01,2026-08-02,137.5,6788.75,0.0
DM-16-08-02-01,2026-08-03,137.875,6376.75,0.0
DM-16-08-02-01,2026-08-04,134.5,6293.0,0.0
DM-16-08-02-01,2026-08-05,135.125,6270.0,0.0
DM-16-08-03-01,2026-07-08,,1167.75,
DM-16-08-03-01,2026-07-09,,2285.25,
DM-16-08-03-01,2026-07-10,,2224.25,
DM-16-08-03-01,2026-07-11,,2318.5,
DM-16-08-03-01,2026-07-12,,2255.0,
DM-16-08-03-01,2026-07-13,,2284.5,
DM-16-08-03-01,2026-07-14,,2289.75,
DM-16-08-03-01,2026-07-15,,2260.5,
DM-16-08-03-01,2026-07-16,,2189.0,
DM-16-08-03-01,2026-07-17,,2642.25,
DM-16-08-03-01,2026-07-18,,2979.75,
DM-16-08-03-01,2026-07-19,,3174.75,
DM-16-08-03-01,2026-07-20,,3122.75,
DM-16-08-03-01,2026-07-21,,3115.25,
DM-16-08-03-01,2026-07-22,,3105.0,0.0
DM-16-08-03-01,2026-07-23,,3069.75,0.0
DM-16-08-03-01,2026-07-24,,3148.0,0.0
DM-16-08-03-01,2026-07-25,,3168.75,0.0
DM-16-08-03-01,2026-07-26,,3139.5,0.0
DM-16-08-03-01,2026-07-27,,3074.5,0.0
DM-16-08-03-01,2026-07-28,,3002.25,0.0
DM-16-08-03-01,2026-07-29,,3006.25,0.0
DM-16-08-03-01,2026-07-30,,3133.5,0.0
DM-16-08-03-01,2026-07-31,,3035.75,0.0
DM-16-08-03-01,2026-08-01,,3147.5,0.0
DM-16-08-03-01,2026-08-02,,3155.0,0.0
DM-16-08-03-01,2026-08-03,,3156.5,0.0
DM-16-08-03-01,2026-08-04,,3133.75,0.0
DM-16-08-03-01,2026-08-05,,2995.75,0.0
DM-16-08-04-01,2026-07-08,,2585.75,
DM-16-08-04-01,2026-07-09,104.0,4245.0,
DM-16-08-04-01,2026-07-10,112.875,4276.25,
DM-16-08-04-01,2026-07-11,107.125,4351.5,
DM-16-08-04-01,2026-07-12,107.875,4390.75,
DM-16-08-04-01,2026-07-13,104.375,4369.0,
DM-16-08-04-01,2026-07-14,111.5,4353.25,
DM-16-08-04-01,2026-07-15,106.5,4270.5,
DM-16-08-04-01,2026-07-16,107.25,4221.25,
DM-16-08-04-01,2026-07-17,105.625,4236.75,
DM-16-08-04-01,2026-07-18,110.625,4504.0,
DM-16-08-04-01,2026-07-19,130.5,4730.75,
DM-16-08-04-01,2026-07-20,111.5,4337.25,
DM-16-08-04-01,2026-07-21,104.375,4271.75,
DM-16-08-04-01,2026-07-22,123.0,4323.75,10.107
DM-16-08-04-01,2026-07-23,106.125,4327.75,3.339
DM-16-08-04-01,2026-07-24,109.5,4418.75,0.0
DM-16-08-04-01,2026-07-25,104.75,4400.25,0.0
DM-16-08-04-01,2026-07-26,110.75,4453.0,0.0
DM-16-08-04-01,2026-07-27,111.0,4384.25,0.0
DM-16-08-04-01,2026-07-28,105.5,4181.5,0.0
DM-16-08-04-01,2026-07-29,106.625,4228.25,0.0
DM-16-08-04-01,2026-07-30,101.5,4215.25,0.0
DM-16-08-04-01,2026-07-31,107.062,4307.0,0.0
DM-16-08-04-01,2026-08-01,92.375,4091.25,0.0
DM-16-08-04-01,2026-08-02,100.75,4189.0,0.0
DM-16-08-04-01,2026-08-03,102.25,4197.25,0.0
DM-16-08-04-01,2026-08-04,100.25,4149.5,0.0
DM-16-08-04-01,2026-08-05,101.875,4099.0,0.0
DM-16-08-04-02,2026-07-08,,1779.0,
DM-16-08-04-02,2026-07-09,77.625,2983.0,
DM-16-08-04-02,2026-07-10,81.375,2964.25,
DM-16-08-04-02,2026-07-11,79.0,3032.5,
DM-16-08-04-02,2026-07-12,76.0,3095.25,
DM-16-08-04-02,2026-07-13,76.625,2997.25,
DM-16-08-04-02,2026-07-14,76.5,2957.5,
DM-16-08-04-02,2026-07-15,78.875,2972.25,
DM-16-08-04-02,2026-07-16,75.75,2838.75,
DM-16-08-04-02,2026-07-17,78.0,2960.0,
DM-16-08-04-02,2026-07-18,85.125,3318.0,
DM-16-08-04-02,2026-07-19,117.0,3674.5,
DM-16-08-04-02,2026-07-20,68.0,2822.75,
DM-16-08-04-02,2026-07-21,69.125,2796.75,
DM-16-08-04-02,2026-07-22,30.25,2663.75,0.0
DM-16-08-04-02,2026-07-23,70.5,2656.0,0.0
DM-16-08-04-02,2026-07-24,62.125,2706.0,0.0
DM-16-08-04-02,2026-07-25,73.0,3074.0,0.0
DM-16-08-04-02,2026-07-26,79.25,3100.0,0.0
DM-16-08-04-02,2026-07-27,69.25,2860.0,0.0
DM-16-08-04-02,2026-07-28,75.375,2938.25,0.0
DM-16-08-04-02,2026-07-29,71.125,2927.0,0.0
DM-16-08-04-02,2026-07-30,69.5,2891.25,0.0
DM-16-08-04-02,2026-07-31,72.75,2681.75,0.0
DM-16-08-04-02,2026-08-01,64.75,2778.75,0.0
DM-16-08-04-02,2026-08-02,69.875,2781.25,0.0
DM-16-08-04-02,2026-08-03,60.25,2588.0,0.0
DM-16-08-04-02,2026-08-04,62.125,2663.25,0.0
DM-16-08-04-02,2026-08-05,64.75,2534.0,0.0
DM-53-01-01-05,2026-07-08,,547.0,
DM-53-01-01-05,2026-07-09,,847.75,
DM-53-01-01-05,2026-07-10,,904.25,
DM-53-01-01-05,2026-07-11,,886.75,
DM-53-01-01-05,2026-07-12,,903.75,
DM-53-01-01-05,2026-07-13,,903.75,
DM-53-01-01-05,2026-07-14,,850.5,
DM-53-01-01-05,2026-07-15,,840.0,
DM-53-01-01-05,2026-07-16,,856.25,
DM-53-01-01-05,2026-07-17,,884.0,
DM-53-01-01-05,2026-07-18,,920.0,
DM-53-01-01-05,2026-07-19,,922.0,
DM-53-01-01-05,2026-07-20,,896.0,
DM-53-01-01-05,2026-07-21,,846.75,
DM-53-01-01-05,2026-07-22,,811.75,0.0
DM-53-01-01-05,2026-07-23,,850.75,0.0
DM-53-01-01-05,2026-07-24,,910.5,0.0
DM-53-01-01-05,2026-07-25,,897.5,0.0
DM-53-01-01-05,2026-07-26,,932.25,0.0
DM-53-01-01-05,2026-07-27,,887.75,0.0
DM-53-01-01-05,2026-07-28,,862.25,0.0
DM-53-01-01-05,2026-07-29,,862.25,0.0
DM-53-01-01-05,2026-07-30,,861.5,0.0
DM-53-01-01-05,2026-07-31,,862.25,0.0
DM-53-01-01-05,2026-08-01,,917.5,0.0
DM-53-01-01-05,2026-08-02,,940.5,0.0
DM-53-01-01-05,2026-08-03,,916.25,0.0
DM-53-01-01-05,2026-08-04,,874.0,0.0
DM-53-01-01-05,2026-08-05,,847.5,0.0
DM-53-01-03-01,2026-07-08,,2378.75,
DM-53-01-03-01,2026-07-09,84.25,3904.5,
DM-53-01-03-01,2026-07-10,79.125,3866.75,
DM-53-01-03-01,2026-07-11,82.375,4090.25,
DM-53-01-03-01,2026-07-12,83.875,4185.0,
DM-53-01-03-01,2026-07-13,84.625,3949.5,
DM-53-01-03-01,2026-07-14,79.125,3896.75,
DM-53-01-03-01,2026-07-15,78.625,3859.0,
DM-53-01-03-01,2026-07-16,83.375,3899.5,
DM-53-01-03-01,2026-07-17,80.875,3855.75,
DM-53-01-03-01,2026-07-18,76.375,4067.75,
DM-53-01-03-01,2026-07-19,85.0,4361.75,
DM-53-01-03-01,2026-07-20,91.375,4180.0,
DM-53-01-03-01,2026-07-21,86.375,3958.0,
DM-53-01-03-01,2026-07-22,75.125,3794.5,0.0
DM-53-01-03-01,2026-07-23,78.875,3817.25,0.0
DM-53-01-03-01,2026-07-24,76.5,3849.5,0.0
DM-53-01-03-01,2026-07-25,78.625,4055.0,0.0
DM-53-01-03-01,2026-07-26,81.75,4040.0,0.0
DM-53-01-03-01,2026-07-27,79.25,3844.0,0.0
DM-53-01-03-01,2026-07-28,79.0,3866.0,0.0
DM-53-01-03-01,2026-07-29,80.625,3884.25,0.0
DM-53-01-03-01,2026-07-30,80.125,3906.5,0.0
DM-53-01-03-01,2026-07-31,83.125,3829.25,0.0
DM-53-01-03-01,2026-08-01,81.125,4082.5,0.0
DM-53-01-03-01,2026-08-02,86.25,4172.75,1.629
DM-53-01-03-01,2026-08-03,83.375,3934.0,0.384
DM-53-01-03-01,2026-08-04,80.125,3890.5,0.0
DM-53-01-03-01,2026-08-05,79.75,3791.75,0.0
DM-53-01-05-01,2026-07-08,,808.25,
DM-53-01-05-01,2026-07-09,25.25,1320.0,
DM-53-01-05-01,2026-07-10,22.75,1300.75,
DM-53-01-05-01,2026-07-11,23.375,1389.5,
DM-53-01-05-01,2026-07-12,25.25,1428.0,
DM-53-01-05-01,2026-07-13,24.25,1349.0,
DM-53-01-05-01,2026-07-14,25.25,1351.25,
DM-53-01-05-01,2026-07-15,24.375,1337.75,
DM-53-01-05-01,2026-07-16,24.75,1308.25,
DM-53-01-05-01,2026-07-17,25.125,1334.75,
DM-53-01-05-01,2026-07-18,26.375,1539.75,
DM-53-01-05-01,2026-07-19,25.25,1468.0,
DM-53-01-05-01,2026-07-20,25.25,1346.25,
DM-53-01-05-01,2026-07-21,25.5,1346.0,
DM-53-01-05-01,2026-07-22,26.125,1342.25,0.842
DM-53-01-05-01,2026-07-23,25.875,1350.0,1.435
DM-53-01-05-01,2026-07-24,26.125,1367.0,2.277
DM-53-01-05-01,2026-07-25,25.625,1454.5,2.62
DM-53-01-05-01,2026-07-26,26.25,1507.25,3.587
DM-53-01-05-01,2026-07-27,29.625,1407.5,7.929
DM-53-01-05-01,2026-07-28,26.0,1368.75,8.647
DM-53-01-05-01,2026-07-29,26.75,1375.5,10.114
DM-53-01-05-01,2026-07-30,26.625,1395.0,11.456
DM-53-01-05-01,2026-07-31,26.5,1420.75,12.674
DM-53-01-05-01,2026-08-01,30.375,1458.75,17.766
DM-53-01-05-01,2026-08-02,26.75,1455.5,19.234
DM-53-01-05-01,2026-08-03,27.5,1366.75,21.451
DM-53-01-05-01,2026-08-04,25.375,1366.75,21.543
DM-53-01-05-01,2026-08-05,25.625,1342.0,21.886
DM-53-01-05-04,2026-07-08,,2420.75,
DM-53-01-05-04,2026-07-09,,4592.5,
DM-53-01-05-04,2026-07-10,,4566.75,
DM-53-01-05-04,2026-07-11,,4701.5,
DM-53-01-05-04,2026-07-12,,4750.75,
DM-53-01-05-04,2026-07-13,,4641.25,
DM-53-01-05-04,2026-07-14,,4085.5,
DM-53-01-05-04,2026-07-15,,3987.5,
DM-53-01-05-04,2026-07-16,,2073.0,
DM-53-01-05-04,2026-07-17,,2115.5,
DM-53-01-05-04,2026-07-18,,2381.5,
DM-53-01-05-04,2026-07-19,,2338.75,
DM-53-01-05-04,2026-07-20,,2113.25,
DM-53-01-05-04,2026-07-21,,2065.5,
DM-53-01-05-04,2026-07-22,,2040.0,0.0
DM-53-01-05-04,2026-07-23,,2048.75,0.0
DM-53-01-05-04,2026-07-24,,2145.25,0.0
DM-53-01-05-04,2026-07-25,,2224.0,0.0
DM-53-01-05-04,2026-07-26,,2268.75,0.0
DM-53-01-05-04,2026-07-27,,2124.25,0.0
DM-53-01-05-04,2026-07-28,,2051.25,0.0
DM-53-01-05-04,2026-07-29,,2129.0,0.0
DM-53-01-05-04,2026-07-30,,2123.5,0.0
DM-53-01-05-04,2026-07-31,,2030.25,0.0
DM-53-01-05-04,2026-08-01,,2247.0,0.0
DM-53-01-05-04,2026-08-02,,2317.75,0.0
DM-53-01-05-04,2026-08-03,,2191.25,0.0
DM-53-01-05-04,2026-08-04,,2161.0,0.0
DM-53-01-05-04,2026-08-05,,2149.25,0.0
DM-53-01-08-01,2026-07-08,,1746.0,
DM-53-01-08-01,2026-07-09,54.5,2768.5,
DM-53-01-08-01,2026-07-10,54.625,2855.5,
DM-53-01-08-01,2026-07-11,56.0,2912.75,
DM-53-01-08-01,2026-07-12,55.875,2882.25,
DM-53-01-08-01,2026-07-13,52.875,2861.25,
DM-53-01-08-01,2026-07-14,49.625,2857.25,
DM-53-01-08-01,2026-07-15,51.625,2840.5,
DM-53-01-08-01,2026-07-16,53.375,2695.75,
DM-53-01-08-01,2026-07-17,54.375,2844.75,
DM-53-01-08-01,2026-07-18,53.125,3083.0,
DM-53-01-08-01,2026-07-19,55.75,3048.25,
DM-53-01-08-01,2026-07-20,55.0,2959.75,
DM-53-01-08-01,2026-07-21,54.0,3061.5,
DM-53-01-08-01,2026-07-22,57.25,2978.75,2.475
DM-53-01-08-01,2026-07-23,55.125,2921.0,2.825
DM-53-01-08-01,2026-07-24,60.25,2953.75,8.301
DM-53-01-08-01,2026-07-25,54.875,3108.25,8.401
DM-53-01-08-01,2026-07-26,56.625,3026.0,10.251
DM-53-01-08-01,2026-07-27,49.5,2927.75,4.976
DM-53-01-08-01,2026-07-28,54.375,2711.5,4.577
DM-53-01-08-01,2026-07-29,50.625,2720.0,0.427
DM-53-01-08-01,2026-07-30,50.75,2698.25,0.0
DM-53-01-08-01,2026-07-31,53.5,2631.75,0.0
DM-53-01-08-01,2026-08-01,51.75,2795.25,0.0
DM-53-01-08-01,2026-08-02,58.875,2915.25,4.1
DM-53-01-08-01,2026-08-03,54.25,2843.25,3.575
DM-53-01-08-01,2026-08-04,51.5,2835.5,0.301
DM-53-01-08-01,2026-08-05,53.5,2790.0,0.0
DM-53-01-09-01,2026-07-16,93.25,4737.25,
DM-53-01-09-01,2026-07-17,87.875,4772.75,
DM-53-01-09-01,2026-07-18,100.125,5158.25,
DM-53-01-09-01,2026-07-19,97.5,5256.5,
DM-53-01-09-01,2026-07-20,102.375,4992.75,
DM-53-01-09-01,2026-07-21,93.5,4982.75,
DM-53-01-09-01,2026-07-22,93.25,4862.5,
DM-53-01-09-01,2026-07-23,95.875,4901.5,
DM-53-01-09-01,2026-07-24,96.5,5011.75,
DM-53-01-09-01,2026-07-25,107.625,5254.0,
DM-53-01-09-01,2026-07-26,102.125,5337.0,
DM-53-01-09-01,2026-07-27,107.125,5245.5,
DM-53-01-09-01,2026-07-28,105.0,5186.5,
DM-53-01-09-01,2026-07-29,119.75,5478.0,
DM-53-01-09-01,2026-07-30,117.375,5363.5,13.346
DM-53-01-09-01,2026-07-31,117.125,5305.0,26.441
DM-53-01-09-01,2026-08-01,120.75,5512.0,43.162
DM-53-01-09-01,2026-08-02,125.75,5739.5,64.882
DM-53-01-09-01,2026-08-03,117.875,5560.25,78.728
DM-53-01-09-01,2026-08-04,122.375,4894.5,97.073
DM-53-01-09-01,2026-08-05,86.875,4430.5,79.919
DM-53-02-01-01,2026-07-08,,2668.75,
DM-53-02-01-01,2026-07-09,96.625,4402.25,
DM-53-02-01-01,2026-07-10,104.375,4455.25,
DM-53-02-01-01,2026-07-11,105.25,4604.25,
DM-53-02-01-01,2026-07-12,100.0,4733.0,
DM-53-02-01-01,2026-07-13,109.375,4592.75,
DM-53-02-01-01,2026-07-14,98.625,4499.25,
DM-53-02-01-01,2026-07-15,101.875,4493.25,
DM-53-02-01-01,2026-07-16,104.5,4402.75,
DM-53-02-01-01,2026-07-17,102.125,4426.5,
DM-53-02-01-01,2026-07-18,103.625,4697.25,
DM-53-02-01-01,2026-07-19,106.5,4802.5,
DM-53-02-01-01,2026-07-20,105.5,4575.75,
DM-53-02-01-01,2026-07-21,104.125,4566.0,
DM-53-02-01-01,2026-07-22,109.75,4534.0,4.841
DM-53-02-01-01,2026-07-23,109.375,4539.5,9.306
DM-53-02-01-01,2026-07-24,108.0,4665.5,12.397
DM-53-02-01-01,2026-07-25,110.0,4823.75,17.488
DM-53-02-01-01,2026-07-26,108.875,4868.75,21.454
DM-53-02-01-01,2026-07-27,109.0,4638.0,25.544
DM-53-02-01-01,2026-07-28,113.625,4622.25,34.26
DM-53-02-01-01,2026-07-29,110.625,4618.25,39.976
DM-53-02-01-01,2026-07-30,107.875,4642.75,42.941
DM-53-02-01-01,2026-07-31,115.875,4615.25,53.907
DM-53-02-01-01,2026-08-01,117.125,4719.5,66.123
DM-53-02-01-01,2026-08-02,114.5,4871.75,75.713
DM-53-02-01-01,2026-08-03,115.0,4769.0,85.804
DM-53-02-01-01,2026-08-04,111.25,4696.0,92.145
DM-53-02-01-01,2026-08-05,109.375,4682.25,96.611
DM-53-02-02-01,2026-07-10,54.25,2904.25,
DM-53-02-02-01,2026-07-11,50.5,2939.25,
DM-53-02-02-01,2026-07-12,56.5,2923.0,
DM-53-02-02-01,2026-07-13,53.5,2847.75,
DM-53-02-02-01,2026-07-14,50.25,2872.25,
DM-53-02-02-01,2026-07-15,52.5,2867.5,
DM-53-02-02-01,2026-07-16,53.375,2853.5,
DM-53-02-02-01,2026-07-17,52.625,2860.75,
DM-53-02-02-01,2026-07-18,54.125,3132.25,
DM-53-02-02-01,2026-07-19,55.125,3077.5,
DM-53-02-02-01,2026-07-20,56.875,3013.75,
DM-53-02-02-01,2026-07-21,54.875,3014.0,
DM-53-02-02-01,2026-07-22,54.5,2920.25,
DM-53-02-02-01,2026-07-23,56.0,2898.75,
DM-53-02-02-01,2026-07-24,53.5,2944.75,0.0
DM-53-02-02-01,2026-07-25,55.25,3051.25,0.359
DM-53-02-02-01,2026-07-26,56.0,2996.5,1.468
DM-53-02-02-01,2026-07-27,55.625,2903.75,2.201
DM-53-02-02-01,2026-07-28,55.625,2828.5,2.935
DM-53-02-02-01,2026-07-29,59.5,2961.25,7.544
DM-53-02-02-01,2026-07-30,53.375,2942.75,6.028
DM-53-02-02-01,2026-07-31,58.875,2887.75,10.011
DM-53-02-02-01,2026-08-01,54.75,3017.75,9.87
DM-53-02-02-01,2026-08-02,58.875,3116.75,13.854
DM-53-02-02-01,2026-08-03,55.125,3036.75,14.088
DM-53-02-02-01,2026-08-04,63.625,3060.0,22.821
DM-53-02-02-01,2026-08-05,58.125,2961.5,26.055
DM-53-02-03-02,2026-07-08,,3194.0,
DM-53-02-03-02,2026-07-09,124.875,5284.75,
DM-53-02-03-02,2026-07-10,127.0,5324.0,
DM-53-02-03-02,2026-07-11,124.5,5497.75,
DM-53-02-03-02,2026-07-12,126.625,5492.5,
DM-53-02-03-02,2026-07-13,123.375,5322.75,
DM-53-02-03-02,2026-07-14,119.875,5269.75,
DM-53-02-03-02,2026-07-15,119.0,5126.5,
DM-53-02-03-02,2026-07-16,120.25,5315.25,
DM-53-02-03-02,2026-07-17,113.75,5147.25,
DM-53-02-03-02,2026-07-18,120.875,5525.5,
DM-53-02-03-02,2026-07-19,119.125,5419.0,
DM-53-02-03-02,2026-07-20,113.625,5207.75,
DM-53-02-03-02,2026-07-21,116.875,5116.5,
DM-53-02-03-02,2026-07-22,118.875,5013.0,0.0
DM-53-02-03-02,2026-07-23,116.375,5348.75,0.0
DM-53-02-03-02,2026-07-24,118.0,5228.25,0.0
DM-53-02-03-02,2026-07-25,116.625,5297.5,0.0
DM-53-02-03-02,2026-07-26,116.25,5266.5,0.0
DM-53-02-03-02,2026-07-27,111.125,5024.0,0.0
DM-53-02-03-02,2026-07-28,110.25,5006.5,0.0
DM-53-02-03-02,2026-07-29,114.5,5073.25,0.0
DM-53-02-03-02,2026-07-30,100.0,4958.75,0.0
DM-53-02-03-02,2026-07-31,113.25,4891.75,0.0
DM-53-02-03-02,2026-08-01,107.375,5109.75,0.0
DM-53-02-03-02,2026-08-02,120.375,5256.5,0.0
DM-53-02-03-02,2026-08-03,103.5,5094.75,0.0
DM-53-02-03-02,2026-08-04,109.0,5091.5,0.0
DM-53-02-03-02,2026-08-05,134.5,5101.0,11.633
DM-53-02-03-03,2026-07-08,,4258.25,
DM-53-02-03-03,2026-07-09,,7709.75,
DM-53-02-03-03,2026-07-10,,7594.75,
DM-53-02-03-03,2026-07-11,,7963.75,
DM-53-02-03-03,2026-07-12,,8030.75,
DM-53-02-03-03,2026-07-13,,7624.0,
DM-53-02-03-03,2026-07-14,,7670.5,
DM-53-02-03-03,2026-07-15,,7471.5,
DM-53-02-03-03,2026-07-16,,7761.5,
DM-53-02-03-03,2026-07-17,,7659.0,
DM-53-02-03-03,2026-07-18,,8089.25,
DM-53-02-03-03,2026-07-19,,8090.25,
DM-53-02-03-03,2026-07-20,,7677.25,
DM-53-02-03-03,2026-07-21,,7552.75,
DM-53-02-03-03,2026-07-22,,7521.25,0.0
DM-53-02-03-03,2026-07-23,,7930.0,0.0
DM-53-02-03-03,2026-07-24,,7760.0,0.0
DM-53-02-03-03,2026-07-25,,7735.0,0.0
DM-53-02-03-03,2026-07-26,,7811.0,0.0
DM-53-02-03-03,2026-07-27,,7382.25,0.0
DM-53-02-03-03,2026-07-28,,7566.5,0.0
DM-53-02-03-03,2026-07-29,,7333.25,0.0
DM-53-02-03-03,2026-07-30,,7336.5,0.0
DM-53-02-03-03,2026-07-31,,7211.25,0.0
DM-53-02-03-03,2026-08-01,,7535.5,0.0
DM-53-02-03-03,2026-08-02,,7729.25,0.0
DM-53-02-03-03,2026-08-03,,7369.0,0.0
DM-53-02-03-03,2026-08-04,,7407.5,0.0
DM-53-02-03-03,2026-08-05,,7367.5,0.0
DM-53-02-04-02,2026-07-08,,2466.0,
DM-53-02-04-02,2026-07-09,70.125,3889.5,
DM-53-02-04-02,2026-07-10,68.5,3951.25,
DM-53-02-04-02,2026-07-11,70.625,4115.0,
DM-53-02-04-02,2026-07-12,72.5,4183.5,
DM-53-02-04-02,2026-07-13,69.25,3935.25,
DM-53-02-04-02,2026-07-14,75.75,3996.5,
DM-53-02-04-02,2026-07-15,70.375,3903.25,
DM-53-02-04-02,2026-07-16,71.25,3872.0,
DM-53-02-04-02,2026-07-17,73.625,3896.5,
DM-53-02-04-02,2026-07-18,71.625,4248.25,
DM-53-02-04-02,2026-07-19,75.75,4336.25,
DM-53-02-04-02,2026-07-20,78.5,4011.25,
DM-53-02-04-02,2026-07-21,70.625,4037.5,
DM-53-02-04-02,2026-07-22,72.125,4050.25,0.0
DM-53-02-04-02,2026-07-23,73.625,3994.0,0.024
DM-53-02-04-02,2026-07-24,69.875,4037.75,0.0
DM-53-02-04-02,2026-07-25,73.0,4262.25,0.0
DM-53-02-04-02,2026-07-26,75.5,4331.5,1.899
DM-53-02-04-02,2026-07-27,79.25,4072.25,7.547
DM-53-02-04-02,2026-07-28,74.625,4029.75,8.571
DM-53-02-04-02,2026-07-29,83.875,4089.5,18.845
DM-53-02-04-02,2026-07-30,76.375,4119.75,21.618
DM-53-02-04-02,2026-07-31,73.438,4083.88,21.455
DM-53-02-04-02,2026-08-01,78.375,4242.25,26.228
DM-53-02-04-02,2026-08-02,80.75,4439.5,33.377
DM-53-02-04-02,2026-08-03,81.125,4283.75,40.901
DM-53-02-04-02,2026-08-04,78.75,4276.75,46.049
DM-53-02-04-02,2026-08-05,82.375,4226.25,54.823
DM-53-02-04-03,2026-07-08,,911.25,
DM-53-02-04-03,2026-07-09,28.75,1409.0,
DM-53-02-04-03,2026-07-10,29.5,1434.0,
DM-53-02-04-03,2026-07-11,32.5,1522.5,
DM-53-02-04-03,2026-07-12,30.25,1435.75,
DM-53-02-04-03,2026-07-13,28.375,1453.5,
DM-53-02-04-03,2026-07-14,29.25,1455.25,
DM-53-02-04-03,2026-07-15,30.5,1445.25,
DM-53-02-04-03,2026-07-16,29.25,1378.0,
DM-53-02-04-03,2026-07-17,29.25,1394.0,
DM-53-02-04-03,2026-07-18,29.625,1519.5,
DM-53-02-04-03,2026-07-19,32.75,1529.5,
DM-53-02-04-03,2026-07-20,30.75,1509.0,
DM-53-02-04-03,2026-07-21,30.625,1474.5,
DM-53-02-04-03,2026-07-22,30.125,1504.25,0.0
DM-53-02-04-03,2026-07-23,32.125,1477.5,1.381
DM-53-02-04-03,2026-07-24,32.625,1529.0,3.261
DM-53-02-04-03,2026-07-25,33.25,1560.0,5.767
DM-53-02-04-03,2026-07-26,34.0,1561.5,9.022
DM-53-02-04-03,2026-07-27,33.5,1561.75,11.778
DM-53-02-04-03,2026-07-28,33.875,1565.25,14.908
DM-53-02-04-03,2026-07-29,36.125,1571.0,20.289
DM-53-02-04-03,2026-07-30,34.25,1556.5,23.794
DM-53-02-04-03,2026-07-31,31.875,1463.5,24.925
DM-53-02-04-03,2026-08-01,33.625,1543.25,27.805
DM-53-02-04-03,2026-08-02,34.375,1642.25,31.436
DM-53-02-04-03,2026-08-03,36.5,1635.0,37.191
DM-53-02-04-03,2026-08-04,35.0,1620.25,41.447
DM-53-02-04-03,2026-08-05,33.5,1582.5,44.202
DM-53-02-05-02,2026-07-12,67.5,2985.0,
DM-53-02-05-02,2026-07-13,58.25,2856.75,
DM-53-02-05-02,2026-07-14,59.875,2941.5,
DM-53-02-05-02,2026-07-15,59.0,2892.0,
DM-53-02-05-02,2026-07-16,50.5,2808.75,
DM-53-02-05-02,2026-07-17,60.375,2874.25,
DM-53-02-05-02,2026-07-18,63.375,2957.0,
DM-53-02-05-02,2026-07-19,83.75,3000.75,
DM-53-02-05-02,2026-07-20,72.0,2972.75,
DM-53-02-05-02,2026-07-21,59.75,2981.75,
DM-53-02-05-02,2026-07-22,50.375,2930.25,
DM-53-02-05-02,2026-07-23,82.125,3020.25,
DM-53-02-05-02,2026-07-24,59.125,2944.5,
DM-53-02-05-02,2026-07-25,83.5,3069.5,
DM-53-02-05-02,2026-07-26,67.625,2916.25,0.0
DM-53-02-05-02,2026-07-27,77.0,3035.5,6.591
DM-53-02-05-02,2026-07-28,66.875,2913.25,3.056
DM-53-02-05-02,2026-07-29,68.625,3040.5,1.272
DM-53-02-05-02,2026-07-30,65.875,2990.75,0.0
DM-53-02-05-02,2026-07-31,55.25,2884.25,0.0
DM-53-02-05-02,2026-08-01,75.375,3043.0,4.966
DM-53-02-05-02,2026-08-02,67.875,3048.5,2.431
DM-53-02-05-02,2026-08-03,69.625,3068.0,1.647
DM-53-02-05-02,2026-08-04,90.875,3085.5,22.112
DM-53-02-05-02,2026-08-05,58.625,2958.5,10.328
DM-53-02-06-02,2026-07-08,,2888.75,
DM-53-02-06-02,2026-07-09,,4883.5,
DM-53-02-06-02,2026-07-10,,5034.0,
DM-53-02-06-02,2026-07-11,,5014.5,
DM-53-02-06-02,2026-07-12,,5086.75,
DM-53-02-06-02,2026-07-13,,5116.0,
DM-53-02-06-02,2026-07-14,,5081.25,
DM-53-02-06-02,2026-07-15,,5090.25,
DM-53-02-06-02,2026-07-16,,5020.25,
DM-53-02-06-02,2026-07-17,,5078.0,
DM-53-02-06-02,2026-07-18,,5215.5,
DM-53-02-06-02,2026-07-19,,5230.25,
DM-53-02-06-02,2026-07-20,,5106.5,
DM-53-02-06-02,2026-07-21,,5115.0,
DM-53-02-06-02,2026-07-22,,5104.25,0.0
DM-53-02-06-02,2026-07-23,,5092.25,0.0
DM-53-02-06-02,2026-07-24,,5128.25,0.0
DM-53-02-06-02,2026-07-25,,5238.75,0.0
DM-53-02-06-02,2026-07-26,,5175.75,0.0
DM-53-02-06-02,2026-07-27,,5052.5,0.0
DM-53-02-06-02,2026-07-28,,4908.5,0.0
DM-53-02-06-02,2026-07-29,,4990.25,0.0
DM-53-02-06-02,2026-07-30,,5030.75,0.0
DM-53-02-06-02,2026-07-31,,5093.0,0.0
DM-53-02-06-02,2026-08-01,,5202.75,0.0
DM-53-02-06-02,2026-08-02,,5279.0,0.0
DM-53-02-06-02,2026-08-03,,5285.0,0.0
DM-53-02-06-02,2026-08-04,,5256.75,0.0
DM-53-02-06-02,2026-08-05,,5253.75,0.0
DM-53-02-07-01,2026-07-08,,4252.5,
DM-53-02-07-01,2026-07-09,190.375,7191.25,
DM-53-02-07-01,2026-07-10,184.125,7243.75,
DM-53-02-07-01,2026-07-11,178.875,7417.0,
DM-53-02-07-01,2026-07-12,185.875,7535.75,
DM-53-02-07-01,2026-07-13,192.5,7310.5,
DM-53-02-07-01,2026-07-14,184.875,7197.0,
DM-53-02-07-01,2026-07-15,156.875,6446.75,
DM-53-02-07-01,2026-07-16,143.0,6378.0,
DM-53-02-07-01,2026-07-17,168.25,6530.5,
DM-53-02-07-01,2026-07-18,163.125,6688.5,
DM-53-02-07-01,2026-07-19,154.75,6788.5,
DM-53-02-07-01,2026-07-20,149.875,6441.25,
DM-53-02-07-01,2026-07-21,160.75,6508.5,
DM-53-02-07-01,2026-07-22,140.25,6180.75,0.0
DM-53-02-07-01,2026-07-23,139.25,5994.75,0.0
DM-53-02-07-01,2026-07-24,131.0,5959.0,0.0
DM-53-02-07-01,2026-07-25,140.5,6133.25,0.0
DM-53-02-07-01,2026-07-26,142.125,6244.75,0.0
DM-53-02-07-01,2026-07-27,134.125,5928.25,0.0
DM-53-02-07-01,2026-07-28,127.0,6022.0,0.0
DM-53-02-07-01,2026-07-29,133.25,6000.0,0.0
DM-53-02-07-01,2026-07-30,135.5,6004.0,0.0
DM-53-02-07-01,2026-07-31,140.125,5986.5,0.0
DM-53-02-07-01,2026-08-01,140.625,6068.0,0.0
DM-53-02-07-01,2026-08-02,145.875,6458.25,0.0
DM-53-02-07-01,2026-08-03,148.0,6265.0,0.0
DM-53-02-07-01,2026-08-04,133.625,6169.75,0.0
DM-53-02-07-01,2026-08-05,140.875,6134.75,0.0
DM-53-02-08-01,2026-07-08,,4646.5,
DM-53-02-08-01,2026-07-09,164.125,6162.75,
DM-53-02-08-01,2026-07-10,80.0,4684.5,
DM-53-02-08-01,2026-07-11,72.5,4782.25,
DM-53-02-08-01,2026-07-12,78.625,4876.5,
DM-53-02-08-01,2026-07-13,76.75,4599.75,
DM-53-02-08-01,2026-07-14,74.125,4598.75,
DM-53-02-08-01,2026-07-15,80.5,4632.0,
DM-53-02-08-01,2026-07-16,78.375,4531.5,
DM-53-02-08-01,2026-07-17,78.75,4607.5,
DM-53-02-08-01,2026-07-18,77.0,4970.25,
DM-53-02-08-01,2026-07-19,77.375,4964.0,
DM-53-02-08-01,2026-07-20,77.625,4589.25,
DM-53-02-08-01,2026-07-21,74.625,4537.0,
DM-53-02-08-01,2026-07-22,73.875,4519.75,0.0
DM-53-02-08-01,2026-07-23,75.625,4535.75,0.0
DM-53-02-08-01,2026-07-24,75.875,4597.25,0.0
DM-53-02-08-01,2026-07-25,77.125,4823.5,0.0
DM-53-02-08-01,2026-07-26,79.0,4715.75,0.0
DM-53-02-08-01,2026-07-27,76.375,4519.5,0.0
DM-53-02-08-01,2026-07-28,76.75,4502.25,0.0
DM-53-02-08-01,2026-07-29,78.625,4531.75,0.0
DM-53-02-08-01,2026-07-30,77.5,4566.0,0.0
DM-53-02-08-01,2026-07-31,81.25,4597.25,0.0
DM-53-02-08-01,2026-08-01,82.375,4879.75,0.0
DM-53-02-08-01,2026-08-02,81.0,5008.0,0.0
DM-53-02-08-01,2026-08-03,82.5,4865.5,0.0
DM-53-02-08-01,2026-08-04,79.25,4763.75,0.0
DM-53-02-08-01,2026-08-05,78.0,4603.5,0.0
DM-53-02-09-01,2026-07-08,,1023.25,
DM-53-02-09-01,2026-07-09,,1688.0,
DM-53-02-09-01,2026-07-10,,1690.25,
DM-53-02-09-01,2026-07-11,,1659.0,
DM-53-02-09-01,2026-07-12,,1790.0,
DM-53-02-09-01,2026-07-13,,1639.75,
DM-53-02-09-01,2026-07-14,,1659.5,
DM-53-02-09-01,2026-07-15,,1487.0,
DM-53-02-09-01,2026-07-16,,2240.5,
DM-53-02-09-01,2026-07-17,,1678.75,
DM-53-02-09-01,2026-07-18,,1731.5,
DM-53-02-09-01,2026-07-19,,1900.0,
DM-53-02-09-01,2026-07-20,,2027.25,
DM-53-02-09-01,2026-07-21,,1714.75,
DM-53-02-09-01,2026-07-22,,1759.0,0.0
DM-53-02-09-01,2026-07-23,,2508.75,0.0
DM-53-02-09-01,2026-07-24,,1901.25,0.0
DM-53-02-09-01,2026-07-25,,1376.5,0.0
DM-53-02-09-01,2026-07-26,,1461.75,0.0
DM-53-02-09-01,2026-07-27,,1362.0,0.0
DM-53-02-09-01,2026-07-28,,1317.0,0.0
DM-53-02-09-01,2026-07-29,,1395.5,0.0
DM-53-02-09-01,2026-07-30,,1425.0,0.0
DM-53-02-09-01,2026-07-31,,1408.5,0.0
DM-53-02-09-01,2026-08-01,,1370.75,0.0
DM-53-02-09-01,2026-08-02,,1504.75,0.0
DM-53-02-09-01,2026-08-03,,1436.0,0.0
DM-53-02-09-01,2026-08-04,,1387.25,0.0
DM-53-02-09-01,2026-08-05,,1428.75,0.0
DM-53-02-09-02,2026-07-08,,3671.0,
DM-53-02-09-02,2026-07-09,123.875,5583.0,
DM-53-02-09-02,2026-07-10,103.0,5170.5,
DM-53-02-09-02,2026-07-11,106.5,5488.75,
DM-53-02-09-02,2026-07-12,104.5,5496.75,
DM-53-02-09-02,2026-07-13,102.5,5193.5,
DM-53-02-09-02,2026-07-14,101.625,5248.25,
DM-53-02-09-02,2026-07-15,98.125,5023.25,
DM-53-02-09-02,2026-07-16,101.0,4344.5,
DM-53-02-09-02,2026-07-17,91.375,4887.75,
DM-53-02-09-02,2026-07-18,95.75,5211.0,
DM-53-02-09-02,2026-07-19,96.375,5339.5,
DM-53-02-09-02,2026-07-20,93.75,5273.5,
DM-53-02-09-02,2026-07-21,96.125,4877.5,
DM-53-02-09-02,2026-07-22,94.375,4916.75,0.0
DM-53-02-09-02,2026-07-23,99.25,3973.0,0.0
DM-53-02-09-02,2026-07-24,92.75,5308.25,0.0
DM-53-02-09-02,2026-07-25,104.875,5557.25,0.0
DM-53-02-09-02,2026-07-26,100.5,5625.5,0.0
DM-53-02-09-02,2026-07-27,101.375,5278.5,0.0
DM-53-02-09-02,2026-07-28,98.25,5337.0,0.0
DM-53-02-09-02,2026-07-29,96.125,5236.75,0.0
DM-53-02-09-02,2026-07-30,89.375,5248.5,0.0
DM-53-02-09-02,2026-07-31,103.625,5100.75,0.0
DM-53-02-09-02,2026-08-01,88.0,5203.75,0.0
DM-53-02-09-02,2026-08-02,102.5,5492.75,0.0
DM-53-02-09-02,2026-08-03,89.25,5159.75,0.0
DM-53-02-09-02,2026-08-04,89.5,5191.0,0.0
DM-53-02-09-02,2026-08-05,99.25,5095.25,0.0
DM-53-03-01-03,2026-07-08,,2461.25,
DM-53-03-01-03,2026-07-09,,4303.0,
DM-53-03-01-03,2026-07-10,,4344.0,
DM-53-03-01-03,2026-07-11,,4528.25,
DM-53-03-01-03,2026-07-12,,4372.75,
DM-53-03-01-03,2026-07-13,,4341.75,
DM-53-03-01-03,2026-07-14,,4352.75,
DM-53-03-01-03,2026-07-15,,4269.0,
DM-53-03-01-03,2026-07-16,,4245.0,
DM-53-03-01-03,2026-07-17,,4200.25,
DM-53-03-01-03,2026-07-18,,4423.25,
DM-53-03-01-03,2026-07-19,,4432.5,
DM-53-03-01-03,2026-07-20,,4422.0,
DM-53-03-01-03,2026-07-21,,4391.0,
DM-53-03-01-03,2026-07-22,,4289.0,0.0
DM-53-03-01-03,2026-07-23,,4215.5,0.0
DM-53-03-01-03,2026-07-24,,4290.75,0.0
DM-53-03-01-03,2026-07-25,,4266.5,0.0
DM-53-03-01-03,2026-07-26,,4242.0,0.0
DM-53-03-01-03,2026-07-27,,4223.25,0.0
DM-53-03-01-03,2026-07-28,,4166.5,0.0
DM-53-03-01-03,2026-07-29,,4192.25,0.0
DM-53-03-01-03,2026-07-30,,4249.0,0.0
DM-53-03-01-03,2026-07-31,,4276.25,0.0
DM-53-03-01-03,2026-08-01,,4294.75,0.0
DM-53-03-01-03,2026-08-02,,4303.5,0.0
DM-53-03-01-03,2026-08-03,,4386.75,0.0
DM-53-03-01-03,2026-08-04,,4352.25,0.0
DM-53-03-01-03,2026-08-05,,4285.0,0.0
DM-53-03-02-01,2026-07-08,,2615.0,
DM-53-03-02-01,2026-07-09,73.75,4231.5,
DM-53-03-02-01,2026-07-10,71.875,4294.5,
DM-53-03-02-01,2026-07-11,75.375,4475.25,
DM-53-03-02-01,2026-07-12,77.625,4560.5,
DM-53-03-02-01,2026-07-13,69.375,4292.0,
DM-53-03-02-01,2026-07-14,73.25,4245.75,
DM-53-03-02-01,2026-07-15,69.25,4158.0,
DM-53-03-02-01,2026-07-16,67.25,4006.5,
DM-53-03-02-01,2026-07-17,68.25,4110.0,
DM-53-03-02-01,2026-07-18,70.5,4559.75,
DM-53-03-02-01,2026-07-19,70.375,4558.0,
DM-53-03-02-01,2026-07-20,69.125,4271.75,
DM-53-03-02-01,2026-07-21,69.875,4289.75,
DM-53-03-02-01,2026-07-22,75.25,4322.25,2.584
DM-53-03-02-01,2026-07-23,78.375,4241.0,8.293
DM-53-03-02-01,2026-07-24,69.375,4293.0,5.002
DM-53-03-02-01,2026-07-25,68.875,4464.25,1.211
DM-53-03-02-01,2026-07-26,72.75,4426.75,1.296
DM-53-03-02-01,2026-07-27,72.25,4236.0,0.88
DM-53-03-02-01,2026-07-28,71.875,4212.0,0.089
DM-53-03-02-01,2026-07-29,71.75,4278.75,0.0
DM-53-03-02-01,2026-07-30,71.0,4245.25,0.0
DM-53-03-02-01,2026-07-31,72.5,4159.0,0.0
DM-53-03-02-01,2026-08-01,74.0,4397.75,1.334
DM-53-03-02-01,2026-08-02,74.75,4558.0,3.418
DM-53-03-02-01,2026-08-03,69.875,4319.5,0.627
DM-53-03-02-01,2026-08-04,71.75,4364.5,0.0
DM-53-03-02-01,2026-08-05,72.125,4153.0,0.0
DM-53-03-03-01,2026-07-09,32.625,2599.5,
DM-53-03-03-01,2026-07-10,30.625,2357.25,
DM-53-03-03-01,2026-07-11,27.875,2433.25,
DM-53-03-03-01,2026-07-12,32.25,2525.5,
DM-53-03-03-01,2026-07-13,29.5,2493.25,
DM-53-03-03-01,2026-07-14,30.0,2507.0,
DM-53-03-03-01,2026-07-15,31.0,2509.75,
DM-53-03-03-01,2026-07-16,32.375,2381.0,
DM-53-03-03-01,2026-07-17,31.375,2442.0,
DM-53-03-03-01,2026-07-18,33.125,2727.75,
DM-53-03-03-01,2026-07-19,32.5,2690.75,
DM-53-03-03-01,2026-07-20,32.125,2641.0,
DM-53-03-03-01,2026-07-21,30.875,2604.0,
DM-53-03-03-01,2026-07-22,32.5,2743.75,
DM-53-03-03-01,2026-07-23,46.25,2736.75,14.203
DM-53-03-03-01,2026-07-24,31.875,2564.75,14.03
DM-53-03-03-01,2026-07-25,32.5,2702.5,14.483
DM-53-03-03-01,2026-07-26,34.875,2615.5,17.311
DM-53-03-03-01,2026-07-27,32.5,2547.25,17.763
DM-53-03-03-01,2026-07-28,34.375,2483.75,20.091
DM-53-03-03-01,2026-07-29,34.5,2438.75,22.544
DM-53-03-03-01,2026-07-30,31.75,2463.25,22.246
DM-53-03-03-01,2026-07-31,34.125,2448.5,24.324
DM-53-03-03-01,2026-08-01,36.5,2555.5,28.776
DM-53-03-03-01,2026-08-02,34.5,2641.75,31.229
DM-53-03-03-01,2026-08-03,33.625,2620.0,32.807
DM-53-03-03-01,2026-08-04,32.625,2586.5,33.384
DM-53-03-03-01,2026-08-05,33.25,3464.25,34.587
DM-53-03-04-02,2026-07-08,,1041.5,
DM-53-03-04-02,2026-07-09,20.75,1696.75,
DM-53-03-04-02,2026-07-10,21.0,1703.25,
DM-53-03-04-02,2026-07-11,22.125,1781.25,
DM-53-03-04-02,2026-07-12,22.0,1819.75,
DM-53-03-04-02,2026-07-13,22.25,1771.0,
DM-53-03-04-02,2026-07-14,20.5,1749.5,
DM-53-03-04-02,2026-07-15,21.25,1744.5,
DM-53-03-04-02,2026-07-16,20.875,1637.75,
DM-53-03-04-02,2026-07-17,23.25,1664.75,
DM-53-03-04-02,2026-07-18,23.125,2054.75,
DM-53-03-04-02,2026-07-19,25.125,1956.0,
DM-53-03-04-02,2026-07-20,21.0,1659.0,
DM-53-03-04-02,2026-07-21,18.25,1637.0,
DM-53-03-04-02,2026-07-22,18.5,1592.75,0.0
DM-53-03-04-02,2026-07-23,17.75,1527.5,0.0
DM-53-03-04-02,2026-07-24,19.625,1646.75,0.0
DM-53-03-04-02,2026-07-25,21.25,1762.25,0.0
DM-53-03-04-02,2026-07-26,22.75,1719.5,0.302
DM-53-03-04-02,2026-07-27,19.875,1614.0,0.0
DM-53-03-04-02,2026-07-28,18.5,1539.75,0.0
DM-53-03-04-02,2026-07-29,19.25,1577.25,0.0
DM-53-03-04-02,2026-07-30,20.125,1602.25,0.0
DM-53-03-04-02,2026-07-31,20.375,1553.0,0.0
DM-53-03-04-02,2026-08-01,20.25,1658.75,0.0
DM-53-03-04-02,2026-08-02,22.625,1734.75,0.177
DM-53-03-04-02,2026-08-03,19.125,1667.5,0.0
DM-53-03-04-02,2026-08-04,21.0,1618.75,0.0
DM-53-03-04-02,2026-08-05,19.125,1594.25,0.0
DM-53-03-05-02,2026-07-08,,4320.75,
DM-53-03-05-02,2026-07-09,,7915.5,
DM-53-03-05-02,2026-07-10,,8030.75,
DM-53-03-05-02,2026-07-11,,8298.0,
DM-53-03-05-02,2026-07-12,,8354.5,
DM-53-03-05-02,2026-07-13,,8065.5,
DM-53-03-05-02,2026-07-14,,8077.5,
DM-53-03-05-02,2026-07-15,,8005.75,
DM-53-03-05-02,2026-07-16,,7909.25,
DM-53-03-05-02,2026-07-17,,8013.25,
DM-53-03-05-02,2026-07-18,,8552.0,
DM-53-03-05-02,2026-07-19,,7967.75,
DM-53-03-05-02,2026-07-20,,7588.75,
DM-53-03-05-02,2026-07-21,,7559.5,
DM-53-03-05-02,2026-07-22,,7520.75,0.0
DM-53-03-05-02,2026-07-23,,7633.0,0.0
DM-53-03-05-02,2026-07-24,,8120.75,0.0
DM-53-03-05-02,2026-07-25,,8094.25,0.0
DM-53-03-05-02,2026-07-26,,7739.25,0.0
DM-53-03-05-02,2026-07-27,,7498.0,0.0
DM-53-03-05-02,2026-07-28,,7596.75,0.0
DM-53-03-05-02,2026-07-29,,7860.5,0.0
DM-53-03-05-02,2026-07-30,,7763.25,0.0
DM-53-03-05-02,2026-07-31,,7586.5,0.0
DM-53-03-05-02,2026-08-01,,7851.25,0.0
DM-53-03-05-02,2026-08-02,,7937.25,0.0
DM-53-03-05-02,2026-08-03,,7789.75,0.0
DM-53-03-05-02,2026-08-04,,7699.25,0.0
DM-53-03-05-02,2026-08-05,,7630.5,0.0
DM-53-03-06-02,2026-07-08,78.5,2262.0,
DM-53-03-06-02,2026-07-09,78.75,4138.5,
DM-53-03-06-02,2026-07-10,77.75,4338.5,
DM-53-03-06-02,2026-07-11,79.0,4370.5,
DM-53-03-06-02,2026-07-12,79.125,4304.5,
DM-53-03-06-02,2026-07-13,79.5,4148.75,
DM-53-03-06-02,2026-07-14,76.875,4082.25,
DM-53-03-06-02,2026-07-15,75.375,4013.75,
DM-53-03-06-02,2026-07-16,74.0,3996.25,
DM-53-03-06-02,2026-07-17,80.75,4394.25,
DM-53-03-06-02,2026-07-18,77.5,4445.25,
DM-53-03-06-02,2026-07-19,78.875,4224.0,
DM-53-03-06-02,2026-07-20,74.375,4143.5,
DM-53-03-06-02,2026-07-21,83.75,4171.75,
DM-53-03-06-02,2026-07-22,85.125,4120.25,5.748
DM-53-03-06-02,2026-07-23,78.125,4182.75,4.497
DM-53-03-06-02,2026-07-24,76.875,4245.75,1.995
DM-53-03-06-02,2026-07-25,75.375,4263.5,0.0
DM-53-03-06-02,2026-07-26,79.0,4143.0,0.0
DM-53-03-06-02,2026-07-27,77.0,3986.5,0.0
DM-53-03-06-02,2026-07-28,77.25,4129.75,0.0
DM-53-03-06-02,2026-07-29,83.0,4017.5,3.623
DM-53-03-06-02,2026-07-30,78.75,4050.25,2.997
DM-53-03-06-02,2026-07-31,77.75,4136.25,1.37
DM-53-03-06-02,2026-08-01,79.125,4286.75,1.119
DM-53-03-06-02,2026-08-02,73.625,4256.5,0.0
DM-53-03-06-02,2026-08-03,85.25,4231.5,5.873
DM-53-03-06-02,2026-08-04,81.5,4223.5,7.997
DM-53-03-06-02,2026-08-05,76.875,3846.75,5.495
DM-53-05-01-03,2026-07-08,,2381.5,
DM-53-05-01-03,2026-07-09,70.5,3852.25,
DM-53-05-01-03,2026-07-10,69.75,3891.75,
DM-53-05-01-03,2026-07-11,72.125,4046.25,
DM-53-05-01-03,2026-07-12,77.375,4125.5,
DM-53-05-01-03,2026-07-13,78.5,3979.0,
DM-53-05-01-03,2026-07-14,72.75,4154.0,
DM-53-05-01-03,2026-07-15,73.75,3977.5,
DM-53-05-01-03,2026-07-16,72.25,3898.0,
DM-53-05-01-03,2026-07-17,68.875,3860.25,
DM-53-05-01-03,2026-07-18,70.875,4074.0,
DM-53-05-01-03,2026-07-19,72.125,4166.0,
DM-53-05-01-03,2026-07-20,75.625,3982.75,
DM-53-05-01-03,2026-07-21,71.0,3965.0,
DM-53-05-01-03,2026-07-22,77.625,4095.25,3.505
DM-53-05-01-03,2026-07-23,74.25,3948.0,3.634
DM-53-05-01-03,2026-07-24,72.5,4166.25,2.014
DM-53-05-01-03,2026-07-25,72.125,3971.75,0.019
DM-53-05-01-03,2026-07-26,66.875,3869.0,0.0
DM-53-05-01-03,2026-07-27,70.375,4213.0,0.0
DM-53-05-01-03,2026-07-28,70.25,3862.75,0.0
DM-53-05-01-03,2026-07-29,71.625,3882.0,0.0
DM-53-05-01-03,2026-07-30,71.125,3901.5,0.0
DM-53-05-01-03,2026-07-31,73.875,3925.75,0.0
DM-53-05-01-03,2026-08-01,74.125,4074.5,0.005
DM-53-05-01-03,2026-08-02,75.25,4256.5,1.134
DM-53-05-01-03,2026-08-03,74.875,4170.0,1.889
DM-53-05-01-03,2026-08-04,78.125,4229.75,5.894
DM-53-05-01-03,2026-08-05,77.75,4030.25,9.523
DM-53-05-01-04,2026-07-08,,2371.0,
DM-53-05-01-04,2026-07-09,,4536.25,
DM-53-05-01-04,2026-07-10,,4625.0,
DM-53-05-01-04,2026-07-11,,4787.75,
DM-53-05-01-04,2026-07-12,,4822.5,
DM-53-05-01-04,2026-07-13,,4615.5,
DM-53-05-01-04,2026-07-14,,4589.5,
DM-53-05-01-04,2026-07-15,,4533.25,
DM-53-05-01-04,2026-07-16,,4475.25,
DM-53-05-01-04,2026-07-17,,4585.75,
DM-53-05-01-04,2026-07-18,,4887.0,
DM-53-05-01-04,2026-07-19,,4979.75,
DM-53-05-01-04,2026-07-20,,4709.5,
DM-53-05-01-04,2026-07-21,,4743.25,
DM-53-05-01-04,2026-07-22,,4539.5,0.0
DM-53-05-01-04,2026-07-23,,4542.25,0.0
DM-53-05-01-04,2026-07-24,,4738.5,0.0
DM-53-05-01-04,2026-07-25,,4884.5,0.0
DM-53-05-01-04,2026-07-26,,4888.25,0.0
DM-53-05-01-04,2026-07-27,,4693.25,0.0
DM-53-05-01-04,2026-07-28,,4785.75,0.0
DM-53-05-01-04,2026-07-29,,4865.0,0.0
DM-53-05-01-04,2026-07-30,,4843.25,0.0
DM-53-05-01-04,2026-07-31,,4758.0,0.0
DM-53-05-01-04,2026-08-01,,5016.25,0.0
DM-53-05-01-04,2026-08-02,,5136.5,0.0
DM-53-05-01-04,2026-08-03,,4976.0,0.0
DM-53-05-01-04,2026-08-04,,4877.25,0.0
DM-53-05-01-04,2026-08-05,,4840.75,0.0
DM-53-05-03-03,2026-07-08,,2214.75,
DM-53-05-03-03,2026-07-09,110.0,3727.5,
DM-53-05-03-03,2026-07-10,123.0,3754.5,
DM-53-05-03-03,2026-07-11,108.25,3905.75,
DM-53-05-03-03,2026-07-12,107.875,3835.5,
DM-53-05-03-03,2026-07-13,110.625,3736.25,
DM-53-05-03-03,2026-07-14,126.125,3687.75,
DM-53-05-03-03,2026-07-15,106.875,3774.25,
DM-53-05-03-03,2026-07-16,105.125,3648.25,
DM-53-05-03-03,2026-07-17,108.125,3679.5,
DM-53-05-03-03,2026-07-18,107.25,3808.75,
DM-53-05-03-03,2026-07-19,105.625,3798.5,
DM-53-05-03-03,2026-07-20,124.875,3776.25,
DM-53-05-03-03,2026-07-21,110.625,3630.75,
DM-53-05-03-03,2026-07-22,83.75,3487.25,0.0
DM-53-05-03-03,2026-07-23,106.125,3530.0,0.0
DM-53-05-03-03,2026-07-24,98.25,3558.0,0.0
DM-53-05-03-03,2026-07-25,97.5,3643.5,0.0
DM-53-05-03-03,2026-07-26,97.75,3394.25,0.0
DM-53-05-03-03,2026-07-27,97.0,3415.75,0.0
DM-53-05-03-03,2026-07-28,97.75,3299.25,0.0
DM-53-05-03-03,2026-07-29,98.0,3702.0,0.0
DM-53-05-03-03,2026-07-30,100.125,3675.5,0.0
DM-53-05-03-03,2026-07-31,98.0,3534.75,0.0
DM-53-05-03-03,2026-08-01,108.0,3661.0,0.0
DM-53-05-03-03,2026-08-02,99.25,3262.25,0.0
DM-53-05-03-03,2026-08-03,107.875,3584.5,0.0
DM-53-05-03-03,2026-08-04,78.625,1316.5,0.0
DM-53-05-03-03,2026-08-05,106.625,3498.25,0.0
DM-53-05-03-04,2026-07-08,,2994.25,
DM-53-05-03-04,2026-07-09,80.0,4860.5,
DM-53-05-03-04,2026-07-10,76.375,4818.0,
DM-53-05-03-04,2026-07-11,81.5,5302.25,
DM-53-05-03-04,2026-07-12,79.375,5413.0,
DM-53-05-03-04,2026-07-13,77.5,4917.75,
DM-53-05-03-04,2026-07-14,77.375,4897.25,
DM-53-05-03-04,2026-07-15,81.0,4858.5,
DM-53-05-03-04,2026-07-16,74.875,4750.25,
DM-53-05-03-04,2026-07-17,78.25,4853.75,
DM-53-05-03-04,2026-07-18,83.0,5543.75,
DM-53-05-03-04,2026-07-19,82.75,5625.0,
DM-53-05-03-04,2026-07-20,79.875,4934.75,
DM-53-05-03-04,2026-07-21,79.0,4905.25,
DM-53-05-03-04,2026-07-22,80.375,4861.75,0.0
DM-53-05-03-04,2026-07-23,80.125,4952.5,0.0
DM-53-05-03-04,2026-07-24,83.875,5038.5,3.413
DM-53-05-03-04,2026-07-25,87.25,5414.25,10.201
DM-53-05-03-04,2026-07-26,88.625,5462.75,18.365
DM-53-05-03-04,2026-07-27,87.0,5069.25,24.903
DM-53-05-03-04,2026-07-28,87.0,5266.0,31.441
DM-53-05-03-04,2026-07-29,87.625,5263.25,38.604
DM-53-05-03-04,2026-07-30,91.5,5323.75,49.642
DM-53-05-03-04,2026-07-31,90.0,5265.25,59.18
DM-53-05-03-04,2026-08-01,91.375,5454.5,70.094
DM-53-05-03-04,2026-08-02,97.5,5833.75,87.132
DM-53-05-03-04,2026-08-03,92.375,5233.5,99.045
DM-53-05-03-04,2026-08-04,89.25,5163.75,107.833
DM-53-05-03-04,2026-08-05,87.375,5141.75,114.746
DM-53-05-04-01,2026-07-08,,1551.25,
DM-53-05-04-01,2026-07-09,48.625,2557.5,
DM-53-05-04-01,2026-07-10,45.125,2517.0,
DM-53-05-04-01,2026-07-11,44.125,2550.75,
DM-53-05-04-01,2026-07-12,43.375,2672.75,
DM-53-05-04-01,2026-07-13,48.5,2505.5,
DM-53-05-04-01,2026-07-14,44.375,2456.5,
DM-53-05-04-01,2026-07-15,42.5,2422.0,
DM-53-05-04-01,2026-07-16,42.5,2349.5,
DM-53-05-04-01,2026-07-17,42.25,2382.25,
DM-53-05-04-01,2026-07-18,39.125,2579.5,
DM-53-05-04-01,2026-07-19,44.875,2635.5,
DM-53-05-04-01,2026-07-20,40.75,2444.5,
DM-53-05-04-01,2026-07-21,40.875,2398.0,
DM-53-05-04-01,2026-07-22,41.25,2367.5,0.0
DM-53-05-04-01,2026-07-23,44.125,2380.0,0.0
DM-53-05-04-01,2026-07-24,41.25,2369.5,0.0
DM-53-05-04-01,2026-07-25,42.125,2466.25,0.0
DM-53-05-04-01,2026-07-26,43.125,2544.5,0.0
DM-53-05-04-01,2026-07-27,45.125,2350.0,0.165
DM-53-05-04-01,2026-07-28,41.375,2382.0,0.0
DM-53-05-04-01,2026-07-29,43.5,2425.0,0.0
DM-53-05-04-01,2026-07-30,42.375,2393.5,0.0
DM-53-05-04-01,2026-07-31,45.625,2400.75,0.665
DM-53-05-04-01,2026-08-01,42.75,2474.0,0.0
DM-53-05-04-01,2026-08-02,44.875,2671.25,0.0
DM-53-05-04-01,2026-08-03,45.625,2496.25,0.665
DM-53-05-04-01,2026-08-04,47.5,2466.0,3.206
DM-53-05-04-01,2026-08-05,43.5,2409.25,1.746
DM-53-05-05-01,2026-07-16,68.5,2069.0,
DM-53-05-05-01,2026-07-17,63.25,1986.25,
DM-53-05-05-01,2026-07-18,46.0,2091.25,
DM-53-05-05-01,2026-07-19,48.75,1622.75,
DM-53-05-05-01,2026-07-20,43.875,1933.75,
DM-53-05-05-01,2026-07-21,68.0,2673.75,
DM-53-05-05-01,2026-07-22,61.25,2053.75,
DM-53-05-05-01,2026-07-23,57.875,2226.25,
DM-53-05-05-01,2026-07-24,61.25,2196.25,
DM-53-05-05-01,2026-07-25,56.625,2267.0,
DM-53-05-05-01,2026-07-26,30.125,1477.75,
DM-53-05-05-01,2026-07-27,47.5,1498.75,
DM-53-05-05-01,2026-07-28,45.25,1549.0,
DM-53-05-05-01,2026-07-29,37.125,1620.5,
DM-53-05-05-01,2026-07-30,44.0,1997.75,0.0
DM-53-05-05-01,2026-07-31,59.75,1862.5,1.623
DM-53-05-05-01,2026-08-01,43.125,1787.0,0.0
DM-53-05-05-01,2026-08-02,25.125,1204.0,0.0
DM-53-05-05-01,2026-08-03,26.0,1742.0,0.0
DM-53-05-05-01,2026-08-04,43.875,1926.0,0.0
DM-53-05-05-01,2026-08-05,45.25,1857.75,0.0
DM-53-05-06-01,2026-07-08,,513.0,
DM-53-05-06-01,2026-07-09,21.25,735.0,
DM-53-05-06-01,2026-07-10,16.25,762.0,
DM-53-05-06-01,2026-07-11,17.625,769.25,
DM-53-05-06-01,2026-07-12,18.625,653.0,
DM-53-05-06-01,2026-07-13,16.125,810.5,
DM-53-05-06-01,2026-07-14,15.0,793.5,
DM-53-05-06-01,2026-07-15,12.125,820.0,
DM-53-05-06-01,2026-07-16,16.375,788.5,
DM-53-05-06-01,2026-07-17,13.5,749.5,
DM-53-05-06-01,2026-07-18,12.375,770.5,
DM-53-05-06-01,2026-07-19,13.125,579.0,
DM-53-05-06-01,2026-07-20,12.875,758.75,
DM-53-05-06-01,2026-07-21,9.125,808.0,
DM-53-05-06-01,2026-07-22,16.75,800.75,0.256
DM-53-05-06-01,2026-07-23,15.75,756.25,0.0
DM-53-05-06-01,2026-07-24,9.0,761.75,0.0
DM-53-05-06-01,2026-07-25,11.0,756.5,0.0
DM-53-05-06-01,2026-07-26,9.625,547.5,0.0
DM-53-05-06-01,2026-07-27,7.75,562.75,0.0
DM-53-05-06-01,2026-07-28,12.875,560.5,0.0
DM-53-05-06-01,2026-07-29,9.125,503.5,0.0
DM-53-05-06-01,2026-07-30,12.0,731.0,0.0
DM-53-05-06-01,2026-07-31,10.0,786.0,0.0
DM-53-05-06-01,2026-08-01,11.625,781.75,0.0
DM-53-05-06-01,2026-08-02,15.75,623.5,0.0
DM-53-05-06-01,2026-08-03,9.125,812.5,0.0
DM-53-05-06-01,2026-08-04,15.5,824.25,0.0
DM-53-05-06-01,2026-08-05,15.25,820.25,0.0
DM-53-05-09-02,2026-07-08,,2143.75,
DM-53-05-09-02,2026-07-09,,3818.0,
DM-53-05-09-02,2026-07-10,,3871.5,
DM-53-05-09-02,2026-07-11,,4018.25,
DM-53-05-09-02,2026-07-12,,4057.0,
DM-53-05-09-02,2026-07-13,,3851.25,
DM-53-05-09-02,2026-07-14,,3849.75,
DM-53-05-09-02,2026-07-15,,3814.25,
DM-53-05-09-02,2026-07-16,,3773.25,
DM-53-05-09-02,2026-07-17,,3835.75,
DM-53-05-09-02,2026-07-18,,4083.0,
DM-53-05-09-02,2026-07-19,,4112.5,
DM-53-05-09-02,2026-07-20,,3899.25,
DM-53-05-09-02,2026-07-21,,3891.5,
DM-53-05-09-02,2026-07-22,,3944.0,0.0
DM-53-05-09-02,2026-07-23,,3944.0,0.0
DM-53-05-09-02,2026-07-24,,4073.0,0.0
DM-53-05-09-02,2026-07-25,,4141.0,0.0
DM-53-05-09-02,2026-07-26,,4162.75,0.0
DM-53-05-09-02,2026-07-27,,3965.0,0.0
DM-53-05-09-02,2026-07-28,,4085.75,0.0
DM-53-05-09-02,2026-07-29,,4036.0,0.0
DM-53-05-09-02,2026-07-30,,3994.5,0.0
DM-53-05-09-02,2026-07-31,,3883.75,0.0
DM-53-05-09-02,2026-08-01,,4010.5,0.0
DM-53-05-09-02,2026-08-02,,4118.0,0.0
DM-53-05-09-02,2026-08-03,,3950.5,0.0
DM-53-05-09-02,2026-08-04,,3946.0,0.0
DM-53-05-09-02,2026-08-05,,3961.25,0.0
DM-53-05-10-01,2026-07-08,,1036.5,
DM-53-05-10-01,2026-07-09,,1921.0,
DM-53-05-10-01,2026-07-10,,1863.5,
DM-53-05-10-01,2026-07-11,,2057.5,
DM-53-05-10-01,2026-07-12,,2168.25,
DM-53-05-10-01,2026-07-13,,1887.75,
DM-53-05-10-01,2026-07-14,,1882.75,
DM-53-05-10-01,2026-07-15,,1838.75,
DM-53-05-10-01,2026-07-16,,1781.75,
DM-53-05-10-01,2026-07-17,,1807.0,
DM-53-05-10-01,2026-07-18,,2041.25,
DM-53-05-10-01,2026-07-19,,2173.25,
DM-53-05-10-01,2026-07-20,,1874.75,
DM-53-05-10-01,2026-07-21,,1846.75,
DM-53-05-10-01,2026-07-22,,1854.25,0.0
DM-53-05-10-01,2026-07-23,,1838.75,0.0
DM-53-05-10-01,2026-07-24,,1873.0,0.0
DM-53-05-10-01,2026-07-25,,2002.25,0.0
DM-53-05-10-01,2026-07-26,,2098.0,0.0
DM-53-05-10-01,2026-07-27,,1881.75,0.0
DM-53-05-10-01,2026-07-28,,1980.25,0.0
DM-53-05-10-01,2026-07-29,,1961.0,0.0
DM-53-05-10-01,2026-07-30,,1927.0,0.0
DM-53-05-10-01,2026-07-31,,1872.5,0.0
DM-53-05-10-01,2026-08-01,,1990.75,0.0
DM-53-05-10-01,2026-08-02,,2159.25,0.0
DM-53-05-10-01,2026-08-03,,1912.5,0.0
DM-53-05-10-01,2026-08-04,,1878.0,0.0
DM-53-05-10-01,2026-08-05,,1847.0,0.0
DM-53-06-01-01,2026-07-08,,569.5,
DM-53-06-01-01,2026-07-09,18.0,902.75,
DM-53-06-01-01,2026-07-10,18.875,952.25,
DM-53-06-01-01,2026-07-11,21.25,976.5,
DM-53-06-01-01,2026-07-12,19.75,954.0,
DM-53-06-01-01,2026-07-13,18.25,906.5,
DM-53-06-01-01,2026-07-14,20.375,945.25,
DM-53-06-01-01,2026-07-15,18.25,912.0,
DM-53-06-01-01,2026-07-16,22.25,923.25,
DM-53-06-01-01,2026-07-17,19.5,930.25,
DM-53-06-01-01,2026-07-18,21.375,961.0,
DM-53-06-01-01,2026-07-19,23.375,992.5,
DM-53-06-01-01,2026-07-20,20.5,1000.75,
DM-53-06-01-01,2026-07-21,20.875,962.0,
DM-53-06-01-01,2026-07-22,24.625,893.5,3.636
DM-53-06-01-01,2026-07-23,19.125,904.5,1.771
DM-53-06-01-01,2026-07-24,21.625,929.75,2.407
DM-53-06-01-01,2026-07-25,18.125,994.0,0.0
DM-53-06-01-01,2026-07-26,21.75,965.5,0.761
DM-53-06-01-01,2026-07-27,18.875,954.75,0.0
DM-53-06-01-01,2026-07-28,22.75,945.5,1.761
DM-53-06-01-01,2026-07-29,20.5,967.75,1.271
DM-53-06-01-01,2026-07-30,23.625,1024.0,3.907
DM-53-06-01-01,2026-07-31,23.375,992.5,6.293
DM-53-06-01-01,2026-08-01,20.0,1041.75,5.304
DM-53-06-01-01,2026-08-02,24.625,953.5,8.939
DM-53-06-01-01,2026-08-03,16.5,841.5,4.45
DM-53-06-01-01,2026-08-04,17.375,909.5,0.836
DM-53-06-01-01,2026-08-05,18.5,849.75,0.0
DM-53-06-01-02,2026-07-08,,3908.0,
DM-53-06-01-02,2026-07-09,138.125,6216.25,
DM-53-06-01-02,2026-07-10,151.375,6147.5,
DM-53-06-01-02,2026-07-11,154.375,6203.75,
DM-53-06-01-02,2026-07-12,126.625,6117.75,
DM-53-06-01-02,2026-07-13,143.75,6143.75,
DM-53-06-01-02,2026-07-14,144.625,6228.75,
DM-53-06-01-02,2026-07-15,145.125,6283.25,
DM-53-06-01-02,2026-07-16,139.375,6062.25,
DM-53-06-01-02,2026-07-17,145.0,6068.0,
DM-53-06-01-02,2026-07-18,154.75,6377.25,
DM-53-06-01-02,2026-07-19,143.25,6305.0,
DM-53-06-01-02,2026-07-20,124.5,6406.0,
DM-53-06-01-02,2026-07-21,154.125,6334.5,
DM-53-06-01-02,2026-07-22,138.75,8864.25,0.0
DM-53-06-01-02,2026-07-23,186.75,6710.25,38.652
DM-53-06-01-02,2026-07-24,142.875,6224.0,33.43
DM-53-06-01-02,2026-07-25,150.25,6266.5,35.582
DM-53-06-01-02,2026-07-26,145.0,6075.5,32.484
DM-53-06-01-02,2026-07-27,149.25,6202.25,33.637
DM-53-06-01-02,2026-07-28,142.75,5904.25,28.289
DM-53-06-01-02,2026-07-29,153.875,6079.5,34.066
DM-53-06-01-02,2026-07-30,150.125,6170.0,36.094
DM-53-06-01-02,2026-07-31,146.375,6093.25,34.371
DM-53-06-01-02,2026-08-01,149.25,6287.0,35.523
DM-53-06-01-02,2026-08-02,140.125,6362.25,27.551
DM-53-06-01-02,2026-08-03,150.375,6389.25,29.828
DM-53-06-01-02,2026-08-04,150.625,6506.25,32.355
DM-53-06-01-02,2026-08-05,145.25,6390.25,29.508
DM-53-06-02-01,2026-07-08,,2186.25,
DM-53-06-02-01,2026-07-09,57.375,3378.5,
DM-53-06-02-01,2026-07-10,58.0,3441.75,
DM-53-06-02-01,2026-07-11,60.25,3609.0,
DM-53-06-02-01,2026-07-12,63.125,3634.75,
DM-53-06-02-01,2026-07-13,59.25,3528.5,
DM-53-06-02-01,2026-07-14,55.625,3498.5,
DM-53-06-02-01,2026-07-15,59.625,3511.0,
DM-53-06-02-01,2026-07-16,60.25,3360.25,
DM-53-06-02-01,2026-07-17,60.625,3396.75,
DM-53-06-02-01,2026-07-18,59.875,3802.25,
DM-53-06-02-01,2026-07-19,62.125,3831.25,
DM-53-06-02-01,2026-07-20,58.5,3606.25,
DM-53-06-02-01,2026-07-21,61.875,3584.25,
DM-53-06-02-01,2026-07-22,58.375,3438.75,0.0
DM-53-06-02-01,2026-07-23,60.125,3534.25,0.0
DM-53-06-02-01,2026-07-24,61.25,3535.75,0.535
DM-53-06-02-01,2026-07-25,64.125,3729.0,3.945
DM-53-06-02-01,2026-07-26,61.25,3623.75,4.48
DM-53-06-02-01,2026-07-27,58.5,3448.5,2.265
DM-53-06-02-01,2026-07-28,60.625,3563.25,2.175
DM-53-06-02-01,2026-07-29,63.25,3464.25,4.71
DM-53-06-02-01,2026-07-30,60.125,3539.25,4.12
DM-53-06-02-01,2026-07-31,63.75,3486.25,7.155
DM-53-06-02-01,2026-08-01,62.75,3715.25,9.19
DM-53-06-02-01,2026-08-02,67.0,3852.0,15.475
DM-53-06-02-01,2026-08-03,61.625,3701.5,16.385
DM-53-06-02-01,2026-08-04,63.75,3693.0,19.42
DM-53-06-02-01,2026-08-05,64.75,3603.25,23.455
DM-53-06-05-02,2026-07-08,,2418.0,
DM-53-06-05-02,2026-07-09,,4342.0,
DM-53-06-05-02,2026-07-10,,4462.75,
DM-53-06-05-02,2026-07-11,,4686.5,
DM-53-06-05-02,2026-07-12,,4615.5,
DM-53-06-05-02,2026-07-13,,4457.5,
DM-53-06-05-02,2026-07-14,,4413.25,
DM-53-06-05-02,2026-07-15,,4367.75,
DM-53-06-05-02,2026-07-16,,4339.25,
DM-53-06-05-02,2026-07-17,,4453.5,
DM-53-06-05-02,2026-07-18,,4857.75,
DM-53-06-05-02,2026-07-19,,4807.75,
DM-53-06-05-02,2026-07-20,,4601.25,
DM-53-06-05-02,2026-07-21,,4601.25,
DM-53-06-05-02,2026-07-22,,4542.25,0.0
DM-53-06-05-02,2026-07-23,,4535.25,0.0
DM-53-06-05-02,2026-07-24,,4635.75,0.0
DM-53-06-05-02,2026-07-25,,4868.0,0.0
DM-53-06-05-02,2026-07-26,,4750.75,0.0
DM-53-06-05-02,2026-07-27,,4465.0,0.0
DM-53-06-05-02,2026-07-28,,4622.5,0.0
DM-53-06-05-02,2026-07-29,,4721.5,0.0
DM-53-06-05-02,2026-07-30,,4830.5,0.0
DM-53-06-05-02,2026-07-31,,4773.0,0.0
DM-53-06-05-02,2026-08-01,,5032.5,0.0
DM-53-06-05-02,2026-08-02,,5030.25,0.0
DM-53-06-05-02,2026-08-03,,4860.25,0.0
DM-53-06-05-02,2026-08-04,,4967.5,0.0
DM-53-06-05-02,2026-08-05,,4957.5,0.0
DM-53-06-06-01,2026-07-08,,4452.0,
DM-53-06-06-01,2026-07-09,142.125,7201.5,
DM-53-06-06-01,2026-07-10,156.125,7163.25,
DM-53-06-06-01,2026-07-11,146.375,7554.25,
DM-53-06-06-01,2026-07-12,147.375,7779.75,
DM-53-06-06-01,2026-07-13,141.25,7256.5,
DM-53-06-06-01,2026-07-14,141.625,7243.75,
DM-53-06-06-01,2026-07-15,159.5,7280.25,
DM-53-06-06-01,2026-07-16,150.5,7146.0,
DM-53-06-06-01,2026-07-17,157.125,7268.75,
DM-53-06-06-01,2026-07-18,160.625,7809.25,
DM-53-06-06-01,2026-07-19,157.75,7954.5,
DM-53-06-06-01,2026-07-20,166.625,7410.0,
DM-53-06-06-01,2026-07-21,142.625,7358.5,
DM-53-06-06-01,2026-07-22,159.125,7303.25,3.498
DM-53-06-06-01,2026-07-23,142.375,7395.25,0.0
DM-53-06-06-01,2026-07-24,154.25,7493.5,0.0
DM-53-06-06-01,2026-07-25,148.5,7719.25,0.0
DM-53-06-06-01,2026-07-26,156.5,7695.75,0.873
DM-53-06-06-01,2026-07-27,167.625,7389.5,12.871
DM-53-06-06-01,2026-07-28,139.25,7484.0,0.0
DM-53-06-06-01,2026-07-29,148.875,7565.5,0.0
DM-53-06-06-01,2026-07-30,157.875,7594.0,2.248
DM-53-06-06-01,2026-07-31,174.25,7605.5,20.871
DM-53-06-06-01,2026-08-01,171.375,7916.5,36.618
DM-53-06-06-01,2026-08-02,178.375,8226.5,59.366
DM-53-06-06-01,2026-08-03,166.875,7598.75,70.614
DM-53-06-06-01,2026-08-04,178.25,8071.5,93.237
DM-53-06-06-01,2026-08-05,169.375,6958.25,106.985
DM-53-08-01-02,2026-07-08,0.75,327.0,
DM-53-08-01-02,2026-07-09,0.25,718.0,
DM-53-08-01-02,2026-07-10,0.0,782.25,
DM-53-08-01-02,2026-07-11,0.375,899.75,
DM-53-08-01-02,2026-07-12,0.5,906.25,
DM-53-08-01-02,2026-07-13,0.0,809.0,
DM-53-08-01-02,2026-07-14,1.125,841.5,
DM-53-08-01-02,2026-07-15,0.375,800.75,
DM-53-08-01-02,2026-07-16,0.25,729.25,
DM-53-08-01-02,2026-07-17,1.0,811.75,
DM-53-08-01-02,2026-07-18,0.75,992.5,
DM-53-08-01-02,2026-07-19,0.875,1007.5,
DM-53-08-01-02,2026-07-20,0.625,867.5,
DM-53-08-01-02,2026-07-21,0.125,764.75,
DM-53-08-01-02,2026-07-22,2.5,737.5,1.825
DM-53-08-01-02,2026-07-23,0.25,730.75,1.4
DM-53-08-01-02,2026-07-24,53.0,1272.5,53.724
DM-53-08-01-02,2026-07-25,2.375,767.0,55.424
DM-53-08-01-02,2026-07-26,2.0,870.25,56.749
DM-53-08-01-02,2026-07-27,0.875,760.75,56.949
DM-53-08-01-02,2026-07-28,0.0,819.5,56.274
DM-53-08-01-02,2026-07-29,0.0,763.75,55.598
DM-53-08-01-02,2026-07-30,0.25,777.25,55.173
DM-53-08-01-02,2026-07-31,0.0,762.5,54.498
DM-53-08-01-02,2026-08-01,0.125,853.75,53.948
DM-53-08-01-02,2026-08-02,0.75,922.5,54.023
DM-53-08-01-02,2026-08-03,0.0,867.25,53.348
DM-53-08-01-02,2026-08-04,0.375,771.25,53.047
DM-53-08-01-02,2026-08-05,0.125,728.5,52.497
DM-53-09-03-01,2026-07-08,,150.0,
DM-53-09-03-01,2026-07-09,,262.75,
DM-53-09-03-01,2026-07-10,,1730.75,
DM-53-09-03-01,2026-07-11,,3429.25,
DM-53-09-03-01,2026-07-12,,3478.75,
DM-53-09-03-01,2026-07-13,,3356.75,
DM-53-09-03-01,2026-07-14,,3324.5,
DM-53-09-03-01,2026-07-15,,3235.0,
DM-53-09-03-01,2026-07-16,,3050.0,
DM-53-09-03-01,2026-07-17,,3097.0,
DM-53-09-03-01,2026-07-18,,3296.75,
DM-53-09-03-01,2026-07-19,,3376.75,
DM-53-09-03-01,2026-07-20,,3187.25,
DM-53-09-03-01,2026-07-21,,3120.75,
DM-53-09-03-01,2026-07-22,,3046.0,0.0
DM-53-09-03-01,2026-07-23,,3127.75,0.0
DM-53-09-03-01,2026-07-24,,3137.0,0.0
DM-53-09-03-01,2026-07-25,,3285.25,0.0
DM-53-09-03-01,2026-07-26,,3269.75,0.0
DM-53-09-03-01,2026-07-27,,3126.0,0.0
DM-53-09-03-01,2026-07-28,,3208.25,0.0
DM-53-09-03-01,2026-07-29,,3204.75,0.0
DM-53-09-03-01,2026-07-30,,3160.5,0.0
DM-53-09-03-01,2026-07-31,,3053.5,0.0
DM-53-09-03-01,2026-08-01,,3075.5,0.0
DM-53-09-03-01,2026-08-02,,3244.0,0.0
DM-53-09-03-01,2026-08-03,,3035.75,0.0
DM-53-09-03-01,2026-08-04,,3040.0,0.0
DM-53-09-03-01,2026-08-05,,2963.25,0.0
DM-53-09-05-01,2026-07-08,,1353.25,
DM-53-09-05-01,2026-07-09,52.375,2201.75,
DM-53-09-05-01,2026-07-10,46.0,2160.25,
DM-53-09-05-01,2026-07-11,45.0,2253.5,
DM-53-09-05-01,2026-07-12,45.125,2285.0,
DM-53-09-05-01,2026-07-13,52.625,2244.75,
DM-53-09-05-01,2026-07-14,43.875,2179.0,
DM-53-09-05-01,2026-07-15,44.5,2180.75,
DM-53-09-05-01,2026-07-16,45.75,2112.5,
DM-53-09-05-01,2026-07-17,45.25,2709.25,
DM-53-09-05-01,2026-07-18,114.625,3551.25,
DM-53-09-05-01,2026-07-19,91.625,3318.5,
DM-53-09-05-01,2026-07-20,88.125,3018.75,
DM-53-09-05-01,2026-07-21,112.0,3421.0,
DM-53-09-05-01,2026-07-22,56.5,2414.5,0.0
DM-53-09-05-01,2026-07-23,56.25,2369.25,0.0
DM-53-09-05-01,2026-07-24,54.25,2355.75,0.0
DM-53-09-05-01,2026-07-25,52.375,2401.5,0.0
DM-53-09-05-01,2026-07-26,55.625,2502.75,0.0
DM-53-09-05-01,2026-07-27,53.25,2383.5,0.0
DM-53-09-05-01,2026-07-28,55.25,2444.25,0.0
DM-53-09-05-01,2026-07-29,55.25,2413.75,0.0
DM-53-09-05-01,2026-07-30,54.5,2376.75,0.0
DM-53-09-05-01,2026-07-31,55.875,2388.25,0.0
DM-53-09-05-01,2026-08-01,58.75,2547.5,0.0
DM-53-09-05-01,2026-08-02,61.625,2609.5,0.0
DM-53-09-05-01,2026-08-03,56.25,2420.5,0.0
DM-53-09-05-01,2026-08-04,56.25,2407.25,0.0
DM-53-09-05-01,2026-08-05,51.5,2349.0,0.0
DM-54-01-04-01,2026-07-08,55.75,1338.25,
DM-54-01-04-01,2026-07-09,57.125,2698.75,
DM-54-01-04-01,2026-07-10,64.5,2817.75,
DM-54-01-04-01,2026-07-11,67.0,2895.0,
DM-54-01-04-01,2026-07-12,53.875,2863.5,
DM-54-01-04-01,2026-07-13,50.875,2763.25,
DM-54-01-04-01,2026-07-14,49.875,2519.5,
DM-54-01-04-01,2026-07-15,52.375,2442.5,
DM-54-01-04-01,2026-07-16,47.125,2344.0,
DM-54-01-04-01,2026-07-17,49.0,2388.25,
DM-54-01-04-01,2026-07-18,50.375,2780.75,
DM-54-01-04-01,2026-07-19,52.5,2734.0,
DM-54-01-04-01,2026-07-20,45.75,2474.75,
DM-54-01-04-01,2026-07-21,48.375,2447.25,
DM-54-01-04-01,2026-07-22,49.0,2463.75,0.0
DM-54-01-04-01,2026-07-23,48.5,2186.0,0.0
DM-54-01-04-01,2026-07-24,52.625,2392.0,0.0
DM-54-01-04-01,2026-07-25,48.625,2714.0,0.0
DM-54-01-04-01,2026-07-26,50.125,2760.0,0.0
DM-54-01-04-01,2026-07-27,52.0,2408.75,0.0
DM-54-01-04-01,2026-07-28,49.5,2312.5,0.0
DM-54-01-04-01,2026-07-29,48.625,2358.5,0.0
DM-54-01-04-01,2026-07-30,47.0,2333.25,0.0
DM-54-01-04-01,2026-07-31,51.5,2218.75,0.0
DM-54-01-04-01,2026-08-01,50.375,2581.0,0.0
DM-54-01-04-01,2026-08-02,51.0,2622.0,0.0
DM-54-01-04-01,2026-08-03,47.25,2428.25,0.0
DM-54-01-04-01,2026-08-04,50.0,2365.75,0.0
DM-54-01-04-01,2026-08-05,51.25,2278.25,0.0
DM-54-02-02-02,2026-07-08,,1059.75,
DM-54-02-02-02,2026-07-09,24.5,1888.5,
DM-54-02-02-02,2026-07-10,24.5,1947.25,
DM-54-02-02-02,2026-07-11,33.5,2074.0,
DM-54-02-02-02,2026-07-12,35.25,2036.75,
DM-54-02-02-02,2026-07-13,24.25,1949.25,
DM-54-02-02-02,2026-07-14,25.625,1961.0,
DM-54-02-02-02,2026-07-15,23.75,1865.25,
DM-54-02-02-02,2026-07-16,24.375,1889.0,
DM-54-02-02-02,2026-07-17,24.25,1885.25,
DM-54-02-02-02,2026-07-18,23.0,1969.25,
DM-54-02-02-02,2026-07-19,22.125,1988.75,
DM-54-02-02-02,2026-07-20,27.375,1922.0,
DM-54-02-02-02,2026-07-21,24.5,1887.25,
DM-54-02-02-02,2026-07-22,25.25,1899.75,0.0
DM-54-02-02-02,2026-07-23,24.625,1848.75,0.0
DM-54-02-02-02,2026-07-24,28.0,1985.5,0.174
DM-54-02-02-02,2026-07-25,31.5,2097.25,3.847
DM-54-02-02-02,2026-07-26,24.75,2073.0,0.771
DM-54-02-02-02,2026-07-27,27.0,1980.75,0.0
DM-54-02-02-02,2026-07-28,32.875,2030.25,5.049
DM-54-02-02-02,2026-07-29,24.375,1990.5,1.597
DM-54-02-02-02,2026-07-30,24.375,1997.5,0.0
DM-54-02-02-02,2026-07-31,25.375,1916.5,0.0
DM-54-02-02-02,2026-08-01,34.0,2094.75,6.174
DM-54-02-02-02,2026-08-02,29.25,2095.5,7.597
DM-54-02-02-02,2026-08-03,26.25,2068.5,6.021
DM-54-02-02-02,2026-08-04,24.25,2044.5,2.445
DM-54-02-02-02,2026-08-05,32.875,2047.0,7.493
DM-54-02-03-01,2026-07-08,,3000.25,
DM-54-02-03-01,2026-07-09,106.625,5098.5,
DM-54-02-03-01,2026-07-10,112.875,5162.5,
DM-54-02-03-01,2026-07-11,113.75,5380.0,
DM-54-02-03-01,2026-07-12,120.375,5349.0,
DM-54-02-03-01,2026-07-13,107.625,5091.25,
DM-54-02-03-01,2026-07-14,117.625,5093.5,
DM-54-02-03-01,2026-07-15,105.5,4834.5,
DM-54-02-03-01,2026-07-16,107.625,4925.5,
DM-54-02-03-01,2026-07-17,108.5,4960.25,
DM-54-02-03-01,2026-07-18,108.25,5348.25,
DM-54-02-03-01,2026-07-19,118.5,5394.25,
DM-54-02-03-01,2026-07-20,117.125,5075.5,
DM-54-02-03-01,2026-07-21,118.125,4728.75,
DM-54-02-03-01,2026-07-22,85.5,5054.25,0.0
DM-54-02-03-01,2026-07-23,103.875,4814.5,0.0
DM-54-02-03-01,2026-07-24,106.75,5091.0,0.0
DM-54-02-03-01,2026-07-25,107.125,5251.75,0.0
DM-54-02-03-01,2026-07-26,108.875,5272.0,0.0
DM-54-02-03-01,2026-07-27,110.375,4978.75,0.0
DM-54-02-03-01,2026-07-28,115.375,4864.0,0.302
DM-54-02-03-01,2026-07-29,103.875,4960.5,0.0
DM-54-02-03-01,2026-07-30,108.125,4935.5,0.0
DM-54-02-03-01,2026-07-31,107.75,4831.75,0.0
DM-54-02-03-01,2026-08-01,115.625,5111.5,0.552
DM-54-02-03-01,2026-08-02,120.75,5222.75,6.23
DM-54-02-03-01,2026-08-03,113.625,5065.75,4.782
DM-54-02-03-01,2026-08-04,115.125,5043.5,4.835
DM-54-02-03-01,2026-08-05,117.25,4847.75,7.012
DM-54-02-04-04,2026-07-08,,2141.0,
DM-54-02-04-04,2026-07-09,62.625,3715.0,
DM-54-02-04-04,2026-07-10,62.375,3859.25,
DM-54-02-04-04,2026-07-11,76.5,3974.5,
DM-54-02-04-04,2026-07-12,73.375,3927.25,
DM-54-02-04-04,2026-07-13,60.875,3774.75,
DM-54-02-04-04,2026-07-14,63.625,3670.0,
DM-54-02-04-04,2026-07-15,57.875,3576.5,
DM-54-02-04-04,2026-07-16,58.5,3559.0,
DM-54-02-04-04,2026-07-17,58.75,3502.75,
DM-54-02-04-04,2026-07-18,64.75,3990.25,
DM-54-02-04-04,2026-07-19,62.125,3997.25,
DM-54-02-04-04,2026-07-20,66.875,3736.75,
DM-54-02-04-04,2026-07-21,60.125,3675.5,
DM-54-02-04-04,2026-07-22,61.125,3559.25,0.0
DM-54-02-04-04,2026-07-23,57.125,3374.5,0.0
DM-54-02-04-04,2026-07-24,65.75,3690.75,0.0
DM-54-02-04-04,2026-07-25,66.125,3854.5,0.0
DM-54-02-04-04,2026-07-26,60.0,3828.0,0.0
DM-54-02-04-04,2026-07-27,65.125,3570.75,0.0
DM-54-02-04-04,2026-07-28,74.375,3552.75,7.95
DM-54-02-04-04,2026-07-29,60.625,3599.75,2.149
DM-54-02-04-04,2026-07-30,61.0,3544.25,0.0
DM-54-02-04-04,2026-07-31,60.0,3421.5,0.0
DM-54-02-04-04,2026-08-01,71.0,3713.5,4.575
DM-54-02-04-04,2026-08-02,64.375,3859.25,2.524
DM-54-02-04-04,2026-08-03,63.125,3785.0,0.0
DM-54-02-04-04,2026-08-04,53.5,3594.5,0.0
DM-54-02-04-04,2026-08-05,64.375,3469.25,0.0
DM-54-02-05-01,2026-07-08,,3087.5,
DM-54-02-05-01,2026-07-09,,6058.25,
DM-54-02-05-01,2026-07-10,,6201.5,
DM-54-02-05-01,2026-07-11,,6373.75,
DM-54-02-05-01,2026-07-12,,6188.75,
DM-54-02-05-01,2026-07-13,,5978.0,
DM-54-02-05-01,2026-07-14,,5874.75,
DM-54-02-05-01,2026-07-15,,5924.5,
DM-54-02-05-01,2026-07-16,,5892.25,
DM-54-02-05-01,2026-07-17,,5812.25,
DM-54-02-05-01,2026-07-18,,6137.25,
DM-54-02-05-01,2026-07-19,,6235.25,
DM-54-02-05-01,2026-07-20,,5990.25,
DM-54-02-05-01,2026-07-21,,5920.0,
DM-54-02-05-01,2026-07-22,,5896.25,0.0
DM-54-02-05-01,2026-07-23,,5678.0,0.0
DM-54-02-05-01,2026-07-24,,5939.5,0.0
DM-54-02-05-01,2026-07-25,,6233.5,0.0
DM-54-02-05-01,2026-07-26,,6208.75,0.0
DM-54-02-05-01,2026-07-27,,5840.0,0.0
DM-54-02-05-01,2026-07-28,,5799.5,0.0
DM-54-02-05-01,2026-07-29,,5903.5,0.0
DM-54-02-05-01,2026-07-30,,6004.75,0.0
DM-54-02-05-01,2026-07-31,,5804.0,0.0
DM-54-02-05-01,2026-08-01,,6140.75,0.0
DM-54-02-05-01,2026-08-02,,6075.0,0.0
DM-54-02-05-01,2026-08-03,,5962.0,0.0
DM-54-02-05-01,2026-08-04,,5893.25,0.0
DM-54-02-05-01,2026-08-05,,5846.0,0.0
DM-54-02-05-02,2026-07-08,,974.75,
DM-54-02-05-02,2026-07-09,30.625,1731.25,
DM-54-02-05-02,2026-07-10,32.25,1777.75,
DM-54-02-05-02,2026-07-11,39.125,1839.5,
DM-54-02-05-02,2026-07-12,39.375,1778.75,
DM-54-02-05-02,2026-07-13,27.125,1706.75,
DM-54-02-05-02,2026-07-14,28.875,1729.75,
DM-54-02-05-02,2026-07-15,28.0,1734.25,
DM-54-02-05-02,2026-07-16,27.5,1697.25,
DM-54-02-05-02,2026-07-17,26.875,1720.25,
DM-54-02-05-02,2026-07-18,24.875,1803.75,
DM-54-02-05-02,2026-07-19,25.0,1773.75,
DM-54-02-05-02,2026-07-20,30.0,1740.5,
DM-54-02-05-02,2026-07-21,25.625,1740.75,
DM-54-02-05-02,2026-07-22,25.125,1718.0,0.0
DM-54-02-05-02,2026-07-23,26.375,1705.5,0.0
DM-54-02-05-02,2026-07-24,31.875,1798.75,0.0
DM-54-02-05-02,2026-07-25,36.25,1830.0,4.316
DM-54-02-05-02,2026-07-26,25.5,1782.75,0.0
DM-54-02-05-02,2026-07-27,26.5,1711.0,0.0
DM-54-02-05-02,2026-07-28,35.875,1747.5,3.941
DM-54-02-05-02,2026-07-29,26.125,1721.0,0.0
DM-54-02-05-02,2026-07-30,24.375,1779.75,0.0
DM-54-02-05-02,2026-07-31,25.75,1721.5,0.0
DM-54-02-05-02,2026-08-01,34.5,1834.5,2.566
DM-54-02-05-02,2026-08-02,33.625,1816.75,4.258
DM-54-02-05-02,2026-08-03,27.625,1779.5,0.0
DM-54-02-05-02,2026-08-04,25.5,1752.25,0.0
DM-54-02-05-02,2026-08-05,33.375,1738.0,1.441
DM-54-02-05-03,2026-07-08,,805.75,
DM-54-02-05-03,2026-07-09,73.75,1532.75,
DM-54-02-05-03,2026-07-10,81.25,1541.25,
DM-54-02-05-03,2026-07-11,79.0,1555.75,
DM-54-02-05-03,2026-07-12,75.0,1492.75,
DM-54-02-05-03,2026-07-13,81.75,1538.0,
DM-54-02-05-03,2026-07-14,78.75,1508.25,
DM-54-02-05-03,2026-07-15,93.75,1588.0,
DM-54-02-05-03,2026-07-16,74.125,1522.75,
DM-54-02-05-03,2026-07-17,86.25,1611.25,
DM-54-02-05-03,2026-07-18,70.375,1552.0,
DM-54-02-05-03,2026-07-19,64.25,1532.5,
DM-54-02-05-03,2026-07-20,63.625,1526.75,
DM-54-02-05-03,2026-07-21,62.125,1397.25,
DM-54-02-05-03,2026-07-22,30.0,1476.25,0.0
DM-54-02-05-03,2026-07-23,31.625,1472.75,0.0
DM-54-02-05-03,2026-07-24,32.75,1534.75,0.0
DM-54-02-05-03,2026-07-25,34.875,1556.75,0.0
DM-54-02-05-03,2026-07-26,29.625,1537.0,0.0
DM-54-02-05-03,2026-07-27,39.625,1501.25,0.0
DM-54-02-05-03,2026-07-28,36.125,1560.5,0.0
DM-54-02-05-03,2026-07-29,30.75,1538.25,0.0
DM-54-02-05-03,2026-07-30,29.5,1583.0,0.0
DM-54-02-05-03,2026-07-31,50.812,1518.38,0.0
DM-54-02-05-03,2026-08-01,35.125,1598.75,0.0
DM-54-02-05-03,2026-08-02,33.5,1552.25,0.0
DM-54-02-05-03,2026-08-03,32.25,1526.0,0.0
DM-54-02-05-03,2026-08-04,31.0,1510.5,0.0
DM-54-02-05-03,2026-08-05,35.125,1504.75,0.0
DM-54-03-01-02,2026-07-08,80.75,1839.5,
DM-54-03-01-02,2026-07-09,77.25,3608.0,
DM-54-03-01-02,2026-07-10,88.5,3666.5,
DM-54-03-01-02,2026-07-11,87.25,3802.5,
DM-54-03-01-02,2026-07-12,78.5,3808.0,
DM-54-03-01-02,2026-07-13,76.5,3743.75,
DM-54-03-01-02,2026-07-14,77.25,3591.5,
DM-54-03-01-02,2026-07-15,81.25,3634.0,
DM-54-03-01-02,2026-07-16,80.875,3649.0,
DM-54-03-01-02,2026-07-17,80.875,3604.5,
DM-54-03-01-02,2026-07-18,81.25,3904.25,
DM-54-03-01-02,2026-07-19,84.25,3975.25,
DM-54-03-01-02,2026-07-20,80.625,3770.25,
DM-54-03-01-02,2026-07-21,78.625,3753.25,
DM-54-03-01-02,2026-07-22,79.5,3710.75,0.0
DM-54-03-01-02,2026-07-23,82.875,3607.0,0.169
DM-54-03-01-02,2026-07-24,81.875,3639.75,0.0
DM-54-03-01-02,2026-07-25,76.875,3771.25,0.0
DM-54-03-01-02,2026-07-26,78.75,3831.75,0.0
DM-54-03-01-02,2026-07-27,82.0,3543.0,0.0
DM-54-03-01-02,2026-07-28,77.375,3533.25,0.0
DM-54-03-01-02,2026-07-29,76.0,3588.0,0.0
DM-54-03-01-02,2026-07-30,77.75,3599.25,0.0
DM-54-03-01-02,2026-07-31,90.625,3584.75,7.919
DM-54-03-01-02,2026-08-01,90.25,3671.25,15.462
DM-54-03-01-02,2026-08-02,89.0,3812.5,21.756
DM-54-03-01-02,2026-08-03,88.375,3718.0,27.424
DM-54-03-01-02,2026-08-04,89.125,3614.5,33.843
DM-54-03-01-02,2026-08-05,84.375,3342.0,35.511
DM-54-03-01-03,2026-07-08,,1116.25,
DM-54-03-01-03,2026-07-09,,2177.0,
DM-54-03-01-03,2026-07-10,,2197.0,
DM-54-03-01-03,2026-07-11,,2331.5,
DM-54-03-01-03,2026-07-12,,2327.75,
DM-54-03-01-03,2026-07-13,,2155.5,
DM-54-03-01-03,2026-07-14,,2095.0,
DM-54-03-01-03,2026-07-15,,2091.5,
DM-54-03-01-03,2026-07-16,,2097.0,
DM-54-03-01-03,2026-07-17,,2129.75,
DM-54-03-01-03,2026-07-18,,2396.0,
DM-54-03-01-03,2026-07-19,,2440.75,
DM-54-03-01-03,2026-07-20,,2245.5,
DM-54-03-01-03,2026-07-21,,2200.25,
DM-54-03-01-03,2026-07-22,,2179.5,0.0
DM-54-03-01-03,2026-07-23,,2116.0,0.0
DM-54-03-01-03,2026-07-24,,2222.0,0.0
DM-54-03-01-03,2026-07-25,,2410.25,0.0
DM-54-03-01-03,2026-07-26,,2429.5,0.0
DM-54-03-01-03,2026-07-27,,2226.5,0.0
DM-54-03-01-03,2026-07-28,,2231.75,0.0
DM-54-03-01-03,2026-07-29,,2291.5,0.0
DM-54-03-01-03,2026-07-30,,2306.75,0.0
DM-54-03-01-03,2026-07-31,,2149.0,0.0
DM-54-03-01-03,2026-08-01,,2328.0,0.0
DM-54-03-01-03,2026-08-02,,2393.75,0.0
DM-54-03-01-03,2026-08-03,,2295.25,0.0
DM-54-03-01-03,2026-08-04,,2200.0,0.0
DM-54-03-01-03,2026-08-05,,2117.25,0.0
DM-54-03-02-01,2026-07-08,,1186.75,
DM-54-03-02-01,2026-07-09,32.375,2000.5,
DM-54-03-02-01,2026-07-10,34.5,2068.0,
DM-54-03-02-01,2026-07-11,41.125,2109.25,
DM-54-03-02-01,2026-07-12,37.125,2152.5,
DM-54-03-02-01,2026-07-13,33.375,2001.0,
DM-54-03-02-01,2026-07-14,31.375,2020.0,
DM-54-03-02-01,2026-07-15,33.0,2057.75,
DM-54-03-02-01,2026-07-16,34.5,2077.5,
DM-54-03-02-01,2026-07-17,41.75,2195.75,
DM-54-03-02-01,2026-07-18,37.125,2257.75,
DM-54-03-02-01,2026-07-19,33.5,2205.75,
DM-54-03-02-01,2026-07-20,36.625,2118.25,
DM-54-03-02-01,2026-07-21,36.25,2134.75,
DM-54-03-02-01,2026-07-22,39.125,2125.5,2.011
DM-54-03-02-01,2026-07-23,37.25,2024.0,2.148
DM-54-03-02-01,2026-07-24,33.375,2044.5,0.0
DM-54-03-02-01,2026-07-25,37.75,2194.0,0.636
DM-54-03-02-01,2026-07-26,37.625,2239.0,1.148
DM-54-03-02-01,2026-07-27,39.25,2112.75,3.284
DM-54-03-02-01,2026-07-28,38.75,2027.0,4.921
DM-54-03-02-01,2026-07-29,35.25,2118.0,3.057
DM-54-03-02-01,2026-07-30,35.75,2115.0,1.693
DM-54-03-02-01,2026-07-31,36.5,2042.75,1.08
DM-54-03-02-01,2026-08-01,39.5,2098.25,3.466
DM-54-03-02-01,2026-08-02,36.5,2137.5,2.852
DM-54-03-02-01,2026-08-03,38.0,2080.25,3.739
DM-54-03-02-01,2026-08-04,33.375,2020.0,0.0
DM-54-03-02-01,2026-08-05,36.25,1941.25,0.0
DM-54-03-02-02,2026-07-08,,3822.75,
DM-54-03-02-02,2026-07-09,127.625,6593.75,
DM-54-03-02-02,2026-07-10,126.5,6687.5,
DM-54-03-02-02,2026-07-11,136.75,7031.25,
DM-54-03-02-02,2026-07-12,139.75,7020.75,
DM-54-03-02-02,2026-07-13,119.625,6522.0,
DM-54-03-02-02,2026-07-14,120.75,6471.25,
DM-54-03-02-02,2026-07-15,122.25,6563.5,
DM-54-03-02-02,2026-07-16,127.75,6663.75,
DM-54-03-02-02,2026-07-17,126.125,6723.5,
DM-54-03-02-02,2026-07-18,134.75,7356.5,
DM-54-03-02-02,2026-07-19,133.5,7446.5,
DM-54-03-02-02,2026-07-20,137.125,6955.25,
DM-54-03-02-02,2026-07-21,130.875,6938.25,
DM-54-03-02-02,2026-07-22,133.0,6921.25,0.363
DM-54-03-02-02,2026-07-23,137.125,5203.0,4.851
DM-54-03-02-02,2026-07-24,89.5,6585.0,0.0
DM-54-03-02-02,2026-07-25,133.375,7248.25,0.738
DM-54-03-02-02,2026-07-26,130.0,7251.25,0.0
DM-54-03-02-02,2026-07-27,129.75,6744.75,0.0
DM-54-03-02-02,2026-07-28,137.625,6770.25,4.988
DM-54-03-02-02,2026-07-29,126.875,6808.0,0.0
DM-54-03-02-02,2026-07-30,125.875,6851.75,0.0
DM-54-03-02-02,2026-07-31,132.0,6668.75,0.0
DM-54-03-02-02,2026-08-01,138.375,7062.0,5.738
DM-54-03-02-02,2026-08-02,139.5,7234.75,12.601
DM-54-03-02-02,2026-08-03,128.75,6914.25,8.714
DM-54-03-02-02,2026-08-04,124.375,6798.0,0.452
DM-54-03-02-02,2026-08-05,134.875,6690.0,2.691
DM-54-03-02-03,2026-07-08,,2974.75,
DM-54-03-02-03,2026-07-09,107.75,5166.5,
DM-54-03-02-03,2026-07-10,107.125,5184.25,
DM-54-03-02-03,2026-07-11,115.25,5406.5,
DM-54-03-02-03,2026-07-12,116.375,5385.75,
DM-54-03-02-03,2026-07-13,104.0,5093.0,
DM-54-03-02-03,2026-07-14,104.625,5041.0,
DM-54-03-02-03,2026-07-15,105.125,5212.5,
DM-54-03-02-03,2026-07-16,114.375,5377.5,
DM-54-03-02-03,2026-07-17,113.625,5391.5,
DM-54-03-02-03,2026-07-18,119.375,5866.5,
DM-54-03-02-03,2026-07-19,119.375,5937.75,
DM-54-03-02-03,2026-07-20,121.875,5632.25,
DM-54-03-02-03,2026-07-21,117.125,5601.0,
DM-54-03-02-03,2026-07-22,117.75,5565.25,1.973
DM-54-03-02-03,2026-07-23,120.875,5961.25,7.072
DM-54-03-02-03,2026-07-24,144.875,5905.0,36.17
DM-54-03-02-03,2026-07-25,125.0,5825.5,45.393
DM-54-03-02-03,2026-07-26,116.875,5777.0,46.491
DM-54-03-02-03,2026-07-27,116.875,5428.25,47.59
DM-54-03-02-03,2026-07-28,122.25,5393.75,54.063
DM-54-03-02-03,2026-07-29,115.25,5443.0,53.536
DM-54-03-02-03,2026-07-30,114.0,5472.75,51.76
DM-54-03-02-03,2026-07-31,117.625,5324.75,53.608
DM-54-03-02-03,2026-08-01,122.375,5588.0,60.206
DM-54-03-02-03,2026-08-02,121.75,5700.25,66.179
DM-54-03-02-03,2026-08-03,115.25,5544.25,65.653
DM-54-03-02-03,2026-08-04,113.25,5449.25,63.126
DM-54-03-02-03,2026-08-05,119.875,5357.0,67.224
DM-54-04-01-01,2026-07-08,,1060.75,
DM-54-04-01-01,2026-07-09,33.875,1890.0,
DM-54-04-01-01,2026-07-10,35.375,1881.25,
DM-54-04-01-01,2026-07-11,37.125,1954.5,
DM-54-04-01-01,2026-07-12,39.0,2004.0,
DM-54-04-01-01,2026-07-13,33.625,1882.75,
DM-54-04-01-01,2026-07-14,34.25,1645.0,
DM-54-04-01-01,2026-07-15,36.5,1889.0,
DM-54-04-01-01,2026-07-16,33.625,1804.75,
DM-54-04-01-01,2026-07-17,32.125,1833.5,
DM-54-04-01-01,2026-07-18,33.0,1939.75,
DM-54-04-01-01,2026-07-19,31.875,1936.25,
DM-54-04-01-01,2026-07-20,35.75,1865.0,
DM-54-04-01-01,2026-07-21,30.5,1841.75,
DM-54-04-01-01,2026-07-22,33.125,1828.0,0.0
DM-54-04-01-01,2026-07-23,32.5,1800.25,0.0
DM-54-04-01-01,2026-07-24,33.75,1866.5,0.0
DM-54-04-01-01,2026-07-25,34.75,1964.5,0.0
DM-54-04-01-01,2026-07-26,32.875,1947.25,0.0
DM-54-04-01-01,2026-07-27,32.125,1827.75,0.0
DM-54-04-01-01,2026-07-28,35.625,1819.75,0.143
DM-54-04-01-01,2026-07-29,32.75,1822.75,0.0
DM-54-04-01-01,2026-07-30,31.375,1835.25,0.0
DM-54-04-01-01,2026-07-31,33.25,1793.0,0.0
DM-54-04-01-01,2026-08-01,33.5,1914.5,0.0
DM-54-04-01-01,2026-08-02,35.375,1966.75,0.0
DM-54-04-01-01,2026-08-03,31.75,1869.0,0.0
DM-54-04-01-01,2026-08-04,31.625,1798.75,0.0
DM-54-04-01-01,2026-08-05,33.5,1790.5,0.0
DM-54-04-02-01,2026-07-08,,1405.5,
DM-54-04-02-01,2026-07-09,48.0,2485.5,
DM-54-04-02-01,2026-07-10,45.75,2472.5,
DM-54-04-02-01,2026-07-11,56.125,2670.5,
DM-54-04-02-01,2026-07-12,53.875,2669.0,
DM-54-04-02-01,2026-07-13,46.125,2474.0,
DM-54-04-02-01,2026-07-14,45.875,2465.25,
DM-54-04-02-01,2026-07-15,46.875,2381.25,
DM-54-04-02-01,2026-07-16,47.0,2332.75,
DM-54-04-02-01,2026-07-17,43.75,2349.0,
DM-54-04-02-01,2026-07-18,45.5,2572.5,
DM-54-04-02-01,2026-07-19,45.375,2635.5,
DM-54-04-02-01,2026-07-20,49.875,2458.25,
DM-54-04-02-01,2026-07-21,44.375,2433.25,
DM-54-04-02-01,2026-07-22,45.25,2414.25,0.0
DM-54-04-02-01,2026-07-23,46.0,2363.5,0.0
DM-54-04-02-01,2026-07-24,47.625,2448.75,0.0
DM-54-04-02-01,2026-07-25,49.0,2586.5,0.0
DM-54-04-02-01,2026-07-26,47.5,2603.0,0.0
DM-54-04-02-01,2026-07-27,45.75,2331.75,0.0
DM-54-04-02-01,2026-07-28,47.625,2324.25,0.0
DM-54-04-02-01,2026-07-29,43.375,2390.0,0.0
DM-54-04-02-01,2026-07-30,44.5,2402.25,0.0
DM-54-04-02-01,2026-07-31,44.375,2356.25,0.0
DM-54-04-02-01,2026-08-01,51.375,2536.25,2.036
DM-54-04-02-01,2026-08-02,48.375,2596.5,1.072
DM-54-04-02-01,2026-08-03,45.5,2363.5,0.0
DM-54-04-02-01,2026-08-04,52.625,2446.5,3.286
DM-54-04-02-01,2026-08-05,51.375,2381.0,5.322
DM-54-04-02-02,2026-07-09,30.375,1695.5,
DM-54-04-02-02,2026-07-10,30.75,1648.25,
DM-54-04-02-02,2026-07-11,46.5,2345.62,
DM-54-04-02-02,2026-07-12,46.5,2345.62,
DM-54-04-02-02,2026-07-13,29.75,1653.5,
DM-54-04-02-02,2026-07-14,30.375,1647.75,
DM-54-04-02-02,2026-07-15,46.5,2345.62,
DM-54-04-02-02,2026-07-16,46.5,2345.62,
DM-54-04-02-02,2026-07-17,42.625,2233.25,
DM-54-04-02-02,2026-07-18,44.875,2429.25,
DM-54-04-02-02,2026-07-19,43.875,2504.75,
DM-54-04-02-02,2026-07-20,46.75,2339.0,
DM-54-04-02-02,2026-07-21,46.75,2363.25,
DM-54-04-02-02,2026-07-22,44.125,2345.5,
DM-54-04-02-02,2026-07-23,46.625,2308.25,1.98
DM-54-04-02-02,2026-07-24,48.0,2404.25,5.335
DM-54-04-02-02,2026-07-25,49.875,2570.25,10.565
DM-54-04-02-02,2026-07-26,46.75,2551.75,12.67
DM-54-04-02-02,2026-07-27,48.0,2387.75,16.025
DM-54-04-02-02,2026-07-28,50.875,2398.75,22.255
DM-54-04-02-02,2026-07-29,45.875,2391.5,23.485
DM-54-04-02-02,2026-07-30,46.625,2404.5,25.465
DM-54-04-02-02,2026-07-31,46.0,2333.0,26.82
DM-54-04-02-02,2026-08-01,50.75,2502.5,32.925
DM-54-04-02-02,2026-08-02,47.75,2543.0,36.03
DM-54-04-02-02,2026-08-03,46.375,2374.0,37.76
DM-54-04-02-02,2026-08-04,54.125,2343.75,47.24
DM-54-04-02-02,2026-08-05,50.125,2336.5,52.72
DM-54-04-03-04,2026-07-08,25.25,428.75,
DM-54-04-03-04,2026-07-09,27.875,840.75,
DM-54-04-03-04,2026-07-10,29.5,874.75,
DM-54-04-03-04,2026-07-11,26.5,829.25,
DM-54-04-03-04,2026-07-12,27.125,811.25,
DM-54-04-03-04,2026-07-13,29.5,891.75,
DM-54-04-03-04,2026-07-14,29.25,886.0,
DM-54-04-03-04,2026-07-15,48.125,1304.25,
DM-54-04-03-04,2026-07-16,46.75,1381.25,
DM-54-04-03-04,2026-07-17,41.0,1302.25,
DM-54-04-03-04,2026-07-18,39.25,1343.75,
DM-54-04-03-04,2026-07-19,45.375,1354.0,
DM-54-04-03-04,2026-07-20,44.375,1371.25,
DM-54-04-03-04,2026-07-21,44.5,1367.5,
DM-54-04-03-04,2026-07-22,42.375,1289.5,2.103
DM-54-04-03-04,2026-07-23,25.625,557.5,0.0
DM-54-04-03-04,2026-07-24,39.75,1162.75,0.0
DM-54-04-03-04,2026-07-25,40.625,1342.0,0.353
DM-54-04-03-04,2026-07-26,44.5,1344.25,4.582
DM-54-04-03-04,2026-07-27,42.5,1327.75,6.81
DM-54-04-03-04,2026-07-28,45.75,1287.25,12.288
DM-54-04-03-04,2026-07-29,46.0,1311.25,18.017
DM-54-04-03-04,2026-07-30,42.375,1302.75,20.12
DM-54-04-03-04,2026-07-31,41.875,1323.75,21.723
DM-54-04-03-04,2026-08-01,43.75,1314.25,25.202
DM-54-04-03-04,2026-08-02,47.625,1360.5,32.555
DM-54-04-03-04,2026-08-03,48.875,1463.75,41.158
DM-54-04-03-04,2026-08-04,50.625,1435.75,51.512
DM-54-04-03-04,2026-08-05,52.625,1390.75,63.865
DM-54-05-01-01,2026-07-08,,661.75,
DM-54-05-01-01,2026-07-09,13.625,1004.25,
DM-54-05-01-01,2026-07-10,17.25,1026.75,
DM-54-05-01-01,2026-07-11,16.5,1122.5,
DM-54-05-01-01,2026-07-12,19.375,1093.75,
DM-54-05-01-01,2026-07-13,28.0,986.75,
DM-54-05-01-01,2026-07-14,14.625,933.0,
DM-54-05-01-01,2026-07-15,16.875,985.5,
DM-54-05-01-01,2026-07-16,16.625,942.0,
DM-54-05-01-01,2026-07-17,13.25,982.5,
DM-54-05-01-01,2026-07-18,17.0,1040.0,
DM-54-05-01-01,2026-07-19,26.5,1086.25,
DM-54-05-01-01,2026-07-20,27.625,943.0,
DM-54-05-01-01,2026-07-21,15.75,913.0,
DM-54-05-01-01,2026-07-22,14.5,930.75,0.0
DM-54-05-01-01,2026-07-23,13.0,934.25,0.0
DM-54-05-01-01,2026-07-24,13.125,952.75,0.0
DM-54-05-01-01,2026-07-25,18.125,1039.0,0.0
DM-54-05-01-01,2026-07-26,24.125,1067.25,2.93
DM-54-05-01-01,2026-07-27,23.25,1036.0,4.985
DM-54-05-01-01,2026-07-28,13.5,992.75,0.0
DM-54-05-01-01,2026-07-29,29.75,1059.0,8.555
DM-54-05-01-01,2026-07-30,24.25,1016.25,11.61
DM-54-05-01-01,2026-07-31,17.125,973.75,7.54
DM-54-05-01-01,2026-08-01,16.375,1051.0,2.72
DM-54-05-01-01,2026-08-02,24.625,1078.25,6.15
DM-54-05-01-01,2026-08-03,25.75,998.5,10.706
DM-54-05-01-01,2026-08-04,7.75,882.0,0.0
DM-54-05-01-01,2026-08-05,13.75,939.5,0.0
DM-54-05-01-02,2026-07-08,,3242.25,
DM-54-05-01-02,2026-07-09,,5826.0,
DM-54-05-01-02,2026-07-10,,5991.75,
DM-54-05-01-02,2026-07-11,,6385.5,
DM-54-05-01-02,2026-07-12,,6343.5,
DM-54-05-01-02,2026-07-13,,5682.75,
DM-54-05-01-02,2026-07-14,,5695.5,
DM-54-05-01-02,2026-07-15,,5738.5,
DM-54-05-01-02,2026-07-16,,5708.5,
DM-54-05-01-02,2026-07-17,,5747.0,
DM-54-05-01-02,2026-07-18,,6152.0,
DM-54-05-01-02,2026-07-19,,6336.75,
DM-54-05-01-02,2026-07-20,,5692.25,
DM-54-05-01-02,2026-07-21,,5648.25,
DM-54-05-01-02,2026-07-22,,5675.25,0.0
DM-54-05-01-02,2026-07-23,,5558.5,0.0
DM-54-05-01-02,2026-07-24,,5787.5,0.0
DM-54-05-01-02,2026-07-25,,6147.0,0.0
DM-54-05-01-02,2026-07-26,,6258.25,0.0
DM-54-05-01-02,2026-07-27,,5801.5,0.0
DM-54-05-01-02,2026-07-28,,5981.25,0.0
DM-54-05-01-02,2026-07-29,,5989.0,0.0
DM-54-05-01-02,2026-07-30,,5872.0,0.0
DM-54-05-01-02,2026-07-31,,5697.25,0.0
DM-54-05-01-02,2026-08-01,,6211.0,0.0
DM-54-05-01-02,2026-08-02,,6170.5,0.0
DM-54-05-01-02,2026-08-03,,5798.25,0.0
DM-54-05-01-02,2026-08-04,,5616.75,0.0
DM-54-05-01-02,2026-08-05,,5611.25,0.0
DM-54-05-02-01,2026-07-08,,1899.75,
DM-54-05-02-01,2026-07-09,74.875,3388.0,
DM-54-05-02-01,2026-07-10,67.125,3387.5,
DM-54-05-02-01,2026-07-11,78.5,3566.0,
DM-54-05-02-01,2026-07-12,71.875,3492.25,
DM-54-05-02-01,2026-07-13,66.0,3367.75,
DM-54-05-02-01,2026-07-14,68.75,3293.0,
DM-54-05-02-01,2026-07-15,67.5,3412.75,
DM-54-05-02-01,2026-07-16,68.125,3364.5,
DM-54-05-02-01,2026-07-17,65.625,3327.5,
DM-54-05-02-01,2026-07-18,64.375,3556.75,
DM-54-05-02-01,2026-07-19,63.5,3523.5,
DM-54-05-02-01,2026-07-20,69.0,3399.75,
DM-54-05-02-01,2026-07-21,65.375,3371.25,
DM-54-05-02-01,2026-07-22,65.0,3407.25,0.0
DM-54-05-02-01,2026-07-23,63.625,3253.5,0.0
DM-54-05-02-01,2026-07-24,74.75,3433.0,4.176
DM-54-05-02-01,2026-07-25,68.875,3557.25,2.476
DM-54-05-02-01,2026-07-26,70.125,3515.0,2.027
DM-54-05-02-01,2026-07-27,64.75,3364.25,0.0
DM-54-05-02-01,2026-07-28,69.375,3343.75,0.0
DM-54-05-02-01,2026-07-29,63.0,3353.5,0.0
DM-54-05-02-01,2026-07-30,67.0,3391.0,0.0
DM-54-05-02-01,2026-07-31,68.25,3193.25,0.0
DM-54-05-02-01,2026-08-01,69.75,3310.75,0.0
DM-54-05-02-01,2026-08-02,64.0,3363.5,0.0
DM-54-05-02-01,2026-08-03,62.375,3315.75,0.0
DM-54-05-02-01,2026-08-04,61.125,3274.0,0.0
DM-54-05-02-01,2026-08-05,67.25,3170.5,0.0
DM-54-06-04-03,2026-07-08,,1363.75,
DM-54-06-04-03,2026-07-09,,2818.25,
DM-54-06-04-03,2026-07-10,,2711.5,
DM-54-06-04-03,2026-07-11,,2800.75,
DM-54-06-04-03,2026-07-12,,2870.75,
DM-54-06-04-03,2026-07-13,,2704.0,
DM-54-06-04-03,2026-07-14,,2576.25,
DM-54-06-04-03,2026-07-15,,2560.0,
DM-54-06-04-03,2026-07-16,,2515.5,
DM-54-06-04-03,2026-07-17,,2607.5,
DM-54-06-04-03,2026-07-18,,2862.5,
DM-54-06-04-03,2026-07-19,,2833.25,
DM-54-06-04-03,2026-07-20,,2636.0,
DM-54-06-04-03,2026-07-21,,2598.0,
DM-54-06-04-03,2026-07-22,,2591.75,0.0
DM-54-06-04-03,2026-07-23,,2536.0,0.0
DM-54-06-04-03,2026-07-24,,2692.25,0.0
DM-54-06-04-03,2026-07-25,,2929.0,0.0
DM-54-06-04-03,2026-07-26,,2892.75,0.0
DM-54-06-04-03,2026-07-27,,2624.25,0.0
DM-54-06-04-03,2026-07-28,,2713.75,0.0
DM-54-06-04-03,2026-07-29,,2760.25,0.0
DM-54-06-04-03,2026-07-30,,2668.75,0.0
DM-54-06-04-03,2026-07-31,,2478.25,0.0
DM-54-06-04-03,2026-08-01,,2718.5,0.0
DM-54-06-04-03,2026-08-02,,2743.0,0.0
DM-54-06-04-03,2026-08-03,,2574.25,0.0
DM-54-06-04-03,2026-08-04,,2562.0,0.0
DM-54-06-04-03,2026-08-05,,2464.25,0.0
DM-54-07-03-01,2026-07-09,54.0,2677.5,
DM-54-07-03-01,2026-07-10,53.25,3720.75,
DM-54-07-03-01,2026-07-11,120.875,4614.0,
DM-54-07-03-01,2026-07-12,126.0,4597.0,
DM-54-07-03-01,2026-07-13,113.5,4564.25,
DM-54-07-03-01,2026-07-14,114.625,4526.75,
DM-54-07-03-01,2026-07-15,114.375,4472.75,
DM-54-07-03-01,2026-07-16,112.75,4317.0,
DM-54-07-03-01,2026-07-17,77.375,3570.0,
DM-54-07-03-01,2026-07-18,90.375,3821.75,
DM-54-07-03-01,2026-07-19,92.0,3835.75,
DM-54-07-03-01,2026-07-20,97.0,3881.25,
DM-54-07-03-01,2026-07-21,94.5,3870.75,
DM-54-07-03-01,2026-07-22,94.125,3832.75,
DM-54-07-03-01,2026-07-23,95.875,3781.25,0.0
DM-54-07-03-01,2026-07-24,100.875,3981.25,0.0
DM-54-07-03-01,2026-07-25,105.125,4152.5,0.0
DM-54-07-03-01,2026-07-26,99.75,4156.5,0.0
DM-54-07-03-01,2026-07-27,103.25,4022.75,0.0
DM-54-07-03-01,2026-07-28,107.375,4083.0,0.0
DM-54-07-03-01,2026-07-29,102.625,4092.75,0.0
DM-54-07-03-01,2026-07-30,103.75,4119.25,0.0
DM-54-07-03-01,2026-07-31,102.75,4021.0,0.0
DM-54-07-03-01,2026-08-01,109.625,4175.5,1.858
DM-54-07-03-01,2026-08-02,106.75,4170.0,0.841
DM-54-07-03-01,2026-08-03,105.375,4160.0,0.0
DM-54-07-03-01,2026-08-04,102.75,4125.75,0.0
DM-54-07-03-01,2026-08-05,107.875,4035.5,0.108
DM-54-08-03-01,2026-07-08,,4418.5,
DM-54-08-03-01,2026-07-09,,7058.0,
DM-54-08-03-01,2026-07-10,,7884.0,
DM-54-08-03-01,2026-07-11,,7509.25,
DM-54-08-03-01,2026-07-12,,3305.25,
DM-54-08-03-01,2026-07-13,,7317.75,
DM-54-08-03-01,2026-07-14,,6995.75,
DM-54-08-03-01,2026-07-15,,7027.5,
DM-54-08-03-01,2026-07-16,,7494.25,
DM-54-08-03-01,2026-07-17,,7308.25,
DM-54-08-03-01,2026-07-18,,7401.25,
DM-54-08-03-01,2026-07-19,,5595.75,
DM-54-08-03-01,2026-07-20,,7296.5,
DM-54-08-03-01,2026-07-21,,7394.0,
DM-54-08-03-01,2026-07-22,,7499.25,0.0
DM-54-08-03-01,2026-07-23,,7640.75,0.0
DM-54-08-03-01,2026-07-24,,8540.5,0.0
DM-54-08-03-01,2026-07-25,,8734.0,0.0
DM-54-08-03-01,2026-07-26,,7345.75,0.0
DM-54-08-03-01,2026-07-27,,9182.5,0.0
DM-54-08-03-01,2026-07-28,,7490.75,0.0
DM-54-08-03-01,2026-07-29,,8665.5,0.0
DM-54-08-03-01,2026-07-30,,7677.75,0.0
DM-54-08-03-01,2026-07-31,,8613.5,0.0
DM-54-08-03-01,2026-08-01,,8800.5,0.0
DM-54-08-03-01,2026-08-02,,4823.25,0.0
DM-54-08-03-01,2026-08-03,,8083.5,0.0
DM-54-08-03-01,2026-08-04,,7943.75,0.0
DM-54-08-03-01,2026-08-05,,7556.25,0.0
DM-54-09-01-01,2026-07-08,,1785.5,
DM-54-09-01-01,2026-07-09,,3464.75,
DM-54-09-01-01,2026-07-10,,3465.5,
DM-54-09-01-01,2026-07-11,,3522.0,
DM-54-09-01-01,2026-07-12,,3541.0,
DM-54-09-01-01,2026-07-13,,3308.0,
DM-54-09-01-01,2026-07-14,,3370.0,
DM-54-09-01-01,2026-07-15,,3234.75,
DM-54-09-01-01,2026-07-16,,3255.5,
DM-54-09-01-01,2026-07-17,,3257.75,
DM-54-09-01-01,2026-07-18,,3497.75,
DM-54-09-01-01,2026-07-19,,3534.75,
DM-54-09-01-01,2026-07-20,,3330.5,
DM-54-09-01-01,2026-07-21,,3318.75,
DM-54-09-01-01,2026-07-22,,3286.25,0.0
DM-54-09-01-01,2026-07-23,,3235.25,0.0
DM-54-09-01-01,2026-07-24,,3381.5,0.0
DM-54-09-01-01,2026-07-25,,3477.25,0.0
DM-54-09-01-01,2026-07-26,,3495.0,0.0
DM-54-09-01-01,2026-07-27,,3329.0,0.0
DM-54-09-01-01,2026-07-28,,3292.0,0.0
DM-54-09-01-01,2026-07-29,,3232.0,0.0
DM-54-09-01-01,2026-07-30,,3311.0,0.0
DM-54-09-01-01,2026-07-31,,3106.75,0.0
DM-54-09-01-01,2026-08-01,,3410.75,0.0
DM-54-09-01-01,2026-08-02,,3445.75,0.0
DM-54-09-01-01,2026-08-03,,3377.25,0.0
DM-54-09-01-01,2026-08-04,,3334.75,0.0
DM-54-09-01-01,2026-08-05,,3328.25,0.0
DM-54-09-01-02,2026-07-08,27.625,685.0,
DM-54-09-01-02,2026-07-09,35.0,1487.5,
DM-54-09-01-02,2026-07-10,13.5,1617.75,
DM-54-09-01-02,2026-07-11,32.25,1777.5,
DM-54-09-01-02,2026-07-12,28.125,1906.75,
DM-54-09-01-02,2026-07-13,26.125,1751.0,
DM-54-09-01-02,2026-07-14,27.0,1628.5,
DM-54-09-01-02,2026-07-15,21.25,1567.25,
DM-54-09-01-02,2026-07-16,25.0,1587.5,
DM-54-09-01-02,2026-07-17,25.0,1509.5,
DM-54-09-01-02,2026-07-18,35.75,1930.25,
DM-54-09-01-02,2026-07-19,38.25,1955.5,
DM-54-09-01-02,2026-07-20,35.0,1798.5,
DM-54-09-01-02,2026-07-21,35.125,1770.25,
DM-54-09-01-02,2026-07-22,27.625,1660.5,0.0
DM-54-09-01-02,2026-07-23,36.75,1704.25,4.553
DM-54-09-01-02,2026-07-24,41.125,1800.0,13.48
DM-54-09-01-02,2026-07-25,37.25,1911.25,18.533
DM-54-09-01-02,2026-07-26,30.25,1805.0,16.585
DM-54-09-01-02,2026-07-27,0.75,1651.75,0.0
DM-54-09-01-02,2026-07-28,27.625,1617.25,0.0
DM-54-09-01-02,2026-07-29,35.875,1713.5,3.678
DM-54-09-01-02,2026-07-30,29.75,1673.0,1.23
DM-54-09-02-01,2026-07-08,,2268.5,
DM-54-09-02-01,2026-07-09,,4420.0,
DM-54-09-02-01,2026-07-10,,4454.75,
DM-54-09-02-01,2026-07-11,,4737.0,
DM-54-09-02-01,2026-07-12,,4745.25,
DM-54-09-02-01,2026-07-13,,4453.75,
DM-54-09-02-01,2026-07-14,,4347.0,
DM-54-09-02-01,2026-07-15,,4310.5,
DM-54-09-02-01,2026-07-16,,4205.0,
DM-54-09-02-01,2026-07-17,,4274.5,
DM-54-09-02-01,2026-07-18,,4555.75,
DM-54-09-02-01,2026-07-19,,4628.5,
DM-54-09-02-01,2026-07-20,,4358.25,
DM-54-09-02-01,2026-07-21,,4276.0,
DM-54-09-02-01,2026-07-22,,4333.0,0.0
DM-54-09-02-01,2026-07-23,,4264.5,0.0
DM-54-09-02-01,2026-07-24,,4392.0,0.0
DM-54-09-02-01,2026-07-25,,4585.5,0.0
DM-54-09-02-01,2026-07-26,,4596.75,0.0
DM-54-09-02-01,2026-07-27,,4434.25,0.0
DM-54-09-02-01,2026-07-28,,4452.25,0.0
DM-54-09-02-01,2026-07-29,,4485.5,0.0
DM-54-09-02-01,2026-07-30,,4455.0,0.0
DM-54-09-02-01,2026-07-31,,4442.75,0.0
DM-54-09-02-01,2026-08-01,,4683.5,0.0
DM-54-09-02-01,2026-08-02,,4758.75,0.0
DM-54-09-02-01,2026-08-03,,4614.25,0.0
DM-54-09-02-01,2026-08-04,,4484.75,0.0
DM-54-09-02-01,2026-08-05,,4404.0,0.0
DM-54-09-07-01,2026-07-08,,1622.5,
DM-54-09-07-01,2026-07-09,,3314.25,
DM-54-09-07-01,2026-07-10,,3350.5,
DM-54-09-07-01,2026-07-11,,3435.5,
DM-54-09-07-01,2026-07-12,,3287.75,
DM-54-09-07-01,2026-07-13,,3400.5,
DM-54-09-07-01,2026-07-14,,3203.25,
DM-54-09-07-01,2026-07-15,,3138.5,
DM-54-09-07-01,2026-07-16,,3151.25,
DM-54-09-07-01,2026-07-17,,3179.5,
DM-54-09-07-01,2026-07-18,,3309.0,
DM-54-09-07-01,2026-07-19,,3300.75,
DM-54-09-07-01,2026-07-20,,3239.75,
DM-54-09-07-01,2026-07-21,,3360.25,
DM-54-09-07-01,2026-07-22,,3208.75,0.0
DM-54-09-07-01,2026-07-23,,3376.25,0.0
DM-54-09-07-01,2026-07-24,,3268.5,0.0
DM-54-09-07-01,2026-07-25,,3330.25,0.0
DM-54-09-07-01,2026-07-26,,3158.75,0.0
DM-54-09-07-01,2026-07-27,,3115.25,0.0
DM-54-09-07-01,2026-07-28,,2996.25,0.0
DM-54-09-07-01,2026-07-29,,3041.0,0.0
DM-54-09-07-01,2026-07-30,,3175.0,0.0
DM-54-09-07-01,2026-07-31,,3101.25,0.0
DM-54-09-07-01,2026-08-01,,3304.0,0.0
DM-54-09-07-01,2026-08-02,,3207.75,0.0
DM-54-09-07-01,2026-08-03,,3213.25,0.0
DM-54-09-07-01,2026-08-04,,3297.5,0.0
DM-54-09-07-01,2026-08-05,,3085.0,0.0
DM-55-01-01-01,2026-07-08,,2651.25,
DM-55-01-01-01,2026-07-09,95.75,4329.25,
DM-55-01-01-01,2026-07-10,98.125,4344.0,
DM-55-01-01-01,2026-07-11,98.25,4572.25,
DM-55-01-01-01,2026-07-12,100.125,4669.5,
DM-55-01-01-01,2026-07-13,100.25,4431.25,
DM-55-01-01-01,2026-07-14,97.75,4432.5,
DM-55-01-01-01,2026-07-15,100.0,4427.75,
DM-55-01-01-01,2026-07-16,99.25,4336.0,
DM-55-01-01-01,2026-07-17,97.75,4341.75,
DM-55-01-01-01,2026-07-18,98.875,4694.0,
DM-55-01-01-01,2026-07-19,106.375,4834.5,
DM-55-01-01-01,2026-07-20,100.375,4501.75,
DM-55-01-01-01,2026-07-21,99.125,4462.0,
DM-55-01-01-01,2026-07-22,101.875,4456.25,1.303
DM-55-01-01-01,2026-07-23,102.75,4384.0,3.481
DM-55-01-01-01,2026-07-24,98.75,4370.75,1.659
DM-55-01-01-01,2026-07-25,101.0,4566.0,2.088
DM-55-01-01-01,2026-07-26,104.0,4573.25,5.516
DM-55-01-01-01,2026-07-27,99.75,4376.75,4.694
DM-55-01-01-01,2026-07-28,100.375,4424.25,4.497
DM-55-01-01-01,2026-07-29,99.875,4418.75,3.8
DM-55-01-01-01,2026-07-30,99.25,4413.5,2.478
DM-55-01-01-01,2026-07-31,103.5,4388.0,5.406
DM-55-01-01-01,2026-08-01,101.625,4539.5,6.46
DM-55-01-01-01,2026-08-02,106.625,4717.0,12.513
DM-55-01-01-01,2026-08-03,99.375,4438.0,11.316
DM-55-01-01-01,2026-08-04,99.75,4456.0,10.494
DM-55-01-01-01,2026-08-05,99.375,4390.5,9.297
DM-55-01-02-01,2026-07-08,,1926.75,
DM-55-01-02-01,2026-07-09,,3372.25,
DM-55-01-02-01,2026-07-10,,3383.0,
DM-55-01-02-01,2026-07-11,,3628.75,
DM-55-01-02-01,2026-07-12,,3710.5,
DM-55-01-02-01,2026-07-13,,3408.5,
DM-55-01-02-01,2026-07-14,,3369.25,
DM-55-01-02-01,2026-07-15,,3421.0,
DM-55-01-02-01,2026-07-16,,3271.25,
DM-55-01-02-01,2026-07-17,,3325.5,
DM-55-01-02-01,2026-07-18,,3770.25,
DM-55-01-02-01,2026-07-19,,3800.25,
DM-55-01-02-01,2026-07-20,,3419.5,
DM-55-01-02-01,2026-07-21,,3489.0,
DM-55-01-02-01,2026-07-22,,3437.25,0.0
DM-55-01-02-01,2026-07-23,,3390.75,0.0
DM-55-01-02-01,2026-07-24,,3457.5,0.0
DM-55-01-02-01,2026-07-25,,3681.75,0.0
DM-55-01-02-01,2026-07-26,,3566.75,0.0
DM-55-01-02-01,2026-07-27,,3437.25,0.0
DM-55-01-02-01,2026-07-28,,3502.75,0.0
DM-55-01-02-01,2026-07-29,,3492.25,0.0
DM-55-01-02-01,2026-07-30,,3404.5,0.0
DM-55-01-02-01,2026-07-31,,3401.0,0.0
DM-55-01-02-01,2026-08-01,,3704.5,0.0
DM-55-01-02-01,2026-08-02,,3745.75,0.0
DM-55-01-02-01,2026-08-03,,3614.0,0.0
DM-55-01-02-01,2026-08-04,,3544.5,0.0
DM-55-01-02-01,2026-08-05,,3483.75,0.0
DM-55-02-01-01,2026-07-08,,1935.0,
DM-55-02-01-01,2026-07-09,76.25,3136.75,
DM-55-02-01-01,2026-07-10,80.375,3090.0,
DM-55-02-01-01,2026-07-11,76.25,3254.5,
DM-55-02-01-01,2026-07-12,65.375,3373.0,
DM-55-02-01-01,2026-07-13,74.75,3133.25,
DM-55-02-01-01,2026-07-14,68.0,3138.25,
DM-55-02-01-01,2026-07-15,69.75,3115.0,
DM-55-02-01-01,2026-07-16,69.875,3076.0,
DM-55-02-01-01,2026-07-17,74.0,3090.5,
DM-55-02-01-01,2026-07-18,70.25,3281.75,
DM-55-02-01-01,2026-07-19,89.625,3438.5,
DM-55-02-01-01,2026-07-20,72.625,3101.75,
DM-55-02-01-01,2026-07-21,83.125,3156.75,
DM-55-02-01-01,2026-07-22,77.0,3129.25,0.0
DM-55-02-01-01,2026-07-23,68.5,3200.25,0.0
DM-55-02-01-01,2026-07-24,66.75,3088.25,0.0
DM-55-02-01-01,2026-07-25,75.375,3464.75,0.0
DM-55-02-01-01,2026-07-26,71.0,3290.75,0.0
DM-55-02-01-01,2026-07-27,82.125,3149.5,4.283
DM-55-02-01-01,2026-07-28,77.625,3253.75,4.066
DM-55-02-01-01,2026-07-29,67.125,3124.5,0.0
DM-55-02-01-01,2026-07-30,65.375,3154.0,0.0
DM-55-02-01-01,2026-07-31,87.875,3170.5,10.033
DM-55-02-01-01,2026-08-01,76.5,3299.25,8.691
DM-55-02-01-01,2026-08-02,94.25,3448.0,25.099
DM-55-02-01-01,2026-08-03,75.75,3286.25,23.007
DM-55-02-01-01,2026-08-04,81.5,3322.75,26.665
DM-55-02-01-01,2026-08-05,78.5,3310.5,27.323
DM-55-02-02-01,2026-07-08,74.125,2115.5,
DM-55-02-02-01,2026-07-09,89.875,4265.75,
DM-55-02-02-01,2026-07-10,81.25,4070.0,
DM-55-02-02-01,2026-07-11,83.125,4524.5,
DM-55-02-02-01,2026-07-12,77.375,4387.5,
DM-55-02-02-01,2026-07-13,77.375,4162.25,
DM-55-02-02-01,2026-07-14,83.5,4095.25,
DM-55-02-02-01,2026-07-15,96.625,4101.5,
DM-55-02-02-01,2026-07-16,77.0,3994.25,
DM-55-02-02-01,2026-07-17,77.375,4025.75,
DM-55-02-02-01,2026-07-18,77.25,4294.0,
DM-55-02-02-01,2026-07-19,138.375,4487.5,
DM-55-02-02-01,2026-07-20,83.0,4027.75,
DM-55-02-02-01,2026-07-21,107.625,4020.5,
DM-55-02-02-01,2026-07-22,81.375,4011.25,0.0
DM-55-02-02-01,2026-07-23,73.5,4048.0,0.0
DM-55-02-02-01,2026-07-24,78.125,4067.0,0.0
DM-55-02-02-01,2026-07-25,109.5,4293.5,13.758
DM-55-02-02-01,2026-07-26,93.875,4167.25,11.892
DM-55-02-02-01,2026-07-27,95.875,3925.75,12.025
DM-55-02-02-01,2026-07-28,110.0,4180.5,26.284
DM-55-02-02-01,2026-07-29,89.5,3978.5,20.042
DM-55-02-02-01,2026-07-30,78.5,3981.25,2.8
DM-55-02-02-01,2026-07-31,81.0,3968.75,0.0
DM-55-02-02-01,2026-08-01,71.375,4231.0,0.0
DM-55-02-02-01,2026-08-02,76.375,4407.5,0.0
DM-55-02-02-01,2026-08-03,78.0,4058.75,0.0
DM-55-02-02-01,2026-08-04,98.25,4175.75,2.508
DM-55-02-02-01,2026-08-05,83.25,4177.75,0.0
DM-55-02-03-01,2026-07-08,,3136.5,
DM-55-02-03-01,2026-07-09,116.25,5176.5,
DM-55-02-03-01,2026-07-10,105.75,5107.5,
DM-55-02-03-01,2026-07-11,103.0,5045.0,
DM-55-02-03-01,2026-07-12,104.375,5091.0,
DM-55-02-03-01,2026-07-13,109.125,5067.0,
DM-55-02-03-01,2026-07-14,115.125,5071.25,
DM-55-02-03-01,2026-07-15,107.25,5151.0,
DM-55-02-03-01,2026-07-16,117.75,5002.75,
DM-55-02-03-01,2026-07-17,115.625,4987.25,
DM-55-02-03-01,2026-07-18,112.0,5342.0,
DM-55-02-03-01,2026-07-19,111.5,5115.0,
DM-55-02-03-01,2026-07-20,113.75,5181.25,
DM-55-02-03-01,2026-07-21,105.0,5138.0,
DM-55-02-03-01,2026-07-22,118.875,5060.75,5.949
DM-55-02-03-01,2026-07-23,112.0,5027.25,5.022
DM-55-02-03-01,2026-07-24,119.5,4999.5,11.596
DM-55-02-03-01,2026-07-25,111.75,5298.75,10.42
DM-55-02-03-01,2026-07-26,109.0,5062.25,6.493
DM-55-02-03-01,2026-07-27,119.5,4945.0,13.067
DM-55-02-03-01,2026-07-28,112.5,4947.5,12.641
DM-55-02-03-01,2026-07-29,107.125,4829.5,6.839
DM-55-02-03-01,2026-07-30,111.5,5080.75,5.413
DM-55-02-03-01,2026-07-31,108.5,4950.25,0.987
DM-55-02-03-01,2026-08-01,109.875,5298.5,0.0
DM-55-02-03-01,2026-08-02,110.375,5360.5,0.0
DM-55-02-03-01,2026-08-03,116.125,5232.0,3.199
DM-55-02-03-01,2026-08-04,110.25,5273.5,0.522
DM-55-02-03-01,2026-08-05,106.375,5222.75,0.0
DM-55-03-02-01,2026-07-08,,1891.25,
DM-55-03-02-01,2026-07-09,,3290.0,
DM-55-03-02-01,2026-07-10,,3349.25,
DM-55-03-02-01,2026-07-11,,3560.25,
DM-55-03-02-01,2026-07-12,,3490.5,
DM-55-03-02-01,2026-07-13,,3347.25,
DM-55-03-02-01,2026-07-14,,3362.75,
DM-55-03-02-01,2026-07-15,,3446.25,
DM-55-03-02-01,2026-07-16,,3384.5,
DM-55-03-02-01,2026-07-17,,3344.0,
DM-55-03-02-01,2026-07-18,,3659.5,
DM-55-03-02-01,2026-07-19,,3706.75,
DM-55-03-02-01,2026-07-20,,3606.0,
DM-55-03-02-01,2026-07-21,,3560.5,
DM-55-03-02-01,2026-07-22,,3608.25,0.0
DM-55-03-02-01,2026-07-23,,4084.75,0.0
DM-55-03-02-01,2026-07-24,,6348.25,0.0
DM-55-03-02-01,2026-07-25,,6644.5,0.0
DM-55-03-02-01,2026-07-26,,6529.5,0.0
DM-55-03-02-01,2026-07-27,,6254.75,0.0
DM-55-03-02-01,2026-07-28,,6344.0,0.0
DM-55-03-02-01,2026-07-29,,6379.75,0.0
DM-55-03-02-01,2026-07-30,,6353.75,0.0
DM-55-03-02-01,2026-07-31,,6288.0,0.0
DM-55-03-02-01,2026-08-01,,6473.25,0.0
DM-55-03-02-01,2026-08-02,,6600.0,0.0
DM-55-03-02-01,2026-08-03,,6419.5,0.0
DM-55-03-02-01,2026-08-04,,6396.75,0.0
DM-55-03-02-01,2026-08-05,,6283.25,0.0
DM-55-03-03-01,2026-07-08,,4268.75,
DM-55-03-03-01,2026-07-09,180.75,7279.75,
DM-55-03-03-01,2026-07-10,189.0,7186.0,
DM-55-03-03-01,2026-07-11,180.25,7484.0,
DM-55-03-03-01,2026-07-12,184.625,7691.75,
DM-55-03-03-01,2026-07-13,179.125,7230.5,
DM-55-03-03-01,2026-07-14,191.5,7161.5,
DM-55-03-03-01,2026-07-15,192.25,7334.75,
DM-55-03-03-01,2026-07-16,190.125,7185.0,
DM-55-03-03-01,2026-07-17,181.75,7193.5,
DM-55-03-03-01,2026-07-18,186.5,7719.75,
DM-55-03-03-01,2026-07-19,192.125,7909.25,
DM-55-03-03-01,2026-07-20,200.0,7369.0,
DM-55-03-03-01,2026-07-21,181.875,7322.75,
DM-55-03-03-01,2026-07-22,181.375,7351.25,0.0
DM-55-03-03-01,2026-07-23,188.625,7305.0,0.0
DM-55-03-03-01,2026-07-24,194.625,7371.25,4.727
DM-55-03-03-01,2026-07-25,190.625,7649.0,5.455
DM-55-03-03-01,2026-07-26,190.125,7664.0,5.682
DM-55-03-03-01,2026-07-27,192.875,7255.75,8.659
DM-55-03-03-01,2026-07-28,185.375,7391.0,4.136
DM-55-03-03-01,2026-07-29,188.25,7399.0,2.489
DM-55-03-03-01,2026-07-30,180.75,7319.5,0.0
DM-55-03-03-01,2026-07-31,188.75,7264.75,0.0
DM-55-03-03-01,2026-08-01,185.625,7616.25,0.0
DM-55-03-03-01,2026-08-02,197.625,7890.25,7.727
DM-55-03-03-01,2026-08-03,199.25,7394.75,17.08
DM-55-03-03-01,2026-08-04,185.625,7682.25,12.807
DM-55-03-03-01,2026-08-05,191.125,7390.0,14.034
DM-55-04-01-04,2026-07-08,,823.0,
DM-55-04-01-04,2026-07-09,28.75,1357.5,
DM-55-04-01-04,2026-07-10,28.25,1364.0,
DM-55-04-01-04,2026-07-11,27.5,1405.25,
DM-55-04-01-04,2026-07-12,28.75,1433.0,
DM-55-04-01-04,2026-07-13,28.25,1388.5,
DM-55-04-01-04,2026-07-14,26.25,1392.75,
DM-55-04-01-04,2026-07-15,30.25,1416.25,
DM-55-04-01-04,2026-07-16,29.125,1406.75,
DM-55-04-01-04,2026-07-17,29.0,1420.25,
DM-55-04-01-04,2026-07-18,30.375,1518.75,
DM-55-04-01-04,2026-07-19,32.375,1557.0,
DM-55-04-01-04,2026-07-20,31.5,1491.25,
DM-55-04-01-04,2026-07-21,30.625,1455.25,
DM-55-04-01-04,2026-07-22,31.875,1507.25,1.764
DM-55-04-01-04,2026-07-23,34.0,1537.75,5.652
DM-55-04-01-04,2026-07-24,34.25,1557.25,9.791
DM-55-04-01-04,2026-07-25,38.375,1641.5,18.055
DM-55-04-01-04,2026-07-26,35.5,1621.75,23.443
DM-55-04-01-04,2026-07-27,35.5,1567.5,28.832
DM-55-04-01-04,2026-07-28,34.625,1597.5,33.346
DM-55-04-01-04,2026-07-29,37.25,1629.75,40.485
DM-55-04-01-04,2026-07-30,35.0,1611.75,45.373
DM-55-04-01-04,2026-07-31,34.375,1529.5,49.637
DM-55-04-01-04,2026-08-01,32.5,1580.0,52.026
DM-55-04-01-04,2026-08-02,34.0,1630.25,55.914
DM-55-04-01-04,2026-08-03,33.5,1555.5,59.303
DM-55-04-01-04,2026-08-04,32.875,1558.75,62.067
DM-55-04-01-04,2026-08-05,34.0,1561.0,65.955
DM-55-04-02-02,2026-07-08,36.375,1157.25,
DM-55-04-02-02,2026-07-09,34.5,2141.0,
DM-55-04-02-02,2026-07-10,35.625,2175.5,
DM-55-04-02-02,2026-07-11,40.875,2380.0,
DM-55-04-02-02,2026-07-12,33.75,2496.5,
DM-55-04-02-02,2026-07-13,34.5,2225.75,
DM-55-04-02-02,2026-07-14,34.625,2225.75,
DM-55-04-02-02,2026-07-15,34.375,2197.0,
DM-55-04-02-02,2026-07-16,32.25,2069.0,
DM-55-04-02-02,2026-07-17,34.875,2130.0,
DM-55-04-02-02,2026-07-18,40.5,2450.5,
DM-55-04-02-02,2026-07-19,36.125,2640.5,
DM-55-04-02-02,2026-07-20,34.25,2275.75,
DM-55-04-02-02,2026-07-21,33.125,2205.75,
DM-55-04-02-02,2026-07-22,35.0,2118.75,0.0
DM-55-04-02-02,2026-07-23,34.125,2161.0,0.0
DM-55-04-02-02,2026-07-24,35.375,2194.25,0.0
DM-55-04-02-02,2026-07-25,35.625,2304.0,0.0
DM-55-04-02-02,2026-07-26,33.75,2407.5,0.0
DM-55-04-02-02,2026-07-27,32.125,2127.25,0.0
DM-55-04-02-02,2026-07-28,32.125,2266.25,0.0
DM-55-04-02-02,2026-07-29,33.0,2204.5,0.0
DM-55-04-02-02,2026-07-30,34.875,2226.0,0.0
DM-55-04-02-02,2026-07-31,35.375,2176.5,0.0
DM-55-04-02-02,2026-08-01,37.25,2322.25,0.643
DM-55-04-02-02,2026-08-02,35.375,2643.75,0.0
DM-55-04-02-02,2026-08-03,36.25,2313.5,0.0
DM-55-04-02-02,2026-08-04,37.625,2315.0,1.018
DM-55-04-02-02,2026-08-05,34.25,2292.25,0.0
DM-55-04-03-01,2026-07-08,,779.25,
DM-55-04-03-01,2026-07-09,23.5,1214.0,
DM-55-04-03-01,2026-07-10,21.25,1190.75,
DM-55-04-03-01,2026-07-11,22.375,1080.0,
DM-55-04-03-01,2026-07-12,22.125,1067.0,
DM-55-04-03-01,2026-07-13,22.5,1230.0,
DM-55-04-03-01,2026-07-14,22.125,1328.0,
DM-55-04-03-01,2026-07-15,25.25,1353.0,
DM-55-04-03-01,2026-07-16,26.625,1310.0,
DM-55-04-03-01,2026-07-17,28.625,1162.25,
DM-55-04-03-01,2026-07-18,39.625,1160.25,
DM-55-04-03-01,2026-07-19,29.875,1129.5,
DM-55-04-03-01,2026-07-20,34.0,1301.25,
DM-55-04-03-01,2026-07-21,26.625,1270.0,
DM-55-04-03-01,2026-07-22,27.875,1278.0,0.0
DM-55-04-03-01,2026-07-23,34.0,1306.5,4.891
DM-55-04-03-01,2026-07-24,26.25,1229.25,2.033
DM-55-04-03-01,2026-07-25,27.25,1137.75,0.174
DM-55-04-03-01,2026-07-26,27.25,1028.5,0.0
DM-55-04-03-01,2026-07-27,38.0,973.75,8.891
DM-55-04-03-01,2026-07-28,21.625,908.0,1.408
DM-55-04-03-01,2026-07-29,30.625,847.75,2.924
DM-55-04-03-01,2026-07-30,20.5,856.25,0.0
DM-55-04-03-01,2026-07-31,23.0,983.25,0.0
DM-55-04-03-01,2026-08-01,28.25,919.75,0.0
DM-55-04-03-01,2026-08-02,32.0,954.5,2.891
DM-55-04-03-01,2026-08-03,23.5,1156.5,0.0
DM-55-04-03-01,2026-08-04,22.375,1192.0,0.0
DM-55-04-03-01,2026-08-05,25.625,1266.5,0.0
DM-55-04-03-04,2026-07-08,,1731.5,
DM-55-04-03-04,2026-07-09,88.75,2734.0,
DM-55-04-03-04,2026-07-10,73.625,2668.5,
DM-55-04-03-04,2026-07-11,66.875,2612.25,
DM-55-04-03-04,2026-07-12,62.0,2620.75,
DM-55-04-03-04,2026-07-13,59.75,2714.75,
DM-55-04-03-04,2026-07-14,64.625,2721.5,
DM-55-04-03-04,2026-07-15,66.25,2806.25,
DM-55-04-03-04,2026-07-16,67.5,2707.25,
DM-55-04-03-04,2026-07-17,71.375,2892.0,
DM-55-04-03-04,2026-07-18,67.25,2782.0,
DM-55-04-03-04,2026-07-19,70.125,2740.0,
DM-55-04-03-04,2026-07-20,71.75,2732.25,
DM-55-04-03-04,2026-07-21,61.0,2756.75,
DM-55-04-03-04,2026-07-22,80.375,2556.75,8.289
DM-55-04-03-04,2026-07-23,61.75,2595.0,0.0
DM-55-04-03-04,2026-07-24,70.25,2728.5,0.0
DM-55-04-03-04,2026-07-25,63.0,2419.0,0.0
DM-55-04-03-04,2026-07-26,58.25,2172.25,0.0
DM-55-04-03-04,2026-07-27,61.375,2186.5,0.0
DM-55-04-03-04,2026-07-28,63.75,1974.25,0.0
DM-55-04-03-04,2026-07-29,62.375,1919.5,0.0
DM-55-04-03-04,2026-07-30,53.75,1997.75,0.0
DM-55-04-03-04,2026-07-31,64.5,2187.75,0.0
DM-55-04-03-04,2026-08-01,55.0,2271.5,0.0
DM-55-04-03-04,2026-08-02,65.625,2439.75,0.0
DM-55-04-03-04,2026-08-03,66.125,2638.5,0.0
DM-55-04-03-04,2026-08-04,69.0,2781.0,0.0
DM-55-04-03-04,2026-08-05,69.875,2734.75,0.0
DM-55-04-03-05,2026-07-08,,2543.25,
DM-55-04-03-05,2026-07-09,94.375,3998.25,
DM-55-04-03-05,2026-07-10,87.5,4006.75,
DM-55-04-03-05,2026-07-11,99.625,3916.75,
DM-55-04-03-05,2026-07-12,98.875,3955.0,
DM-55-04-03-05,2026-07-13,107.25,3881.0,
DM-55-04-03-05,2026-07-14,96.25,4040.0,
DM-55-04-03-05,2026-07-15,96.75,3965.25,
DM-55-04-03-05,2026-07-16,107.0,4039.25,
DM-55-04-03-05,2026-07-17,106.0,3991.75,
DM-55-04-03-05,2026-07-18,95.125,3952.0,
DM-55-04-03-05,2026-07-19,106.5,3921.5,
DM-55-04-03-05,2026-07-20,104.25,4017.75,
DM-55-04-03-05,2026-07-21,106.25,4007.5,
DM-55-04-03-05,2026-07-22,90.875,3922.75,0.0
DM-55-04-03-05,2026-07-23,113.5,3987.25,10.045
DM-55-04-03-05,2026-07-24,94.5,3909.25,1.089
DM-55-04-03-05,2026-07-25,102.125,3881.25,0.0
DM-55-04-03-05,2026-07-26,92.75,3824.25,0.0
DM-55-04-03-05,2026-07-27,101.125,3839.0,0.0
DM-55-04-03-05,2026-07-28,77.875,3804.0,0.0
DM-55-04-03-05,2026-07-29,90.125,3756.5,0.0
DM-55-04-03-05,2026-07-30,101.625,3781.5,0.0
DM-55-04-03-05,2026-07-31,87.625,3770.25,0.0
DM-55-04-03-05,2026-08-01,102.125,3771.0,0.0
DM-55-04-03-05,2026-08-02,102.5,3907.5,0.0
DM-55-04-03-05,2026-08-03,87.25,3965.25,0.0
DM-55-04-03-05,2026-08-04,83.5,3925.75,0.0
DM-55-04-03-05,2026-08-05,104.75,4019.0,1.295
DM-55-04-04-01,2026-07-08,,2483.5,
DM-55-04-04-01,2026-07-09,,4383.25,
DM-55-04-04-01,2026-07-10,,4404.5,
DM-55-04-04-01,2026-07-11,,4589.0,
DM-55-04-04-01,2026-07-12,,4600.0,
DM-55-04-04-01,2026-07-13,,4433.25,
DM-55-04-04-01,2026-07-14,,4402.5,
DM-55-04-04-01,2026-07-15,,4372.25,
DM-55-04-04-01,2026-07-16,,4092.0,
DM-55-04-04-01,2026-07-17,,4276.5,
DM-55-04-04-01,2026-07-18,,4440.25,
DM-55-04-04-01,2026-07-19,,4511.5,
DM-55-04-04-01,2026-07-20,,4296.5,
DM-55-04-04-01,2026-07-21,,4324.5,
DM-55-04-04-01,2026-07-22,,4248.0,0.0
DM-55-04-04-01,2026-07-23,,4301.5,0.0
DM-55-04-04-01,2026-07-24,,4300.5,0.0
DM-55-04-04-01,2026-07-25,,4467.75,0.0
DM-55-04-04-01,2026-07-26,,4414.75,0.0
DM-55-04-04-01,2026-07-27,,4268.75,0.0
DM-55-04-04-01,2026-07-28,,4321.25,0.0
DM-55-04-04-01,2026-07-29,,4269.75,0.0
DM-55-04-04-01,2026-07-30,,4320.5,0.0
DM-55-04-04-01,2026-07-31,,4332.0,0.0
DM-55-04-04-01,2026-08-01,,4482.0,0.0
DM-55-04-04-01,2026-08-02,,4553.0,0.0
DM-55-04-04-01,2026-08-03,,4390.25,0.0
DM-55-04-04-01,2026-08-04,,4376.0,0.0
DM-55-04-04-01,2026-08-05,,4326.25,0.0
DM-55-04-05-01,2026-07-08,,2319.25,
DM-55-04-05-01,2026-07-09,,4122.75,
DM-55-04-05-01,2026-07-10,,4053.25,
DM-55-04-05-01,2026-07-11,,4146.25,
DM-55-04-05-01,2026-07-12,,4214.25,
DM-55-04-05-01,2026-07-13,,4136.0,
DM-55-04-05-01,2026-07-14,,4134.75,
DM-55-04-05-01,2026-07-15,,4196.25,
DM-55-04-05-01,2026-07-16,,4100.5,
DM-55-04-05-01,2026-07-17,,4121.5,
DM-55-04-05-01,2026-07-18,,4205.0,
DM-55-04-05-01,2026-07-19,,4317.5,
DM-55-04-05-01,2026-07-20,,4220.0,
DM-55-04-05-01,2026-07-21,,4117.75,
DM-55-04-05-01,2026-07-22,,4094.25,0.0
DM-55-04-05-01,2026-07-23,,4126.25,0.0
DM-55-04-05-01,2026-07-24,,4115.0,0.0
DM-55-04-05-01,2026-07-25,,4078.0,0.0
DM-55-04-05-01,2026-07-26,,4094.75,0.0
DM-55-04-05-01,2026-07-27,,3861.25,0.0
DM-55-04-05-01,2026-07-28,,3866.75,0.0
DM-55-04-05-01,2026-07-29,,3766.75,0.0
DM-55-04-05-01,2026-07-30,,3834.0,0.0
DM-55-04-05-01,2026-07-31,,3822.75,0.0
DM-55-04-05-01,2026-08-01,,3951.25,0.0
DM-55-04-05-01,2026-08-02,,4136.25,0.0
DM-55-04-05-01,2026-08-03,,4018.75,0.0
DM-55-04-05-01,2026-08-04,,3973.75,0.0
DM-55-04-05-01,2026-08-05,,4034.25,0.0
DM-55-05-02-01,2026-07-08,,2711.75,
DM-55-05-02-01,2026-07-09,,4972.75,
DM-55-05-02-01,2026-07-10,,5098.25,
DM-55-05-02-01,2026-07-11,,5233.25,
DM-55-05-02-01,2026-07-12,,5227.0,
DM-55-05-02-01,2026-07-13,,5063.75,
DM-55-05-02-01,2026-07-14,,5083.25,
DM-55-05-02-01,2026-07-15,,5003.75,
DM-55-05-02-01,2026-07-16,,4786.0,
DM-55-05-02-01,2026-07-17,,4926.0,
DM-55-05-02-01,2026-07-18,,5367.75,
DM-55-05-02-01,2026-07-19,,5491.5,
DM-55-05-02-01,2026-07-20,,4859.5,
DM-55-05-02-01,2026-07-21,,4859.25,
DM-55-05-02-01,2026-07-22,,4749.0,0.0
DM-55-05-02-01,2026-07-23,,4819.0,0.0
DM-55-05-02-01,2026-07-24,,4821.0,0.0
DM-55-05-02-01,2026-07-25,,5127.0,0.0
DM-55-05-02-01,2026-07-26,,5160.5,0.0
DM-55-05-02-01,2026-07-27,,4797.0,0.0
DM-55-05-02-01,2026-07-28,,4906.25,0.0
DM-55-05-02-01,2026-07-29,,4860.75,0.0
DM-55-05-02-01,2026-07-30,,4867.5,0.0
DM-55-05-02-01,2026-07-31,,4446.5,0.0
DM-55-05-02-01,2026-08-01,,5038.0,0.0
DM-55-05-02-01,2026-08-02,,5424.25,0.0
DM-55-05-02-01,2026-08-03,,4980.0,0.0
DM-55-05-02-01,2026-08-04,,4994.25,0.0
DM-55-05-02-01,2026-08-05,,4880.75,0.0
DM-55-05-04-01,2026-07-08,,958.75,
DM-55-05-04-01,2026-07-09,28.125,1611.5,
DM-55-05-04-01,2026-07-10,22.625,1629.25,
DM-55-05-04-01,2026-07-11,26.375,1728.75,
DM-55-05-04-01,2026-07-12,25.375,1789.75,
DM-55-05-04-01,2026-07-13,23.625,1638.0,
DM-55-05-04-01,2026-07-14,15.0,1605.0,
DM-55-05-04-01,2026-07-15,26.25,1595.0,
DM-55-05-04-01,2026-07-16,20.0,1554.75,
DM-55-05-04-01,2026-07-17,24.5,1676.25,
DM-55-05-04-01,2026-07-18,15.75,1848.0,
DM-55-05-04-01,2026-07-19,26.875,1949.25,
DM-55-05-04-01,2026-07-20,28.75,1803.75,
DM-55-05-04-01,2026-07-21,20.5,1661.75,
DM-55-05-04-01,2026-07-22,20.0,1526.75,0.0
DM-55-05-04-01,2026-07-23,25.562,1833.75,0.072
DM-55-05-04-01,2026-07-24,8.375,1571.5,0.0
DM-55-05-04-01,2026-07-25,25.875,1778.5,0.385
DM-55-05-04-01,2026-07-26,26.625,1893.75,1.519
DM-55-05-04-01,2026-07-27,28.375,1824.5,4.404
DM-55-05-04-01,2026-07-28,31.5,1990.25,10.414
DM-55-05-04-01,2026-07-29,32.375,2401.75,17.298
DM-55-05-04-01,2026-07-30,42.125,2309.0,33.933
DM-55-05-04-01,2026-07-31,19.625,2220.5,28.068
DM-55-05-04-01,2026-08-01,50.125,2506.75,52.703
DM-55-05-04-01,2026-08-02,41.625,2525.0,68.837
DM-55-05-04-01,2026-08-03,47.375,2427.75,90.722
DM-55-05-04-01,2026-08-04,38.125,2617.75,103.357
DM-55-05-04-01,2026-08-05,30.125,2369.0,107.991
DM-55-05-05-01,2026-07-08,,562.5,
DM-55-05-05-01,2026-07-09,11.75,886.5,
DM-55-05-05-01,2026-07-10,12.25,904.75,
DM-55-05-05-01,2026-07-11,11.125,953.25,
DM-55-05-05-01,2026-07-12,12.125,969.0,
DM-55-05-05-01,2026-07-13,15.0,945.5,
DM-55-05-05-01,2026-07-14,11.0,947.0,
DM-55-05-05-01,2026-07-15,12.125,944.75,
DM-55-05-05-01,2026-07-16,12.25,919.75,
DM-55-05-05-01,2026-07-17,11.875,888.25,
DM-55-05-05-01,2026-07-18,13.0,1015.0,
DM-55-05-05-01,2026-07-19,23.0,1044.0,
DM-55-05-05-01,2026-07-20,16.5,1008.75,
DM-55-05-05-01,2026-07-21,14.75,951.75,
DM-55-05-05-01,2026-07-22,14.75,929.25,0.0
DM-55-05-05-01,2026-07-23,13.375,911.75,0.0
DM-55-05-05-01,2026-07-24,12.375,948.75,0.0
DM-55-05-05-01,2026-07-25,14.625,1020.25,0.0
DM-55-05-05-01,2026-07-26,14.5,1025.75,0.0
DM-55-05-05-01,2026-07-27,15.375,1004.5,0.212
DM-55-05-05-01,2026-07-28,15.75,1041.0,0.799
DM-55-05-05-01,2026-07-29,15.625,1043.0,1.26
DM-55-05-05-01,2026-07-30,13.75,970.0,0.0
DM-55-05-05-01,2026-07-31,13.375,1009.75,0.0
DM-55-05-05-01,2026-08-01,17.625,1097.0,2.462
DM-55-05-05-01,2026-08-02,17.25,1122.0,4.549
DM-55-05-05-01,2026-08-03,22.625,1040.5,12.01
DM-55-05-05-01,2026-08-04,14.0,981.25,10.847
DM-55-05-05-01,2026-08-05,18.625,987.25,14.309
DM-55-06-01-02,2026-07-08,,1117.0,
DM-55-06-01-02,2026-07-09,28.625,1705.5,
DM-55-06-01-02,2026-07-10,30.0,1779.5,
DM-55-06-01-02,2026-07-11,63.375,2054.75,
DM-55-06-01-02,2026-07-12,25.25,1357.75,
DM-55-06-01-02,2026-07-13,40.625,1730.0,
DM-55-06-01-02,2026-07-14,44.25,2155.25,
DM-55-06-01-02,2026-07-15,41.375,1878.25,
DM-55-06-01-02,2026-07-16,34.25,1668.75,
DM-55-06-01-02,2026-07-17,38.125,1671.75,
DM-55-06-01-02,2026-07-18,54.75,1880.25,
DM-55-06-01-02,2026-07-19,42.0,1486.0,
DM-55-06-01-02,2026-07-20,81.75,2082.5,
DM-55-06-01-02,2026-07-21,30.5,1823.75,
DM-55-06-01-02,2026-07-22,61.125,1785.0,10.832
DM-55-06-01-02,2026-07-23,29.125,1569.75,0.0
DM-55-06-01-02,2026-07-24,59.125,1840.0,8.832
DM-55-06-01-02,2026-07-25,51.5,2088.75,10.039
DM-55-06-01-02,2026-07-26,60.625,1591.0,20.371
DM-55-06-01-02,2026-07-27,29.75,1525.75,0.0
DM-55-06-01-02,2026-07-28,34.5,1865.75,0.0
DM-55-06-01-02,2026-07-29,48.375,1520.75,0.0
DM-55-06-01-02,2026-07-30,46.5,1618.75,0.0
DM-55-06-01-02,2026-07-31,50.25,1610.75,0.0
DM-55-06-01-02,2026-08-01,37.875,1675.25,0.0
DM-55-06-01-02,2026-08-02,26.0,1703.25,0.0
DM-55-06-01-02,2026-08-03,57.25,1632.25,6.957
DM-55-06-01-02,2026-08-04,81.125,1786.75,37.789
DM-55-06-01-02,2026-08-05,100.25,2194.75,87.746
DM-55-06-03-01,2026-07-08,,1013.0,
DM-55-06-03-01,2026-07-09,,1758.25,
DM-55-06-03-01,2026-07-10,,1650.0,
DM-55-06-03-01,2026-07-11,,1609.75,
DM-55-06-03-01,2026-07-12,,1586.0,
DM-55-06-03-01,2026-07-13,,1488.25,
DM-55-06-03-01,2026-07-14,,1536.5,
DM-55-06-03-01,2026-07-15,,1575.0,
DM-55-06-03-01,2026-07-16,,1545.5,
DM-55-06-03-01,2026-07-17,,1678.0,
DM-55-06-03-01,2026-07-18,,1730.0,
DM-55-06-03-01,2026-07-19,,1651.25,
DM-55-06-03-01,2026-07-20,,1605.5,
DM-55-06-03-01,2026-07-21,,1619.75,
DM-55-06-03-01,2026-07-22,,1627.0,0.0
DM-55-06-03-01,2026-07-23,,1578.75,0.0
DM-55-06-03-01,2026-07-24,,1609.0,0.0
DM-55-06-03-01,2026-07-25,,1663.5,0.0
DM-55-06-03-01,2026-07-26,,1599.25,0.0
DM-55-06-03-01,2026-07-27,,1516.75,0.0
DM-55-06-03-01,2026-07-28,,1496.25,0.0
DM-55-06-03-01,2026-07-29,,1492.25,0.0
DM-55-06-03-01,2026-07-30,,1572.25,0.0
DM-55-06-03-01,2026-07-31,,1512.5,0.0
DM-55-06-03-01,2026-08-01,,1652.25,0.0
DM-55-06-03-01,2026-08-02,,1649.25,0.0
DM-55-06-03-01,2026-08-03,,1634.5,0.0
DM-55-06-03-01,2026-08-04,,1591.0,0.0
DM-55-06-03-01,2026-08-05,,1711.25,0.0
DM-55-06-03-02,2026-07-08,,1067.5,
DM-55-06-03-02,2026-07-09,31.25,1732.25,
DM-55-06-03-02,2026-07-10,30.875,1787.25,
DM-55-06-03-02,2026-07-11,30.0,1828.25,
DM-55-06-03-02,2026-07-12,32.625,1806.25,
DM-55-06-03-02,2026-07-13,30.625,1724.25,
DM-55-06-03-02,2026-07-14,32.125,1769.0,
DM-55-06-03-02,2026-07-15,34.875,1769.0,
DM-55-06-03-02,2026-07-16,32.625,1683.0,
DM-55-06-03-02,2026-07-17,32.625,1708.5,
DM-55-06-03-02,2026-07-18,32.875,1726.0,
DM-55-06-03-02,2026-07-19,33.25,1789.25,
DM-55-06-03-02,2026-07-20,27.75,1719.25,
DM-55-06-03-02,2026-07-21,31.75,1755.25,
DM-55-06-03-02,2026-07-22,32.5,1767.75,0.0
DM-55-06-03-02,2026-07-23,34.25,1789.75,1.618
DM-55-06-03-02,2026-07-24,30.5,1781.0,0.0
DM-55-06-03-02,2026-07-25,32.25,1834.5,0.0
DM-55-06-03-02,2026-07-26,30.625,1718.75,0.0
DM-55-06-03-02,2026-07-27,28.25,1563.25,0.0
DM-55-06-03-02,2026-07-28,25.375,1574.25,0.0
DM-55-06-03-02,2026-07-29,26.125,1572.25,0.0
DM-55-06-03-02,2026-07-30,26.375,1626.25,0.0
DM-55-06-03-02,2026-07-31,28.25,1606.0,0.0
DM-55-06-03-02,2026-08-01,32.25,1783.75,0.0
DM-55-06-03-02,2026-08-02,35.375,1869.5,2.743
DM-55-06-03-02,2026-08-03,32.0,1747.0,2.11
DM-55-06-03-02,2026-08-04,33.0,1728.5,2.478
DM-55-06-03-02,2026-08-05,31.75,1711.0,1.595
DM-55-06-03-04,2026-07-08,,2345.0,
DM-55-06-03-04,2026-07-09,120.625,3133.5,
DM-55-06-03-04,2026-07-10,68.75,2622.0,
DM-55-06-03-04,2026-07-11,60.125,2708.5,
DM-55-06-03-04,2026-07-12,64.75,2804.0,
DM-55-06-03-04,2026-07-13,63.0,2613.75,
DM-55-06-03-04,2026-07-14,61.5,2631.0,
DM-55-06-03-04,2026-07-15,61.375,2655.75,
DM-55-06-03-04,2026-07-16,60.75,2534.25,
DM-55-06-03-04,2026-07-17,60.75,2570.75,
DM-55-06-03-04,2026-07-18,60.625,2732.75,
DM-55-06-03-04,2026-07-19,70.625,2855.5,
DM-55-06-03-04,2026-07-20,64.625,2640.25,
DM-55-06-03-04,2026-07-21,63.25,2634.0,
DM-55-06-03-04,2026-07-22,63.125,2633.5,0.0
DM-55-06-03-04,2026-07-23,65.5,2622.75,0.0
DM-55-06-03-04,2026-07-24,61.875,2606.5,0.0
DM-55-06-03-04,2026-07-25,63.625,2701.0,0.0
DM-55-06-03-04,2026-07-26,65.875,2786.0,0.0
DM-55-06-03-04,2026-07-27,65.625,2603.5,0.0
DM-55-06-03-04,2026-07-28,65.625,2670.5,0.0
DM-55-06-03-04,2026-07-29,63.125,2664.75,0.0
DM-55-06-03-04,2026-07-30,60.75,2601.5,0.0
DM-55-06-03-04,2026-07-31,59.375,2552.75,0.0
DM-55-06-03-04,2026-08-01,61.875,2687.25,0.0
DM-55-06-03-04,2026-08-02,62.0,2871.5,0.0
DM-55-06-03-04,2026-08-03,64.375,2654.0,0.0
DM-55-06-03-04,2026-08-04,65.125,2685.5,0.0
DM-55-06-03-04,2026-08-05,70.75,2668.75,0.0
DM-55-07-01-02,2026-07-08,,4239.25,
DM-55-07-01-02,2026-07-09,165.25,7036.0,
DM-55-07-01-02,2026-07-10,143.75,6913.25,
DM-55-07-01-02,2026-07-11,149.875,7218.0,
DM-55-07-01-02,2026-07-12,152.5,7615.0,
DM-55-07-01-02,2026-07-13,169.125,7031.75,
DM-55-07-01-02,2026-07-14,156.125,6944.0,
DM-55-07-01-02,2026-07-15,164.625,6991.5,
DM-55-07-01-02,2026-07-16,155.125,7007.75,
DM-55-07-01-02,2026-07-17,149.75,7015.25,
DM-55-07-01-02,2026-07-18,161.5,7411.5,
DM-55-07-01-02,2026-07-19,173.5,7774.0,
DM-55-07-01-02,2026-07-20,155.125,7057.0,
DM-55-07-01-02,2026-07-21,152.125,6806.75,
DM-55-07-01-02,2026-07-22,161.0,6823.25,0.0
DM-55-07-01-02,2026-07-23,149.625,6830.0,0.0
DM-55-07-01-02,2026-07-24,153.125,6748.25,0.0
DM-55-07-01-02,2026-07-25,150.75,6823.5,0.0
DM-55-07-01-02,2026-07-26,154.75,7343.5,0.0
DM-55-07-01-02,2026-07-27,156.375,6690.25,0.0
DM-55-07-01-02,2026-07-28,158.375,6970.25,0.0
DM-55-07-01-02,2026-07-29,147.75,6850.0,0.0
DM-55-07-01-02,2026-07-30,150.75,6796.5,0.0
DM-55-07-01-02,2026-07-31,144.375,6603.25,0.0
DM-55-07-01-02,2026-08-01,145.125,7085.25,0.0
DM-55-07-01-02,2026-08-02,153.0,7612.5,0.0
DM-55-07-01-02,2026-08-03,146.5,7047.75,0.0
DM-55-07-01-02,2026-08-04,153.625,6935.0,0.0
DM-55-07-01-02,2026-08-05,158.125,6940.25,0.0
DM-55-07-03-02,2026-07-08,,1270.25,
DM-55-07-03-02,2026-07-09,,2085.5,
DM-55-07-03-02,2026-07-10,,2141.25,
DM-55-07-03-02,2026-07-11,,2058.0,
DM-55-07-03-02,2026-07-12,,1923.25,
DM-55-07-03-02,2026-07-13,,2197.75,
DM-55-07-03-02,2026-07-14,,2328.75,
DM-55-07-03-02,2026-07-15,,2108.5,
DM-55-07-03-02,2026-07-16,,2247.5,
DM-55-07-03-02,2026-07-17,,1819.0,
DM-55-07-03-02,2026-07-18,,1999.0,
DM-55-07-03-02,2026-07-19,,2037.25,
DM-55-07-03-02,2026-07-20,,2226.5,
DM-55-07-03-02,2026-07-21,,2156.5,
DM-55-07-03-02,2026-07-22,,2310.0,0.0
DM-55-07-03-02,2026-07-23,,1937.5,0.0
DM-55-07-03-02,2026-07-24,,1756.0,0.0
DM-55-07-03-02,2026-07-25,,2048.5,0.0
DM-55-07-03-02,2026-07-26,,1907.5,0.0
DM-55-07-03-02,2026-07-27,,1752.25,0.0
DM-55-07-03-02,2026-07-28,,1536.75,0.0
DM-55-07-03-02,2026-07-29,,1578.5,0.0
DM-55-07-03-02,2026-07-30,,2112.25,0.0
DM-55-07-03-02,2026-07-31,,2002.5,0.0
DM-55-07-03-02,2026-08-01,,2085.5,0.0
DM-55-07-03-02,2026-08-02,,1864.25,0.0
DM-55-07-03-02,2026-08-03,,2352.0,0.0
DM-55-07-03-02,2026-08-04,,2347.75,0.0
DM-55-07-03-02,2026-08-05,,2520.25,0.0
DM-55-07-05-02,2026-07-08,28.75,959.25,
DM-55-07-05-02,2026-07-09,29.25,1665.5,
DM-55-07-05-02,2026-07-10,34.75,1760.0,
DM-55-07-05-02,2026-07-11,36.125,1960.5,
DM-55-07-05-02,2026-07-12,34.0,2064.5,
DM-55-07-05-02,2026-07-13,31.25,1770.5,
DM-55-07-05-02,2026-07-14,55.5,1992.5,
DM-55-07-05-02,2026-07-15,29.25,1786.75,
DM-55-07-05-02,2026-07-16,30.375,1594.5,
DM-55-07-05-02,2026-07-17,39.625,1769.5,
DM-55-07-05-02,2026-07-18,51.75,2107.25,
DM-55-07-05-02,2026-07-19,38.625,2090.5,
DM-55-07-05-02,2026-07-20,33.25,1839.5,
DM-55-07-05-02,2026-07-21,33.875,1807.5,
DM-55-07-05-02,2026-07-22,30.875,1837.25,0.0
DM-55-07-05-02,2026-07-23,36.375,1847.75,0.0
DM-55-07-05-02,2026-07-24,38.5,1886.0,0.0
DM-55-07-05-02,2026-07-25,33.5,1985.0,0.0
DM-55-07-05-02,2026-07-26,36.625,2082.5,0.0
DM-55-07-05-02,2026-07-27,28.625,1815.5,0.0
DM-55-07-05-02,2026-07-28,40.25,1897.25,0.154
DM-55-07-05-02,2026-07-29,35.875,1905.25,0.0
DM-55-07-05-02,2026-07-30,46.625,1862.75,6.529
DM-55-07-05-02,2026-07-31,41.375,1849.25,7.807
DM-55-07-05-02,2026-08-01,52.625,2134.75,20.336
DM-55-07-05-02,2026-08-02,43.375,2229.5,23.614
DM-55-07-05-02,2026-08-03,46.5,2034.75,30.018
DM-55-07-05-02,2026-08-04,50.875,2068.25,40.797
DM-55-07-05-02,2026-08-05,50.875,2099.0,51.575
DM-55-07-05-03,2026-07-08,,1137.25,
DM-55-07-05-03,2026-07-09,38.75,1867.75,
DM-55-07-05-03,2026-07-10,38.125,1923.25,
DM-55-07-05-03,2026-07-11,39.75,2040.25,
DM-55-07-05-03,2026-07-12,39.5,2082.75,
DM-55-07-05-03,2026-07-13,39.375,1954.25,
DM-55-07-05-03,2026-07-14,39.375,1962.0,
DM-55-07-05-03,2026-07-15,39.75,1945.5,
DM-55-07-05-03,2026-07-16,39.375,1919.0,
DM-55-07-05-03,2026-07-17,39.375,1894.0,
DM-55-07-05-03,2026-07-18,40.0,2127.0,
DM-55-07-05-03,2026-07-19,40.75,2179.25,
DM-55-07-05-03,2026-07-20,41.375,1994.25,
DM-55-07-05-03,2026-07-21,38.125,1969.0,
DM-55-07-05-03,2026-07-22,37.75,1899.5,0.0
DM-55-07-05-03,2026-07-23,42.0,1924.75,2.055
DM-55-07-05-03,2026-07-24,41.75,1977.0,3.86
DM-55-07-05-03,2026-07-25,42.125,2116.25,6.04
DM-55-07-05-03,2026-07-26,42.875,2016.75,8.97
DM-55-07-05-03,2026-07-27,38.0,1884.5,7.025
DM-55-07-05-03,2026-07-28,40.375,1944.5,7.455
DM-55-07-05-03,2026-07-29,38.0,1917.25,5.51
DM-55-07-05-03,2026-07-30,36.625,1878.0,2.19
DM-55-07-05-03,2026-07-31,37.0,1878.0,0.0
DM-55-07-05-03,2026-08-01,41.0,2044.75,1.055
DM-55-07-05-03,2026-08-02,42.0,2143.75,3.11
DM-55-07-05-03,2026-08-03,38.375,1977.25,1.54
DM-55-07-05-03,2026-08-04,38.5,1900.25,0.095
DM-55-07-05-03,2026-08-05,38.875,1893.0,0.0
DM-55-08-01-02,2026-07-08,,3273.25,
DM-55-08-01-02,2026-07-09,,5741.0,
DM-55-08-01-02,2026-07-10,,5809.25,
DM-55-08-01-02,2026-07-11,,5775.5,
DM-55-08-01-02,2026-07-12,,5702.0,
DM-55-08-01-02,2026-07-13,,5665.5,
DM-55-08-01-02,2026-07-14,,5777.75,
DM-55-08-01-02,2026-07-15,,5731.5,
DM-55-08-01-02,2026-07-16,,5669.0,
DM-55-08-01-02,2026-07-17,,5736.25,
DM-55-08-01-02,2026-07-18,,5897.5,
DM-55-08-01-02,2026-07-19,,5761.5,
DM-55-08-01-02,2026-07-20,,5730.0,
DM-55-08-01-02,2026-07-21,,5739.5,
DM-55-08-01-02,2026-07-22,,5694.0,0.0
DM-55-08-01-02,2026-07-23,,5748.25,0.0
DM-55-08-01-02,2026-07-24,,5813.75,0.0
DM-55-08-01-02,2026-07-25,,5726.75,0.0
DM-55-08-01-02,2026-07-26,,5711.25,0.0
DM-55-08-01-02,2026-07-27,,5641.75,0.0
DM-55-08-01-02,2026-07-28,,5623.75,0.0
DM-55-08-01-02,2026-07-29,,5622.25,0.0
DM-55-08-01-02,2026-07-30,,5748.25,0.0
DM-55-08-01-02,2026-07-31,,5578.75,0.0
DM-55-08-01-02,2026-08-01,,5765.5,0.0
DM-55-08-01-02,2026-08-02,,5778.5,0.0
DM-55-08-01-02,2026-08-03,,5689.5,0.0
DM-55-08-01-02,2026-08-04,,5788.5,0.0
DM-55-08-01-02,2026-08-05,,5737.0,0.0
DM-55-08-02-01,2026-07-08,,2598.75,
DM-55-08-02-01,2026-07-09,,4590.75,
DM-55-08-02-01,2026-07-10,,4710.75,
DM-55-08-02-01,2026-07-11,,4676.0,
DM-55-08-02-01,2026-07-12,,4645.5,
DM-55-08-02-01,2026-07-13,,4675.5,
DM-55-08-02-01,2026-07-14,,4754.5,
DM-55-08-02-01,2026-07-15,,4764.5,
DM-55-08-02-01,2026-07-16,,4543.0,
DM-55-08-02-01,2026-07-17,,4458.75,
DM-55-08-02-01,2026-07-18,,4807.5,
DM-55-08-02-01,2026-07-19,,4772.0,
DM-55-08-02-01,2026-07-20,,4883.25,
DM-55-08-02-01,2026-07-21,,4636.75,
DM-55-08-02-01,2026-07-22,,4771.75,0.0
DM-55-08-02-01,2026-07-23,,4596.5,0.0
DM-55-08-02-01,2026-07-24,,4507.0,0.0
DM-55-08-02-01,2026-07-25,,4538.5,0.0
DM-55-08-02-01,2026-07-26,,4627.25,0.0
DM-55-08-02-01,2026-07-27,,4569.5,0.0
DM-55-08-02-01,2026-07-28,,4707.25,0.0
DM-55-08-02-01,2026-07-29,,4553.75,0.0
DM-55-08-02-01,2026-07-30,,4489.0,0.0
DM-55-08-02-01,2026-07-31,,4398.75,0.0
DM-55-08-02-01,2026-08-01,,4666.25,0.0
DM-55-08-02-01,2026-08-02,,4735.25,0.0
DM-55-08-02-01,2026-08-03,,4756.75,0.0
DM-55-08-02-01,2026-08-04,,4630.0,0.0
DM-55-08-02-01,2026-08-05,,4669.0,0.0
DM-55-08-02-02,2026-07-08,157.125,3212.0,
DM-55-08-02-02,2026-07-09,145.0,5879.75,
DM-55-08-02-02,2026-07-10,146.0,5952.0,
DM-55-08-02-02,2026-07-11,141.0,6140.0,
DM-55-08-02-02,2026-07-12,134.125,5899.5,
DM-55-08-02-02,2026-07-13,122.625,5998.5,
DM-55-08-02-02,2026-07-14,135.25,5980.0,
DM-55-08-02-02,2026-07-15,130.5,5977.75,
DM-55-08-02-02,2026-07-16,117.125,5880.0,
DM-55-08-02-02,2026-07-17,129.875,5797.75,
DM-55-08-02-02,2026-07-18,151.875,6208.0,
DM-55-08-02-02,2026-07-19,138.75,6002.0,
DM-55-08-02-02,2026-07-20,135.875,5997.0,
DM-55-08-02-02,2026-07-21,138.375,6118.75,
DM-55-08-02-02,2026-07-22,148.5,5936.75,5.936
DM-55-08-02-02,2026-07-23,141.25,5891.5,4.622
DM-55-08-02-02,2026-07-24,149.875,5811.75,11.934
DM-55-08-02-02,2026-07-25,146.125,5861.25,15.495
DM-55-08-02-02,2026-07-26,122.0,5777.5,0.0
DM-55-08-02-02,2026-07-27,123.375,5570.0,0.0
DM-55-08-02-02,2026-07-28,141.625,5568.75,0.0
DM-55-08-02-02,2026-07-29,145.0,5802.0,2.436
DM-55-08-02-02,2026-07-30,139.875,5789.75,0.0
DM-55-08-02-02,2026-07-31,133.75,5851.75,0.0
DM-55-08-02-02,2026-08-01,141.0,5956.75,0.0
DM-55-08-02-02,2026-08-02,135.75,6013.0,0.0
DM-55-08-02-02,2026-08-03,139.5,5962.0,0.0
DM-55-08-02-02,2026-08-04,154.375,6107.5,11.811
DM-55-08-02-02,2026-08-05,135.875,5840.75,5.122
DM-55-08-03-01,2026-07-08,,2022.75,
DM-55-08-03-01,2026-07-09,42.375,3190.5,
DM-55-08-03-01,2026-07-10,45.75,3233.0,
DM-55-08-03-01,2026-07-11,50.375,3042.75,
DM-55-08-03-01,2026-07-12,51.875,2816.25,
DM-55-08-03-01,2026-07-13,48.0,3347.5,
DM-55-08-03-01,2026-07-14,42.75,3198.25,
DM-55-08-03-01,2026-07-15,47.75,3071.0,
DM-55-08-03-01,2026-07-16,30.25,3033.5,
DM-55-08-03-01,2026-07-17,40.75,3067.5,
DM-55-08-03-01,2026-07-18,37.75,3161.0,
DM-55-08-03-01,2026-07-19,42.0,2946.75,
DM-55-08-03-01,2026-07-20,33.75,3254.5,
DM-55-08-03-01,2026-07-21,32.375,3212.25,
DM-55-08-03-01,2026-07-22,51.0,3174.0,5.709
DM-55-08-03-01,2026-07-23,40.75,3241.5,1.168
DM-55-08-03-01,2026-07-24,56.625,3068.0,12.501
DM-55-08-03-01,2026-07-25,27.5,2960.75,0.0
DM-55-08-03-01,2026-07-26,34.75,2540.25,0.0
DM-55-08-03-01,2026-07-27,32.75,2482.5,0.0
DM-55-08-03-01,2026-07-28,37.75,2627.25,0.0
DM-55-08-03-01,2026-07-29,37.25,3003.75,0.0
DM-55-08-03-01,2026-07-30,37.25,3003.75,0.0
DM-55-08-03-01,2026-07-31,35.5,2829.75,0.0
DM-55-08-03-01,2026-08-01,61.625,3053.5,16.334
DM-55-08-03-01,2026-08-02,59.0,2784.25,30.043
DM-55-08-03-01,2026-08-03,34.0,2998.75,18.751
DM-55-08-03-01,2026-08-04,54.375,3127.25,27.835
DM-55-08-03-01,2026-08-05,37.375,3308.0,19.919
DM-55-09-02-01,2026-07-08,,3428.75,
DM-55-09-02-01,2026-07-09,,6021.0,
DM-55-09-02-01,2026-07-10,,5995.25,
DM-55-09-02-01,2026-07-11,,5922.0,
DM-55-09-02-01,2026-07-12,,5838.0,
DM-55-09-02-01,2026-07-13,,5751.5,
DM-55-09-02-01,2026-07-14,,5875.25,
DM-55-09-02-01,2026-07-15,,5909.25,
DM-55-09-02-01,2026-07-16,,5815.5,
DM-55-09-02-01,2026-07-17,,5741.5,
DM-55-09-02-01,2026-07-18,,5859.75,
DM-55-09-02-01,2026-07-19,,5884.5,
DM-55-09-02-01,2026-07-20,,6012.5,
DM-55-09-02-01,2026-07-21,,5702.75,
DM-55-09-02-01,2026-07-22,,5967.5,0.0
DM-55-09-02-01,2026-07-23,,6114.5,0.0
DM-55-09-02-01,2026-07-24,,5276.0,0.0
DM-55-09-02-01,2026-07-25,,5316.25,0.0
DM-55-09-02-01,2026-07-26,,6480.25,0.0
DM-55-09-02-01,2026-07-27,,6162.5,0.0
DM-55-09-02-01,2026-07-28,,6187.5,0.0
DM-55-09-02-01,2026-07-29,,6362.5,0.0
DM-55-09-02-01,2026-07-30,,6317.25,0.0
DM-55-09-02-01,2026-07-31,,5360.5,0.0
DM-55-09-02-01,2026-08-01,,6738.25,0.0
DM-55-09-02-01,2026-08-02,,6476.0,0.0
DM-55-09-02-01,2026-08-03,,6487.25,0.0
DM-55-09-02-01,2026-08-04,,6229.5,0.0
DM-55-09-02-01,2026-08-05,,6677.0,0.0
DM-56-01-02-01,2026-07-08,,2791.25,
DM-56-01-02-01,2026-07-09,135.375,4641.25,
DM-56-01-02-01,2026-07-10,135.5,4711.0,
DM-56-01-02-01,2026-07-11,135.125,4881.25,
DM-56-01-02-01,2026-07-12,137.875,4841.0,
DM-56-01-02-01,2026-07-13,133.875,4686.25,
DM-56-01-02-01,2026-07-14,138.75,4722.25,
DM-56-01-02-01,2026-07-15,135.375,4716.25,
DM-56-01-02-01,2026-07-16,136.75,4673.5,
DM-56-01-02-01,2026-07-17,133.875,4693.0,
DM-56-01-02-01,2026-07-18,138.5,4955.25,
DM-56-01-02-01,2026-07-19,142.25,5017.5,
DM-56-01-02-01,2026-07-20,140.375,4742.25,
DM-56-01-02-01,2026-07-21,130.875,4621.5,
DM-56-01-02-01,2026-07-22,130.25,4630.75,0.0
DM-56-01-02-01,2026-07-23,131.375,4539.5,0.0
DM-56-01-02-01,2026-07-24,127.625,4593.5,0.0
DM-56-01-02-01,2026-07-25,134.625,4830.25,0.0
DM-56-01-02-01,2026-07-26,133.125,4850.0,0.0
DM-56-01-02-01,2026-07-27,133.5,4578.25,0.0
DM-56-01-02-01,2026-07-28,129.625,4526.25,0.0
DM-56-01-02-01,2026-07-29,131.875,4610.75,0.0
DM-56-01-02-01,2026-07-30,131.625,4544.5,0.0
DM-56-01-02-01,2026-07-31,132.75,4566.0,0.0
DM-56-01-02-01,2026-08-01,134.5,4723.5,0.0
DM-56-01-02-01,2026-08-02,134.625,4756.75,0.0
DM-56-01-02-01,2026-08-03,131.5,4628.5,0.0
DM-56-01-02-01,2026-08-04,135.125,4650.5,0.0
DM-56-01-02-01,2026-08-05,134.25,4595.25,0.0
DM-56-01-03-02,2026-07-08,95.875,1979.25,
DM-56-01-03-02,2026-07-09,98.25,3838.0,
DM-56-01-03-02,2026-07-10,152.0,3647.75,
DM-56-01-03-02,2026-07-11,96.875,3944.5,
DM-56-01-03-02,2026-07-12,96.75,3996.25,
DM-56-01-03-02,2026-07-13,99.75,3805.0,
DM-56-01-03-02,2026-07-14,94.625,3728.5,
DM-56-01-03-02,2026-07-15,97.75,3750.0,
DM-56-01-03-02,2026-07-16,94.125,3648.75,
DM-56-01-03-02,2026-07-17,101.875,3675.25,
DM-56-01-03-02,2026-07-18,93.5,3963.5,
DM-56-01-03-02,2026-07-19,95.5,4006.75,
DM-56-01-03-02,2026-07-20,97.25,3812.0,
DM-56-01-03-02,2026-07-21,94.75,3783.0,
DM-56-01-03-02,2026-07-22,94.0,3701.0,0.0
DM-56-01-03-02,2026-07-23,94.0,3686.25,0.0
DM-56-01-03-02,2026-07-24,103.125,3679.75,0.0
DM-56-01-03-02,2026-07-25,96.625,3875.75,0.0
DM-56-01-03-02,2026-07-26,95.25,3931.75,0.0
DM-56-01-03-02,2026-07-27,103.125,3649.75,0.0
DM-56-01-03-02,2026-07-28,92.375,3602.5,0.0
DM-56-01-03-02,2026-07-29,91.125,3642.5,0.0
DM-56-01-03-02,2026-07-30,108.375,3715.75,0.534
DM-56-01-03-02,2026-07-31,98.625,3614.25,0.0
DM-56-01-03-02,2026-08-01,100.0,3781.75,0.0
DM-56-01-03-02,2026-08-02,96.75,3872.5,0.0
DM-56-01-03-02,2026-08-03,91.375,3726.5,0.0
DM-56-01-03-02,2026-08-04,93.875,3668.0,0.0
DM-56-01-03-02,2026-08-05,95.25,3624.25,0.0
DM-56-01-04-01,2026-07-08,,2773.25,
DM-56-01-04-01,2026-07-09,134.875,4611.75,
DM-56-01-04-01,2026-07-10,135.125,4680.25,
DM-56-01-04-01,2026-07-11,133.625,4851.75,
DM-56-01-04-01,2026-07-12,136.375,4812.0,
DM-56-01-04-01,2026-07-13,133.0,4659.0,
DM-56-01-04-01,2026-07-14,139.375,4696.0,
DM-56-01-04-01,2026-07-15,134.75,4689.5,
DM-56-01-04-01,2026-07-16,135.75,4645.75,
DM-56-01-04-01,2026-07-17,133.25,4661.75,
DM-56-01-04-01,2026-07-18,138.25,4923.75,
DM-56-01-04-01,2026-07-19,141.875,4988.0,
DM-56-01-04-01,2026-07-20,140.125,4715.0,
DM-56-01-04-01,2026-07-21,130.375,4594.0,
DM-56-01-04-01,2026-07-22,129.5,4604.25,0.0
DM-56-01-04-01,2026-07-23,130.75,4515.75,0.0
DM-56-01-04-01,2026-07-24,126.625,4569.5,0.0
DM-56-01-04-01,2026-07-25,133.875,4805.0,0.0
DM-56-01-04-01,2026-07-26,132.75,4819.75,0.0
DM-56-01-04-01,2026-07-27,133.125,4554.0,0.0
DM-56-01-04-01,2026-07-28,129.25,4501.25,0.0
DM-56-01-04-01,2026-07-29,131.375,4589.0,0.0
DM-56-01-04-01,2026-07-30,131.375,4519.0,0.0
DM-56-01-04-01,2026-07-31,132.75,4540.5,0.0
DM-56-01-04-01,2026-08-01,133.75,4695.25,0.0
DM-56-01-04-01,2026-08-02,134.375,4724.5,0.0
DM-56-01-04-01,2026-08-03,130.75,4599.5,0.0
DM-56-01-04-01,2026-08-04,134.25,4630.0,0.0
DM-56-01-04-01,2026-08-05,133.625,4568.25,0.0
DM-56-01-05-01,2026-07-08,,6614.25,
DM-56-01-05-01,2026-07-09,240.75,11094.0,
DM-56-01-05-01,2026-07-10,246.75,11500.75,
DM-56-01-05-01,2026-07-11,259.625,11599.5,
DM-56-01-05-01,2026-07-12,266.75,11499.25,
DM-56-01-05-01,2026-07-13,237.25,11329.0,
DM-56-01-05-01,2026-07-14,242.0,11189.0,
DM-56-01-05-01,2026-07-15,236.625,11190.0,
DM-56-01-05-01,2026-07-16,237.75,11115.5,
DM-56-01-05-01,2026-07-17,248.0,11069.75,
DM-56-01-05-01,2026-07-18,243.75,11911.0,
DM-56-01-05-01,2026-07-19,250.875,11866.25,
DM-56-01-05-01,2026-07-20,247.625,11571.5,
DM-56-01-05-01,2026-07-21,241.0,11473.0,
DM-56-01-05-01,2026-07-22,245.625,11278.75,0.0
DM-56-01-05-01,2026-07-23,236.25,10782.25,0.0
DM-56-01-05-01,2026-07-24,246.375,11273.25,0.0
DM-56-01-05-01,2026-07-25,253.5,11684.0,3.161
DM-56-01-05-01,2026-07-26,248.125,11667.25,0.946
DM-56-01-05-01,2026-07-27,242.625,10845.0,0.0
DM-56-01-05-01,2026-07-28,258.375,10821.25,8.036
DM-56-01-05-01,2026-07-29,241.5,10934.75,0.0
DM-56-01-05-01,2026-07-30,237.625,11041.75,0.0
DM-56-01-05-01,2026-07-31,240.375,10564.75,0.0
DM-56-01-05-01,2026-08-01,248.875,11089.0,0.0
DM-56-01-05-01,2026-08-02,251.5,11278.5,1.161
DM-56-01-05-01,2026-08-03,241.0,11197.0,0.0
DM-56-01-05-01,2026-08-04,238.875,11109.75,0.0
DM-56-01-05-01,2026-08-05,248.875,10769.25,0.0
DM-56-02-01-01,2026-07-08,,4231.5,
DM-56-02-01-01,2026-07-09,144.125,6964.5,
DM-56-02-01-01,2026-07-10,143.5,7169.75,
DM-56-02-01-01,2026-07-11,159.125,7476.75,
DM-56-02-01-01,2026-07-12,155.0,7592.25,
DM-56-02-01-01,2026-07-13,149.75,7173.0,
DM-56-02-01-01,2026-07-14,138.625,7159.0,
DM-56-02-01-01,2026-07-15,170.25,7379.5,
DM-56-02-01-01,2026-07-16,153.875,7011.75,
DM-56-02-01-01,2026-07-17,152.125,6986.25,
DM-56-02-01-01,2026-07-18,147.375,7891.75,
DM-56-02-01-01,2026-07-19,147.75,7979.5,
DM-56-02-01-01,2026-07-20,154.25,7465.25,
DM-56-02-01-01,2026-07-21,150.5,7637.0,
DM-56-02-01-01,2026-07-22,172.5,7379.25,17.442
DM-56-02-01-01,2026-07-23,148.0,6759.25,10.384
DM-56-02-01-01,2026-07-24,147.375,6974.25,2.701
DM-56-02-01-01,2026-07-25,151.5,7729.5,0.0
DM-56-02-01-01,2026-07-26,158.125,7616.75,3.067
DM-56-02-01-01,2026-07-27,145.375,7053.0,0.0
DM-56-02-01-01,2026-07-28,187.5,6879.0,32.442
DM-56-02-01-01,2026-07-29,148.25,6873.0,25.634
DM-56-02-01-01,2026-07-30,154.875,7024.5,25.451
DM-56-02-01-01,2026-07-31,150.375,6725.0,20.768
DM-56-02-01-01,2026-08-01,151.375,7187.75,17.085
DM-56-02-01-01,2026-08-02,151.375,7187.75,13.402
DM-56-02-01-01,2026-08-03,156.875,7361.75,15.219
DM-56-02-01-01,2026-08-04,158.75,7275.5,18.911
DM-56-02-01-01,2026-08-05,162.0,7023.75,25.853
DM-56-02-03-01,2026-07-08,,1533.5,
DM-56-02-03-01,2026-07-09,58.875,2632.75,
DM-56-02-03-01,2026-07-10,58.125,2690.75,
DM-56-02-03-01,2026-07-11,61.5,2711.75,
DM-56-02-03-01,2026-07-12,63.625,2681.25,
DM-56-02-03-01,2026-07-13,58.75,2658.5,
DM-56-02-03-01,2026-07-14,58.75,2665.75,
DM-56-02-03-01,2026-07-15,59.25,2676.25,
DM-56-02-03-01,2026-07-16,59.25,2560.25,
DM-56-02-03-01,2026-07-17,57.5,2543.5,
DM-56-02-03-01,2026-07-18,60.375,2758.5,
DM-56-02-03-01,2026-07-19,56.875,2751.25,
DM-56-02-03-01,2026-07-20,59.625,2748.5,
DM-56-02-03-01,2026-07-21,56.625,2718.0,
DM-56-02-03-01,2026-07-22,57.875,2687.75,0.0
DM-56-02-03-01,2026-07-23,60.75,2450.5,0.677
DM-56-02-03-01,2026-07-24,57.625,2544.25,0.0
DM-56-02-03-01,2026-07-25,61.125,2733.25,1.052
DM-56-02-03-01,2026-07-26,59.875,2727.0,0.854
DM-56-02-03-01,2026-07-27,57.375,2587.5,0.0
DM-56-02-03-01,2026-07-28,61.0,2483.75,0.927
DM-56-02-03-01,2026-07-29,54.625,2496.75,0.0
DM-56-02-03-01,2026-07-30,56.5,2522.75,0.0
DM-56-02-03-01,2026-07-31,57.875,2460.5,0.0
DM-56-02-03-01,2026-08-01,60.0,2565.0,0.0
DM-56-02-03-01,2026-08-02,60.625,2570.0,0.552
DM-56-02-03-01,2026-08-03,56.0,2541.25,0.0
DM-56-02-03-01,2026-08-04,56.625,2588.5,0.0
DM-56-02-03-01,2026-08-05,58.625,2519.5,0.0
DM-56-02-05-01,2026-07-08,,1637.5,
DM-56-02-05-01,2026-07-09,,3096.5,
DM-56-02-05-01,2026-07-10,,3132.5,
DM-56-02-05-01,2026-07-11,,3242.75,
DM-56-02-05-01,2026-07-12,,3215.5,
DM-56-02-05-01,2026-07-13,,3114.0,
DM-56-02-05-01,2026-07-14,,3081.25,
DM-56-02-05-01,2026-07-15,,3110.75,
DM-56-02-05-01,2026-07-16,,3068.75,
DM-56-02-05-01,2026-07-17,,3083.5,
DM-56-02-05-01,2026-07-18,,3273.0,
DM-56-02-05-01,2026-07-19,,3271.75,
DM-56-02-05-01,2026-07-20,,3166.75,
DM-56-02-05-01,2026-07-21,,3080.5,
DM-56-02-05-01,2026-07-22,,3128.25,0.0
DM-56-02-05-01,2026-07-23,,3051.5,0.0
DM-56-02-05-01,2026-07-24,,3132.0,0.0
DM-56-02-05-01,2026-07-25,,3269.0,0.0
DM-56-02-05-01,2026-07-26,,3213.25,0.0
DM-56-02-05-01,2026-07-27,,3055.75,0.0
DM-56-02-05-01,2026-07-28,,3037.5,0.0
DM-56-02-05-01,2026-07-29,,3012.25,0.0
DM-56-02-05-01,2026-07-30,,3110.0,0.0
DM-56-02-05-01,2026-07-31,,3064.75,0.0
DM-56-02-05-01,2026-08-01,,3237.25,0.0
DM-56-02-05-01,2026-08-02,,3247.5,0.0
DM-56-02-05-01,2026-08-03,,3176.75,0.0
DM-56-02-05-01,2026-08-04,,3129.25,0.0
DM-56-02-05-01,2026-08-05,,3103.25,0.0
DM-56-02-05-02,2026-07-08,,1788.0,
DM-56-02-05-02,2026-07-09,75.5,2297.5,
DM-56-02-05-02,2026-07-10,50.5,1983.75,
DM-56-02-05-02,2026-07-11,50.0,2006.75,
DM-56-02-05-02,2026-07-12,51.875,2035.5,
DM-56-02-05-02,2026-07-13,48.25,1880.25,
DM-56-02-05-02,2026-07-14,78.625,2140.5,
DM-56-02-05-02,2026-07-15,77.0,1935.75,
DM-56-02-05-02,2026-07-16,65.75,2102.75,
DM-56-02-05-02,2026-07-17,78.125,2194.0,
DM-56-02-05-02,2026-07-18,81.625,2372.25,
DM-56-02-05-02,2026-07-19,77.938,2281.5,
DM-56-02-05-02,2026-07-20,77.938,2281.5,
DM-56-02-05-02,2026-07-21,63.875,2292.0,
DM-56-02-05-02,2026-07-22,88.0,2399.25,14.284
DM-56-02-05-02,2026-07-23,60.375,2164.0,0.942
DM-56-02-05-02,2026-07-24,88.375,2369.75,15.601
DM-56-02-05-02,2026-07-25,91.875,2501.0,33.759
DM-56-02-05-02,2026-07-26,76.125,2401.0,36.168
DM-56-02-05-02,2026-07-27,78.25,2270.25,40.701
DM-56-02-05-02,2026-07-28,79.875,2231.5,46.86
DM-56-02-05-02,2026-07-29,73.25,2659.75,46.393
DM-56-02-05-02,2026-07-30,76.625,2253.0,49.302
DM-56-02-05-02,2026-07-31,77.938,2281.5,53.523
DM-56-02-05-02,2026-08-01,80.625,2355.5,60.432
DM-56-02-05-02,2026-08-02,76.125,2360.25,62.84
DM-56-02-05-02,2026-08-03,74.5,2326.0,63.624
DM-56-02-05-02,2026-08-04,74.125,2264.0,64.032
DM-56-02-05-02,2026-08-05,79.875,2302.0,70.191
DM-56-02-07-01,2026-07-08,,2185.75,
DM-56-02-07-01,2026-07-09,,4017.5,
DM-56-02-07-01,2026-07-10,,4145.0,
DM-56-02-07-01,2026-07-11,,4235.25,
DM-56-02-07-01,2026-07-12,,4202.75,
DM-56-02-07-01,2026-07-13,,4083.5,
DM-56-02-07-01,2026-07-14,,3766.5,
DM-56-02-07-01,2026-07-15,,4098.75,
DM-56-02-07-01,2026-07-16,,4055.5,
DM-56-02-07-01,2026-07-17,,4102.25,
DM-56-02-07-01,2026-07-18,,4392.5,
DM-56-02-07-01,2026-07-19,,4341.75,
DM-56-02-07-01,2026-07-20,,4164.75,
DM-56-02-07-01,2026-07-21,,4200.0,
DM-56-02-07-01,2026-07-22,,4245.0,0.0
DM-56-02-07-01,2026-07-23,,3877.0,0.0
DM-56-02-07-01,2026-07-24,,3973.25,0.0
DM-56-02-07-01,2026-07-25,,4185.25,0.0
DM-56-02-07-01,2026-07-26,,4164.25,0.0
DM-56-02-07-01,2026-07-27,,3923.75,0.0
DM-56-02-07-01,2026-07-28,,3821.25,0.0
DM-56-02-07-01,2026-07-29,,3908.75,0.0
DM-56-02-07-01,2026-07-30,,3966.5,0.0
DM-56-02-07-01,2026-07-31,,3880.25,0.0
DM-56-02-07-01,2026-08-01,,4061.0,0.0
DM-56-02-07-01,2026-08-02,,4086.75,0.0
DM-56-02-07-01,2026-08-03,,4052.0,0.0
DM-56-02-07-01,2026-08-04,,4034.75,0.0
DM-56-02-07-01,2026-08-05,,3961.25,0.0
DM-56-02-09-01,2026-07-08,,1574.0,
DM-56-02-09-01,2026-07-09,48.375,2641.25,
DM-56-02-09-01,2026-07-10,48.0,2731.75,
DM-56-02-09-01,2026-07-11,58.125,2827.5,
DM-56-02-09-01,2026-07-12,54.75,2791.0,
DM-56-02-09-01,2026-07-13,45.625,2672.25,
DM-56-02-09-01,2026-07-14,44.0,2635.75,
DM-56-02-09-01,2026-07-15,43.375,2616.25,
DM-56-02-09-01,2026-07-16,48.0,2623.25,
DM-56-02-09-01,2026-07-17,44.375,2621.0,
DM-56-02-09-01,2026-07-18,47.375,2802.0,
DM-56-02-09-01,2026-07-19,44.75,2837.25,
DM-56-02-09-01,2026-07-20,50.375,2726.5,
DM-56-02-09-01,2026-07-21,45.875,2704.5,
DM-56-02-09-01,2026-07-22,44.375,2650.75,0.0
DM-56-02-09-01,2026-07-23,47.25,2532.75,0.0
DM-56-02-09-01,2026-07-24,45.625,2597.5,0.0
DM-56-02-09-01,2026-07-25,52.0,2750.5,1.995
DM-56-02-09-01,2026-07-26,45.75,2740.5,0.0
DM-56-02-09-01,2026-07-27,49.5,2579.75,0.0
DM-56-02-09-01,2026-07-28,51.0,2568.75,0.995
DM-56-02-09-01,2026-07-29,43.875,2550.75,0.0
DM-56-02-09-01,2026-07-30,45.25,2576.75,0.0
DM-56-02-09-01,2026-07-31,46.875,2544.5,0.0
DM-56-02-09-01,2026-08-01,48.75,2681.0,0.0
DM-56-02-09-01,2026-08-02,50.0,2742.0,0.0
DM-56-02-09-01,2026-08-03,46.75,2672.5,0.0
DM-56-02-09-01,2026-08-04,43.625,2639.75,0.0
DM-56-02-09-01,2026-08-05,50.5,2569.25,0.495
DM-56-02-10-01,2026-07-08,,889.75,
DM-56-02-10-01,2026-07-09,31.625,1463.25,
DM-56-02-10-01,2026-07-10,30.125,1509.5,
DM-56-02-10-01,2026-07-11,32.125,1527.5,
DM-56-02-10-01,2026-07-12,30.75,1463.0,
DM-56-02-10-01,2026-07-13,29.25,1489.0,
DM-56-02-10-01,2026-07-14,29.625,1502.5,
DM-56-02-10-01,2026-07-15,31.0,1547.25,
DM-56-02-10-01,2026-07-16,30.5,1500.0,
DM-56-02-10-01,2026-07-17,29.0,1488.5,
DM-56-02-10-01,2026-07-18,31.875,1600.75,
DM-56-02-10-01,2026-07-19,31.75,1621.25,
DM-56-02-10-01,2026-07-20,33.375,1621.0,
DM-56-02-10-01,2026-07-21,30.125,1563.75,
DM-56-02-10-01,2026-07-22,32.0,1545.75,0.537
DM-56-02-10-01,2026-07-23,31.375,1484.25,0.45
DM-56-02-10-01,2026-07-24,31.75,1527.75,0.737
DM-56-02-10-01,2026-07-25,33.25,1482.25,2.524
DM-56-02-10-01,2026-07-26,24.75,1334.5,0.0
DM-56-02-10-01,2026-07-27,23.75,1245.75,0.0
DM-56-02-10-01,2026-07-28,23.0,1150.75,0.0
DM-56-02-10-01,2026-07-29,24.625,1197.25,0.0
DM-56-02-10-01,2026-07-30,20.75,1202.0,0.0
DM-56-02-10-01,2026-07-31,20.625,1174.5,0.0
DM-56-02-10-01,2026-08-01,23.5,1239.75,0.0
DM-56-02-10-01,2026-08-02,26.125,1306.5,0.0
DM-56-02-10-01,2026-08-03,25.625,1305.25,0.0
DM-56-02-10-01,2026-08-04,22.125,1269.5,0.0
DM-56-02-10-01,2026-08-05,23.125,1222.25,0.0
DM-56-03-01-01,2026-07-08,,3185.75,
DM-56-03-01-01,2026-07-09,106.75,5389.5,
DM-56-03-01-01,2026-07-10,105.875,5520.5,
DM-56-03-01-01,2026-07-11,113.875,5763.75,
DM-56-03-01-01,2026-07-12,114.75,5794.75,
DM-56-03-01-01,2026-07-13,101.625,5417.5,
DM-56-03-01-01,2026-07-14,103.5,5431.0,
DM-56-03-01-01,2026-07-15,104.5,5479.25,
DM-56-03-01-01,2026-07-16,101.5,5344.0,
DM-56-03-01-01,2026-07-17,102.0,5342.0,
DM-56-03-01-01,2026-07-18,104.5,5864.5,
DM-56-03-01-01,2026-07-19,103.875,5969.25,
DM-56-03-01-01,2026-07-20,109.5,5640.25,
DM-56-03-01-01,2026-07-21,104.125,5561.25,
DM-56-03-01-01,2026-07-22,104.375,5449.0,0.0
DM-56-03-01-01,2026-07-23,103.25,5306.25,0.0
DM-56-03-01-01,2026-07-24,107.875,5442.0,0.0
DM-56-03-01-01,2026-07-25,112.375,5812.5,4.418
DM-56-03-01-01,2026-07-26,105.875,5852.0,2.336
DM-56-03-01-01,2026-07-27,107.0,5450.25,1.379
DM-56-03-01-01,2026-07-28,110.375,5412.25,3.798
DM-56-03-01-01,2026-07-29,104.75,5517.5,0.591
DM-56-03-01-01,2026-07-30,106.0,5593.0,0.0
DM-56-03-01-01,2026-07-31,111.375,5412.25,3.418
DM-56-03-01-01,2026-08-01,112.125,5706.5,7.586
DM-56-03-01-01,2026-08-02,112.25,5837.25,11.879
DM-56-03-01-01,2026-08-03,109.0,5561.75,12.923
DM-56-03-01-01,2026-08-04,106.25,5493.25,11.216
DM-56-03-01-01,2026-08-05,116.0,5443.5,19.259
DM-56-03-03-01,2026-07-08,,1933.0,
DM-56-03-03-01,2026-07-09,,3735.5,
DM-56-03-03-01,2026-07-10,,3775.0,
DM-56-03-03-01,2026-07-11,,4092.25,
DM-56-03-03-01,2026-07-12,,4143.75,
DM-56-03-03-01,2026-07-13,,3724.75,
DM-56-03-03-01,2026-07-14,,3706.5,
DM-56-03-03-01,2026-07-15,,3773.5,
DM-56-03-03-01,2026-07-16,,3664.0,
DM-56-03-03-01,2026-07-17,,3670.0,
DM-56-03-03-01,2026-07-18,,4145.25,
DM-56-03-03-01,2026-07-19,,4210.5,
DM-56-03-03-01,2026-07-20,,3791.0,
DM-56-03-03-01,2026-07-21,,3735.25,
DM-56-03-03-01,2026-07-22,,3804.5,0.0
DM-56-03-03-01,2026-07-23,,3756.25,0.0
DM-56-03-03-01,2026-07-24,,3726.5,0.0
DM-56-03-03-01,2026-07-25,,3966.5,0.0
DM-56-03-03-01,2026-07-26,,3903.25,0.0
DM-56-03-03-01,2026-07-27,,3558.5,0.0
DM-56-03-03-01,2026-07-28,,3567.5,0.0
DM-56-03-03-01,2026-07-29,,3626.5,0.0
DM-56-03-03-01,2026-07-30,,3677.5,0.0
DM-56-03-03-01,2026-07-31,,3553.25,0.0
DM-56-03-03-01,2026-08-01,,3771.0,0.0
DM-56-03-03-01,2026-08-02,,3891.5,0.0
DM-56-03-03-01,2026-08-03,,3674.0,0.0
DM-56-03-03-01,2026-08-04,,3616.0,0.0
DM-56-03-03-01,2026-08-05,,3558.0,0.0
DM-56-03-04-01,2026-07-08,,2610.25,
DM-56-03-04-01,2026-07-09,101.75,4524.75,
DM-56-03-04-01,2026-07-10,102.5,4574.5,
DM-56-03-04-01,2026-07-11,112.25,4778.0,
DM-56-03-04-01,2026-07-12,111.375,4755.5,
DM-56-03-04-01,2026-07-13,98.625,4494.75,
DM-56-03-04-01,2026-07-14,101.125,4479.0,
DM-56-03-04-01,2026-07-15,105.0,4586.75,
DM-56-03-04-01,2026-07-16,98.75,4371.75,
DM-56-03-04-01,2026-07-17,96.25,4339.5,
DM-56-03-04-01,2026-07-18,99.125,4720.5,
DM-56-03-04-01,2026-07-19,100.0,4723.0,
DM-56-03-04-01,2026-07-20,103.5,4536.75,
DM-56-03-04-01,2026-07-21,98.125,4490.0,
DM-56-03-04-01,2026-07-22,101.25,4410.0,0.0
DM-56-03-04-01,2026-07-23,87.5,3957.75,0.0
DM-56-03-04-01,2026-07-24,84.75,3996.75,0.0
DM-56-03-04-01,2026-07-25,87.75,4194.75,0.0
DM-56-03-04-01,2026-07-26,82.0,4105.5,0.0
DM-56-03-04-01,2026-07-27,80.375,3853.25,0.0
DM-56-03-04-01,2026-07-28,86.625,3868.75,0.0
DM-56-03-04-01,2026-07-29,81.375,3914.5,0.0
DM-56-03-04-01,2026-07-30,80.5,3919.75,0.0
DM-56-03-04-01,2026-07-31,81.625,3862.5,0.0
DM-56-03-04-01,2026-08-01,87.625,4065.75,0.0
DM-56-03-04-01,2026-08-02,86.125,4177.0,0.0
DM-56-03-04-01,2026-08-03,82.0,4015.75,0.0
DM-56-03-04-01,2026-08-04,81.75,3931.25,0.0
DM-56-03-04-01,2026-08-05,87.5,3879.5,0.0
DM-56-03-05-01,2026-07-08,143.25,3224.75,
DM-56-03-05-01,2026-07-09,148.0,6628.25,
DM-56-03-05-01,2026-07-10,165.0,6861.75,
DM-56-03-05-01,2026-07-11,164.875,6928.5,
DM-56-03-05-01,2026-07-12,117.75,6491.75,
DM-56-03-05-01,2026-07-13,145.75,6619.75,
DM-56-03-05-01,2026-07-14,141.75,6604.0,
DM-56-03-05-01,2026-07-15,141.125,6680.25,
DM-56-03-05-01,2026-07-16,143.875,6368.25,
DM-56-03-05-01,2026-07-17,141.0,6532.5,
DM-56-03-05-01,2026-07-18,146.0,6890.0,
DM-56-03-05-01,2026-07-19,132.125,6766.0,
DM-56-03-05-01,2026-07-20,137.5,6857.0,
DM-56-03-05-01,2026-07-21,141.25,6818.5,
DM-56-03-05-01,2026-07-22,137.875,6760.0,0.0
DM-56-03-05-01,2026-07-23,141.625,6439.0,0.0
DM-56-03-05-01,2026-07-24,154.5,6609.75,5.314
DM-56-03-05-01,2026-07-25,141.5,6997.5,0.0
DM-56-03-05-01,2026-07-26,116.125,6613.25,0.0
DM-56-03-05-01,2026-07-27,145.25,6603.5,0.0
DM-56-03-05-01,2026-07-28,126.5,6353.25,0.0
DM-56-03-05-01,2026-07-29,141.375,6704.25,0.0
DM-56-03-05-01,2026-07-30,144.625,6850.25,0.0
DM-56-03-05-01,2026-07-31,131.875,6507.75,0.0
DM-56-03-05-01,2026-08-01,133.5,6564.25,0.0
DM-56-03-05-01,2026-08-02,133.25,6559.75,0.0
DM-56-03-05-01,2026-08-03,142.188,6617.5,0.0
DM-56-03-05-01,2026-08-04,329.125,6735.25,179.939
DM-56-03-05-01,2026-08-05,350.75,6586.5,381.502
DM-56-03-06-02,2026-07-08,,1683.25,
DM-56-03-06-02,2026-07-09,72.0,2867.25,
DM-56-03-06-02,2026-07-10,68.25,2879.5,
DM-56-03-06-02,2026-07-11,74.75,2951.25,
DM-56-03-06-02,2026-07-12,76.25,2951.0,
DM-56-03-06-02,2026-07-13,67.75,2846.5,
DM-56-03-06-02,2026-07-14,70.375,2851.75,
DM-56-03-06-02,2026-07-15,67.5,2826.5,
DM-56-03-06-02,2026-07-16,70.375,2829.25,
DM-56-03-06-02,2026-07-17,68.0,2803.0,
DM-56-03-06-02,2026-07-18,70.0,2935.0,
DM-56-03-06-02,2026-07-19,68.0,2932.75,
DM-56-03-06-02,2026-07-20,70.0,2871.0,
DM-56-03-06-02,2026-07-21,66.75,2844.0,
DM-56-03-06-02,2026-07-22,67.375,2810.5,0.0
DM-56-03-06-02,2026-07-23,68.75,2795.0,0.0
DM-56-03-06-02,2026-07-24,70.75,2855.0,0.0
DM-56-03-06-02,2026-07-25,75.125,2937.75,3.746
DM-56-03-06-02,2026-07-26,68.875,2913.25,1.243
DM-56-03-06-02,2026-07-27,70.375,2791.0,0.239
DM-56-03-06-02,2026-07-28,74.25,2790.25,3.11
DM-56-03-06-02,2026-07-29,67.75,2793.5,0.0
DM-56-03-06-02,2026-07-30,68.5,2818.75,0.0
DM-56-03-06-02,2026-07-31,67.625,2755.0,0.0
DM-56-03-06-02,2026-08-01,71.75,2873.0,0.371
DM-56-03-06-02,2026-08-02,71.875,2891.75,0.868
DM-56-03-06-02,2026-08-03,69.25,2855.25,0.0
DM-56-03-06-02,2026-08-04,69.375,2831.25,0.0
DM-56-03-06-02,2026-08-05,72.125,2822.0,0.746
DM-56-04-02-01,2026-07-08,,3860.75,
DM-56-04-02-01,2026-07-09,106.25,6077.75,
DM-56-04-02-01,2026-07-10,100.125,6373.5,
DM-56-04-02-01,2026-07-11,103.125,6125.75,
DM-56-04-02-01,2026-07-12,89.5,5785.5,
DM-56-04-02-01,2026-07-13,85.375,5774.25,
DM-56-04-02-01,2026-07-14,83.125,5669.25,
DM-56-04-02-01,2026-07-15,89.125,5832.25,
DM-56-04-02-01,2026-07-16,86.125,5685.5,
DM-56-04-02-01,2026-07-17,83.625,5876.0,
DM-56-04-02-01,2026-07-18,89.75,6342.5,
DM-56-04-02-01,2026-07-19,91.375,6197.25,
DM-56-04-02-01,2026-07-20,87.125,6127.5,
DM-56-04-02-01,2026-07-21,89.0,5990.0,
DM-56-04-02-01,2026-07-22,86.375,5818.25,0.0
DM-56-04-02-01,2026-07-23,88.375,5499.25,0.0
DM-56-04-02-01,2026-07-24,91.375,5719.25,0.0
DM-56-04-02-01,2026-07-25,92.875,6069.5,0.0
DM-56-04-02-01,2026-07-26,88.0,6066.75,0.0
DM-56-04-02-01,2026-07-27,90.0,5648.75,0.0
DM-56-04-02-01,2026-07-28,93.75,5476.0,0.0
DM-56-04-02-01,2026-07-29,88.25,5660.25,0.0
DM-56-04-02-01,2026-07-30,86.375,5599.5,0.0
DM-56-04-02-01,2026-07-31,94.375,5331.5,0.0
DM-56-04-02-01,2026-08-01,93.25,5725.0,0.0
DM-56-04-02-01,2026-08-02,98.25,5827.25,3.636
DM-56-04-02-01,2026-08-03,92.375,5720.75,1.398
DM-56-04-02-01,2026-08-04,88.0,5783.25,0.0
DM-56-04-02-01,2026-08-05,89.0,5472.25,0.0
DM-56-04-04-01,2026-07-08,,1806.25,
DM-56-04-04-01,2026-07-09,51.875,2896.5,
DM-56-04-04-01,2026-07-10,52.75,3036.75,
DM-56-04-04-01,2026-07-11,59.5,3064.25,
DM-56-04-04-01,2026-07-12,58.625,3034.25,
DM-56-04-04-01,2026-07-13,49.0,2929.25,
DM-56-04-04-01,2026-07-14,48.625,2906.5,
DM-56-04-04-01,2026-07-15,50.625,2958.75,
DM-56-04-04-01,2026-07-16,45.0,2867.25,
DM-56-04-04-01,2026-07-17,48.125,2929.5,
DM-56-04-04-01,2026-07-18,51.75,3158.5,
DM-56-04-04-01,2026-07-19,58.75,3200.25,
DM-56-04-04-01,2026-07-20,57.125,3057.5,
DM-56-04-04-01,2026-07-21,49.0,3060.0,
DM-56-04-04-01,2026-07-22,45.875,2917.0,0.0
DM-56-04-04-01,2026-07-23,50.125,2778.0,0.0
DM-56-04-04-01,2026-07-24,48.875,2907.0,0.0
DM-56-04-04-01,2026-07-25,62.75,3075.0,8.122
DM-56-04-04-01,2026-07-26,51.25,3105.0,4.744
DM-56-04-04-01,2026-07-27,51.875,2892.0,1.992
DM-56-04-04-01,2026-07-28,56.5,2802.0,3.864
DM-56-04-04-01,2026-07-29,50.75,2831.0,0.0
DM-56-04-04-01,2026-07-30,54.75,2949.0,0.122
DM-56-04-04-01,2026-07-31,57.625,2817.25,3.119
DM-56-04-04-01,2026-08-01,54.25,2942.25,2.742
DM-56-04-04-01,2026-08-02,58.0,3005.75,6.114
DM-56-04-04-01,2026-08-03,48.375,2954.25,0.0
DM-56-04-04-01,2026-08-04,49.875,2907.0,0.0
DM-56-04-04-01,2026-08-05,51.25,2839.5,0.0
DM-56-04-04-02,2026-07-08,,1877.0,
DM-56-04-04-02,2026-07-09,60.625,3204.25,
DM-56-04-04-02,2026-07-10,61.875,3302.75,
DM-56-04-04-02,2026-07-11,67.5,3323.25,
DM-56-04-04-02,2026-07-12,71.125,3287.25,
DM-56-04-04-02,2026-07-13,57.5,3199.0,
DM-56-04-04-02,2026-07-14,58.875,3205.25,
DM-56-04-04-02,2026-07-15,58.375,3183.0,
DM-56-04-04-02,2026-07-16,53.5,3083.5,
DM-56-04-04-02,2026-07-17,54.125,3102.25,
DM-56-04-04-02,2026-07-18,56.125,3309.5,
DM-56-04-04-02,2026-07-19,61.0,3331.0,
DM-56-04-04-02,2026-07-20,64.125,3308.0,
DM-56-04-04-02,2026-07-21,57.875,3292.75,
DM-56-04-04-02,2026-07-22,56.5,3225.25,0.0
DM-56-04-04-02,2026-07-23,58.0,3081.25,0.0
DM-56-04-04-02,2026-07-24,59.125,3219.5,0.0
DM-56-04-04-02,2026-07-25,66.875,3372.0,4.24
DM-56-04-04-02,2026-07-26,60.5,3388.25,2.105
DM-56-04-04-02,2026-07-27,61.625,3248.0,1.095
DM-56-04-04-02,2026-07-28,65.125,3142.75,3.585
DM-56-04-04-02,2026-07-29,60.375,3186.0,1.324
DM-56-04-04-02,2026-07-30,61.5,3298.25,0.189
DM-56-04-04-02,2026-07-31,62.625,3186.25,0.179
DM-56-04-04-02,2026-08-01,68.625,3366.75,6.169
DM-56-04-04-02,2026-08-02,67.375,3436.25,10.909
DM-56-04-04-02,2026-08-03,60.5,3451.0,8.774
DM-56-04-04-02,2026-08-04,60.375,3413.0,6.514
DM-56-04-04-02,2026-08-05,65.375,3377.0,9.254
DM-56-04-05-02,2026-07-08,,1770.0,
DM-56-04-05-02,2026-07-09,65.875,3007.5,
DM-56-04-05-02,2026-07-10,66.375,3079.75,
DM-56-04-05-02,2026-07-11,69.625,3176.5,
DM-56-04-05-02,2026-07-12,72.5,3185.5,
DM-56-04-05-02,2026-07-13,66.25,3112.5,
DM-56-04-05-02,2026-07-14,66.625,3040.0,
DM-56-04-05-02,2026-07-15,66.5,3080.25,
DM-56-04-05-02,2026-07-16,67.25,3020.25,
DM-56-04-05-02,2026-07-17,66.125,3038.0,
DM-56-04-05-02,2026-07-18,67.375,3242.0,
DM-56-04-05-02,2026-07-19,67.5,3117.5,
DM-56-04-05-02,2026-07-20,67.0,3098.5,
DM-56-04-05-02,2026-07-21,65.5,2961.5,
DM-56-04-05-02,2026-07-22,65.75,2881.75,0.0
DM-56-04-05-02,2026-07-23,66.125,2957.75,0.0
DM-56-04-05-02,2026-07-24,67.375,3050.25,0.0
DM-56-04-05-02,2026-07-25,66.25,3181.75,0.0
DM-56-04-05-02,2026-07-26,66.25,3197.0,0.0
DM-56-04-05-02,2026-07-27,66.75,2990.0,0.0
DM-56-04-05-02,2026-07-28,65.75,2929.5,0.0
DM-56-04-05-02,2026-07-29,67.0,2989.5,0.0
DM-56-04-05-02,2026-07-30,66.125,3011.75,0.0
DM-56-04-05-02,2026-07-31,66.0,2913.25,0.0
DM-56-04-05-02,2026-08-01,67.375,3057.0,0.0
DM-56-04-05-02,2026-08-02,66.125,3122.5,0.0
DM-56-04-05-02,2026-08-03,65.625,3082.0,0.0
DM-56-04-05-02,2026-08-04,65.625,3039.25,0.0
DM-56-04-05-02,2026-08-05,65.5,2964.0,0.0
DM-56-05-01-02,2026-07-08,,1220.75,
DM-56-05-01-02,2026-07-09,32.75,2291.25,
DM-56-05-01-02,2026-07-10,31.875,2148.75,
DM-56-05-01-02,2026-07-11,38.125,2370.25,
DM-56-05-01-02,2026-07-12,40.5,2419.75,
DM-56-05-01-02,2026-07-13,31.75,2833.25,
DM-56-05-01-02,2026-07-14,49.0,3164.0,
DM-56-05-01-02,2026-07-15,46.875,3052.5,
DM-56-05-01-02,2026-07-16,46.5,3468.75,
DM-56-05-01-02,2026-07-17,53.0,3127.75,
DM-56-05-01-02,2026-07-18,52.875,3611.0,
DM-56-05-01-02,2026-07-19,50.875,3626.25,
DM-56-05-01-02,2026-07-20,49.625,3198.5,
DM-56-05-01-02,2026-07-21,46.75,3155.5,
DM-56-05-01-02,2026-07-22,48.375,3118.5,0.677
DM-56-05-01-02,2026-07-23,47.625,3326.25,0.605
DM-56-05-01-02,2026-07-24,50.25,3165.0,3.157
DM-56-05-01-02,2026-07-25,51.75,3457.5,7.21
DM-56-05-01-02,2026-07-26,50.875,3395.5,10.387
DM-56-05-01-02,2026-07-27,47.875,2984.0,10.565
DM-56-05-01-02,2026-07-28,49.875,3084.75,12.742
DM-56-05-01-02,2026-07-29,47.25,3270.0,12.295
DM-56-05-01-02,2026-07-30,48.375,3230.75,12.972
DM-56-05-01-02,2026-07-31,50.25,3092.25,15.525
DM-56-05-01-02,2026-08-01,54.375,3410.5,22.202
DM-56-05-01-02,2026-08-02,57.125,3398.75,31.63
DM-56-05-01-02,2026-08-03,49.0,3187.0,32.932
DM-56-05-01-02,2026-08-04,47.5,3096.75,32.735
DM-56-05-01-02,2026-08-05,51.25,2981.5,36.287
DM-56-05-02-01,2026-07-08,,2356.0,
DM-56-05-02-01,2026-07-09,83.25,4076.0,
DM-56-05-02-01,2026-07-10,82.75,4098.0,
DM-56-05-02-01,2026-07-11,93.75,4241.75,
DM-56-05-02-01,2026-07-12,91.875,4259.25,
DM-56-05-02-01,2026-07-13,82.875,4025.25,
DM-56-05-02-01,2026-07-14,81.25,4012.0,
DM-56-05-02-01,2026-07-15,80.5,3983.25,
DM-56-05-02-01,2026-07-16,80.0,3942.25,
DM-56-05-02-01,2026-07-17,78.375,3955.75,
DM-56-05-02-01,2026-07-18,80.25,4196.25,
DM-56-05-02-01,2026-07-19,81.125,4200.0,
DM-56-05-02-01,2026-07-20,82.0,3995.5,
DM-56-05-02-01,2026-07-21,78.125,3910.75,
DM-56-05-02-01,2026-07-22,76.625,3907.0,0.0
DM-56-05-02-01,2026-07-23,78.25,3866.5,0.0
DM-56-05-02-01,2026-07-24,81.125,3993.0,0.0
DM-56-05-02-01,2026-07-25,88.375,4192.5,3.32
DM-56-05-02-01,2026-07-26,81.25,4140.0,0.0
DM-56-05-02-01,2026-07-27,77.875,3905.25,0.0
DM-56-05-02-01,2026-07-28,84.5,3991.0,0.0
DM-56-05-02-01,2026-07-29,77.75,3955.0,0.0
DM-56-05-02-01,2026-07-30,78.75,3961.75,0.0
DM-56-05-02-01,2026-07-31,79.625,3893.0,0.0
DM-56-05-02-01,2026-08-01,85.125,4091.0,0.07
DM-56-05-02-01,2026-08-02,82.25,4130.5,0.0
DM-56-05-02-01,2026-08-03,80.5,3972.0,0.0
DM-56-05-02-01,2026-08-04,72.125,3817.0,0.0
DM-56-05-02-01,2026-08-05,78.375,3793.0,0.0
DM-56-05-03-01,2026-07-08,114.0,2479.75,
DM-56-05-03-01,2026-07-09,114.625,4743.75,
DM-56-05-03-01,2026-07-10,123.75,4788.0,
DM-56-05-03-01,2026-07-11,128.75,4872.25,
DM-56-05-03-01,2026-07-12,112.875,4855.25,
DM-56-05-03-01,2026-07-13,110.375,4662.75,
DM-56-05-03-01,2026-07-14,112.0,4654.0,
DM-56-05-03-01,2026-07-15,113.375,4568.75,
DM-56-05-03-01,2026-07-16,101.625,4508.25,
DM-56-05-03-01,2026-07-17,103.25,4586.75,
DM-56-05-03-01,2026-07-18,104.625,4767.0,
DM-56-05-03-01,2026-07-19,106.125,4881.0,
DM-56-05-03-01,2026-07-20,101.25,4744.0,
DM-56-05-03-01,2026-07-21,99.0,4692.25,
DM-56-05-03-01,2026-07-22,100.375,4584.0,0.0
DM-56-05-03-01,2026-07-23,102.125,4555.25,0.0
DM-56-05-03-01,2026-07-24,106.625,4756.75,0.0
DM-56-05-03-01,2026-07-25,107.5,4986.25,0.0
DM-56-05-03-01,2026-07-26,108.125,4974.75,0.0
DM-56-05-03-01,2026-07-27,114.25,4811.0,0.0
DM-56-05-03-01,2026-07-28,103.875,4717.25,0.0
DM-56-05-03-01,2026-07-29,103.75,4730.0,0.0
DM-56-05-03-01,2026-07-30,105.75,4731.25,0.0
DM-56-05-03-01,2026-07-31,112.625,4637.25,0.0
DM-56-05-03-01,2026-08-01,111.75,4905.0,0.0
DM-56-05-03-01,2026-08-02,105.75,4939.25,0.0
DM-56-05-03-01,2026-08-03,102.125,4880.0,0.0
DM-56-05-03-01,2026-08-04,110.25,4823.5,0.0
DM-56-05-03-01,2026-08-05,107.625,4771.25,0.0
DM-56-05-04-01,2026-07-08,,2892.25,
DM-56-05-04-01,2026-07-09,105.125,5028.25,
DM-56-05-04-01,2026-07-10,101.375,5044.25,
DM-56-05-04-01,2026-07-11,118.75,5287.0,
DM-56-05-04-01,2026-07-12,116.25,5295.25,
DM-56-05-04-01,2026-07-13,100.0,4648.25,
DM-56-05-04-01,2026-07-14,90.625,4472.5,
DM-56-05-04-01,2026-07-15,88.75,4334.5,
DM-56-05-04-01,2026-07-16,86.375,4309.0,
DM-56-05-04-01,2026-07-17,85.25,4337.75,
DM-56-05-04-01,2026-07-18,91.75,4640.5,
DM-56-05-04-01,2026-07-19,87.625,4653.0,
DM-56-05-04-01,2026-07-20,92.625,4440.0,
DM-56-05-04-01,2026-07-21,84.125,4388.0,
DM-56-05-04-01,2026-07-22,85.75,4368.5,0.0
DM-56-05-04-01,2026-07-23,86.5,4302.75,0.0
DM-56-05-04-01,2026-07-24,90.625,4431.25,0.0
DM-56-05-04-01,2026-07-25,94.625,4681.5,0.0
DM-56-05-04-01,2026-07-26,89.375,4738.25,0.0
DM-56-05-04-01,2026-07-27,91.125,4425.25,0.0
DM-56-05-04-01,2026-07-28,99.375,4510.75,0.0
DM-56-05-04-01,2026-07-29,90.0,4495.0,0.0
DM-56-05-04-01,2026-07-30,85.75,4458.5,0.0
DM-56-05-04-01,2026-07-31,87.75,4350.0,0.0
DM-56-05-04-01,2026-08-01,95.125,4569.75,0.0
DM-56-05-04-01,2026-08-02,91.875,4632.0,0.0
DM-56-05-04-01,2026-08-03,84.875,4442.5,0.0
DM-56-05-04-01,2026-08-04,85.875,4282.25,0.0
DM-56-05-04-01,2026-08-05,90.875,4291.25,0.0
DM-56-05-06-01,2026-07-08,,1988.75,
DM-56-05-06-01,2026-07-09,43.625,3338.75,
DM-56-05-06-01,2026-07-10,43.5,3433.25,
DM-56-05-06-01,2026-07-11,54.875,3460.25,
DM-56-05-06-01,2026-07-12,57.0,3491.0,
DM-56-05-06-01,2026-07-13,42.625,3336.75,
DM-56-05-06-01,2026-07-14,40.5,3300.0,
DM-56-05-06-01,2026-07-15,41.5,3276.75,
DM-56-05-06-01,2026-07-16,43.875,3282.0,
DM-56-05-06-01,2026-07-17,42.375,3330.0,
DM-56-05-06-01,2026-07-18,42.875,3657.25,
DM-56-05-06-01,2026-07-19,46.125,3761.75,
DM-56-05-06-01,2026-07-20,50.125,3589.0,
DM-56-05-06-01,2026-07-21,44.125,3552.25,
DM-56-05-06-01,2026-07-22,44.75,3401.5,0.0
DM-56-05-06-01,2026-07-23,42.5,3306.0,0.0
DM-56-05-06-01,2026-07-24,47.5,3404.5,0.0
DM-56-05-06-01,2026-07-25,55.25,3531.5,7.146
DM-56-05-06-01,2026-07-26,41.0,3525.25,0.041
DM-56-05-06-01,2026-07-27,41.375,3256.5,0.0
DM-56-05-06-01,2026-07-28,47.125,3187.25,0.0
DM-56-05-06-01,2026-07-29,40.625,3320.0,0.0
DM-56-05-06-01,2026-07-30,42.375,3341.25,0.0
DM-56-05-06-01,2026-07-31,41.75,3122.25,0.0
DM-56-05-06-01,2026-08-01,44.625,3316.5,0.0
DM-56-05-06-01,2026-08-02,43.75,3373.25,0.0
DM-56-05-06-01,2026-08-03,40.375,3325.5,0.0
DM-56-05-06-01,2026-08-04,38.625,3458.75,0.0
DM-56-05-06-01,2026-08-05,47.25,3225.5,0.0
DM-56-06-05-01,2026-07-09,156.375,6410.5,
DM-56-06-05-01,2026-07-10,158.0,6500.25,
DM-56-06-05-01,2026-07-11,168.125,6763.5,
DM-56-06-05-01,2026-07-12,160.625,6825.25,
DM-56-06-05-01,2026-07-13,157.0,6582.5,
DM-56-06-05-01,2026-07-14,158.5,6556.0,
DM-56-06-05-01,2026-07-15,156.0,6528.5,
DM-56-06-05-01,2026-07-16,156.875,6378.5,
DM-56-06-05-01,2026-07-17,156.0,6513.5,
DM-56-06-05-01,2026-07-18,160.75,6803.5,
DM-56-06-05-01,2026-07-19,158.625,6829.0,
DM-56-06-05-01,2026-07-20,162.875,6574.25,
DM-56-06-05-01,2026-07-21,164.875,6573.5,
DM-56-06-05-01,2026-07-22,153.75,6549.25,
DM-56-06-05-01,2026-07-23,159.125,6399.0,0.0
DM-56-06-05-01,2026-07-24,160.625,6426.5,0.0
DM-56-06-05-01,2026-07-25,166.125,6779.5,5.063
DM-56-06-05-01,2026-07-26,158.375,6601.25,2.377
DM-56-06-05-01,2026-07-27,161.125,6429.5,2.44
DM-56-06-05-01,2026-07-28,163.125,6164.75,4.504
DM-56-06-05-01,2026-07-29,154.375,6149.75,0.0
DM-56-06-05-01,2026-07-30,157.75,6214.75,0.0
DM-56-06-05-01,2026-07-31,157.625,6264.75,0.0
DM-56-06-05-01,2026-08-01,162.75,6569.5,1.688
DM-56-06-05-01,2026-08-02,157.75,6645.25,0.0
DM-56-06-05-01,2026-08-03,161.75,6495.75,0.688
DM-56-06-05-01,2026-08-04,160.125,6340.0,0.0
DM-56-06-05-01,2026-08-05,163.5,6364.25,2.438
DM-56-07-01-01,2026-07-08,188.5,4565.25,
DM-56-07-01-01,2026-07-09,185.5,8622.5,
DM-56-07-01-01,2026-07-10,208.125,9022.5,
DM-56-07-01-01,2026-07-11,224.375,9217.0,
DM-56-07-01-01,2026-07-12,175.125,9003.25,
DM-56-07-01-01,2026-07-13,173.125,8805.75,
DM-56-07-01-01,2026-07-14,192.25,8865.0,
DM-56-07-01-01,2026-07-15,187.25,8977.0,
DM-56-07-01-01,2026-07-16,187.375,8810.75,
DM-56-07-01-01,2026-07-17,190.0,8794.0,
DM-56-07-01-01,2026-07-18,189.0,9370.25,
DM-56-07-01-01,2026-07-19,191.5,9472.0,
DM-56-07-01-01,2026-07-20,186.375,9017.0,
DM-56-07-01-01,2026-07-21,183.0,9100.75,
DM-56-07-01-01,2026-07-22,185.875,8911.25,0.0
DM-56-07-01-01,2026-07-23,195.375,8854.75,0.0
DM-56-07-01-01,2026-07-24,212.5,9185.75,16.235
DM-56-07-01-01,2026-07-25,200.875,9381.0,20.845
DM-56-07-01-01,2026-07-26,192.625,9307.75,17.205
DM-56-07-01-01,2026-07-27,194.25,9104.5,15.19
DM-56-07-01-01,2026-07-28,198.75,9125.25,17.675
DM-56-07-01-01,2026-07-29,193.125,9208.75,14.535
DM-56-07-01-01,2026-07-30,203.375,9230.0,21.645
DM-56-07-01-01,2026-07-31,216.125,9071.0,41.505
DM-56-07-01-01,2026-08-01,220.0,9372.5,65.241
DM-56-07-01-01,2026-08-02,201.5,9543.5,70.476
DM-56-07-01-01,2026-08-03,215.375,9493.5,89.586
DM-56-07-01-01,2026-08-04,217.25,9425.0,110.571
DM-56-07-01-01,2026-08-05,203.875,9111.0,118.181
DM-56-07-02-01,2026-07-08,,4548.75,
DM-56-07-02-01,2026-07-09,,8573.5,
DM-56-07-02-01,2026-07-10,,8703.25,
DM-56-07-02-01,2026-07-11,,8811.25,
DM-56-07-02-01,2026-07-12,,8445.5,
DM-56-07-02-01,2026-07-13,,8616.0,
DM-56-07-02-01,2026-07-14,,8462.5,
DM-56-07-02-01,2026-07-15,,8612.0,
DM-56-07-02-01,2026-07-16,,8378.75,
DM-56-07-02-01,2026-07-17,,8351.75,
DM-56-07-02-01,2026-07-18,,8948.25,
DM-56-07-02-01,2026-07-19,,8983.0,
DM-56-07-02-01,2026-07-20,,8671.5,
DM-56-07-02-01,2026-07-21,,8640.25,
DM-56-07-02-01,2026-07-22,,8450.25,0.0
DM-56-07-02-01,2026-07-23,,8246.75,0.0
DM-56-07-02-01,2026-07-24,,8472.5,0.0
DM-56-07-02-01,2026-07-25,,8709.25,0.0
DM-56-07-02-01,2026-07-26,,8676.75,0.0
DM-56-07-02-01,2026-07-27,,8316.5,0.0
DM-56-07-02-01,2026-07-28,,8201.75,0.0
DM-56-07-02-01,2026-07-29,,8392.75,0.0
DM-56-07-02-01,2026-07-30,,8519.75,0.0
DM-56-07-02-01,2026-07-31,,8237.5,0.0
DM-56-07-02-01,2026-08-01,,8577.25,0.0
DM-56-07-02-01,2026-08-02,,8634.75,0.0
DM-56-07-02-01,2026-08-03,,8607.75,0.0
DM-56-07-02-01,2026-08-04,,8541.25,0.0
DM-56-07-02-01,2026-08-05,,8290.5,0.0
DM-56-07-03-01,2026-07-08,,7130.75,
DM-56-07-03-01,2026-07-09,213.25,9791.25,
DM-56-07-03-01,2026-07-10,148.25,8485.25,
DM-56-07-03-01,2026-07-11,160.125,8955.5,
DM-56-07-03-01,2026-07-12,166.0,9144.75,
DM-56-07-03-01,2026-07-13,142.875,8367.0,
DM-56-07-03-01,2026-07-14,143.375,8359.25,
DM-56-07-03-01,2026-07-15,147.5,8394.25,
DM-56-07-03-01,2026-07-16,145.875,8256.5,
DM-56-07-03-01,2026-07-17,146.0,8191.0,
DM-56-07-03-01,2026-07-18,145.75,9090.25,
DM-56-07-03-01,2026-07-19,146.75,9172.5,
DM-56-07-03-01,2026-07-20,143.75,8427.0,
DM-56-07-03-01,2026-07-21,136.125,8609.0,
DM-56-07-03-01,2026-07-22,135.875,8130.5,0.0
DM-56-07-03-01,2026-07-23,135.875,7750.75,0.0
DM-56-07-03-01,2026-07-24,139.25,8026.5,0.0
DM-56-07-03-01,2026-07-25,142.25,8610.25,0.0
DM-56-07-03-01,2026-07-26,138.375,8615.0,0.0
DM-56-07-03-01,2026-07-27,135.0,7837.25,0.0
DM-56-07-03-01,2026-07-28,142.0,7808.5,0.0
DM-56-07-03-01,2026-07-29,136.5,7921.25,0.0
DM-56-07-03-01,2026-07-30,133.75,8001.75,0.0
DM-56-07-03-01,2026-07-31,138.75,7710.25,0.0
DM-56-07-03-01,2026-08-01,144.875,8170.5,0.0
DM-56-07-03-01,2026-08-02,147.875,8589.0,0.0
DM-56-07-03-01,2026-08-03,134.75,8060.0,0.0
DM-56-07-03-01,2026-08-04,135.375,8025.75,0.0
DM-56-07-03-01,2026-08-05,140.375,7728.0,0.0
DM-56-07-04-01,2026-07-08,,1642.25,
DM-56-07-04-01,2026-07-09,57.875,2579.75,
DM-56-07-04-01,2026-07-10,59.5,2729.75,
DM-56-07-04-01,2026-07-11,62.625,2750.25,
DM-56-07-04-01,2026-07-12,64.125,2774.75,
DM-56-07-04-01,2026-07-13,54.375,2608.0,
DM-56-07-04-01,2026-07-14,57.125,2631.5,
DM-56-07-04-01,2026-07-15,55.125,2772.25,
DM-56-07-04-01,2026-07-16,57.25,2651.0,
DM-56-07-04-01,2026-07-17,53.5,2642.75,
DM-56-07-04-01,2026-07-18,57.625,2855.0,
DM-56-07-04-01,2026-07-19,59.0,2931.0,
DM-56-07-04-01,2026-07-20,58.75,2654.75,
DM-56-07-04-01,2026-07-21,53.125,2712.5,
DM-56-07-04-01,2026-07-22,54.875,2659.25,0.0
DM-56-07-04-01,2026-07-23,56.875,2521.25,0.0
DM-56-07-04-01,2026-07-24,54.625,2658.5,0.0
DM-56-07-04-01,2026-07-25,59.625,2795.75,0.361
DM-56-07-04-01,2026-07-26,57.625,2882.75,0.0
DM-56-07-04-01,2026-07-27,58.875,2670.25,0.0
DM-56-07-04-01,2026-07-28,60.25,2644.25,0.986
DM-56-07-04-01,2026-07-29,57.875,2744.0,0.0
DM-56-07-04-01,2026-07-30,59.0,2766.5,0.0
DM-56-07-04-01,2026-07-31,60.125,2634.0,0.861
DM-56-07-04-01,2026-08-01,62.375,2733.5,3.973
DM-56-07-04-01,2026-08-02,61.125,2787.75,5.834
DM-56-07-04-01,2026-08-03,55.25,2699.5,1.82
DM-56-07-04-01,2026-08-04,61.75,2956.0,4.307
DM-56-07-04-01,2026-08-05,71.75,2962.0,16.793
DM-56-07-04-02,2026-07-08,,6122.75,
DM-56-07-04-02,2026-07-09,206.25,10234.5,
DM-56-07-04-02,2026-07-10,205.375,10527.75,
DM-56-07-04-02,2026-07-11,227.625,11021.25,
DM-56-07-04-02,2026-07-12,225.25,10837.75,
DM-56-07-04-02,2026-07-13,197.625,10190.25,
DM-56-07-04-02,2026-07-14,199.875,10178.25,
DM-56-07-04-02,2026-07-15,202.5,10126.25,
DM-56-07-04-02,2026-07-16,198.125,9913.0,
DM-56-07-04-02,2026-07-17,194.25,9951.75,
DM-56-07-04-02,2026-07-18,198.875,10911.5,
DM-56-07-04-02,2026-07-19,200.5,10925.25,
DM-56-07-04-02,2026-07-20,196.375,10168.0,
DM-56-07-04-02,2026-07-21,181.375,10050.0,
DM-56-07-04-02,2026-07-22,186.625,10024.5,0.0
DM-56-07-04-02,2026-07-23,199.125,9806.5,0.0
DM-56-07-04-02,2026-07-24,202.25,10264.5,0.0
DM-56-07-04-02,2026-07-25,214.75,10932.5,6.268
DM-56-07-04-02,2026-07-26,205.25,10877.5,3.036
DM-56-07-04-02,2026-07-27,201.875,10042.75,0.0
DM-56-07-04-02,2026-07-28,210.875,10022.0,2.393
DM-56-07-04-02,2026-07-29,201.5,10139.5,0.0
DM-56-07-04-02,2026-07-30,200.25,10259.0,0.0
DM-56-07-04-02,2026-07-31,202.25,9821.0,0.0
DM-56-07-04-02,2026-08-01,210.375,10410.25,1.893
DM-56-07-04-02,2026-08-02,208.5,10693.5,1.911
DM-56-07-04-02,2026-08-03,193.875,10311.0,0.0
DM-56-07-04-02,2026-08-04,188.25,9926.75,0.0
DM-56-07-04-02,2026-08-05,197.625,9689.0,0.0
DM-56-07-05-01,2026-07-08,,5517.75,
DM-56-07-05-01,2026-07-09,212.625,5999.75,
DM-56-07-05-01,2026-07-10,157.25,6790.75,
DM-56-07-05-01,2026-07-11,156.75,6827.0,
DM-56-07-05-01,2026-07-12,158.625,6751.0,
DM-56-07-05-01,2026-07-13,140.25,6622.5,
DM-56-07-05-01,2026-07-14,146.25,6542.25,
DM-56-07-05-01,2026-07-15,142.625,6535.5,
DM-56-07-05-01,2026-07-16,143.125,6551.0,
DM-56-07-05-01,2026-07-17,146.625,6540.0,
DM-56-07-05-01,2026-07-18,147.625,7042.25,
DM-56-07-05-01,2026-07-19,148.0,7050.5,
DM-56-07-05-01,2026-07-20,152.5,6841.25,
DM-56-07-05-01,2026-07-21,146.875,6767.0,
DM-56-07-05-01,2026-07-22,144.375,6694.75,0.0
DM-56-07-05-01,2026-07-23,146.75,6400.25,0.0
DM-56-07-05-01,2026-07-24,152.0,6679.5,0.0
DM-56-07-05-01,2026-07-25,157.0,6939.5,0.0
DM-56-07-05-01,2026-07-26,150.5,6937.25,0.0
DM-56-07-05-01,2026-07-27,148.625,6568.25,0.0
DM-56-07-05-01,2026-07-28,157.5,6486.75,0.0
DM-56-07-05-01,2026-07-29,144.25,6531.25,0.0
DM-56-07-05-01,2026-07-30,146.75,6602.0,0.0
DM-56-07-05-01,2026-07-31,147.0,6325.0,0.0
DM-56-07-05-01,2026-08-01,152.875,6602.5,0.0
DM-56-07-05-01,2026-08-02,149.0,6702.5,0.0
DM-56-07-05-01,2026-08-03,142.25,6640.0,0.0
DM-56-07-05-01,2026-08-04,141.75,6574.25,0.0
DM-56-07-05-01,2026-08-05,154.25,6490.25,0.0
DM-56-07-05-02,2026-07-08,96.25,2597.75,
DM-56-07-05-02,2026-07-09,99.125,5338.75,
DM-56-07-05-02,2026-07-10,109.5,5498.75,
DM-56-07-05-02,2026-07-11,107.25,5635.5,
DM-56-07-05-02,2026-07-12,95.75,5597.25,
DM-56-07-05-02,2026-07-13,96.125,5393.0,
DM-56-07-05-02,2026-07-14,96.75,5357.25,
DM-56-07-05-02,2026-07-15,100.5,5691.0,
DM-56-07-05-02,2026-07-16,97.0,5317.0,
DM-56-07-05-02,2026-07-17,101.5,5297.75,
DM-56-07-05-02,2026-07-18,113.875,6044.5,
DM-56-07-05-02,2026-07-19,101.125,5877.25,
DM-56-07-05-02,2026-07-20,99.375,5772.25,
DM-56-07-05-02,2026-07-21,101.5,5814.0,
DM-56-07-05-02,2026-07-22,99.5,5769.25,0.0
DM-56-07-05-02,2026-07-23,105.875,5561.0,2.114
DM-56-07-05-02,2026-07-24,115.0,5768.5,13.353
DM-56-07-05-02,2026-07-25,109.5,6124.25,19.092
DM-56-07-05-02,2026-07-26,107.75,6180.25,23.081
DM-56-07-05-02,2026-07-27,112.0,5733.0,31.32
DM-56-07-05-02,2026-07-28,112.125,5689.0,39.684
DM-56-07-05-02,2026-07-29,110.875,5884.75,46.798
DM-56-07-05-02,2026-07-30,112.75,6038.5,55.787
DM-56-07-05-02,2026-07-31,119.0,5787.0,71.026
DM-56-07-05-02,2026-08-01,119.625,6135.0,86.89
DM-56-07-05-02,2026-08-02,117.0,6291.5,100.129
DM-56-07-05-02,2026-08-03,122.25,6259.75,118.618
DM-56-07-05-02,2026-08-04,128.125,6350.5,142.982
DM-56-07-05-02,2026-08-05,111.875,5711.5,151.096
