dma_code,dma_name,case,status,case_reason,mnf_start,mnf_end,current_mnf,baseline_mean,baseline_sd,threshold,watch_threshold,mk_z,mk_trend,mk_significant,cusum_h,cusum_breached,cusum_recent_breach,cusum_step_rapid,sustained_flow_breach,sustained_run_intervals,pressure_drop_confirmed,hard_threshold_breached,excess_per_hour,est_loss_per_day,base_win_len,r_eff_median,loss_factor_median,proximity_estimate,favad_volume_total,user_type,pipe_material,generated_at
DM-01-01-01-01,DM-01-01-01-01,C,ok,ไม่พบสัญญาณผิดปกติเชิงสถิติ (ใช้น้ำตามพฤติกรรมปกติ),01:00,03:00,45.375,48.115,3.038,54.192,51.154,0.0,ไม่มีแนวโน้มชัดเจน,False,12.154,False,False,False,False,0,False,False,0.0,0.0,14,0.0,0.1,,0.0,RESIDENTIAL,PVC,2026-08-13 08:45:24
DM-01-01-02-01,DM-01-01-02-01,C,ok,ไม่พบสัญญาณผิดปกติเชิงสถิติ (ใช้น้ำตามพฤติกรรมปกติ),03:15,05:15,51.75,59.894,2.899,65.693,62.794,0.0,ไม่มีแนวโน้มชัดเจน,False,11.597,False,False,False,False,1,False,False,0.0,0.0,14,0.0,0.1,,0.0,RESIDENTIAL,PVC,2026-08-13 08:45:24
DM-01-01-05-01,DM-01-01-05-01,C,ok,ไม่พบสัญญาณผิดปกติเชิงสถิติ (ใช้น้ำตามพฤติกรรมปกติ),02:00,04:00,95.0,100.365,4.409,109.184,104.775,-0.449,ไม่มีแนวโน้มชัดเจน,False,17.638,False,False,False,False,4,False,False,0.0,0.0,14,0.0,0.1,,0.0,RESIDENTIAL,PVC,2026-08-13 08:45:24
DM-01-01-05-02,DM-01-01-05-02,C,ok,ไม่พบสัญญาณผิดปกติเชิงสถิติ (ใช้น้ำตามพฤติกรรมปกติ),02:45,04:45,61.375,61.375,3.069,67.513,64.444,0.0,ไม่มีแนวโน้มชัดเจน,False,12.275,False,False,False,False,0,False,False,0.0,0.0,14,0.0,0.1,,0.0,RESIDENTIAL,PVC,2026-08-13 08:45:24
DM-01-02-02-01,DM-01-02-02-01,B,watch,CUSUM สะสมเป็นบวกต่อเนื่อง (ยังไม่ Step-up ฉับพลัน),02:15,04:15,217.125,202.212,11.513,225.237,213.724,1.526,มีแนวโน้มเพิ่มขึ้นเล็กน้อย (ยังไม่ชัดเจนพอ),False,46.05,True,True,False,False,3,False,False,14.913,357.92,14,0.0,0.00359,ใกล้ RTU สัมพัทธ์ (< 2 กม. โดยประมาณ),357.92,RESIDENTIAL,PVC,2026-08-13 08:45:24
DM-01-02-05-01,DM-01-02-05-01,C,ok,ไม่พบสัญญาณผิดปกติเชิงสถิติ (ใช้น้ำตามพฤติกรรมปกติ),02:00,04:00,55.625,55.538,2.151,59.84,57.689,0.18,มีแนวโน้มเพิ่มขึ้นเล็กน้อย (ยังไม่ชัดเจนพอ),False,8.603,False,False,False,False,2,False,False,0.295,7.08,14,0.0,0.1,,7.08,RESIDENTIAL,PVC,2026-08-13 08:45:24
DM-01-03-05-01,DM-01-03-05-01,C,ok,ไม่พบสัญญาณผิดปกติเชิงสถิติ (ใช้น้ำตามพฤติกรรมปกติ),00:00,02:00,86.0,78.202,26.525,131.251,104.726,0.0,ไม่มีแนวโน้มชัดเจน,False,106.098,False,False,False,False,3,False,False,0.0,0.0,14,0.0,0.0,,0.0,RESIDENTIAL,PVC,2026-08-13 08:45:24
DM-01-03-06-01,DM-01-03-06-01,C,ok,ไม่พบสัญญาณผิดปกติเชิงสถิติ (ใช้น้ำตามพฤติกรรมปกติ),00:15,02:15,42.75,48.192,3.986,56.165,52.179,0.358,มีแนวโน้มเพิ่มขึ้นเล็กน้อย (ยังไม่ชัดเจนพอ),False,15.945,False,False,False,False,1,False,False,0.0,0.0,14,0.0,0.1,,0.0,RESIDENTIAL,PVC,2026-08-13 08:45:24
DM-01-03-06-02,DM-01-03-06-02,C,ok,ไม่พบสัญญาณผิดปกติเชิงสถิติ (ใช้น้ำตามพฤติกรรมปกติ),00:15,02:15,29.188,29.188,1.459,32.106,30.647,0.0,ไม่มีแนวโน้มชัดเจน,False,5.838,False,False,False,False,0,False,False,0.0,0.0,14,0.0,0.1,,0.0,RESIDENTIAL,PVC,2026-08-13 08:45:24
DM-01-04-05-02,DM-01-04-05-02,A,alert,Flow สูงกว่าเกณฑ์ต่อเนื่อง 10 intervals + CUSUM ขยับฐานฉับพลันใน 1-2 วันล่าสุด + แรงดันตกยืนยัน,00:00,02:00,112.875,93.577,13.021,119.619,106.598,1.968,เพิ่มขึ้นต่อเนื่อง (มีนัยสำคัญ),True,52.083,True,True,True,True,10,True,False,17.84,428.15,14,0.0,0.1,ไกลจาก RTU สัมพัทธ์ / ปลายสาย (> 2 กม. โดยประมาณ),428.15,RESIDENTIAL,PVC,2026-08-13 08:45:24
DM-01-04-06-01,DM-01-04-06-01,C,ok,ไม่พบสัญญาณผิดปกติเชิงสถิติ (ใช้น้ำตามพฤติกรรมปกติ),03:00,05:00,254.875,280.288,25.428,331.144,305.716,-1.252,ไม่มีแนวโน้มชัดเจน,False,101.712,False,False,False,False,0,False,False,0.0,0.0,14,0.0,0.85165,,0.0,RESIDENTIAL,PVC,2026-08-13 08:45:24
DM-01-04-07-01,DM-01-04-07-01,C,ok,ไม่พบสัญญาณผิดปกติเชิงสถิติ (ใช้น้ำตามพฤติกรรมปกติ),00:00,02:00,17.375,85.962,10.809,107.579,96.77,-1.252,ไม่มีแนวโน้มชัดเจน,False,43.234,False,False,False,False,1,False,False,0.0,0.0,14,0.0,0.1,,0.0,RESIDENTIAL,PVC,2026-08-13 08:45:24
DM-01-05-02-01,DM-01-05-02-01,B,watch,Flow สูงกว่าเกณฑ์ต่อเนื่อง 8 intervals พร้อมแรงดันตก แต่ไม่ใช่การเปลี่ยนแปลงฉับพลันใน 1-2 วัน (น่าจะเป็นรั่วที่ดำเนินมาระยะหนึ่งแล้วและขยายจนคงที่) — ควรตรวจสอบโดยเร็วแต่ไม่ใช่เหตุฉุกเฉินแบบท่อแตกใหม่,01:15,03:15,103.625,92.933,11.372,115.678,104.305,1.527,มีแนวโน้มเพิ่มขึ้นเล็กน้อย (ยังไม่ชัดเจนพอ),False,45.49,False,False,False,True,8,True,False,2.651,63.62,14,0.0,0.1,ไกลจาก RTU สัมพัทธ์ / ปลายสาย (> 2 กม. โดยประมาณ),63.62,RESIDENTIAL,PVC,2026-08-13 08:45:24
DM-01-05-04-01,DM-01-05-04-01,C,ok,เคยมีสัญญาณผิดปกติ (Mann-Kendall/CUSUM สะสม) แต่ MNF ล่าสุด (71.8) ลดลงมาต่ำกว่า 70% ของพีคล่าสุด (78.5) แล้ว — น่าจะเป็นเหตุการณ์ที่จบไปแล้ว/ซ่อมเสร็จแล้ว จึงไม่ขึ้นเตือน,02:00,04:00,71.75,92.077,15.3,122.677,107.377,-1.968,ลดลงต่อเนื่อง (มีนัยสำคัญ),True,61.199,False,False,False,False,0,False,False,0.0,0.0,14,0.0,0.1,,0.0,RESIDENTIAL,PVC,2026-08-13 08:45:24
DM-01-05-04-02,DM-01-05-04-02,C,ok,ไม่พบสัญญาณผิดปกติเชิงสถิติ (ใช้น้ำตามพฤติกรรมปกติ),02:00,04:00,49.0,49.654,1.491,52.636,51.145,-1.527,ไม่มีแนวโน้มชัดเจน,False,5.965,True,False,True,False,1,False,False,0.0,0.0,14,0.0,0.1,,0.0,RESIDENTIAL,PVC,2026-08-13 08:45:24
DM-01-06-01-02,DM-01-06-01-02,C,ok,เคยมีสัญญาณผิดปกติ (Mann-Kendall/CUSUM สะสม) แต่ MNF ล่าสุด (22.0) ลดลงมาต่ำกว่า 70% ของพีคล่าสุด (23.5) แล้ว — น่าจะเป็นเหตุการณ์ที่จบไปแล้ว/ซ่อมเสร็จแล้ว จึงไม่ขึ้นเตือน,01:45,03:45,22.0,22.087,0.897,23.88,22.983,1.968,เพิ่มขึ้นต่อเนื่อง (มีนัยสำคัญ),True,3.586,False,False,False,False,0,False,False,0.247,5.92,14,0.0,0.1,,5.92,RESIDENTIAL,PVC,2026-08-13 08:45:24
DM-01-06-04-02,DM-01-06-04-02,C,ok,ไม่พบสัญญาณผิดปกติเชิงสถิติ (ใช้น้ำตามพฤติกรรมปกติ),02:00,04:00,120.625,131.788,3.761,139.311,135.55,-1.61,ไม่มีแนวโน้มชัดเจน,False,15.045,True,True,True,False,0,False,False,0.0,0.0,14,0.0,0.1,,0.0,RESIDENTIAL,PVC,2026-08-13 08:45:24
DM-01-06-05-01,DM-01-06-05-01,C,ok,เคยมีสัญญาณผิดปกติ (Mann-Kendall/CUSUM สะสม) แต่ MNF ล่าสุด (84.4) ลดลงมาต่ำกว่า 70% ของพีคล่าสุด (85.4) แล้ว — น่าจะเป็นเหตุการณ์ที่จบไปแล้ว/ซ่อมเสร็จแล้ว จึงไม่ขึ้นเตือน,02:00,04:00,84.375,74.596,10.027,94.649,84.623,-0.808,ไม่มีแนวโน้มชัดเจน,False,40.106,True,True,False,False,2,False,False,8.571,205.69,14,0.0,0.0,,205.69,RESIDENTIAL,PVC,2026-08-13 08:45:24
DM-01-07-02-01,DM-01-07-02-01,C,ok,เคยมีสัญญาณผิดปกติ (Mann-Kendall/CUSUM สะสม) แต่ MNF ล่าสุด (96.1) ลดลงมาต่ำกว่า 70% ของพีคล่าสุด (96.8) แล้ว — น่าจะเป็นเหตุการณ์ที่จบไปแล้ว/ซ่อมเสร็จแล้ว จึงไม่ขึ้นเตือน,02:00,04:00,96.125,96.087,5.485,107.057,101.572,2.065,เพิ่มขึ้นต่อเนื่อง (มีนัยสำคัญ),True,21.94,False,False,False,False,5,True,False,0.0,0.0,14,0.0,0.00189,,0.0,RESIDENTIAL,PVC,2026-08-13 08:45:24
DM-01-07-02-03,DM-01-07-02-03,C,ok,ไม่พบสัญญาณผิดปกติเชิงสถิติ (ใช้น้ำตามพฤติกรรมปกติ),02:00,04:00,17.875,19.308,1.132,21.571,20.439,-0.716,ไม่มีแนวโน้มชัดเจน,False,4.526,False,False,False,False,2,False,False,1.192,28.62,14,0.0,0.1,,28.62,RESIDENTIAL,PVC,2026-08-13 08:45:24
DM-01-07-03-01,DM-01-07-03-01,B,watch,CUSUM สะสมเป็นบวกต่อเนื่อง (ยังไม่ Step-up ฉับพลัน),01:45,03:45,83.5,79.327,1.32,81.966,80.647,0.449,มีแนวโน้มเพิ่มขึ้นเล็กน้อย (ยังไม่ชัดเจนพอ),False,5.279,True,False,False,True,13,False,False,5.09,122.15,14,0.0,0.1,ไกลจาก RTU สัมพัทธ์ / ปลายสาย (> 2 กม. โดยประมาณ),122.15,RESIDENTIAL,PVC,2026-08-13 08:45:24
DM-01-07-03-02,DM-01-07-03-02,C,ok,ไม่พบสัญญาณผิดปกติเชิงสถิติ (ใช้น้ำตามพฤติกรรมปกติ),01:45,03:45,39.375,43.279,1.043,45.364,44.321,-1.073,ไม่มีแนวโน้มชัดเจน,False,4.17,False,False,False,False,2,False,False,0.0,0.0,14,0.0,0.1,,0.0,RESIDENTIAL,PVC,2026-08-13 08:45:24
DM-01-07-04-03,DM-01-07-04-03,C,ok,ไม่พบสัญญาณผิดปกติเชิงสถิติ (ใช้น้ำตามพฤติกรรมปกติ),02:00,04:00,30.125,33.019,1.111,35.242,34.131,-0.902,ไม่มีแนวโน้มชัดเจน,False,4.446,False,False,False,False,5,False,False,0.0,0.0,14,0.0,0.1,,0.0,RESIDENTIAL,PVC,2026-08-13 08:45:24
DM-01-08-02-01,DM-01-08-02-01,C,ok,ไม่พบสัญญาณผิดปกติเชิงสถิติ (ใช้น้ำตามพฤติกรรมปกติ),02:15,04:15,62.0,63.837,1.61,67.057,65.447,0.272,มีแนวโน้มเพิ่มขึ้นเล็กน้อย (ยังไม่ชัดเจนพอ),False,6.44,False,False,False,False,0,False,False,0.0,0.0,14,0.0,0.1,,0.0,RESIDENTIAL,PVC,2026-08-13 08:45:24
DM-01-08-04-01,DM-01-08-04-01,C,ok,ไม่พบสัญญาณผิดปกติเชิงสถิติ (ใช้น้ำตามพฤติกรรมปกติ),02:15,04:15,38.875,42.067,2.436,46.938,44.503,-0.179,ไม่มีแนวโน้มชัดเจน,False,9.742,False,False,False,False,0,False,False,0.0,0.0,14,0.0,0.06924,,0.0,RESIDENTIAL,PVC,2026-08-13 08:45:24
DM-01-08-04-03,DM-01-08-04-03,B,watch,Flow สูงกว่าเกณฑ์ต่อเนื่อง 13 intervals พร้อมแรงดันตก แต่ไม่ใช่การเปลี่ยนแปลงฉับพลันใน 1-2 วัน (น่าจะเป็นรั่วที่ดำเนินมาระยะหนึ่งแล้วและขยายจนคงที่) — ควรตรวจสอบโดยเร็วแต่ไม่ใช่เหตุฉุกเฉินแบบท่อแตกใหม่,00:00,02:00,185.625,199.452,17.508,234.468,216.96,-0.716,ไม่มีแนวโน้มชัดเจน,False,70.032,False,False,False,True,13,True,False,0.0,0.0,14,0.0,2e-05,ใกล้ RTU สัมพัทธ์ (< 2 กม. โดยประมาณ),0.0,RESIDENTIAL,PVC,2026-08-13 08:45:24
DM-01-09-01-01,DM-01-09-01-01,C,ok,ไม่พบสัญญาณผิดปกติเชิงสถิติ (ใช้น้ำตามพฤติกรรมปกติ),02:00,04:00,165.375,175.365,61.164,297.693,236.529,-1.61,ไม่มีแนวโน้มชัดเจน,False,244.655,False,False,False,False,0,False,False,0.0,0.0,14,0.0,0.1,,0.0,RESIDENTIAL,PVC,2026-08-13 08:45:24
DM-01-09-02-01,DM-01-09-02-01,C,ok,ไม่พบสัญญาณผิดปกติเชิงสถิติ (ใช้น้ำตามพฤติกรรมปกติ),02:00,04:00,39.625,38.327,2.35,43.027,40.677,0.541,มีแนวโน้มเพิ่มขึ้นเล็กน้อย (ยังไม่ชัดเจนพอ),False,9.4,False,False,False,False,2,False,False,1.923,46.15,14,0.0,0.1,,46.15,RESIDENTIAL,PVC,2026-08-13 08:45:24
DM-01-09-02-02,DM-01-09-02-02,C,ok,ไม่พบสัญญาณผิดปกติเชิงสถิติ (ใช้น้ำตามพฤติกรรมปกติ),02:00,04:00,34.25,33.981,1.502,36.985,35.483,-1.431,ไม่มีแนวโน้มชัดเจน,False,6.009,False,False,False,False,1,False,False,0.0,0.0,14,0.0,0.1,,0.0,RESIDENTIAL,PVC,2026-08-13 08:45:24
DM-01-09-03-01,DM-01-09-03-01,B,watch,CUSUM สะสมเป็นบวกต่อเนื่อง (ยังไม่ Step-up ฉับพลัน),01:45,03:45,71.75,69.279,1.251,71.781,70.53,0.808,มีแนวโน้มเพิ่มขึ้นเล็กน้อย (ยังไม่ชัดเจนพอ),False,5.004,True,True,False,False,1,False,False,3.263,78.31,14,0.0,0.02927,ไกลจาก RTU สัมพัทธ์ / ปลายสาย (> 2 กม. โดยประมาณ),78.31,RESIDENTIAL,PVC,2026-08-13 08:45:24
DM-01-09-04-01,DM-01-09-04-01,C,ok,เคยมีสัญญาณผิดปกติ (Mann-Kendall/CUSUM สะสม) แต่ MNF ล่าสุด (138.4) ลดลงมาต่ำกว่า 70% ของพีคล่าสุด (142.2) แล้ว — น่าจะเป็นเหตุการณ์ที่จบไปแล้ว/ซ่อมเสร็จแล้ว จึงไม่ขึ้นเตือน,02:00,04:00,138.375,136.846,2.665,142.177,139.511,-1.252,ไม่มีแนวโน้มชัดเจน,False,10.661,True,True,False,False,5,False,False,3.071,73.69,14,0.0,0.00174,,73.69,RESIDENTIAL,PVC,2026-08-13 08:45:24
DM-01-09-06-01,DM-01-09-06-01,C,ok,เคยมีสัญญาณผิดปกติ (Mann-Kendall/CUSUM สะสม) แต่ MNF ล่าสุด (44.6) ลดลงมาต่ำกว่า 70% ของพีคล่าสุด (44.8) แล้ว — น่าจะเป็นเหตุการณ์ที่จบไปแล้ว/ซ่อมเสร็จแล้ว จึงไม่ขึ้นเตือน,02:00,04:00,44.625,46.173,2.016,50.205,48.189,1.886,เพิ่มขึ้นต่อเนื่อง (มีนัยสำคัญ),True,8.064,False,False,False,False,1,False,False,0.0,0.0,14,0.0,0.1,,0.0,RESIDENTIAL,PVC,2026-08-13 08:45:24
DM-01-09-07-01,DM-01-09-07-01,C,ok,ไม่พบสัญญาณผิดปกติเชิงสถิติ (ใช้น้ำตามพฤติกรรมปกติ),02:00,04:00,135.25,145.433,5.115,155.663,150.548,-1.073,ไม่มีแนวโน้มชัดเจน,False,20.46,False,False,False,False,1,False,False,0.0,0.0,14,0.0,5.11538,,0.0,RESIDENTIAL,PVC,2026-08-13 08:45:24
DM-01-09-10-01,DM-01-09-10-01,C,ok,ไม่พบสัญญาณผิดปกติเชิงสถิติ (ใช้น้ำตามพฤติกรรมปกติ),02:15,04:15,56.0,64.5,6.381,77.261,70.881,-0.449,ไม่มีแนวโน้มชัดเจน,False,25.523,False,False,False,False,2,False,False,0.0,0.0,14,0.0,0.1,,0.0,RESIDENTIAL,PVC,2026-08-13 08:45:24
DM-02-01-01-01,DM-02-01-01-01,B,watch,Flow สูงกว่าเกณฑ์ต่อเนื่อง 8 intervals พร้อมแรงดันตก แต่ไม่ใช่การเปลี่ยนแปลงฉับพลันใน 1-2 วัน (น่าจะเป็นรั่วที่ดำเนินมาระยะหนึ่งแล้วและขยายจนคงที่) — ควรตรวจสอบโดยเร็วแต่ไม่ใช่เหตุฉุกเฉินแบบท่อแตกใหม่,02:00,04:00,50.75,49.962,18.39,86.741,68.351,2.147,เพิ่มขึ้นต่อเนื่อง (มีนัยสำคัญ),True,73.559,False,False,False,True,8,True,False,0.0,0.0,14,0.0,2e-05,ใกล้ RTU สัมพัทธ์ (< 2 กม. โดยประมาณ),0.0,RESIDENTIAL,PVC,2026-08-13 08:45:24
DM-02-01-01-02,DM-02-01-01-02,C,ok,ไม่พบสัญญาณผิดปกติเชิงสถิติ (ใช้น้ำตามพฤติกรรมปกติ),02:00,04:00,64.25,69.798,12.709,95.215,82.507,-1.431,ไม่มีแนวโน้มชัดเจน,False,50.834,False,False,False,False,1,False,False,0.0,0.0,14,0.0,0.1,,0.0,RESIDENTIAL,PVC,2026-08-13 08:45:24
DM-02-01-02-02,DM-02-01-02-02,C,ok,เคยมีสัญญาณผิดปกติ (Mann-Kendall/CUSUM สะสม) แต่ MNF ล่าสุด (60.9) ลดลงมาต่ำกว่า 70% ของพีคล่าสุด (70.4) แล้ว — น่าจะเป็นเหตุการณ์ที่จบไปแล้ว/ซ่อมเสร็จแล้ว จึงไม่ขึ้นเตือน,02:00,04:00,60.875,61.048,1.68,64.407,62.728,0.0,ไม่มีแนวโน้มชัดเจน,False,6.718,True,True,False,False,4,False,False,0.952,22.85,14,0.0,0.1,,22.85,RESIDENTIAL,PVC,2026-08-13 08:45:24
DM-02-01-03-02,DM-02-01-03-02,C,ok,ไม่พบสัญญาณผิดปกติเชิงสถิติ (ใช้น้ำตามพฤติกรรมปกติ),01:00,03:00,34.625,37.24,1.416,40.073,38.657,-0.449,ไม่มีแนวโน้มชัดเจน,False,5.665,False,False,False,False,0,False,False,0.0,0.0,14,0.0,0.1,,0.0,RESIDENTIAL,PVC,2026-08-13 08:45:24
DM-02-01-03-03,DM-02-01-03-03,C,ok,ไม่พบสัญญาณผิดปกติเชิงสถิติ (ใช้น้ำตามพฤติกรรมปกติ),01:45,03:45,138.25,175.663,11.675,199.014,187.339,-0.894,ไม่มีแนวโน้มชัดเจน,False,46.701,False,False,False,False,2,True,False,0.0,0.0,14,0.0,0.1,,0.0,RESIDENTIAL,PVC,2026-08-13 08:45:24
DM-02-01-04-01,DM-02-01-04-01,C,ok,เคยมีสัญญาณผิดปกติ (Mann-Kendall/CUSUM สะสม) แต่ MNF ล่าสุด (26.1) ลดลงมาต่ำกว่า 70% ของพีคล่าสุด (47.5) แล้ว — น่าจะเป็นเหตุการณ์ที่จบไปแล้ว/ซ่อมเสร็จแล้ว จึงไม่ขึ้นเตือน,02:00,04:00,26.125,26.173,4.11,34.394,30.283,-0.358,ไม่มีแนวโน้มชัดเจน,False,16.442,True,True,False,False,4,True,False,0.0,0.0,14,0.0,0.1,,0.0,RESIDENTIAL,PVC,2026-08-13 08:45:24
DM-02-02-01-01,DM-02-02-01-01,C,ok,ไม่พบสัญญาณผิดปกติเชิงสถิติ (ใช้น้ำตามพฤติกรรมปกติ),02:15,04:15,108.625,121.279,2.256,125.792,123.535,-1.527,ไม่มีแนวโน้มชัดเจน,False,9.026,False,False,False,False,2,False,False,0.0,0.0,14,0.0,1.45751,,0.0,RESIDENTIAL,PVC,2026-08-13 08:45:24
DM-02-02-02-01,DM-02-02-02-01,C,ok,ไม่พบสัญญาณผิดปกติเชิงสถิติ (ใช้น้ำตามพฤติกรรมปกติ),02:15,04:15,101.875,105.74,8.994,123.728,114.734,-0.269,ไม่มีแนวโน้มชัดเจน,False,35.976,False,False,False,False,4,False,False,0.0,0.0,14,0.0,0.1,,0.0,RESIDENTIAL,PVC,2026-08-13 08:45:24
DM-02-02-03-01,DM-02-02-03-01,C,ok,ไม่พบสัญญาณผิดปกติเชิงสถิติ (ใช้น้ำตามพฤติกรรมปกติ),02:15,04:15,60.125,65.423,13.772,92.966,79.195,0.358,มีแนวโน้มเพิ่มขึ้นเล็กน้อย (ยังไม่ชัดเจนพอ),False,55.086,False,False,False,False,2,False,False,0.0,0.0,14,0.0,0.1,,0.0,RESIDENTIAL,PVC,2026-08-13 08:45:24
DM-02-02-05-01,DM-02-02-05-01,C,ok,ไม่พบสัญญาณผิดปกติเชิงสถิติ (ใช้น้ำตามพฤติกรรมปกติ),02:15,04:15,23.25,32.885,12.038,56.96,44.922,0.0,ไม่มีแนวโน้มชัดเจน,False,48.151,False,False,False,False,0,False,False,0.0,0.0,14,0.0,0.1,,0.0,RESIDENTIAL,PVC,2026-08-13 08:45:24
DM-02-02-05-02,DM-02-02-05-02,C,ok,ไม่พบสัญญาณผิดปกติเชิงสถิติ (ใช้น้ำตามพฤติกรรมปกติ),00:00,02:00,43.75,62.577,17.505,97.587,80.082,0.358,มีแนวโน้มเพิ่มขึ้นเล็กน้อย (ยังไม่ชัดเจนพอ),False,70.021,False,False,False,False,1,False,False,0.0,0.0,14,0.0,0.1,,0.0,RESIDENTIAL,PVC,2026-08-13 08:45:24
DM-02-02-06-01,DM-02-02-06-01,B,watch,CUSUM สะสมเป็นบวกต่อเนื่อง (ยังไม่ Step-up ฉับพลัน),00:15,02:15,46.0,41.702,3.933,49.568,45.635,-0.179,ไม่มีแนวโน้มชัดเจน,False,15.732,True,False,True,False,2,True,False,0.0,0.0,14,2e-05,0.1,ไกลจาก RTU สัมพัทธ์ / ปลายสาย (> 2 กม. โดยประมาณ),0.0,RESIDENTIAL,PVC,2026-08-13 08:45:24
DM-02-02-06-02,DM-02-02-06-02,B,watch,CUSUM สะสมเป็นบวกต่อเนื่อง (ยังไม่ Step-up ฉับพลัน),00:00,02:00,26.875,18.683,4.035,26.754,22.718,0.449,มีแนวโน้มเพิ่มขึ้นเล็กน้อย (ยังไม่ชัดเจนพอ),False,16.142,True,False,False,False,3,True,False,7.942,190.62,14,3e-05,0.1,ไกลจาก RTU สัมพัทธ์ / ปลายสาย (> 2 กม. โดยประมาณ),190.62,RESIDENTIAL,PVC,2026-08-13 08:45:24
DM-02-02-07-03,DM-02-02-07-03,C,ok,เคยมีสัญญาณผิดปกติ (Mann-Kendall/CUSUM สะสม) แต่ MNF ล่าสุด (24.1) ลดลงมาต่ำกว่า 70% ของพีคล่าสุด (28.4) แล้ว — น่าจะเป็นเหตุการณ์ที่จบไปแล้ว/ซ่อมเสร็จแล้ว จึงไม่ขึ้นเตือน,02:00,04:00,24.125,29.481,1.567,32.614,31.047,-2.147,ลดลงต่อเนื่อง (มีนัยสำคัญ),True,6.266,False,False,False,False,1,False,False,0.0,0.0,14,3e-05,11.29121,,0.0,RESIDENTIAL,PVC,2026-08-13 08:45:24
DM-02-02-08-01,DM-02-02-08-01,C,ok,ไม่พบสัญญาณผิดปกติเชิงสถิติ (ใช้น้ำตามพฤติกรรมปกติ),02:00,04:00,61.75,56.125,4.412,64.949,60.537,0.537,มีแนวโน้มเพิ่มขึ้นเล็กน้อย (ยังไม่ชัดเจนพอ),False,17.648,False,False,False,False,3,True,False,1.792,43.0,14,0.0,0.02554,,43.0,RESIDENTIAL,PVC,2026-08-13 08:45:24
DM-02-03-03-01,DM-02-03-03-01,C,ok,เคยมีสัญญาณผิดปกติ (Mann-Kendall/CUSUM สะสม) แต่ MNF ล่าสุด (41.0) ลดลงมาต่ำกว่า 70% ของพีคล่าสุด (49.1) แล้ว — น่าจะเป็นเหตุการณ์ที่จบไปแล้ว/ซ่อมเสร็จแล้ว จึงไม่ขึ้นเตือน,01:45,03:45,41.0,40.404,1.893,44.189,42.296,0.0,ไม่มีแนวโน้มชัดเจน,False,7.571,True,False,True,False,3,True,False,3.763,90.31,14,0.0,0.1,,90.31,RESIDENTIAL,PVC,2026-08-13 08:45:24
DM-02-03-04-01,DM-02-03-04-01,C,ok,ไม่พบสัญญาณผิดปกติเชิงสถิติ (ใช้น้ำตามพฤติกรรมปกติ),01:45,03:45,81.375,90.606,6.48,103.566,97.086,-0.449,ไม่มีแนวโน้มชัดเจน,False,25.921,False,False,False,False,0,False,False,0.0,0.0,14,0.0,0.1,,0.0,RESIDENTIAL,PVC,2026-08-13 08:45:24
DM-02-03-06-01,DM-02-03-06-01,C,ok,ไม่พบสัญญาณผิดปกติเชิงสถิติ (ใช้น้ำตามพฤติกรรมปกติ),00:00,02:00,13.625,15.481,17.54,50.561,33.021,-0.454,ไม่มีแนวโน้มชัดเจน,False,70.16,False,False,False,False,3,True,False,0.0,0.0,14,0.0,0.1,,0.0,RESIDENTIAL,PVC,2026-08-13 08:45:24
DM-02-04-02-01,DM-02-04-02-01,C,ok,ไม่พบสัญญาณผิดปกติเชิงสถิติ (ใช้น้ำตามพฤติกรรมปกติ),02:15,04:15,18.25,21.163,1.662,24.488,22.826,-1.073,ไม่มีแนวโน้มชัดเจน,False,6.649,False,False,False,False,2,True,False,0.0,0.0,14,4e-05,0.16277,,0.0,RESIDENTIAL,PVC,2026-08-13 08:45:24
DM-02-04-02-02,DM-02-04-02-02,C,ok,ไม่พบสัญญาณผิดปกติเชิงสถิติ (ใช้น้ำตามพฤติกรรมปกติ),02:00,04:00,111.0,127.76,2.954,133.668,130.714,-1.431,ไม่มีแนวโน้มชัดเจน,False,11.817,True,True,True,False,0,False,False,0.0,0.0,14,0.0,0.1,,0.0,RESIDENTIAL,PVC,2026-08-13 08:45:24
DM-02-04-03-01,DM-02-04-03-01,C,ok,เคยมีสัญญาณผิดปกติ (Mann-Kendall/CUSUM สะสม) แต่ MNF ล่าสุด (167.2) ลดลงมาต่ำกว่า 70% ของพีคล่าสุด (395.4) แล้ว — น่าจะเป็นเหตุการณ์ที่จบไปแล้ว/ซ่อมเสร็จแล้ว จึงไม่ขึ้นเตือน,02:15,04:15,167.25,234.529,79.57,393.668,314.099,-3.22,ลดลงต่อเนื่อง (มีนัยสำคัญ),True,318.279,False,False,False,False,1,False,False,0.0,0.0,14,2e-05,92.62225,,0.0,RESIDENTIAL,PVC,2026-08-13 08:45:24
DM-02-04-05-01,DM-02-04-05-01,C,ok,ไม่พบสัญญาณผิดปกติเชิงสถิติ (ใช้น้ำตามพฤติกรรมปกติ),02:00,04:00,126.875,117.558,28.559,174.675,146.116,1.073,มีแนวโน้มเพิ่มขึ้นเล็กน้อย (ยังไม่ชัดเจนพอ),False,114.234,False,False,False,False,3,True,False,5.817,139.62,14,0.0,0.00347,,139.62,RESIDENTIAL,PVC,2026-08-13 08:45:24
DM-02-04-05-02,DM-02-04-05-02,C,ok,เคยมีสัญญาณผิดปกติ (Mann-Kendall/CUSUM สะสม) แต่ MNF ล่าสุด (100.9) ลดลงมาต่ำกว่า 70% ของพีคล่าสุด (101.5) แล้ว — น่าจะเป็นเหตุการณ์ที่จบไปแล้ว/ซ่อมเสร็จแล้ว จึงไม่ขึ้นเตือน,00:30,02:30,100.875,109.567,21.942,153.451,131.509,1.823,เพิ่มขึ้นต่อเนื่อง (มีนัยสำคัญ),True,87.767,False,False,False,False,1,False,False,0.0,0.0,14,0.0,0.00358,,0.0,RESIDENTIAL,PVC,2026-08-13 08:45:24
DM-02-08-01-01,DM-02-08-01-01,C,ok,ไม่พบสัญญาณผิดปกติเชิงสถิติ (ใช้น้ำตามพฤติกรรมปกติ),01:45,03:45,142.25,135.635,64.207,264.049,199.842,-0.716,ไม่มีแนวโน้มชัดเจน,False,256.828,False,False,False,False,4,False,False,0.0,0.0,14,1e-05,57.98352,,0.0,RESIDENTIAL,PVC,2026-08-13 08:45:24
DM-02-08-02-01,DM-02-08-02-01,C,ok,เคยมีสัญญาณผิดปกติ (Mann-Kendall/CUSUM สะสม) แต่ MNF ล่าสุด (114.8) ลดลงมาต่ำกว่า 70% ของพีคล่าสุด (123.9) แล้ว — น่าจะเป็นเหตุการณ์ที่จบไปแล้ว/ซ่อมเสร็จแล้ว จึงไม่ขึ้นเตือน,01:30,03:30,114.75,121.894,6.048,133.991,127.943,-1.968,ลดลงต่อเนื่อง (มีนัยสำคัญ),True,24.194,False,False,False,False,1,False,False,0.0,0.0,14,1e-05,51.29945,,0.0,RESIDENTIAL,PVC,2026-08-13 08:45:24
DM-02-08-03-03,DM-02-08-03-03,C,ok,ไม่พบสัญญาณผิดปกติเชิงสถิติ (ใช้น้ำตามพฤติกรรมปกติ),01:15,03:15,137.5,154.587,62.128,278.843,216.715,-0.358,ไม่มีแนวโน้มชัดเจน,False,248.513,False,False,False,False,2,True,False,0.0,0.0,14,0.0,0.1,,0.0,RESIDENTIAL,PVC,2026-08-13 08:45:24
DM-02-08-04-01,DM-02-08-04-01,C,ok,เคยมีสัญญาณผิดปกติ (Mann-Kendall/CUSUM สะสม) แต่ MNF ล่าสุด (40.5) ลดลงมาต่ำกว่า 70% ของพีคล่าสุด (40.5) แล้ว — น่าจะเป็นเหตุการณ์ที่จบไปแล้ว/ซ่อมเสร็จแล้ว จึงไม่ขึ้นเตือน,01:45,03:45,40.5,63.529,16.455,96.439,79.984,2.147,เพิ่มขึ้นต่อเนื่อง (มีนัยสำคัญ),True,65.819,True,False,True,False,0,False,False,0.0,0.0,14,3e-05,26.39286,,0.0,RESIDENTIAL,PVC,2026-08-13 08:45:24
DM-02-12-01-01,DM-02-12-01-01,C,ok,เคยมีสัญญาณผิดปกติ (Mann-Kendall/CUSUM สะสม) แต่ MNF ล่าสุด (107.9) ลดลงมาต่ำกว่า 70% ของพีคล่าสุด (117.0) แล้ว — น่าจะเป็นเหตุการณ์ที่จบไปแล้ว/ซ่อมเสร็จแล้ว จึงไม่ขึ้นเตือน,01:15,03:15,107.875,126.163,6.473,139.109,132.636,-2.245,ลดลงต่อเนื่อง (มีนัยสำคัญ),True,25.892,False,False,False,False,1,False,False,0.0,0.0,14,0.0,0.66538,,0.0,RESIDENTIAL,PVC,2026-08-13 08:45:24
DM-02-12-01-03,DM-02-12-01-03,C,ok,เคยมีสัญญาณผิดปกติ (Mann-Kendall/CUSUM สะสม) แต่ MNF ล่าสุด (89.1) ลดลงมาต่ำกว่า 70% ของพีคล่าสุด (99.6) แล้ว — น่าจะเป็นเหตุการณ์ที่จบไปแล้ว/ซ่อมเสร็จแล้ว จึงไม่ขึ้นเตือน,00:00,02:00,89.125,121.154,12.352,145.857,133.505,-1.706,ลดลงต่อเนื่อง (มีนัยสำคัญ),True,49.406,False,False,False,False,0,False,False,0.0,0.0,14,0.0,0.1,,0.0,RESIDENTIAL,PVC,2026-08-13 08:45:24
DM-02-12-02-01,DM-02-12-02-01,B,watch,CUSUM สะสมเป็นบวกต่อเนื่อง (ยังไม่ Step-up ฉับพลัน),01:00,03:00,84.125,81.01,2.292,85.594,83.302,1.347,มีแนวโน้มเพิ่มขึ้นเล็กน้อย (ยังไม่ชัดเจนพอ),False,9.168,True,True,True,False,4,False,False,1.365,32.77,14,0.0,0.00079,ใกล้ RTU สัมพัทธ์ (< 2 กม. โดยประมาณ),32.77,RESIDENTIAL,PVC,2026-08-13 08:45:24
DM-02-12-02-02,DM-02-12-02-02,B,watch,Mann-Kendall ยืนยันแนวโน้มขึ้นต่อเนื่อง,02:00,04:00,44.0,42.192,1.628,45.448,43.82,1.706,เพิ่มขึ้นต่อเนื่อง (มีนัยสำคัญ),True,6.512,False,False,False,False,6,False,False,0.349,8.38,14,0.0,0.01406,ไกลจาก RTU สัมพัทธ์ / ปลายสาย (> 2 กม. โดยประมาณ),8.38,RESIDENTIAL,PVC,2026-08-13 08:45:24
DM-02-12-03-01,DM-02-12-03-01,C,ok,ไม่พบสัญญาณผิดปกติเชิงสถิติ (ใช้น้ำตามพฤติกรรมปกติ),01:15,03:15,65.25,72.712,2.856,78.424,75.568,-0.449,ไม่มีแนวโน้มชัดเจน,False,11.424,False,False,False,False,2,False,False,0.0,0.0,14,1e-05,3.85714,,0.0,RESIDENTIAL,PVC,2026-08-13 08:45:24
DM-02-13-01-01,DM-02-13-01-01,C,ok,เคยมีสัญญาณผิดปกติ (Mann-Kendall/CUSUM สะสม) แต่ MNF ล่าสุด (82.1) ลดลงมาต่ำกว่า 70% ของพีคล่าสุด (91.9) แล้ว — น่าจะเป็นเหตุการณ์ที่จบไปแล้ว/ซ่อมเสร็จแล้ว จึงไม่ขึ้นเตือน,01:15,03:15,82.125,99.644,40.191,180.027,139.836,-1.968,ลดลงต่อเนื่อง (มีนัยสำคัญ),True,160.766,False,False,False,False,0,False,False,0.0,0.0,14,0.0,0.1,,0.0,RESIDENTIAL,PVC,2026-08-13 08:45:24
DM-02-13-02-02,DM-02-13-02-02,C,ok,ไม่พบสัญญาณผิดปกติเชิงสถิติ (ใช้น้ำตามพฤติกรรมปกติ),01:30,03:30,52.875,61.197,12.531,86.259,73.728,-1.61,ไม่มีแนวโน้มชัดเจน,False,50.124,False,False,False,False,0,False,False,0.0,0.0,14,0.0,0.1,,0.0,RESIDENTIAL,PVC,2026-08-13 08:45:24
DM-02-13-03-01,DM-02-13-03-01,C,ok,เคยมีสัญญาณผิดปกติ (Mann-Kendall/CUSUM สะสม) แต่ MNF ล่าสุด (67.5) ลดลงมาต่ำกว่า 70% ของพีคล่าสุด (75.0) แล้ว — น่าจะเป็นเหตุการณ์ที่จบไปแล้ว/ซ่อมเสร็จแล้ว จึงไม่ขึ้นเตือน,01:15,03:15,67.5,74.904,3.403,81.71,78.307,-1.968,ลดลงต่อเนื่อง (มีนัยสำคัญ),True,13.613,False,False,False,False,0,False,False,0.0,0.0,14,1e-05,9.5,,0.0,RESIDENTIAL,PVC,2026-08-13 08:45:24
DM-02-13-03-02,DM-02-13-03-02,C,ok,ไม่พบสัญญาณผิดปกติเชิงสถิติ (ใช้น้ำตามพฤติกรรมปกติ),02:00,04:00,75.875,90.231,31.909,154.048,122.139,0.449,มีแนวโน้มเพิ่มขึ้นเล็กน้อย (ยังไม่ชัดเจนพอ),False,127.634,False,False,False,False,3,False,False,0.0,0.0,14,0.0,0.00112,,0.0,RESIDENTIAL,PVC,2026-08-13 08:45:24
DM-02-13-04-02,DM-02-13-04-02,C,ok,ไม่พบสัญญาณผิดปกติเชิงสถิติ (ใช้น้ำตามพฤติกรรมปกติ),02:00,04:00,51.625,54.731,2.992,60.715,57.723,-0.358,ไม่มีแนวโน้มชัดเจน,False,11.969,False,False,False,False,1,False,False,0.0,0.0,14,1e-05,6.25,,0.0,RESIDENTIAL,PVC,2026-08-13 08:45:24
DM-02-13-05-02,DM-02-13-05-02,C,ok,ไม่พบสัญญาณผิดปกติเชิงสถิติ (ใช้น้ำตามพฤติกรรมปกติ),02:00,04:00,56.625,67.702,5.02,77.742,72.722,-0.988,ไม่มีแนวโน้มชัดเจน,False,20.081,False,False,False,False,0,False,False,0.0,0.0,14,0.00014,140.14835,,0.0,RESIDENTIAL,PVC,2026-08-13 08:45:24
DM-02-13-06-02,DM-02-13-06-02,C,ok,ไม่พบสัญญาณผิดปกติเชิงสถิติ (ใช้น้ำตามพฤติกรรมปกติ),02:00,04:00,72.75,83.25,4.072,91.394,87.322,0.179,มีแนวโน้มเพิ่มขึ้นเล็กน้อย (ยังไม่ชัดเจนพอ),False,16.287,False,False,False,False,1,True,False,0.0,0.0,14,1e-05,11.46429,,0.0,RESIDENTIAL,PVC,2026-08-13 08:45:24
DM-02-14-03-02,DM-02-14-03-02,C,ok,เคยมีสัญญาณผิดปกติ (Mann-Kendall/CUSUM สะสม) แต่ MNF ล่าสุด (98.8) ลดลงมาต่ำกว่า 70% ของพีคล่าสุด (102.6) แล้ว — น่าจะเป็นเหตุการณ์ที่จบไปแล้ว/ซ่อมเสร็จแล้ว จึงไม่ขึ้นเตือน,01:30,03:30,98.75,102.726,27.396,157.519,130.122,-1.789,ลดลงต่อเนื่อง (มีนัยสำคัญ),True,109.585,False,False,False,False,0,False,False,0.0,0.0,14,1e-05,4.91758,,0.0,RESIDENTIAL,PVC,2026-08-13 08:45:24
DM-02-14-03-03,DM-02-14-03-03,C,ok,ไม่พบสัญญาณผิดปกติเชิงสถิติ (ใช้น้ำตามพฤติกรรมปกติ),01:15,03:15,33.375,35.067,21.867,78.802,56.935,0.358,มีแนวโน้มเพิ่มขึ้นเล็กน้อย (ยังไม่ชัดเจนพอ),False,87.47,False,False,False,False,0,False,False,0.0,0.0,14,0.0,0.1,,0.0,RESIDENTIAL,PVC,2026-08-13 08:45:24
DM-02-14-04-03,DM-02-14-04-03,C,ok,เคยมีสัญญาณผิดปกติ (Mann-Kendall/CUSUM สะสม) แต่ MNF ล่าสุด (123.4) ลดลงมาต่ำกว่า 70% ของพีคล่าสุด (134.2) แล้ว — น่าจะเป็นเหตุการณ์ที่จบไปแล้ว/ซ่อมเสร็จแล้ว จึงไม่ขึ้นเตือน,01:30,03:30,123.375,131.731,3.265,138.262,134.996,-1.706,ลดลงต่อเนื่อง (มีนัยสำคัญ),True,13.062,False,False,False,False,0,False,False,0.0,0.0,14,0.0,4.51107,,0.0,RESIDENTIAL,PVC,2026-08-13 08:45:24
DM-02-14-05-02,DM-02-14-05-02,C,ok,ไม่พบสัญญาณผิดปกติเชิงสถิติ (ใช้น้ำตามพฤติกรรมปกติ),01:00,03:00,104.875,112.048,2.961,117.969,115.009,1.61,มีแนวโน้มเพิ่มขึ้นเล็กน้อย (ยังไม่ชัดเจนพอ),False,11.843,False,False,False,False,0,False,False,0.0,0.0,14,1e-05,0.1,,0.0,RESIDENTIAL,PVC,2026-08-13 08:45:24
DM-02-14-06-01,DM-02-14-06-01,C,ok,ไม่พบสัญญาณผิดปกติเชิงสถิติ (ใช้น้ำตามพฤติกรรมปกติ),01:30,03:30,50.125,53.75,2.21,58.17,55.96,-0.716,ไม่มีแนวโน้มชัดเจน,False,8.84,False,False,False,False,1,False,False,0.0,0.0,14,2e-05,6.17857,,0.0,RESIDENTIAL,PVC,2026-08-13 08:45:24
DM-02-14-06-02,DM-02-14-06-02,C,ok,ไม่พบสัญญาณผิดปกติเชิงสถิติ (ใช้น้ำตามพฤติกรรมปกติ),01:00,03:00,93.875,104.144,14.663,133.471,118.808,0.629,มีแนวโน้มเพิ่มขึ้นเล็กน้อย (ยังไม่ชัดเจนพอ),False,58.653,False,False,False,False,1,False,False,0.0,0.0,14,1e-05,0.88582,,0.0,RESIDENTIAL,PVC,2026-08-13 08:45:24
DM-02-14-07-02,DM-02-14-07-02,C,ok,ไม่พบสัญญาณผิดปกติเชิงสถิติ (ใช้น้ำตามพฤติกรรมปกติ),02:00,04:00,141.25,160.096,14.114,188.325,174.21,-1.252,ไม่มีแนวโน้มชัดเจน,False,56.457,False,False,False,False,0,False,False,0.0,0.0,14,0.0,17.82143,,0.0,RESIDENTIAL,PVC,2026-08-13 08:45:24
DM-02-14-07-03,DM-02-14-07-03,C,ok,ไม่พบสัญญาณผิดปกติเชิงสถิติ (ใช้น้ำตามพฤติกรรมปกติ),01:15,03:15,50.375,57.452,4.3,66.052,61.752,-0.629,ไม่มีแนวโน้มชัดเจน,False,17.2,False,False,False,False,0,False,False,0.0,0.0,14,1e-05,17.57967,,0.0,RESIDENTIAL,PVC,2026-08-13 08:45:24
DM-02-14-08-01,DM-02-14-08-01,A,alert,Flow สูงกว่าเกณฑ์ต่อเนื่อง 26 intervals + CUSUM ขยับฐานฉับพลันใน 1-2 วันล่าสุด + แรงดันตกยืนยัน,20:45,22:45,295.5,147.946,2.669,153.285,150.616,0.537,มีแนวโน้มเพิ่มขึ้นเล็กน้อย (ยังไม่ชัดเจนพอ),False,10.677,True,True,True,True,26,True,False,87.47,2099.29,14,0.0,0.00726,ใกล้ RTU สัมพัทธ์ (< 2 กม. โดยประมาณ),2099.29,RESIDENTIAL,PVC,2026-08-13 08:45:24
DM-02-15-01-01,DM-02-15-01-01,C,ok,ไม่พบสัญญาณผิดปกติเชิงสถิติ (ใช้น้ำตามพฤติกรรมปกติ),00:15,02:15,158.125,159.385,7.35,174.084,166.734,0.0,ไม่มีแนวโน้มชัดเจน,False,29.398,False,False,False,False,0,False,False,0.0,0.0,14,0.0,0.1,,0.0,RESIDENTIAL,PVC,2026-08-13 08:45:24
DM-02-15-02-01,DM-02-15-02-01,C,ok,เคยมีสัญญาณผิดปกติ (Mann-Kendall/CUSUM สะสม) แต่ MNF ล่าสุด (102.1) ลดลงมาต่ำกว่า 70% ของพีคล่าสุด (145.2) แล้ว — น่าจะเป็นเหตุการณ์ที่จบไปแล้ว/ซ่อมเสร็จแล้ว จึงไม่ขึ้นเตือน,02:15,04:15,102.125,107.933,6.212,120.357,114.145,-1.431,ไม่มีแนวโน้มชัดเจน,False,24.848,True,True,True,False,7,True,False,0.0,0.0,14,0.0,0.00113,,0.0,RESIDENTIAL,PVC,2026-08-13 08:45:24
DM-02-16-02-01,DM-02-16-02-01,C,ok,ไม่พบสัญญาณผิดปกติเชิงสถิติ (ใช้น้ำตามพฤติกรรมปกติ),02:00,04:00,36.625,44.144,13.957,72.058,58.101,-0.988,ไม่มีแนวโน้มชัดเจน,False,55.827,False,False,False,False,1,True,False,0.0,0.0,14,0.0,0.1,,0.0,RESIDENTIAL,PVC,2026-08-13 08:45:24
DM-02-16-05-01,DM-02-16-05-01,C,ok,ไม่พบสัญญาณผิดปกติเชิงสถิติ (ใช้น้ำตามพฤติกรรมปกติ),02:15,04:15,101.5,83.808,11.125,106.058,94.933,0.358,มีแนวโน้มเพิ่มขึ้นเล็กน้อย (ยังไม่ชัดเจนพอ),False,44.5,False,False,False,False,3,False,False,0.776,18.62,14,0.0,0.1,,18.62,RESIDENTIAL,PVC,2026-08-13 08:45:24
DM-02-16-06-02,DM-02-16-06-02,C,ok,ไม่พบสัญญาณผิดปกติเชิงสถิติ (ใช้น้ำตามพฤติกรรมปกติ),01:30,03:30,31.875,39.288,2.128,43.545,41.417,-0.179,ไม่มีแนวโน้มชัดเจน,False,8.513,False,False,False,False,0,False,False,0.0,0.0,14,1e-05,5.03571,,0.0,RESIDENTIAL,PVC,2026-08-13 08:45:24
DM-02-16-07-01,DM-02-16-07-01,C,ok,ไม่พบสัญญาณผิดปกติเชิงสถิติ (ใช้น้ำตามพฤติกรรมปกติ),02:00,04:00,67.625,72.394,4.082,80.559,76.477,0.09,มีแนวโน้มเพิ่มขึ้นเล็กน้อย (ยังไม่ชัดเจนพอ),False,16.329,False,False,False,False,0,False,False,0.0,0.0,14,0.0,1.78571,,0.0,RESIDENTIAL,PVC,2026-08-13 08:45:24
DM-03-01-01-01,DM-03-01-01-01,C,ok,ไม่พบสัญญาณผิดปกติเชิงสถิติ (ใช้น้ำตามพฤติกรรมปกติ),02:30,04:30,121.75,87.413,11.249,109.911,98.662,1.431,มีแนวโน้มเพิ่มขึ้นเล็กน้อย (ยังไม่ชัดเจนพอ),False,44.996,False,False,False,False,4,True,False,14.295,343.08,14,0.0,0.06196,,343.08,RESIDENTIAL,PVC,2026-08-13 08:45:24
DM-03-01-02-01,DM-03-01-02-01,C,ok,เคยมีสัญญาณผิดปกติ (Mann-Kendall/CUSUM สะสม) แต่ MNF ล่าสุด (46.9) ลดลงมาต่ำกว่า 70% ของพีคล่าสุด (81.8) แล้ว — น่าจะเป็นเหตุการณ์ที่จบไปแล้ว/ซ่อมเสร็จแล้ว จึงไม่ขึ้นเตือน,01:30,03:30,46.875,50.067,13.399,76.865,63.466,-1.789,ลดลงต่อเนื่อง (มีนัยสำคัญ),True,53.594,False,False,False,False,3,True,False,0.0,0.0,14,1e-05,0.1,,0.0,RESIDENTIAL,PVC,2026-08-13 08:45:24
DM-03-01-02-03,DM-03-01-02-03,B,watch,Flow สูงกว่าเกณฑ์ต่อเนื่อง 8 intervals พร้อมแรงดันตก แต่ไม่ใช่การเปลี่ยนแปลงฉับพลันใน 1-2 วัน (น่าจะเป็นรั่วที่ดำเนินมาระยะหนึ่งแล้วและขยายจนคงที่) — ควรตรวจสอบโดยเร็วแต่ไม่ใช่เหตุฉุกเฉินแบบท่อแตกใหม่,20:15,22:15,46.375,22.527,3.945,30.417,26.472,1.073,มีแนวโน้มเพิ่มขึ้นเล็กน้อย (ยังไม่ชัดเจนพอ),False,15.78,True,True,False,True,8,True,False,11.765,282.36,14,0.0,0.00012,ใกล้ RTU สัมพัทธ์ (< 2 กม. โดยประมาณ),282.36,RESIDENTIAL,PVC,2026-08-13 08:45:24
DM-03-01-03-01,DM-03-01-03-01,A,alert,Flow สูงกว่าเกณฑ์ต่อเนื่อง 56 intervals + CUSUM ขยับฐานฉับพลันใน 1-2 วันล่าสุด + แรงดันตกยืนยัน,02:45,04:45,271.875,193.462,7.525,208.511,200.986,2.862,เพิ่มขึ้นต่อเนื่อง (มีนัยสำคัญ),True,30.098,True,False,True,True,56,True,False,72.538,1740.92,14,0.0,4e-05,ใกล้ RTU สัมพัทธ์ (< 2 กม. โดยประมาณ),1740.92,RESIDENTIAL,PVC,2026-08-13 08:45:24
DM-03-01-04-01,DM-03-01-04-01,C,ok,ไม่พบสัญญาณผิดปกติเชิงสถิติ (ใช้น้ำตามพฤติกรรมปกติ),00:15,02:15,173.25,165.663,12.964,191.591,178.627,0.808,มีแนวโน้มเพิ่มขึ้นเล็กน้อย (ยังไม่ชัดเจนพอ),False,51.855,False,False,False,True,13,False,False,1.253,30.08,14,0.0,0.00025,,30.08,RESIDENTIAL,PVC,2026-08-13 08:45:24
DM-03-01-06-01,DM-03-01-06-01,C,ok,เคยมีสัญญาณผิดปกติ (Mann-Kendall/CUSUM สะสม) แต่ MNF ล่าสุด (106.8) ลดลงมาต่ำกว่า 70% ของพีคล่าสุด (112.8) แล้ว — น่าจะเป็นเหตุการณ์ที่จบไปแล้ว/ซ่อมเสร็จแล้ว จึงไม่ขึ้นเตือน,00:00,02:00,106.75,99.942,11.733,123.407,111.675,2.147,เพิ่มขึ้นต่อเนื่อง (มีนัยสำคัญ),True,46.93,False,False,False,False,2,True,False,4.308,103.38,14,0.0,0.00027,,103.38,RESIDENTIAL,PVC,2026-08-13 08:45:24
DM-03-01-06-02,DM-03-01-06-02,B,watch,Flow สูงกว่าเกณฑ์ต่อเนื่อง 24 intervals พร้อมแรงดันตก แต่ไม่ใช่การเปลี่ยนแปลงฉับพลันใน 1-2 วัน (น่าจะเป็นรั่วที่ดำเนินมาระยะหนึ่งแล้วและขยายจนคงที่) — ควรตรวจสอบโดยเร็วแต่ไม่ใช่เหตุฉุกเฉินแบบท่อแตกใหม่,23:45,01:45,61.125,59.062,6.076,71.215,65.139,0.537,มีแนวโน้มเพิ่มขึ้นเล็กน้อย (ยังไม่ชัดเจนพอ),False,24.305,False,False,False,True,24,True,False,0.0,0.0,14,0.0,0.00275,ใกล้ RTU สัมพัทธ์ (< 2 กม. โดยประมาณ),0.0,RESIDENTIAL,PVC,2026-08-13 08:45:24
DM-03-01-08-01,DM-03-01-08-01,C,ok,ไม่พบสัญญาณผิดปกติเชิงสถิติ (ใช้น้ำตามพฤติกรรมปกติ),02:45,04:45,149.75,167.933,13.131,194.195,181.064,-1.252,ไม่มีแนวโน้มชัดเจน,False,52.525,False,False,False,False,0,False,False,0.0,0.0,14,0.0,0.1,,0.0,RESIDENTIAL,PVC,2026-08-13 08:45:24
DM-03-02-01-01,DM-03-02-01-01,C,ok,เคยมีสัญญาณผิดปกติ (Mann-Kendall/CUSUM สะสม) แต่ MNF ล่าสุด (62.0) ลดลงมาต่ำกว่า 70% ของพีคล่าสุด (71.0) แล้ว — น่าจะเป็นเหตุการณ์ที่จบไปแล้ว/ซ่อมเสร็จแล้ว จึงไม่ขึ้นเตือน,23:45,01:45,62.0,65.741,7.291,80.323,73.032,-1.706,ลดลงต่อเนื่อง (มีนัยสำคัญ),True,29.163,False,False,False,False,5,False,False,0.0,0.0,14,0.0,0.1,,0.0,RESIDENTIAL,PVC,2026-08-13 08:45:24
DM-03-02-02-01,DM-03-02-02-01,B,watch,Flow สูงกว่าเกณฑ์ต่อเนื่อง 55 intervals พร้อมแรงดันตก แต่ไม่ใช่การเปลี่ยนแปลงฉับพลันใน 1-2 วัน (น่าจะเป็นรั่วที่ดำเนินมาระยะหนึ่งแล้วและขยายจนคงที่) — ควรตรวจสอบโดยเร็วแต่ไม่ใช่เหตุฉุกเฉินแบบท่อแตกใหม่,02:30,04:30,62.125,80.024,9.732,99.487,89.756,-1.431,ไม่มีแนวโน้มชัดเจน,False,38.926,False,False,False,True,55,True,False,0.0,0.0,14,3e-05,0.00032,ใกล้ RTU สัมพัทธ์ (< 2 กม. โดยประมาณ),0.0,RESIDENTIAL,PVC,2026-08-13 08:45:24
DM-03-02-03-01,DM-03-02-03-01,C,ok,เคยมีสัญญาณผิดปกติ (Mann-Kendall/CUSUM สะสม) แต่ MNF ล่าสุด (239.5) ลดลงมาต่ำกว่า 70% ของพีคล่าสุด (275.0) แล้ว — น่าจะเป็นเหตุการณ์ที่จบไปแล้ว/ซ่อมเสร็จแล้ว จึงไม่ขึ้นเตือน,02:30,04:30,239.5,235.365,9.074,253.513,244.439,0.0,ไม่มีแนวโน้มชัดเจน,False,36.295,True,True,False,False,3,True,False,15.468,371.23,14,0.0,0.1,,371.23,RESIDENTIAL,PVC,2026-08-13 08:45:24
DM-03-02-06-01,DM-03-02-06-01,B,watch,Flow สูงกว่าเกณฑ์ต่อเนื่อง 18 intervals พร้อมแรงดันตก แต่ไม่ใช่การเปลี่ยนแปลงฉับพลันใน 1-2 วัน (น่าจะเป็นรั่วที่ดำเนินมาระยะหนึ่งแล้วและขยายจนคงที่) — ควรตรวจสอบโดยเร็วแต่ไม่ใช่เหตุฉุกเฉินแบบท่อแตกใหม่,00:00,02:00,29.375,29.913,1.564,33.041,31.477,-0.988,ไม่มีแนวโน้มชัดเจน,False,6.255,False,False,False,True,18,True,False,0.42,10.08,14,0.0,0.06777,ไกลจาก RTU สัมพัทธ์ / ปลายสาย (> 2 กม. โดยประมาณ),10.08,RESIDENTIAL,PVC,2026-08-13 08:45:24
DM-03-02-07-01,DM-03-02-07-01,C,ok,เคยมีสัญญาณผิดปกติ (Mann-Kendall/CUSUM สะสม) แต่ MNF ล่าสุด (183.5) ลดลงมาต่ำกว่า 70% ของพีคล่าสุด (192.8) แล้ว — น่าจะเป็นเหตุการณ์ที่จบไปแล้ว/ซ่อมเสร็จแล้ว จึงไม่ขึ้นเตือน,03:00,05:00,183.5,182.731,9.659,202.049,192.39,1.968,เพิ่มขึ้นต่อเนื่อง (มีนัยสำคัญ),True,38.637,False,False,False,False,0,False,False,0.0,0.0,14,0.0,0.1,,0.0,RESIDENTIAL,PVC,2026-08-13 08:45:24
DM-03-02-08-01,DM-03-02-08-01,C,ok,ไม่พบสัญญาณผิดปกติเชิงสถิติ (ใช้น้ำตามพฤติกรรมปกติ),00:00,02:00,127.125,137.567,5.533,148.634,143.101,-1.167,ไม่มีแนวโน้มชัดเจน,False,22.134,False,False,False,True,16,False,False,0.0,0.0,14,0.0,0.00032,,0.0,RESIDENTIAL,PVC,2026-08-13 08:45:24
DM-03-03-01-01,DM-03-03-01-01,C,ok,ไม่พบสัญญาณผิดปกติเชิงสถิติ (ใช้น้ำตามพฤติกรรมปกติ),01:00,03:00,29.375,29.952,6.571,43.094,36.523,-0.716,ไม่มีแนวโน้มชัดเจน,False,26.284,False,False,False,False,0,False,False,0.0,0.0,14,0.0,0.1,,0.0,RESIDENTIAL,PVC,2026-08-13 08:45:24
DM-03-03-02-01,DM-03-03-02-01,C,ok,ไม่พบสัญญาณผิดปกติเชิงสถิติ (ใช้น้ำตามพฤติกรรมปกติ),02:45,04:45,94.625,92.481,24.451,141.382,116.931,1.073,มีแนวโน้มเพิ่มขึ้นเล็กน้อย (ยังไม่ชัดเจนพอ),False,97.802,False,False,False,False,2,True,False,0.0,0.0,14,0.0,0.00168,,0.0,RESIDENTIAL,PVC,2026-08-13 08:45:24
DM-03-03-03-01,DM-03-03-03-01,B,watch,Mann-Kendall ยืนยันแนวโน้มขึ้นต่อเนื่อง,02:00,04:00,44.125,33.154,3.537,40.228,36.691,1.789,เพิ่มขึ้นต่อเนื่อง (มีนัยสำคัญ),True,14.149,True,True,True,False,5,False,False,9.346,224.31,14,0.0,3e-05,ใกล้ RTU สัมพัทธ์ (< 2 กม. โดยประมาณ),224.31,RESIDENTIAL,PVC,2026-08-13 08:45:24
DM-03-03-03-02,DM-03-03-03-02,C,ok,ไม่พบสัญญาณผิดปกติเชิงสถิติ (ใช้น้ำตามพฤติกรรมปกติ),02:15,04:15,104.625,88.308,8.783,105.874,97.091,-0.537,ไม่มีแนวโน้มชัดเจน,False,35.134,False,False,False,False,2,False,False,6.151,147.62,14,0.0,0.1,,147.62,RESIDENTIAL,PVC,2026-08-13 08:45:24
DM-03-03-06-01,DM-03-03-06-01,C,ok,ไม่พบสัญญาณผิดปกติเชิงสถิติ (ใช้น้ำตามพฤติกรรมปกติ),02:30,04:30,58.25,61.904,5.219,72.342,67.123,0.716,มีแนวโน้มเพิ่มขึ้นเล็กน้อย (ยังไม่ชัดเจนพอ),False,20.877,False,False,False,False,2,True,False,0.679,16.31,14,0.0,0.1,,16.31,RESIDENTIAL,PVC,2026-08-13 08:45:24
DM-03-03-07-02,DM-03-03-07-02,C,ok,ไม่พบสัญญาณผิดปกติเชิงสถิติ (ใช้น้ำตามพฤติกรรมปกติ),02:45,04:45,96.75,95.25,3.55,102.35,98.8,0.629,มีแนวโน้มเพิ่มขึ้นเล็กน้อย (ยังไม่ชัดเจนพอ),False,14.2,False,False,False,False,0,False,False,0.0,0.0,14,0.0,6.92857,,0.0,RESIDENTIAL,PVC,2026-08-13 08:45:24
DM-03-03-10-01,DM-03-03-10-01,C,ok,ไม่พบสัญญาณผิดปกติเชิงสถิติ (ใช้น้ำตามพฤติกรรมปกติ),00:30,02:30,44.875,45.654,6.52,58.694,52.174,-1.073,ไม่มีแนวโน้มชัดเจน,False,26.081,False,False,False,False,3,True,False,0.0,0.0,14,0.0,0.00117,,0.0,RESIDENTIAL,PVC,2026-08-13 08:45:24
DM-03-03-12-01,DM-03-03-12-01,C,ok,ไม่พบสัญญาณผิดปกติเชิงสถิติ (ใช้น้ำตามพฤติกรรมปกติ),03:00,05:00,95.25,169.99,7.149,184.289,177.14,-1.252,ไม่มีแนวโน้มชัดเจน,False,28.598,False,False,False,False,4,False,False,0.0,0.0,14,0.0,0.1,,0.0,RESIDENTIAL,PVC,2026-08-13 08:45:24
DM-03-04-02-01,DM-03-04-02-01,A,alert,Flow สูงกว่าเกณฑ์ต่อเนื่อง 14 intervals + CUSUM ขยับฐานฉับพลันใน 1-2 วันล่าสุด + แรงดันตกยืนยัน,00:15,02:15,126.875,135.913,5.739,147.391,141.652,-2.425,ลดลงต่อเนื่อง (มีนัยสำคัญ),True,22.954,True,False,True,True,14,True,False,0.0,0.0,14,0.0,0.00782,ไกลจาก RTU สัมพัทธ์ / ปลายสาย (> 2 กม. โดยประมาณ),0.0,RESIDENTIAL,PVC,2026-08-13 08:45:24
DM-03-04-06-01,DM-03-04-06-01,C,ok,ไม่พบสัญญาณผิดปกติเชิงสถิติ (ใช้น้ำตามพฤติกรรมปกติ),03:00,05:00,79.0,86.74,4.083,94.906,90.823,0.179,มีแนวโน้มเพิ่มขึ้นเล็กน้อย (ยังไม่ชัดเจนพอ),False,16.331,False,False,False,False,0,False,False,0.0,0.0,14,0.0,0.1,,0.0,RESIDENTIAL,PVC,2026-08-13 08:45:24
DM-03-04-07-01,DM-03-04-07-01,A,alert,Flow สูงกว่าเกณฑ์ต่อเนื่อง 42 intervals + CUSUM ขยับฐานฉับพลันใน 1-2 วันล่าสุด + แรงดันตกยืนยัน,00:00,02:00,65.0,29.144,3.86,36.863,33.004,2.862,เพิ่มขึ้นต่อเนื่อง (มีนัยสำคัญ),True,15.438,True,True,True,True,42,True,False,23.064,553.54,14,1e-05,0.00031,ใกล้ RTU สัมพัทธ์ (< 2 กม. โดยประมาณ),553.54,RESIDENTIAL,PVC,2026-08-13 08:45:24
DM-03-05-01-01,DM-03-05-01-01,C,ok,ไม่พบสัญญาณผิดปกติเชิงสถิติ (ใช้น้ำตามพฤติกรรมปกติ),02:45,04:45,162.25,166.74,3.478,173.696,170.218,-0.449,ไม่มีแนวโน้มชัดเจน,False,13.911,False,False,False,False,0,False,False,0.0,0.0,14,0.0,0.1,,0.0,RESIDENTIAL,PVC,2026-08-13 08:45:24
DM-03-05-02-01,DM-03-05-02-01,C,ok,ไม่พบสัญญาณผิดปกติเชิงสถิติ (ใช้น้ำตามพฤติกรรมปกติ),00:00,02:00,89.625,95.712,10.985,117.681,106.696,0.179,มีแนวโน้มเพิ่มขึ้นเล็กน้อย (ยังไม่ชัดเจนพอ),False,43.94,False,False,False,False,0,False,False,3.288,78.92,14,0.0,2.68681,,78.92,RESIDENTIAL,PVC,2026-08-13 08:45:24
DM-03-05-03-01,DM-03-05-03-01,C,ok,ไม่พบสัญญาณผิดปกติเชิงสถิติ (ใช้น้ำตามพฤติกรรมปกติ),23:15,01:15,51.25,64.759,1.68,68.119,66.439,-1.252,ไม่มีแนวโน้มชัดเจน,False,6.72,False,False,False,False,1,False,False,0.0,0.0,14,0.0,0.1,,0.0,RESIDENTIAL,PVC,2026-08-13 08:45:24
DM-03-05-05-01,DM-03-05-05-01,C,ok,เคยมีสัญญาณผิดปกติ (Mann-Kendall/CUSUM สะสม) แต่ MNF ล่าสุด (179.1) ลดลงมาต่ำกว่า 70% ของพีคล่าสุด (206.6) แล้ว — น่าจะเป็นเหตุการณ์ที่จบไปแล้ว/ซ่อมเสร็จแล้ว จึงไม่ขึ้นเตือน,00:00,02:00,179.125,185.231,3.258,191.747,188.489,-0.894,ไม่มีแนวโน้มชัดเจน,False,13.032,True,False,True,False,0,False,False,1.519,36.46,14,0.0,0.1,,36.46,RESIDENTIAL,PVC,2026-08-13 08:45:24
DM-03-05-08-01,DM-03-05-08-01,C,ok,ไม่พบสัญญาณผิดปกติเชิงสถิติ (ใช้น้ำตามพฤติกรรมปกติ),23:00,01:00,89.5,84.304,3.284,90.871,87.587,0.0,ไม่มีแนวโน้มชัดเจน,False,13.135,False,False,False,False,7,False,False,2.946,70.71,14,0.0,0.1,,70.71,RESIDENTIAL,PVC,2026-08-13 08:45:24
DM-03-05-11-01,DM-03-05-11-01,C,ok,ไม่พบสัญญาณผิดปกติเชิงสถิติ (ใช้น้ำตามพฤติกรรมปกติ),00:30,02:30,143.5,127.317,12.648,152.613,139.965,1.252,มีแนวโน้มเพิ่มขึ้นเล็กน้อย (ยังไม่ชัดเจนพอ),False,50.592,False,False,False,False,4,True,False,8.808,211.38,14,0.0,0.1,,211.38,RESIDENTIAL,PVC,2026-08-13 08:45:24
DM-03-05-12-01,DM-03-05-12-01,B,watch,CUSUM สะสมเป็นบวกต่อเนื่อง (ยังไม่ Step-up ฉับพลัน),00:15,02:15,244.0,225.625,6.432,238.49,232.057,0.0,ไม่มีแนวโน้มชัดเจน,False,25.729,True,True,False,False,2,False,False,10.125,243.0,14,0.0,0.0341,ไกลจาก RTU สัมพัทธ์ / ปลายสาย (> 2 กม. โดยประมาณ),243.0,RESIDENTIAL,PVC,2026-08-13 08:45:24
DM-03-06-02-01,DM-03-06-02-01,B,watch,Flow สูงกว่าเกณฑ์ต่อเนื่อง 8 intervals พร้อมแรงดันตก แต่ไม่ใช่การเปลี่ยนแปลงฉับพลันใน 1-2 วัน (น่าจะเป็นรั่วที่ดำเนินมาระยะหนึ่งแล้วและขยายจนคงที่) — ควรตรวจสอบโดยเร็วแต่ไม่ใช่เหตุฉุกเฉินแบบท่อแตกใหม่,19:00,21:00,32.875,94.482,29.51,153.502,123.992,-1.431,ไม่มีแนวโน้มชัดเจน,False,118.04,False,False,False,True,8,True,False,0.0,0.0,14,0.0,0.1,ไกลจาก RTU สัมพัทธ์ / ปลายสาย (> 2 กม. โดยประมาณ),0.0,RESIDENTIAL,PVC,2026-08-13 08:45:24
DM-03-06-03-01,DM-03-06-03-01,C,ok,เคยมีสัญญาณผิดปกติ (Mann-Kendall/CUSUM สะสม) แต่ MNF ล่าสุด (274.0) ลดลงมาต่ำกว่า 70% ของพีคล่าสุด (300.9) แล้ว — น่าจะเป็นเหตุการณ์ที่จบไปแล้ว/ซ่อมเสร็จแล้ว จึงไม่ขึ้นเตือน,01:45,03:45,274.0,280.192,8.003,296.198,288.195,1.431,มีแนวโน้มเพิ่มขึ้นเล็กน้อย (ยังไม่ชัดเจนพอ),False,32.012,True,True,False,False,4,False,False,5.016,120.38,14,0.0,0.00052,,120.38,RESIDENTIAL,PVC,2026-08-13 08:45:24
DM-03-06-04-01,DM-03-06-04-01,C,ok,เคยมีสัญญาณผิดปกติ (Mann-Kendall/CUSUM สะสม) แต่ MNF ล่าสุด (63.0) ลดลงมาต่ำกว่า 70% ของพีคล่าสุด (111.0) แล้ว — น่าจะเป็นเหตุการณ์ที่จบไปแล้ว/ซ่อมเสร็จแล้ว จึงไม่ขึ้นเตือน,23:30,01:30,63.0,92.759,4.973,102.704,97.732,-2.065,ลดลงต่อเนื่อง (มีนัยสำคัญ),True,19.89,True,False,False,False,2,False,False,0.0,0.0,14,0.0,2.71429,,0.0,RESIDENTIAL,PVC,2026-08-13 08:45:24
DM-03-06-04-02,DM-03-06-04-02,C,ok,เคยมีสัญญาณผิดปกติ (Mann-Kendall/CUSUM สะสม) แต่ MNF ล่าสุด (55.2) ลดลงมาต่ำกว่า 70% ของพีคล่าสุด (61.6) แล้ว — น่าจะเป็นเหตุการณ์ที่จบไปแล้ว/ซ่อมเสร็จแล้ว จึงไม่ขึ้นเตือน,21:30,23:30,55.25,53.857,2.112,58.082,55.969,-0.988,ไม่มีแนวโน้มชัดเจน,False,8.449,True,False,False,False,0,False,False,1.143,27.43,14,0.0,0.1,,27.43,RESIDENTIAL,PVC,2026-08-13 08:45:24
DM-03-06-04-03,DM-03-06-04-03,C,ok,เคยมีสัญญาณผิดปกติ (Mann-Kendall/CUSUM สะสม) แต่ MNF ล่าสุด (29.9) ลดลงมาต่ำกว่า 70% ของพีคล่าสุด (47.8) แล้ว — น่าจะเป็นเหตุการณ์ที่จบไปแล้ว/ซ่อมเสร็จแล้ว จึงไม่ขึ้นเตือน,02:45,04:45,29.875,32.317,2.282,36.882,34.599,-0.629,ไม่มีแนวโน้มชัดเจน,False,9.129,True,False,True,False,4,False,False,0.349,8.38,14,2e-05,0.1,,8.38,RESIDENTIAL,PVC,2026-08-13 08:45:24
DM-03-06-05-02,DM-03-06-05-02,C,ok,ไม่พบสัญญาณผิดปกติเชิงสถิติ (ใช้น้ำตามพฤติกรรมปกติ),03:45,05:45,42.625,44.712,12.265,69.242,56.977,0.0,ไม่มีแนวโน้มชัดเจน,False,49.062,False,False,False,False,5,True,False,0.0,0.0,14,1e-05,0.00669,,0.0,RESIDENTIAL,PVC,2026-08-13 08:45:24
DM-03-06-05-03,DM-03-06-05-03,C,ok,ไม่พบสัญญาณผิดปกติเชิงสถิติ (ใช้น้ำตามพฤติกรรมปกติ),03:15,05:15,113.0,87.529,14.564,116.657,102.093,0.0,ไม่มีแนวโน้มชัดเจน,False,58.257,False,False,False,False,3,True,False,15.638,375.31,14,1e-05,0.00265,,375.31,RESIDENTIAL,PVC,2026-08-13 08:45:24
DM-03-06-06-01,DM-03-06-06-01,C,ok,ไม่พบสัญญาณผิดปกติเชิงสถิติ (ใช้น้ำตามพฤติกรรมปกติ),00:30,02:30,79.125,79.481,8.494,96.469,87.975,1.61,มีแนวโน้มเพิ่มขึ้นเล็กน้อย (ยังไม่ชัดเจนพอ),False,33.976,False,False,False,False,1,False,False,4.353,104.46,14,0.0,0.1,,104.46,RESIDENTIAL,PVC,2026-08-13 08:45:24
DM-03-06-07-02,DM-03-06-07-02,C,ok,ไม่พบสัญญาณผิดปกติเชิงสถิติ (ใช้น้ำตามพฤติกรรมปกติ),02:00,04:00,37.375,50.125,4.762,59.649,54.887,0.716,มีแนวโน้มเพิ่มขึ้นเล็กน้อย (ยังไม่ชัดเจนพอ),False,19.048,False,False,False,False,0,False,False,1.375,33.0,14,7e-05,48.31868,,33.0,RESIDENTIAL,PVC,2026-08-13 08:45:24
DM-03-06-08-01,DM-03-06-08-01,C,ok,ไม่พบสัญญาณผิดปกติเชิงสถิติ (ใช้น้ำตามพฤติกรรมปกติ),21:15,23:15,1.0,52.402,33.707,119.816,86.109,-0.716,ไม่มีแนวโน้มชัดเจน,False,134.828,False,False,False,False,0,False,False,0.0,0.0,14,0.0,0.1,,0.0,RESIDENTIAL,PVC,2026-08-13 08:45:24
DM-03-06-09-01,DM-03-06-09-01,C,ok,ไม่พบสัญญาณผิดปกติเชิงสถิติ (ใช้น้ำตามพฤติกรรมปกติ),04:15,06:15,8.5,14.501,13.428,41.356,27.929,-1.347,ไม่มีแนวโน้มชัดเจน,False,53.711,False,False,False,False,3,False,False,0.0,0.0,14,0.0,0.1,,0.0,RESIDENTIAL,PVC,2026-08-13 08:45:24
DM-03-06-12-01,DM-03-06-12-01,C,ok,เคยมีสัญญาณผิดปกติ (Mann-Kendall/CUSUM สะสม) แต่ MNF ล่าสุด (37.2) ลดลงมาต่ำกว่า 70% ของพีคล่าสุด (72.8) แล้ว — น่าจะเป็นเหตุการณ์ที่จบไปแล้ว/ซ่อมเสร็จแล้ว จึงไม่ขึ้นเตือน,03:00,05:00,37.25,62.019,10.324,82.667,72.343,-2.683,ลดลงต่อเนื่อง (มีนัยสำคัญ),True,41.295,False,False,False,False,0,False,False,0.0,0.0,14,0.0,0.1,,0.0,RESIDENTIAL,PVC,2026-08-13 08:45:24
DM-03-06-13-01,DM-03-06-13-01,C,ok,เคยมีสัญญาณผิดปกติ (Mann-Kendall/CUSUM สะสม) แต่ MNF ล่าสุด (31.6) ลดลงมาต่ำกว่า 70% ของพีคล่าสุด (60.2) แล้ว — น่าจะเป็นเหตุการณ์ที่จบไปแล้ว/ซ่อมเสร็จแล้ว จึงไม่ขึ้นเตือน,03:15,05:15,31.625,33.462,2.772,39.005,36.233,-0.894,ไม่มีแนวโน้มชัดเจน,False,11.086,True,True,False,False,1,True,False,8.247,197.92,14,0.0,0.1,,197.92,RESIDENTIAL,PVC,2026-08-13 08:45:24
DM-04-03-01-01,DM-04-03-01-01,C,ok,ไม่พบสัญญาณผิดปกติเชิงสถิติ (ใช้น้ำตามพฤติกรรมปกติ),00:00,02:00,91.875,103.154,2.906,108.965,106.059,-0.179,ไม่มีแนวโน้มชัดเจน,False,11.623,False,False,False,False,0,False,False,0.0,0.0,14,0.0,0.1,,0.0,RESIDENTIAL,PVC,2026-08-13 08:45:24
DM-04-03-01-02,DM-04-03-01-02,C,ok,ไม่พบสัญญาณผิดปกติเชิงสถิติ (ใช้น้ำตามพฤติกรรมปกติ),00:30,02:30,33.0,23.269,8.76,40.79,32.03,1.252,มีแนวโน้มเพิ่มขึ้นเล็กน้อย (ยังไม่ชัดเจนพอ),False,35.041,False,False,False,False,3,False,False,4.189,100.54,14,0.0,1e-05,,100.54,RESIDENTIAL,PVC,2026-08-13 08:45:24
DM-04-03-02-01,DM-04-03-02-01,C,ok,ไม่พบสัญญาณผิดปกติเชิงสถิติ (ใช้น้ำตามพฤติกรรมปกติ),01:30,03:30,67.625,67.548,2.422,72.392,69.97,-0.547,ไม่มีแนวโน้มชัดเจน,False,9.688,False,False,False,False,2,False,False,1.994,47.85,14,0.0,0.1,,47.85,RESIDENTIAL,PVC,2026-08-13 08:45:24
DM-04-03-04-01,DM-04-03-04-01,C,ok,ไม่พบสัญญาณผิดปกติเชิงสถิติ (ใช้น้ำตามพฤติกรรมปกติ),00:15,02:15,103.875,95.096,5.758,106.613,100.855,0.358,มีแนวโน้มเพิ่มขึ้นเล็กน้อย (ยังไม่ชัดเจนพอ),False,23.034,False,False,False,False,3,True,False,6.737,161.69,14,0.0,0.1,,161.69,RESIDENTIAL,PVC,2026-08-13 08:45:24
DM-04-03-09-01,DM-04-03-09-01,C,ok,ไม่พบสัญญาณผิดปกติเชิงสถิติ (ใช้น้ำตามพฤติกรรมปกติ),23:15,01:15,164.25,169.295,5.331,179.956,174.625,-1.073,ไม่มีแนวโน้มชัดเจน,False,21.322,False,False,False,False,5,True,False,0.289,6.93,14,0.0,0.1,,6.93,RESIDENTIAL,PVC,2026-08-13 08:45:24
DM-04-03-10-01,DM-04-03-10-01,C,ok,ไม่พบสัญญาณผิดปกติเชิงสถิติ (ใช้น้ำตามพฤติกรรมปกติ),21:30,23:30,160.125,159.446,6.284,172.014,165.73,0.0,ไม่มีแนวโน้มชัดเจน,False,25.136,False,False,False,False,0,False,False,0.0,0.0,14,0.0,0.1,,0.0,RESIDENTIAL,PVC,2026-08-13 08:45:24
DM-04-03-11-01,DM-04-03-11-01,C,ok,ไม่พบสัญญาณผิดปกติเชิงสถิติ (ใช้น้ำตามพฤติกรรมปกติ),02:30,04:30,112.5,120.779,7.655,136.09,128.434,-0.894,ไม่มีแนวโน้มชัดเจน,False,30.622,False,False,False,False,0,False,False,0.0,0.0,14,0.0,0.1,,0.0,RESIDENTIAL,PVC,2026-08-13 08:45:24
DM-04-03-12-01,DM-04-03-12-01,C,ok,ไม่พบสัญญาณผิดปกติเชิงสถิติ (ใช้น้ำตามพฤติกรรมปกติ),02:30,04:30,63.625,90.913,17.631,126.176,108.545,-0.716,ไม่มีแนวโน้มชัดเจน,False,70.524,False,False,False,False,1,True,False,0.0,0.0,14,0.0,0.1,,0.0,RESIDENTIAL,PVC,2026-08-13 08:45:24
DM-04-05-01-01,DM-04-05-01-01,C,ok,เคยมีสัญญาณผิดปกติ (Mann-Kendall/CUSUM สะสม) แต่ MNF ล่าสุด (90.0) ลดลงมาต่ำกว่า 70% ของพีคล่าสุด (98.4) แล้ว — น่าจะเป็นเหตุการณ์ที่จบไปแล้ว/ซ่อมเสร็จแล้ว จึงไม่ขึ้นเตือน,02:45,04:45,90.0,85.702,5.247,96.196,90.949,0.0,ไม่มีแนวโน้มชัดเจน,False,20.989,True,True,False,False,5,True,False,4.548,109.15,14,0.0,0.1,,109.15,RESIDENTIAL,PVC,2026-08-13 08:45:24
DM-04-05-03-01,DM-04-05-03-01,B,watch,Flow สูงกว่าเกณฑ์ต่อเนื่อง 9 intervals พร้อมแรงดันตก แต่ไม่ใช่การเปลี่ยนแปลงฉับพลันใน 1-2 วัน (น่าจะเป็นรั่วที่ดำเนินมาระยะหนึ่งแล้วและขยายจนคงที่) — ควรตรวจสอบโดยเร็วแต่ไม่ใช่เหตุฉุกเฉินแบบท่อแตกใหม่,01:45,03:45,78.375,72.163,1.465,75.094,73.629,1.167,มีแนวโน้มเพิ่มขึ้นเล็กน้อย (ยังไม่ชัดเจนพอ),False,5.862,True,True,False,True,9,True,False,4.878,117.08,14,0.0,0.00465,ใกล้ RTU สัมพัทธ์ (< 2 กม. โดยประมาณ),117.08,RESIDENTIAL,PVC,2026-08-13 08:45:24
DM-04-05-07-01,DM-04-05-07-01,C,ok,ไม่พบสัญญาณผิดปกติเชิงสถิติ (ใช้น้ำตามพฤติกรรมปกติ),02:00,04:00,36.5,37.548,1.528,40.604,39.076,1.073,มีแนวโน้มเพิ่มขึ้นเล็กน้อย (ยังไม่ชัดเจนพอ),False,6.113,False,False,False,False,5,True,False,0.0,0.0,14,0.0,0.1,,0.0,RESIDENTIAL,PVC,2026-08-13 08:45:24
DM-04-05-09-01,DM-04-05-09-01,C,ok,ไม่พบสัญญาณผิดปกติเชิงสถิติ (ใช้น้ำตามพฤติกรรมปกติ),02:15,04:15,60.375,62.904,1.631,66.167,64.535,-0.716,ไม่มีแนวโน้มชัดเจน,False,6.526,False,False,False,False,0,False,False,0.0,0.0,14,0.0,0.1,,0.0,RESIDENTIAL,PVC,2026-08-13 08:45:24
DM-04-05-10-01,DM-04-05-10-01,C,ok,เคยมีสัญญาณผิดปกติ (Mann-Kendall/CUSUM สะสม) แต่ MNF ล่าสุด (99.4) ลดลงมาต่ำกว่า 70% ของพีคล่าสุด (107.0) แล้ว — น่าจะเป็นเหตุการณ์ที่จบไปแล้ว/ซ่อมเสร็จแล้ว จึงไม่ขึ้นเตือน,02:15,04:15,99.375,99.644,1.361,102.367,101.005,-0.716,ไม่มีแนวโน้มชัดเจน,False,5.445,True,False,True,False,1,True,False,2.356,56.54,14,0.0,0.1,,56.54,RESIDENTIAL,PVC,2026-08-13 08:45:24
DM-04-05-12-01,DM-04-05-12-01,C,ok,ไม่พบสัญญาณผิดปกติเชิงสถิติ (ใช้น้ำตามพฤติกรรมปกติ),21:30,23:30,82.875,88.634,3.586,95.806,92.22,0.0,ไม่มีแนวโน้มชัดเจน,False,14.343,False,False,False,False,0,False,False,0.0,0.0,14,0.0,0.1,,0.0,RESIDENTIAL,PVC,2026-08-13 08:45:24
DM-04-05-14-01,DM-04-05-14-01,C,ok,เคยมีสัญญาณผิดปกติ (Mann-Kendall/CUSUM สะสม) แต่ MNF ล่าสุด (87.8) ลดลงมาต่ำกว่า 70% ของพีคล่าสุด (102.1) แล้ว — น่าจะเป็นเหตุการณ์ที่จบไปแล้ว/ซ่อมเสร็จแล้ว จึงไม่ขึ้นเตือน,02:15,04:15,87.75,90.202,6.597,103.396,96.799,-1.167,ไม่มีแนวโน้มชัดเจน,False,26.387,True,False,False,False,3,True,False,1.798,43.15,14,0.0,0.1,,43.15,RESIDENTIAL,PVC,2026-08-13 08:45:24
DM-04-06-02-01,DM-04-06-02-01,C,ok,ไม่พบสัญญาณผิดปกติเชิงสถิติ (ใช้น้ำตามพฤติกรรมปกติ),02:15,04:15,111.875,107.673,3.679,115.031,111.352,0.0,ไม่มีแนวโน้มชัดเจน,False,14.716,False,False,False,False,4,False,False,3.244,77.85,14,0.0,0.1,,77.85,RESIDENTIAL,PVC,2026-08-13 08:45:24
DM-04-06-05-01,DM-04-06-05-01,C,ok,ไม่พบสัญญาณผิดปกติเชิงสถิติ (ใช้น้ำตามพฤติกรรมปกติ),02:15,04:15,36.0,39.269,4.005,47.279,43.274,-0.09,ไม่มีแนวโน้มชัดเจน,False,16.02,False,False,False,False,1,True,False,0.0,0.0,14,1e-05,1.22679,,0.0,RESIDENTIAL,PVC,2026-08-13 08:45:24
DM-04-06-08-01,DM-04-06-08-01,C,ok,เคยมีสัญญาณผิดปกติ (Mann-Kendall/CUSUM สะสม) แต่ MNF ล่าสุด (47.2) ลดลงมาต่ำกว่า 70% ของพีคล่าสุด (52.4) แล้ว — น่าจะเป็นเหตุการณ์ที่จบไปแล้ว/ซ่อมเสร็จแล้ว จึงไม่ขึ้นเตือน,23:30,01:30,47.25,48.25,1.189,50.627,49.439,-0.449,ไม่มีแนวโน้มชัดเจน,False,4.755,True,False,False,False,6,False,False,1.625,39.0,14,2e-05,1.6275,,39.0,RESIDENTIAL,PVC,2026-08-13 08:45:24
DM-04-06-12-01,DM-04-06-12-01,C,ok,ไม่พบสัญญาณผิดปกติเชิงสถิติ (ใช้น้ำตามพฤติกรรมปกติ),02:30,04:30,125.75,130.606,3.065,136.736,133.671,0.449,มีแนวโน้มเพิ่มขึ้นเล็กน้อย (ยังไม่ชัดเจนพอ),False,12.261,False,False,False,False,2,True,False,0.0,0.0,14,0.0,12.53571,,0.0,RESIDENTIAL,PVC,2026-08-13 08:45:24
DM-04-06-13-01,DM-04-06-13-01,C,ok,เคยมีสัญญาณผิดปกติ (Mann-Kendall/CUSUM สะสม) แต่ MNF ล่าสุด (120.0) ลดลงมาต่ำกว่า 70% ของพีคล่าสุด (132.0) แล้ว — น่าจะเป็นเหตุการณ์ที่จบไปแล้ว/ซ่อมเสร็จแล้ว จึงไม่ขึ้นเตือน,02:30,04:30,120.0,105.712,17.117,139.946,122.829,0.537,มีแนวโน้มเพิ่มขึ้นเล็กน้อย (ยังไม่ชัดเจนพอ),False,68.469,True,True,False,False,0,False,False,17.205,412.92,14,0.0,1e-05,,412.92,RESIDENTIAL,PVC,2026-08-13 08:45:24
DM-04-06-14-01,DM-04-06-14-01,C,ok,ไม่พบสัญญาณผิดปกติเชิงสถิติ (ใช้น้ำตามพฤติกรรมปกติ),01:30,03:30,24.25,25.837,1.14,28.116,26.976,-1.61,ไม่มีแนวโน้มชัดเจน,False,4.559,False,False,False,False,2,True,False,0.497,11.92,14,3e-05,0.1,,11.92,RESIDENTIAL,PVC,2026-08-13 08:45:24
DM-04-08-01-01,DM-04-08-01-01,C,ok,เคยมีสัญญาณผิดปกติ (Mann-Kendall/CUSUM สะสม) แต่ MNF ล่าสุด (32.8) ลดลงมาต่ำกว่า 70% ของพีคล่าสุด (45.8) แล้ว — น่าจะเป็นเหตุการณ์ที่จบไปแล้ว/ซ่อมเสร็จแล้ว จึงไม่ขึ้นเตือน,22:45,00:45,32.75,48.259,7.604,63.467,55.863,-2.683,ลดลงต่อเนื่อง (มีนัยสำคัญ),True,30.416,False,False,False,False,0,False,False,0.0,0.0,14,2e-05,7.82143,,0.0,RESIDENTIAL,PVC,2026-08-13 08:45:24
DM-04-08-02-01,DM-04-08-02-01,C,ok,ไม่พบสัญญาณผิดปกติเชิงสถิติ (ใช้น้ำตามพฤติกรรมปกติ),02:15,04:15,117.625,129.25,9.157,147.564,138.407,-1.431,ไม่มีแนวโน้มชัดเจน,False,36.628,False,False,False,False,1,True,False,0.0,0.0,14,0.0,5.29121,,0.0,RESIDENTIAL,PVC,2026-08-13 08:45:24
DM-04-08-04-01,DM-04-08-04-01,C,ok,ไม่พบสัญญาณผิดปกติเชิงสถิติ (ใช้น้ำตามพฤติกรรมปกติ),01:30,03:30,85.5,96.029,3.117,102.262,99.146,-0.537,ไม่มีแนวโน้มชัดเจน,False,12.467,False,False,False,False,0,False,False,0.0,0.0,14,1e-05,22.7967,,0.0,RESIDENTIAL,PVC,2026-08-13 08:45:24
DM-04-08-05-01,DM-04-08-05-01,C,ok,เคยมีสัญญาณผิดปกติ (Mann-Kendall/CUSUM สะสม) แต่ MNF ล่าสุด (29.6) ลดลงมาต่ำกว่า 70% ของพีคล่าสุด (38.1) แล้ว — น่าจะเป็นเหตุการณ์ที่จบไปแล้ว/ซ่อมเสร็จแล้ว จึงไม่ขึ้นเตือน,02:00,04:00,29.625,34.692,1.475,37.642,36.167,-2.683,ลดลงต่อเนื่อง (มีนัยสำคัญ),True,5.899,True,False,True,False,3,True,False,0.0,0.0,14,4e-05,7.32143,,0.0,RESIDENTIAL,PVC,2026-08-13 08:45:24
DM-04-08-06-01,DM-04-08-06-01,C,ok,ไม่พบสัญญาณผิดปกติเชิงสถิติ (ใช้น้ำตามพฤติกรรมปกติ),01:15,03:15,133.0,136.981,5.183,147.347,142.164,-1.252,ไม่มีแนวโน้มชัดเจน,False,20.733,False,False,False,False,1,False,False,0.0,0.0,14,0.0,3.57143,,0.0,RESIDENTIAL,PVC,2026-08-13 08:45:24
DM-04-08-07-01,DM-04-08-07-01,B,watch,Mann-Kendall ยืนยันแนวโน้มขึ้นต่อเนื่อง,19:00,21:00,131.875,111.616,9.913,131.443,121.529,1.968,เพิ่มขึ้นต่อเนื่อง (มีนัยสำคัญ),True,39.654,False,False,False,False,3,False,False,17.926,430.21,14,0.0,0.1,ไกลจาก RTU สัมพัทธ์ / ปลายสาย (> 2 กม. โดยประมาณ),430.21,RESIDENTIAL,PVC,2026-08-13 08:45:24
DM-04-09-02-01,DM-04-09-02-01,C,ok,ไม่พบสัญญาณผิดปกติเชิงสถิติ (ใช้น้ำตามพฤติกรรมปกติ),23:00,01:00,39.875,53.777,13.207,80.192,66.984,0.449,มีแนวโน้มเพิ่มขึ้นเล็กน้อย (ยังไม่ชัดเจนพอ),False,52.83,False,False,False,False,1,True,False,0.0,0.0,14,4e-05,0.43273,,0.0,RESIDENTIAL,PVC,2026-08-13 08:45:24
DM-04-09-06-01,DM-04-09-06-01,B,watch,CUSUM สะสมเป็นบวกต่อเนื่อง (ยังไม่ Step-up ฉับพลัน),02:30,04:30,53.625,51.346,2.024,55.394,53.37,0.716,มีแนวโน้มเพิ่มขึ้นเล็กน้อย (ยังไม่ชัดเจนพอ),False,8.096,True,True,False,False,0,False,False,5.696,136.69,14,1e-05,0.10354,ไกลจาก RTU สัมพัทธ์ / ปลายสาย (> 2 กม. โดยประมาณ),136.69,RESIDENTIAL,PVC,2026-08-13 08:45:24
DM-04-09-10-01,DM-04-09-10-01,B,watch,Mann-Kendall ยืนยันแนวโน้มขึ้นต่อเนื่อง,21:45,23:45,23.125,2.219,2.083,6.384,4.301,2.065,เพิ่มขึ้นต่อเนื่อง (มีนัยสำคัญ),True,8.33,True,True,True,False,7,True,False,13.531,324.75,14,0.00011,0.02905,ไกลจาก RTU สัมพัทธ์ / ปลายสาย (> 2 กม. โดยประมาณ),324.75,RESIDENTIAL,PVC,2026-08-13 08:45:24
DM-04-09-11-01,DM-04-09-11-01,B,watch,CUSUM สะสมเป็นบวกต่อเนื่อง (ยังไม่ Step-up ฉับพลัน),19:15,21:15,77.875,64.196,3.066,70.328,67.262,0.0,ไม่มีแนวโน้มชัดเจน,False,12.263,True,True,False,False,3,True,False,0.97,23.29,14,1e-05,0.1,ไกลจาก RTU สัมพัทธ์ / ปลายสาย (> 2 กม. โดยประมาณ),23.29,RESIDENTIAL,PVC,2026-08-13 08:45:24
DM-04-09-12-01,DM-04-09-12-01,C,ok,ไม่พบสัญญาณผิดปกติเชิงสถิติ (ใช้น้ำตามพฤติกรรมปกติ),00:00,02:00,110.25,102.154,17.476,137.107,119.63,-0.358,ไม่มีแนวโน้มชัดเจน,False,69.906,False,False,False,False,3,True,False,0.0,0.0,14,0.0,0.1,,0.0,RESIDENTIAL,PVC,2026-08-13 08:45:24
DM-05-01-03-03,DM-05-01-03-03,B,watch,CUSUM สะสมเป็นบวกต่อเนื่อง (ยังไม่ Step-up ฉับพลัน),00:00,02:00,141.125,117.683,8.007,133.697,125.69,1.073,มีแนวโน้มเพิ่มขึ้นเล็กน้อย (ยังไม่ชัดเจนพอ),False,32.028,True,True,False,False,5,True,False,11.942,286.62,14,0.0,0.00051,ใกล้ RTU สัมพัทธ์ (< 2 กม. โดยประมาณ),286.62,RESIDENTIAL,PVC,2026-08-13 08:45:24
DM-05-01-04-02,DM-05-01-04-02,C,ok,ไม่พบสัญญาณผิดปกติเชิงสถิติ (ใช้น้ำตามพฤติกรรมปกติ),03:00,05:00,33.312,33.312,1.666,36.644,34.978,0.0,ไม่มีแนวโน้มชัดเจน,False,6.663,False,False,False,False,0,False,False,0.0,0.0,14,0.0,0.1,,0.0,RESIDENTIAL,PVC,2026-08-13 08:45:24
DM-05-01-05-01,DM-05-01-05-01,C,ok,ไม่พบสัญญาณผิดปกติเชิงสถิติ (ใช้น้ำตามพฤติกรรมปกติ),23:45,01:45,58.25,55.964,8.717,73.398,64.681,1.61,มีแนวโน้มเพิ่มขึ้นเล็กน้อย (ยังไม่ชัดเจนพอ),False,34.868,False,False,False,False,1,True,False,2.911,69.86,14,0.0,0.00152,,69.86,RESIDENTIAL,PVC,2026-08-13 08:45:24
DM-05-01-06-01,DM-05-01-06-01,C,ok,ไม่พบสัญญาณผิดปกติเชิงสถิติ (ใช้น้ำตามพฤติกรรมปกติ),01:00,03:00,64.375,54.24,17.117,88.474,71.357,-0.894,ไม่มีแนวโน้มชัดเจน,False,68.467,False,False,False,False,4,True,False,0.0,0.0,14,0.0,0.1,,0.0,RESIDENTIAL,PVC,2026-08-13 08:45:24
DM-05-01-09-02,DM-05-01-09-02,C,ok,ไม่พบสัญญาณผิดปกติเชิงสถิติ (ใช้น้ำตามพฤติกรรมปกติ),03:45,05:45,218.75,214.644,18.163,250.97,232.807,0.179,มีแนวโน้มเพิ่มขึ้นเล็กน้อย (ยังไม่ชัดเจนพอ),False,72.651,False,False,False,False,1,True,False,0.0,0.0,14,0.0,0.00115,,0.0,RESIDENTIAL,PVC,2026-08-13 08:45:24
DM-05-02-01-02,DM-05-02-01-02,B,watch,Mann-Kendall ยืนยันแนวโน้มขึ้นต่อเนื่อง,23:45,01:45,87.125,73.723,6.177,86.078,79.901,3.041,เพิ่มขึ้นต่อเนื่อง (มีนัยสำคัญ),True,24.709,False,False,False,True,8,False,False,7.235,173.64,14,0.0,0.1,ไกลจาก RTU สัมพัทธ์ / ปลายสาย (> 2 กม. โดยประมาณ),173.64,RESIDENTIAL,PVC,2026-08-13 08:45:24
DM-05-02-02-01,DM-05-02-02-01,B,watch,CUSUM สะสมเป็นบวกต่อเนื่อง (ยังไม่ Step-up ฉับพลัน),01:45,03:45,99.5,83.788,9.183,102.154,92.971,1.073,มีแนวโน้มเพิ่มขึ้นเล็กน้อย (ยังไม่ชัดเจนพอ),False,36.731,True,False,False,False,5,False,False,17.087,410.08,14,0.0,9e-05,ใกล้ RTU สัมพัทธ์ (< 2 กม. โดยประมาณ),410.08,RESIDENTIAL,PVC,2026-08-13 08:45:24
DM-05-02-03-01,DM-05-02-03-01,C,ok,ไม่พบสัญญาณผิดปกติเชิงสถิติ (ใช้น้ำตามพฤติกรรมปกติ),02:30,04:30,87.125,100.933,3.161,107.254,104.093,0.0,ไม่มีแนวโน้มชัดเจน,False,12.642,False,False,False,False,0,False,False,0.0,0.0,14,0.0,0.1,,0.0,RESIDENTIAL,PVC,2026-08-13 08:45:24
DM-05-02-03-03,DM-05-02-03-03,B,watch,CUSUM สะสมเป็นบวกต่อเนื่อง (ยังไม่ Step-up ฉับพลัน),02:15,04:15,112.625,103.904,6.837,117.578,110.741,0.0,ไม่มีแนวโน้มชัดเจน,False,27.348,True,True,False,False,4,True,False,2.596,62.31,14,0.0,2e-05,ใกล้ RTU สัมพัทธ์ (< 2 กม. โดยประมาณ),62.31,RESIDENTIAL,PVC,2026-08-13 08:45:24
DM-05-02-04-02,DM-05-02-04-02,C,ok,ไม่พบสัญญาณผิดปกติเชิงสถิติ (ใช้น้ำตามพฤติกรรมปกติ),00:00,02:00,241.75,206.75,18.591,243.931,225.341,0.629,มีแนวโน้มเพิ่มขึ้นเล็กน้อย (ยังไม่ชัดเจนพอ),False,74.363,False,False,False,False,1,False,False,2.958,71.0,14,0.0,0.00034,,71.0,RESIDENTIAL,PVC,2026-08-13 08:45:24
DM-05-02-05-01,DM-05-02-05-01,C,ok,ไม่พบสัญญาณผิดปกติเชิงสถิติ (ใช้น้ำตามพฤติกรรมปกติ),01:00,03:00,151.375,147.558,15.85,179.258,163.408,0.894,มีแนวโน้มเพิ่มขึ้นเล็กน้อย (ยังไม่ชัดเจนพอ),False,63.4,False,False,False,False,2,True,False,0.0,0.0,14,0.0,0.00139,,0.0,RESIDENTIAL,PVC,2026-08-13 08:45:24
DM-05-02-06-02,DM-05-02-06-02,C,ok,ไม่พบสัญญาณผิดปกติเชิงสถิติ (ใช้น้ำตามพฤติกรรมปกติ),01:45,03:45,118.75,119.337,6.847,133.031,126.184,-0.716,ไม่มีแนวโน้มชัดเจน,False,27.39,False,False,False,False,2,False,False,0.0,0.0,14,0.0,0.1,,0.0,RESIDENTIAL,PVC,2026-08-13 08:45:24
DM-05-02-07-01,DM-05-02-07-01,B,watch,Mann-Kendall ยืนยันแนวโน้มขึ้นต่อเนื่อง,02:15,04:15,114.375,105.356,7.449,120.253,112.804,1.789,เพิ่มขึ้นต่อเนื่อง (มีนัยสำคัญ),True,29.795,False,False,False,False,1,False,False,4.769,114.46,14,0.0,0.1,ไกลจาก RTU สัมพัทธ์ / ปลายสาย (> 2 กม. โดยประมาณ),114.46,RESIDENTIAL,PVC,2026-08-13 08:45:24
DM-05-02-08-01,DM-05-02-08-01,B,watch,Mann-Kendall ยืนยันแนวโน้มขึ้นต่อเนื่อง,02:15,04:15,71.375,65.577,3.657,72.892,69.234,2.147,เพิ่มขึ้นต่อเนื่อง (มีนัยสำคัญ),True,14.629,False,False,False,False,2,False,False,4.34,104.15,14,0.0,0.00021,ใกล้ RTU สัมพัทธ์ (< 2 กม. โดยประมาณ),104.15,RESIDENTIAL,PVC,2026-08-13 08:45:24
DM-05-03-01-02,DM-05-03-01-02,C,ok,ไม่พบสัญญาณผิดปกติเชิงสถิติ (ใช้น้ำตามพฤติกรรมปกติ),23:30,01:30,83.875,74.357,6.92,88.198,81.278,1.431,มีแนวโน้มเพิ่มขึ้นเล็กน้อย (ยังไม่ชัดเจนพอ),False,27.682,False,False,False,False,1,False,False,2.851,68.43,14,0.0,0.1,,68.43,RESIDENTIAL,PVC,2026-08-13 08:45:24
DM-05-03-03-01,DM-05-03-03-01,C,ok,ไม่พบสัญญาณผิดปกติเชิงสถิติ (ใช้น้ำตามพฤติกรรมปกติ),01:45,03:45,46.375,46.519,1.503,49.525,48.022,0.716,มีแนวโน้มเพิ่มขึ้นเล็กน้อย (ยังไม่ชัดเจนพอ),False,6.012,False,False,False,False,0,False,False,0.481,11.54,14,0.0,0.1,,11.54,RESIDENTIAL,PVC,2026-08-13 08:45:24
DM-05-03-03-02,DM-05-03-03-02,A,alert,Flow สูงกว่าเกณฑ์ต่อเนื่อง 13 intervals + CUSUM ขยับฐานฉับพลันใน 1-2 วันล่าสุด,23:00,01:00,41.25,37.411,1.958,41.327,39.369,1.431,มีแนวโน้มเพิ่มขึ้นเล็กน้อย (ยังไม่ชัดเจนพอ),False,7.832,True,True,True,True,13,False,False,5.048,121.14,14,0.0,3e-05,ใกล้ RTU สัมพัทธ์ (< 2 กม. โดยประมาณ),121.14,RESIDENTIAL,PVC,2026-08-13 08:45:24
DM-05-03-03-03,DM-05-03-03-03,C,ok,เคยมีสัญญาณผิดปกติ (Mann-Kendall/CUSUM สะสม) แต่ MNF ล่าสุด (57.9) ลดลงมาต่ำกว่า 70% ของพีคล่าสุด (62.1) แล้ว — น่าจะเป็นเหตุการณ์ที่จบไปแล้ว/ซ่อมเสร็จแล้ว จึงไม่ขึ้นเตือน,23:15,01:15,57.875,58.318,1.12,60.558,59.438,0.0,ไม่มีแนวโน้มชัดเจน,False,4.479,True,True,True,False,2,False,False,0.848,20.36,14,0.0,0.1,,20.36,RESIDENTIAL,PVC,2026-08-13 08:45:24
DM-05-03-04-02,DM-05-03-04-02,C,ok,เคยมีสัญญาณผิดปกติ (Mann-Kendall/CUSUM สะสม) แต่ MNF ล่าสุด (59.6) ลดลงมาต่ำกว่า 70% ของพีคล่าสุด (68.6) แล้ว — น่าจะเป็นเหตุการณ์ที่จบไปแล้ว/ซ่อมเสร็จแล้ว จึงไม่ขึ้นเตือน,02:00,04:00,59.625,61.356,1.554,64.464,62.91,0.0,ไม่มีแนวโน้มชัดเจน,False,6.217,True,True,False,False,0,False,False,3.228,77.46,14,0.0,0.1,,77.46,RESIDENTIAL,PVC,2026-08-13 08:45:24
DM-05-03-05-01,DM-05-03-05-01,C,ok,เคยมีสัญญาณผิดปกติ (Mann-Kendall/CUSUM สะสม) แต่ MNF ล่าสุด (18.2) ลดลงมาต่ำกว่า 70% ของพีคล่าสุด (20.4) แล้ว — น่าจะเป็นเหตุการณ์ที่จบไปแล้ว/ซ่อมเสร็จแล้ว จึงไม่ขึ้นเตือน,23:45,01:45,18.25,17.812,2.241,22.294,20.053,1.789,เพิ่มขึ้นต่อเนื่อง (มีนัยสำคัญ),True,8.964,False,False,False,False,2,False,False,0.479,11.5,14,0.0,0.1,,11.5,RESIDENTIAL,PVC,2026-08-13 08:45:24
DM-05-03-05-02,DM-05-03-05-02,B,watch,Mann-Kendall ยืนยันแนวโน้มขึ้นต่อเนื่อง,00:00,02:00,36.875,32.423,3.679,39.782,36.102,2.147,เพิ่มขึ้นต่อเนื่อง (มีนัยสำคัญ),True,14.717,False,False,False,False,3,False,False,1.785,42.85,14,0.0,0.09143,ไกลจาก RTU สัมพัทธ์ / ปลายสาย (> 2 กม. โดยประมาณ),42.85,RESIDENTIAL,PVC,2026-08-13 08:45:24
DM-05-04-01-01,DM-05-04-01-01,C,ok,ไม่พบสัญญาณผิดปกติเชิงสถิติ (ใช้น้ำตามพฤติกรรมปกติ),01:45,03:45,24.75,24.163,1.662,27.488,25.826,0.988,มีแนวโน้มเพิ่มขึ้นเล็กน้อย (ยังไม่ชัดเจนพอ),False,6.649,False,False,False,False,1,False,False,1.462,35.08,14,0.0,0.01617,,35.08,RESIDENTIAL,PVC,2026-08-13 08:45:24
DM-05-04-02-01,DM-05-04-02-01,C,ok,ไม่พบสัญญาณผิดปกติเชิงสถิติ (ใช้น้ำตามพฤติกรรมปกติ),23:15,01:15,60.75,64.768,2.285,69.339,67.053,-0.629,ไม่มีแนวโน้มชัดเจน,False,9.141,False,False,False,False,2,False,False,0.0,0.0,14,0.0,0.1,,0.0,RESIDENTIAL,PVC,2026-08-13 08:45:24
DM-05-04-03-01,DM-05-04-03-01,A,alert,Flow สูงกว่าเกณฑ์ต่อเนื่อง 22 intervals + CUSUM ขยับฐานฉับพลันใน 1-2 วันล่าสุด,23:00,01:00,87.125,74.045,2.541,79.128,76.586,2.326,เพิ่มขึ้นต่อเนื่อง (มีนัยสำคัญ),True,10.166,True,False,True,True,22,False,False,17.039,408.93,14,0.0,0.0,ใกล้ RTU สัมพัทธ์ (< 2 กม. โดยประมาณ),408.93,RESIDENTIAL,PVC,2026-08-13 08:45:24
DM-05-04-06-02,DM-05-04-06-02,B,watch,CUSUM สะสมเป็นบวกต่อเนื่อง (ยังไม่ Step-up ฉับพลัน),01:45,03:45,63.375,60.24,1.653,63.546,61.893,1.252,มีแนวโน้มเพิ่มขึ้นเล็กน้อย (ยังไม่ชัดเจนพอ),False,6.611,True,False,False,False,4,False,False,2.801,67.23,14,0.0,0.00674,ใกล้ RTU สัมพัทธ์ (< 2 กม. โดยประมาณ),67.23,RESIDENTIAL,PVC,2026-08-13 08:45:24
DM-05-04-06-03,DM-05-04-06-03,B,watch,Mann-Kendall ยืนยันแนวโน้มขึ้นต่อเนื่อง,02:00,04:00,41.25,36.26,1.371,39.001,37.63,2.504,เพิ่มขึ้นต่อเนื่อง (มีนัยสำคัญ),True,5.482,True,True,True,False,7,False,False,4.449,106.77,14,0.0,0.00027,ใกล้ RTU สัมพัทธ์ (< 2 กม. โดยประมาณ),106.77,RESIDENTIAL,PVC,2026-08-13 08:45:24
DM-05-04-07-02,DM-05-04-07-02,B,watch,CUSUM สะสมเป็นบวกต่อเนื่อง (ยังไม่ Step-up ฉับพลัน),01:45,03:45,68.625,66.462,2.079,70.619,68.54,-0.629,ไม่มีแนวโน้มชัดเจน,False,8.314,True,False,False,False,2,False,False,1.997,47.92,14,0.0,0.049,ไกลจาก RTU สัมพัทธ์ / ปลายสาย (> 2 กม. โดยประมาณ),47.92,RESIDENTIAL,PVC,2026-08-13 08:45:24
DM-05-04-08-02,DM-05-04-08-02,B,watch,CUSUM สะสมเป็นบวกต่อเนื่อง (ยังไม่ Step-up ฉับพลัน),01:30,03:30,92.75,86.423,2.463,91.349,88.886,0.0,ไม่มีแนวโน้มชัดเจน,False,9.852,True,False,False,False,6,False,False,6.077,145.85,14,0.0,0.00019,ใกล้ RTU สัมพัทธ์ (< 2 กม. โดยประมาณ),145.85,RESIDENTIAL,PVC,2026-08-13 08:45:24
DM-05-04-10-04,DM-05-04-10-04,C,ok,ไม่พบสัญญาณผิดปกติเชิงสถิติ (ใช้น้ำตามพฤติกรรมปกติ),23:45,01:45,49.75,49.955,2.319,54.594,52.275,-0.454,ไม่มีแนวโน้มชัดเจน,False,9.277,False,False,False,False,1,False,False,0.92,22.07,14,0.0,0.1,,22.07,RESIDENTIAL,PVC,2026-08-13 08:45:24
DM-05-04-11-01,DM-05-04-11-01,C,ok,เคยมีสัญญาณผิดปกติ (Mann-Kendall/CUSUM สะสม) แต่ MNF ล่าสุด (23.4) ลดลงมาต่ำกว่า 70% ของพีคล่าสุด (37.2) แล้ว — น่าจะเป็นเหตุการณ์ที่จบไปแล้ว/ซ่อมเสร็จแล้ว จึงไม่ขึ้นเตือน,00:15,02:15,23.375,23.125,3.625,30.374,26.75,0.449,มีแนวโน้มเพิ่มขึ้นเล็กน้อย (ยังไม่ชัดเจนพอ),False,14.498,True,True,False,False,2,False,False,1.208,29.0,14,0.0,0.1,,29.0,RESIDENTIAL,PVC,2026-08-13 08:45:24
DM-05-05-02-02,DM-05-05-02-02,C,ok,เคยมีสัญญาณผิดปกติ (Mann-Kendall/CUSUM สะสม) แต่ MNF ล่าสุด (53.1) ลดลงมาต่ำกว่า 70% ของพีคล่าสุด (70.2) แล้ว — น่าจะเป็นเหตุการณ์ที่จบไปแล้ว/ซ่อมเสร็จแล้ว จึงไม่ขึ้นเตือน,02:00,04:00,53.125,50.712,6.331,63.373,57.042,-1.073,ไม่มีแนวโน้มชัดเจน,False,25.323,True,False,False,False,2,False,False,4.413,105.92,14,0.0,0.1,,105.92,RESIDENTIAL,PVC,2026-08-13 08:45:24
DM-05-05-03-01,DM-05-05-03-01,B,watch,Mann-Kendall ยืนยันแนวโน้มขึ้นต่อเนื่อง,23:00,01:00,37.5,33.0,1.94,36.88,34.94,3.041,เพิ่มขึ้นต่อเนื่อง (มีนัยสำคัญ),True,7.76,True,True,False,True,13,False,False,4.375,105.0,14,0.0,0.1,ไกลจาก RTU สัมพัทธ์ / ปลายสาย (> 2 กม. โดยประมาณ),105.0,RESIDENTIAL,PVC,2026-08-13 08:45:24
DM-05-05-07-01,DM-05-05-07-01,B,watch,CUSUM สะสมเป็นบวกต่อเนื่อง (ยังไม่ Step-up ฉับพลัน),02:30,04:30,81.125,50.538,11.206,72.95,61.744,1.61,มีแนวโน้มเพิ่มขึ้นเล็กน้อย (ยังไม่ชัดเจนพอ),False,44.822,True,False,False,False,4,False,False,34.462,827.08,14,0.0,7e-05,ใกล้ RTU สัมพัทธ์ (< 2 กม. โดยประมาณ),827.08,RESIDENTIAL,PVC,2026-08-13 08:45:24
DM-05-05-07-02,DM-05-05-07-02,C,ok,เคยมีสัญญาณผิดปกติ (Mann-Kendall/CUSUM สะสม) แต่ MNF ล่าสุด (40.0) ลดลงมาต่ำกว่า 70% ของพีคล่าสุด (68.2) แล้ว — น่าจะเป็นเหตุการณ์ที่จบไปแล้ว/ซ่อมเสร็จแล้ว จึงไม่ขึ้นเตือน,23:45,01:45,40.0,51.973,4.884,61.742,56.857,0.449,มีแนวโน้มเพิ่มขึ้นเล็กน้อย (ยังไม่ชัดเจนพอ),False,19.537,True,True,False,True,13,False,False,1.777,42.64,14,0.0,0.07056,,42.64,RESIDENTIAL,PVC,2026-08-13 08:45:24
DM-05-05-08-01,DM-05-05-08-01,C,ok,ไม่พบสัญญาณผิดปกติเชิงสถิติ (ใช้น้ำตามพฤติกรรมปกติ),20:45,22:45,83.875,97.67,4.619,106.907,102.289,0.721,มีแนวโน้มเพิ่มขึ้นเล็กน้อย (ยังไม่ชัดเจนพอ),False,18.475,False,False,False,False,1,False,False,0.0,0.0,14,0.0,0.1,,0.0,RESIDENTIAL,PVC,2026-08-13 08:45:24
DM-05-05-09-01,DM-05-05-09-01,C,ok,ไม่พบสัญญาณผิดปกติเชิงสถิติ (ใช้น้ำตามพฤติกรรมปกติ),21:30,23:30,49.75,76.295,4.507,85.309,80.802,0.0,ไม่มีแนวโน้มชัดเจน,False,18.029,False,False,False,False,0,False,False,0.0,0.0,14,0.0,0.1,,0.0,RESIDENTIAL,PVC,2026-08-13 08:45:24
DM-05-05-09-02,DM-05-05-09-02,C,ok,ไม่พบสัญญาณผิดปกติเชิงสถิติ (ใช้น้ำตามพฤติกรรมปกติ),22:45,00:45,35.625,37.954,2.603,43.16,40.557,-0.358,ไม่มีแนวโน้มชัดเจน,False,10.412,False,False,False,False,0,False,False,0.0,0.0,14,0.0,0.1,,0.0,RESIDENTIAL,PVC,2026-08-13 08:45:24
DM-05-05-09-03,DM-05-05-09-03,C,ok,เคยมีสัญญาณผิดปกติ (Mann-Kendall/CUSUM สะสม) แต่ MNF ล่าสุด (38.9) ลดลงมาต่ำกว่า 70% ของพีคล่าสุด (39.8) แล้ว — น่าจะเป็นเหตุการณ์ที่จบไปแล้ว/ซ่อมเสร็จแล้ว จึงไม่ขึ้นเตือน,00:00,02:00,38.875,38.471,3.269,45.009,41.74,1.789,เพิ่มขึ้นต่อเนื่อง (มีนัยสำคัญ),True,13.075,False,False,False,False,1,False,False,0.321,7.69,14,0.0,0.1,,7.69,RESIDENTIAL,PVC,2026-08-13 08:45:24
DM-05-05-10-01,DM-05-05-10-01,C,ok,เคยมีสัญญาณผิดปกติ (Mann-Kendall/CUSUM สะสม) แต่ MNF ล่าสุด (54.4) ลดลงมาต่ำกว่า 70% ของพีคล่าสุด (54.4) แล้ว — น่าจะเป็นเหตุการณ์ที่จบไปแล้ว/ซ่อมเสร็จแล้ว จึงไม่ขึ้นเตือน,00:00,02:00,54.375,66.337,2.966,72.269,69.303,2.425,เพิ่มขึ้นต่อเนื่อง (มีนัยสำคัญ),True,11.865,False,False,False,False,0,False,False,0.0,0.0,14,0.0,0.1,,0.0,RESIDENTIAL,PVC,2026-08-13 08:45:24
DM-05-05-11-01,DM-05-05-11-01,C,ok,ไม่พบสัญญาณผิดปกติเชิงสถิติ (ใช้น้ำตามพฤติกรรมปกติ),02:45,04:45,18.375,25.433,8.529,42.49,33.961,-1.61,ไม่มีแนวโน้มชัดเจน,False,34.114,False,False,False,False,2,False,False,0.0,0.0,14,0.0,0.1,,0.0,RESIDENTIAL,PVC,2026-08-13 08:45:24
DM-05-05-14-01,DM-05-05-14-01,C,ok,ไม่พบสัญญาณผิดปกติเชิงสถิติ (ใช้น้ำตามพฤติกรรมปกติ),00:30,02:30,36.5,36.298,7.413,51.124,43.711,1.252,มีแนวโน้มเพิ่มขึ้นเล็กน้อย (ยังไม่ชัดเจนพอ),False,29.652,False,False,False,False,4,False,False,6.369,152.85,14,0.0,0.00019,,152.85,RESIDENTIAL,PVC,2026-08-13 08:45:24
DM-06-01-01-01,DM-06-01-01-01,C,ok,ไม่พบสัญญาณผิดปกติเชิงสถิติ (ใช้น้ำตามพฤติกรรมปกติ),02:30,04:30,65.75,51.394,13.655,78.704,65.049,0.808,มีแนวโน้มเพิ่มขึ้นเล็กน้อย (ยังไม่ชัดเจนพอ),False,54.62,False,False,False,False,0,False,False,10.356,248.54,14,0.0,0.0292,,248.54,RESIDENTIAL,PVC,2026-08-13 08:45:24
DM-06-01-02-01,DM-06-01-02-01,C,ok,เคยมีสัญญาณผิดปกติ (Mann-Kendall/CUSUM สะสม) แต่ MNF ล่าสุด (62.8) ลดลงมาต่ำกว่า 70% ของพีคล่าสุด (71.0) แล้ว — น่าจะเป็นเหตุการณ์ที่จบไปแล้ว/ซ่อมเสร็จแล้ว จึงไม่ขึ้นเตือน,01:00,03:00,62.75,60.971,7.929,76.83,68.9,1.968,เพิ่มขึ้นต่อเนื่อง (มีนัยสำคัญ),True,31.717,False,False,False,False,1,False,False,5.696,136.69,14,0.0,0.1,,136.69,RESIDENTIAL,PVC,2026-08-13 08:45:24
DM-06-01-02-02,DM-06-01-02-02,C,ok,เคยมีสัญญาณผิดปกติ (Mann-Kendall/CUSUM สะสม) แต่ MNF ล่าสุด (34.5) ลดลงมาต่ำกว่า 70% ของพีคล่าสุด (40.4) แล้ว — น่าจะเป็นเหตุการณ์ที่จบไปแล้ว/ซ่อมเสร็จแล้ว จึงไม่ขึ้นเตือน,23:45,01:45,34.5,32.384,7.552,47.489,39.936,1.706,เพิ่มขึ้นต่อเนื่อง (มีนัยสำคัญ),True,30.21,False,False,False,False,0,False,False,3.991,95.79,14,0.0,0.1,,95.79,RESIDENTIAL,PVC,2026-08-13 08:45:24
DM-06-01-03-01,DM-06-01-03-01,C,ok,ไม่พบสัญญาณผิดปกติเชิงสถิติ (ใช้น้ำตามพฤติกรรมปกติ),23:45,01:45,10.75,37.857,15.873,69.603,53.73,0.358,มีแนวโน้มเพิ่มขึ้นเล็กน้อย (ยังไม่ชัดเจนพอ),False,63.492,False,False,False,False,4,True,False,0.0,0.0,14,0.0,6e-05,,0.0,RESIDENTIAL,PVC,2026-08-13 08:45:24
DM-06-01-03-02,DM-06-01-03-02,C,ok,ไม่พบสัญญาณผิดปกติเชิงสถิติ (ใช้น้ำตามพฤติกรรมปกติ),01:00,03:00,19.25,23.51,2.733,28.975,26.242,0.179,มีแนวโน้มเพิ่มขึ้นเล็กน้อย (ยังไม่ชัดเจนพอ),False,10.931,False,False,False,False,0,False,False,0.0,0.0,14,0.0,0.1,,0.0,RESIDENTIAL,PVC,2026-08-13 08:45:24
DM-06-01-03-04,DM-06-01-03-04,C,ok,ไม่พบสัญญาณผิดปกติเชิงสถิติ (ใช้น้ำตามพฤติกรรมปกติ),01:00,03:00,33.688,34.163,1.204,36.572,35.368,0.0,ไม่มีแนวโน้มชัดเจน,False,4.816,False,False,False,False,0,False,False,0.0,0.0,14,0.0,0.1,,0.0,RESIDENTIAL,PVC,2026-08-13 08:45:24
DM-06-01-03-05,DM-06-01-03-05,C,ok,ไม่พบสัญญาณผิดปกติเชิงสถิติ (ใช้น้ำตามพฤติกรรมปกติ),00:00,02:00,56.25,54.529,10.188,74.905,64.717,0.0,ไม่มีแนวโน้มชัดเจน,False,40.752,False,False,False,False,0,False,False,1.721,41.31,14,0.0,0.03323,,41.31,RESIDENTIAL,PVC,2026-08-13 08:45:24
DM-06-01-04-02,DM-06-01-04-02,B,watch,CUSUM สะสมเป็นบวกต่อเนื่อง (ยังไม่ Step-up ฉับพลัน),23:15,01:15,27.75,22.86,1.777,26.413,24.637,1.431,มีแนวโน้มเพิ่มขึ้นเล็กน้อย (ยังไม่ชัดเจนพอ),False,7.106,True,True,False,False,3,True,False,3.182,76.36,14,4e-05,0.1,ไกลจาก RTU สัมพัทธ์ / ปลายสาย (> 2 กม. โดยประมาณ),76.36,RESIDENTIAL,PVC,2026-08-13 08:45:24
DM-06-01-04-03,DM-06-01-04-03,B,watch,CUSUM สะสมเป็นบวกต่อเนื่อง (ยังไม่ Step-up ฉับพลัน),01:15,03:15,50.5,47.24,3.093,53.427,50.334,0.449,มีแนวโน้มเพิ่มขึ้นเล็กน้อย (ยังไม่ชัดเจนพอ),False,12.373,True,True,False,False,2,True,False,4.343,104.23,14,0.0,0.00462,ใกล้ RTU สัมพัทธ์ (< 2 กม. โดยประมาณ),104.23,RESIDENTIAL,PVC,2026-08-13 08:45:24
DM-06-01-05-01,DM-06-01-05-01,C,ok,เคยมีสัญญาณผิดปกติ (Mann-Kendall/CUSUM สะสม) แต่ MNF ล่าสุด (56.1) ลดลงมาต่ำกว่า 70% ของพีคล่าสุด (58.6) แล้ว — น่าจะเป็นเหตุการณ์ที่จบไปแล้ว/ซ่อมเสร็จแล้ว จึงไม่ขึ้นเตือน,01:15,03:15,56.125,52.385,3.771,59.926,56.156,0.449,มีแนวโน้มเพิ่มขึ้นเล็กน้อย (ยังไม่ชัดเจนพอ),False,15.084,True,True,False,False,2,False,False,4.365,104.77,14,0.0,0.00497,,104.77,RESIDENTIAL,PVC,2026-08-13 08:45:24
DM-06-01-06-01,DM-06-01-06-01,C,ok,เคยมีสัญญาณผิดปกติ (Mann-Kendall/CUSUM สะสม) แต่ MNF ล่าสุด (84.0) ลดลงมาต่ำกว่า 70% ของพีคล่าสุด (87.6) แล้ว — น่าจะเป็นเหตุการณ์ที่จบไปแล้ว/ซ่อมเสร็จแล้ว จึงไม่ขึ้นเตือน,01:30,03:30,84.0,80.913,5.464,91.841,86.377,-2.326,ลดลงต่อเนื่อง (มีนัยสำคัญ),True,21.855,False,False,False,False,0,False,False,2.42,58.08,14,0.0,0.02325,,58.08,RESIDENTIAL,PVC,2026-08-13 08:45:24
DM-06-02-03-01,DM-06-02-03-01,C,ok,ไม่พบสัญญาณผิดปกติเชิงสถิติ (ใช้น้ำตามพฤติกรรมปกติ),02:00,04:00,72.75,73.356,4.794,82.944,78.15,0.269,มีแนวโน้มเพิ่มขึ้นเล็กน้อย (ยังไม่ชัดเจนพอ),False,19.176,False,False,False,False,0,False,False,2.394,57.46,14,0.0,0.06479,,57.46,RESIDENTIAL,PVC,2026-08-13 08:45:24
DM-06-02-03-03,DM-06-02-03-03,C,ok,เคยมีสัญญาณผิดปกติ (Mann-Kendall/CUSUM สะสม) แต่ MNF ล่าสุด (102.1) ลดลงมาต่ำกว่า 70% ของพีคล่าสุด (116.2) แล้ว — น่าจะเป็นเหตุการณ์ที่จบไปแล้ว/ซ่อมเสร็จแล้ว จึงไม่ขึ้นเตือน,02:15,04:15,102.125,111.99,7.196,126.382,119.186,-1.789,ลดลงต่อเนื่อง (มีนัยสำคัญ),True,28.784,False,False,False,False,0,False,False,0.0,0.0,14,9e-05,197.17857,,0.0,RESIDENTIAL,PVC,2026-08-13 08:45:24
DM-06-02-04-02,DM-06-02-04-02,B,watch,CUSUM สะสมเป็นบวกต่อเนื่อง (ยังไม่ Step-up ฉับพลัน),23:00,01:00,74.25,68.661,3.265,75.19,71.926,1.167,มีแนวโน้มเพิ่มขึ้นเล็กน้อย (ยังไม่ชัดเจนพอ),False,13.06,True,True,False,False,1,False,False,3.006,72.14,14,0.0,0.00335,ใกล้ RTU สัมพัทธ์ (< 2 กม. โดยประมาณ),72.14,RESIDENTIAL,PVC,2026-08-13 08:45:24
DM-06-02-05-01,DM-06-02-05-01,C,ok,ไม่พบสัญญาณผิดปกติเชิงสถิติ (ใช้น้ำตามพฤติกรรมปกติ),21:30,23:30,79.5,79.759,6.157,92.073,85.916,-0.629,ไม่มีแนวโน้มชัดเจน,False,24.628,False,False,False,False,3,False,False,1.741,41.79,14,0.0,0.0145,,41.79,RESIDENTIAL,PVC,2026-08-13 08:45:24
DM-06-02-07-02,DM-06-02-07-02,C,ok,เคยมีสัญญาณผิดปกติ (Mann-Kendall/CUSUM สะสม) แต่ MNF ล่าสุด (76.5) ลดลงมาต่ำกว่า 70% ของพีคล่าสุด (82.9) แล้ว — น่าจะเป็นเหตุการณ์ที่จบไปแล้ว/ซ่อมเสร็จแล้ว จึงไม่ขึ้นเตือน,01:45,03:45,76.5,83.106,3.413,89.932,86.519,-1.968,ลดลงต่อเนื่อง (มีนัยสำคัญ),True,13.652,False,False,False,False,1,False,False,0.0,0.0,14,0.0,0.1,,0.0,RESIDENTIAL,PVC,2026-08-13 08:45:24
DM-06-02-07-03,DM-06-02-07-03,B,watch,CUSUM สะสมเป็นบวกต่อเนื่อง (ยังไม่ Step-up ฉับพลัน),23:00,01:00,93.375,88.5,3.787,96.075,92.287,1.252,มีแนวโน้มเพิ่มขึ้นเล็กน้อย (ยังไม่ชัดเจนพอ),False,15.149,True,False,True,False,2,False,False,2.083,50.0,14,0.0,0.1,ไกลจาก RTU สัมพัทธ์ / ปลายสาย (> 2 กม. โดยประมาณ),50.0,RESIDENTIAL,PVC,2026-08-13 08:45:24
DM-06-03-01-01,DM-06-03-01-01,C,ok,ไม่พบสัญญาณผิดปกติเชิงสถิติ (ใช้น้ำตามพฤติกรรมปกติ),00:00,02:00,44.875,41.25,16.929,75.107,58.179,0.179,มีแนวโน้มเพิ่มขึ้นเล็กน้อย (ยังไม่ชัดเจนพอ),False,67.715,False,False,False,False,2,False,False,4.833,116.0,14,0.0,0.001,,116.0,RESIDENTIAL,PVC,2026-08-13 08:45:24
DM-06-03-02-01,DM-06-03-02-01,C,ok,ไม่พบสัญญาณผิดปกติเชิงสถิติ (ใช้น้ำตามพฤติกรรมปกติ),23:15,01:15,58.375,53.884,4.345,62.574,58.229,0.18,มีแนวโน้มเพิ่มขึ้นเล็กน้อย (ยังไม่ชัดเจนพอ),False,17.381,False,False,False,False,1,False,False,3.991,95.79,14,0.0,0.00099,,95.79,RESIDENTIAL,PVC,2026-08-13 08:45:24
DM-06-03-03-01,DM-06-03-03-01,C,ok,ไม่พบสัญญาณผิดปกติเชิงสถิติ (ใช้น้ำตามพฤติกรรมปกติ),02:15,04:15,23.875,22.24,3.281,28.802,25.521,0.0,ไม่มีแนวโน้มชัดเจน,False,13.123,False,False,False,False,1,False,False,0.968,23.23,14,0.0,0.1,,23.23,RESIDENTIAL,PVC,2026-08-13 08:45:24
DM-06-03-03-02,DM-06-03-03-02,C,ok,เคยมีสัญญาณผิดปกติ (Mann-Kendall/CUSUM สะสม) แต่ MNF ล่าสุด (47.9) ลดลงมาต่ำกว่า 70% ของพีคล่าสุด (51.9) แล้ว — น่าจะเป็นเหตุการณ์ที่จบไปแล้ว/ซ่อมเสร็จแล้ว จึงไม่ขึ้นเตือน,23:15,01:15,47.875,46.351,2.251,50.853,48.602,-0.894,ไม่มีแนวโน้มชัดเจน,False,9.004,True,True,False,False,2,False,False,2.69,64.57,14,0.0,0.1,,64.57,RESIDENTIAL,PVC,2026-08-13 08:45:24
DM-06-03-03-03,DM-06-03-03-03,C,ok,ไม่พบสัญญาณผิดปกติเชิงสถิติ (ใช้น้ำตามพฤติกรรมปกติ),02:00,04:00,44.875,40.029,6.681,53.39,46.71,0.629,มีแนวโน้มเพิ่มขึ้นเล็กน้อย (ยังไม่ชัดเจนพอ),False,26.723,False,False,False,False,3,False,False,3.846,92.31,14,0.0,0.00399,,92.31,RESIDENTIAL,PVC,2026-08-13 08:45:24
DM-06-03-04-02,DM-06-03-04-02,C,ok,เคยมีสัญญาณผิดปกติ (Mann-Kendall/CUSUM สะสม) แต่ MNF ล่าสุด (64.8) ลดลงมาต่ำกว่า 70% ของพีคล่าสุด (86.0) แล้ว — น่าจะเป็นเหตุการณ์ที่จบไปแล้ว/ซ่อมเสร็จแล้ว จึงไม่ขึ้นเตือน,02:00,04:00,64.75,69.99,7.526,85.042,77.516,0.0,ไม่มีแนวโน้มชัดเจน,False,30.103,True,True,False,False,1,False,False,0.0,0.0,14,0.0,0.1,,0.0,RESIDENTIAL,PVC,2026-08-13 08:45:24
DM-06-03-05-01,DM-06-03-05-01,B,watch,Mann-Kendall ยืนยันแนวโน้มขึ้นต่อเนื่อง,23:45,01:45,22.75,20.75,1.298,23.346,22.048,1.706,เพิ่มขึ้นต่อเนื่อง (มีนัยสำคัญ),True,5.193,True,True,False,False,1,False,False,1.625,39.0,14,5e-05,0.1,ไกลจาก RTU สัมพัทธ์ / ปลายสาย (> 2 กม. โดยประมาณ),39.0,RESIDENTIAL,PVC,2026-08-13 08:45:24
DM-06-03-06-02,DM-06-03-06-02,C,ok,ไม่พบสัญญาณผิดปกติเชิงสถิติ (ใช้น้ำตามพฤติกรรมปกติ),21:00,23:00,32.75,36.589,5.835,48.259,42.424,-1.61,ไม่มีแนวโน้มชัดเจน,False,23.339,False,False,False,False,2,False,False,0.0,0.0,14,0.0,0.1,,0.0,RESIDENTIAL,PVC,2026-08-13 08:45:24
DM-06-03-07-01,DM-06-03-07-01,C,ok,ไม่พบสัญญาณผิดปกติเชิงสถิติ (ใช้น้ำตามพฤติกรรมปกติ),01:00,03:00,52.5,53.019,3.386,59.792,56.406,0.629,มีแนวโน้มเพิ่มขึ้นเล็กน้อย (ยังไม่ชัดเจนพอ),False,13.546,False,False,False,False,0,False,False,0.0,0.0,14,0.0,0.1,,0.0,RESIDENTIAL,PVC,2026-08-13 08:45:24
DM-06-03-08-03,DM-06-03-08-03,C,ok,ไม่พบสัญญาณผิดปกติเชิงสถิติ (ใช้น้ำตามพฤติกรรมปกติ),01:15,03:15,61.625,61.904,3.212,68.329,65.116,0.634,มีแนวโน้มเพิ่มขึ้นเล็กน้อย (ยังไม่ชัดเจนพอ),False,12.85,False,False,False,False,1,True,False,1.721,41.31,14,0.0,0.0223,,41.31,RESIDENTIAL,PVC,2026-08-13 08:45:24
DM-06-04-01-03,DM-06-04-01-03,C,ok,เคยมีสัญญาณผิดปกติ (Mann-Kendall/CUSUM สะสม) แต่ MNF ล่าสุด (33.5) ลดลงมาต่ำกว่า 70% ของพีคล่าสุด (73.1) แล้ว — น่าจะเป็นเหตุการณ์ที่จบไปแล้ว/ซ่อมเสร็จแล้ว จึงไม่ขึ้นเตือน,03:30,05:30,33.5,43.587,7.702,58.991,51.289,-2.862,ลดลงต่อเนื่อง (มีนัยสำคัญ),True,30.808,True,False,False,False,2,False,False,0.0,0.0,14,0.0,0.1,,0.0,RESIDENTIAL,PVC,2026-08-13 08:45:24
DM-06-04-01-04,DM-06-04-01-04,B,watch,CUSUM สะสมเป็นบวกต่อเนื่อง (ยังไม่ Step-up ฉับพลัน),10:15,12:15,36.5,18.455,1.184,20.823,19.639,1.167,มีแนวโน้มเพิ่มขึ้นเล็กน้อย (ยังไม่ชัดเจนพอ),False,4.734,True,True,False,True,33,False,False,16.878,405.07,14,0.0,0.02765,ไกลจาก RTU สัมพัทธ์ / ปลายสาย (> 2 กม. โดยประมาณ),405.07,RESIDENTIAL,PVC,2026-08-13 08:45:24
DM-06-04-02-01,DM-06-04-02-01,C,ok,เคยมีสัญญาณผิดปกติ (Mann-Kendall/CUSUM สะสม) แต่ MNF ล่าสุด (20.1) ลดลงมาต่ำกว่า 70% ของพีคล่าสุด (84.4) แล้ว — น่าจะเป็นเหตุการณ์ที่จบไปแล้ว/ซ่อมเสร็จแล้ว จึงไม่ขึ้นเตือน,02:00,04:00,20.125,59.904,25.091,110.085,84.995,-1.968,ลดลงต่อเนื่อง (มีนัยสำคัญ),True,100.363,False,False,False,False,0,False,False,0.0,0.0,14,0.0,0.1,,0.0,RESIDENTIAL,PVC,2026-08-13 08:45:24
DM-06-04-04-04,DM-06-04-04-04,C,ok,ไม่พบสัญญาณผิดปกติเชิงสถิติ (ใช้น้ำตามพฤติกรรมปกติ),00:15,02:15,43.25,47.317,2.316,51.949,49.633,1.073,มีแนวโน้มเพิ่มขึ้นเล็กน้อย (ยังไม่ชัดเจนพอ),False,9.262,False,False,False,False,3,False,False,0.0,0.0,14,0.0,0.1,,0.0,RESIDENTIAL,PVC,2026-08-13 08:45:24
DM-06-04-05-01,DM-06-04-05-01,C,ok,ไม่พบสัญญาณผิดปกติเชิงสถิติ (ใช้น้ำตามพฤติกรรมปกติ),03:00,05:00,19.875,23.389,4.268,31.925,27.657,0.449,มีแนวโน้มเพิ่มขึ้นเล็กน้อย (ยังไม่ชัดเจนพอ),False,17.072,False,False,False,False,0,False,False,0.0,0.0,14,0.0,0.1,,0.0,RESIDENTIAL,PVC,2026-08-13 08:45:24
DM-06-04-05-03,DM-06-04-05-03,A,alert,Flow สูงกว่าเกณฑ์ต่อเนื่อง 25 intervals + CUSUM ขยับฐานฉับพลันใน 1-2 วันล่าสุด,22:00,00:00,65.875,38.018,2.271,42.56,40.289,0.808,มีแนวโน้มเพิ่มขึ้นเล็กน้อย (ยังไม่ชัดเจนพอ),False,9.085,True,False,True,True,25,False,False,12.149,291.57,14,0.0,0.01174,ไกลจาก RTU สัมพัทธ์ / ปลายสาย (> 2 กม. โดยประมาณ),291.57,RESIDENTIAL,PVC,2026-08-13 08:45:24
DM-06-04-06-01,DM-06-04-06-01,B,watch,Flow สูงกว่าเกณฑ์ต่อเนื่อง 8 intervals พร้อมแรงดันตก แต่ไม่ใช่การเปลี่ยนแปลงฉับพลันใน 1-2 วัน (น่าจะเป็นรั่วที่ดำเนินมาระยะหนึ่งแล้วและขยายจนคงที่) — ควรตรวจสอบโดยเร็วแต่ไม่ใช่เหตุฉุกเฉินแบบท่อแตกใหม่,03:30,05:30,20.0,27.375,10.219,47.812,37.594,0.0,ไม่มีแนวโน้มชัดเจน,False,40.874,False,False,False,True,8,True,False,1.5,36.0,14,0.0,0.1,ไกลจาก RTU สัมพัทธ์ / ปลายสาย (> 2 กม. โดยประมาณ),36.0,RESIDENTIAL,PVC,2026-08-13 08:45:24
DM-06-04-06-06,DM-06-04-06-06,C,ok,ไม่พบสัญญาณผิดปกติเชิงสถิติ (ใช้น้ำตามพฤติกรรมปกติ),03:00,05:00,93.625,93.625,4.681,102.987,98.306,0.0,ไม่มีแนวโน้มชัดเจน,False,18.725,False,False,False,False,0,False,False,0.0,0.0,14,0.0,0.1,,0.0,RESIDENTIAL,PVC,2026-08-13 08:45:24
DM-06-04-07-01,DM-06-04-07-01,C,ok,ไม่พบสัญญาณผิดปกติเชิงสถิติ (ใช้น้ำตามพฤติกรรมปกติ),02:00,04:00,110.875,98.567,13.602,125.772,112.169,-1.431,ไม่มีแนวโน้มชัดเจน,False,54.409,False,False,False,False,2,False,False,14.474,347.38,14,0.0,2e-05,,347.38,RESIDENTIAL,PVC,2026-08-13 08:45:24
DM-06-04-07-02,DM-06-04-07-02,B,watch,CUSUM สะสมเป็นบวกต่อเนื่อง (ยังไม่ Step-up ฉับพลัน),00:00,02:00,128.25,107.49,13.198,133.887,120.689,0.179,มีแนวโน้มเพิ่มขึ้นเล็กน้อย (ยังไม่ชัดเจนพอ),False,52.793,True,True,False,False,1,False,False,16.26,390.23,14,0.0,0.00761,ไกลจาก RTU สัมพัทธ์ / ปลายสาย (> 2 กม. โดยประมาณ),390.23,RESIDENTIAL,PVC,2026-08-13 08:45:24
DM-06-04-07-03,DM-06-04-07-03,C,ok,ไม่พบสัญญาณผิดปกติเชิงสถิติ (ใช้น้ำตามพฤติกรรมปกติ),21:30,23:30,144.375,144.348,10.456,165.26,154.804,0.179,มีแนวโน้มเพิ่มขึ้นเล็กน้อย (ยังไม่ชัดเจนพอ),False,41.825,False,False,False,False,1,False,False,0.0,0.0,14,0.0,0.1,,0.0,RESIDENTIAL,PVC,2026-08-13 08:45:24
DM-06-04-08-02,DM-06-04-08-02,C,ok,ไม่พบสัญญาณผิดปกติเชิงสถิติ (ใช้น้ำตามพฤติกรรมปกติ),23:15,01:15,52.25,55.982,4.476,64.933,60.458,0.0,ไม่มีแนวโน้มชัดเจน,False,17.902,False,False,False,False,2,False,False,0.56,13.43,14,0.0,0.1,,13.43,RESIDENTIAL,PVC,2026-08-13 08:45:24
DM-06-04-08-03,DM-06-04-08-03,C,ok,ไม่พบสัญญาณผิดปกติเชิงสถิติ (ใช้น้ำตามพฤติกรรมปกติ),22:15,00:15,107.375,132.603,34.941,202.485,167.544,0.358,มีแนวโน้มเพิ่มขึ้นเล็กน้อย (ยังไม่ชัดเจนพอ),False,139.763,False,False,False,False,1,False,False,0.0,0.0,14,0.0,0.1,,0.0,RESIDENTIAL,PVC,2026-08-13 08:45:24
DM-06-05-01-01,DM-06-05-01-01,B,watch,Flow สูงกว่าเกณฑ์ต่อเนื่อง 18 intervals พร้อมแรงดันตก แต่ไม่ใช่การเปลี่ยนแปลงฉับพลันใน 1-2 วัน (น่าจะเป็นรั่วที่ดำเนินมาระยะหนึ่งแล้วและขยายจนคงที่) — ควรตรวจสอบโดยเร็วแต่ไม่ใช่เหตุฉุกเฉินแบบท่อแตกใหม่,22:15,00:15,88.0,54.643,6.266,67.175,60.909,1.252,มีแนวโน้มเพิ่มขึ้นเล็กน้อย (ยังไม่ชัดเจนพอ),False,25.064,True,True,False,True,18,True,False,10.357,248.57,14,4e-05,0.00357,ใกล้ RTU สัมพัทธ์ (< 2 กม. โดยประมาณ),248.57,RESIDENTIAL,PVC,2026-08-13 08:45:24
DM-06-05-03-02,DM-06-05-03-02,C,ok,ไม่พบสัญญาณผิดปกติเชิงสถิติ (ใช้น้ำตามพฤติกรรมปกติ),02:00,04:00,59.375,60.442,10.716,81.875,71.158,1.167,มีแนวโน้มเพิ่มขึ้นเล็กน้อย (ยังไม่ชัดเจนพอ),False,42.865,False,False,False,False,1,True,False,0.433,10.38,14,0.0,0.1,,10.38,RESIDENTIAL,PVC,2026-08-13 08:45:24
DM-06-05-03-03,DM-06-05-03-03,B,watch,CUSUM สะสมเป็นบวกต่อเนื่อง (ยังไม่ Step-up ฉับพลัน),22:30,00:30,98.0,84.756,7.905,100.567,92.661,0.09,มีแนวโน้มเพิ่มขึ้นเล็กน้อย (ยังไม่ชัดเจนพอ),False,31.622,True,False,False,False,0,False,False,8.411,201.86,14,0.0,0.00309,ใกล้ RTU สัมพัทธ์ (< 2 กม. โดยประมาณ),201.86,RESIDENTIAL,PVC,2026-08-13 08:45:24
DM-06-05-04-02,DM-06-05-04-02,B,watch,CUSUM สะสมเป็นบวกต่อเนื่อง (ยังไม่ Step-up ฉับพลัน),22:15,00:15,35.75,30.825,2.87,36.565,33.695,-0.18,ไม่มีแนวโน้มชัดเจน,False,11.48,True,True,False,False,4,True,False,3.133,75.19,14,1e-05,0.00898,ไกลจาก RTU สัมพัทธ์ / ปลายสาย (> 2 กม. โดยประมาณ),75.19,RESIDENTIAL,PVC,2026-08-13 08:45:24
DM-06-05-05-02,DM-06-05-05-02,B,watch,CUSUM สะสมเป็นบวกต่อเนื่อง (ยังไม่ Step-up ฉับพลัน),23:15,01:15,184.625,121.682,51.07,223.822,172.752,-0.894,ไม่มีแนวโน้มชัดเจน,False,204.281,True,False,False,False,1,False,False,69.068,1657.64,14,5e-05,6.87088,ไกลจาก RTU สัมพัทธ์ / ปลายสาย (> 2 กม. โดยประมาณ),1657.64,RESIDENTIAL,PVC,2026-08-13 08:45:24
DM-06-05-05-03,DM-06-05-05-03,C,ok,เคยมีสัญญาณผิดปกติ (Mann-Kendall/CUSUM สะสม) แต่ MNF ล่าสุด (89.6) ลดลงมาต่ำกว่า 70% ของพีคล่าสุด (89.6) แล้ว — น่าจะเป็นเหตุการณ์ที่จบไปแล้ว/ซ่อมเสร็จแล้ว จึงไม่ขึ้นเตือน,23:30,01:30,89.625,83.732,9.256,102.244,92.988,2.147,เพิ่มขึ้นต่อเนื่อง (มีนัยสำคัญ),True,37.023,False,False,False,False,0,False,False,1.685,40.43,14,1e-05,8.25,,40.43,RESIDENTIAL,PVC,2026-08-13 08:45:24
DM-06-05-06-01,DM-06-05-06-01,C,ok,ไม่พบสัญญาณผิดปกติเชิงสถิติ (ใช้น้ำตามพฤติกรรมปกติ),02:45,04:45,66.625,64.625,15.865,96.355,80.49,0.988,มีแนวโน้มเพิ่มขึ้นเล็กน้อย (ยังไม่ชัดเจนพอ),False,63.461,False,False,False,False,0,False,False,0.0,0.0,14,1e-05,0.1,,0.0,RESIDENTIAL,PVC,2026-08-13 08:45:24
DM-06-05-07-02,DM-06-05-07-02,C,ok,ไม่พบสัญญาณผิดปกติเชิงสถิติ (ใช้น้ำตามพฤติกรรมปกติ),02:00,04:00,26.75,29.779,3.556,36.891,33.335,-0.716,ไม่มีแนวโน้มชัดเจน,False,14.224,False,False,False,False,0,False,False,0.0,0.0,14,7e-05,2.39086,,0.0,RESIDENTIAL,PVC,2026-08-13 08:45:24
DM-06-05-09-01,DM-06-05-09-01,C,ok,ไม่พบสัญญาณผิดปกติเชิงสถิติ (ใช้น้ำตามพฤติกรรมปกติ),02:45,04:45,58.125,56.702,7.244,71.189,63.946,0.361,มีแนวโน้มเพิ่มขึ้นเล็กน้อย (ยังไม่ชัดเจนพอ),False,28.974,False,False,False,False,0,False,False,2.048,49.15,14,0.0,0.07169,,49.15,RESIDENTIAL,PVC,2026-08-13 08:45:24
DM-06-05-09-02,DM-06-05-09-02,C,ok,ไม่พบสัญญาณผิดปกติเชิงสถิติ (ใช้น้ำตามพฤติกรรมปกติ),02:15,04:15,158.75,129.058,19.083,167.224,148.141,0.716,มีแนวโน้มเพิ่มขึ้นเล็กน้อย (ยังไม่ชัดเจนพอ),False,76.333,False,False,False,False,2,True,False,19.776,474.62,14,0.0,0.1,,474.62,RESIDENTIAL,PVC,2026-08-13 08:45:24
DM-06-05-09-03,DM-06-05-09-03,C,ok,ไม่พบสัญญาณผิดปกติเชิงสถิติ (ใช้น้ำตามพฤติกรรมปกติ),23:15,01:15,62.875,67.393,3.212,73.817,70.605,-1.61,ไม่มีแนวโน้มชัดเจน,False,12.849,False,False,False,False,0,False,False,0.0,0.0,14,0.0,0.1,,0.0,RESIDENTIAL,PVC,2026-08-13 08:45:24
DM-06-05-10-03,DM-06-05-10-03,C,ok,ไม่พบสัญญาณผิดปกติเชิงสถิติ (ใช้น้ำตามพฤติกรรมปกติ),00:00,02:00,26.25,30.356,19.147,68.649,49.503,-1.252,ไม่มีแนวโน้มชัดเจน,False,76.587,False,False,False,False,3,True,False,0.0,0.0,14,0.0,0.1,,0.0,RESIDENTIAL,PVC,2026-08-13 08:45:24
DM-06-06-01-02,DM-06-06-01-02,B,watch,Mann-Kendall ยืนยันแนวโน้มขึ้นต่อเนื่อง,02:45,04:45,106.0,96.298,8.224,112.745,104.522,2.784,เพิ่มขึ้นต่อเนื่อง (มีนัยสำคัญ),True,32.894,False,False,False,False,0,False,False,5.91,141.85,14,0.0,0.00053,ใกล้ RTU สัมพัทธ์ (< 2 กม. โดยประมาณ),141.85,RESIDENTIAL,PVC,2026-08-13 08:45:24
DM-06-06-01-03,DM-06-06-01-03,C,ok,ไม่พบสัญญาณผิดปกติเชิงสถิติ (ใช้น้ำตามพฤติกรรมปกติ),02:45,04:45,64.0,66.51,16.643,99.796,83.153,0.358,มีแนวโน้มเพิ่มขึ้นเล็กน้อย (ยังไม่ชัดเจนพอ),False,66.573,False,False,False,False,1,True,False,0.0,0.0,14,0.0,0.1,,0.0,RESIDENTIAL,PVC,2026-08-13 08:45:24
DM-06-06-03-01,DM-06-06-03-01,C,ok,ไม่พบสัญญาณผิดปกติเชิงสถิติ (ใช้น้ำตามพฤติกรรมปกติ),00:15,02:15,105.25,95.817,12.62,121.057,108.437,1.252,มีแนวโน้มเพิ่มขึ้นเล็กน้อย (ยังไม่ชัดเจนพอ),False,50.479,False,False,False,False,4,False,False,7.808,187.38,14,0.0,0.00125,,187.38,RESIDENTIAL,PVC,2026-08-13 08:45:24
DM-06-06-04-01,DM-06-06-04-01,C,ok,ไม่พบสัญญาณผิดปกติเชิงสถิติ (ใช้น้ำตามพฤติกรรมปกติ),03:00,05:00,115.375,109.0,8.225,125.451,117.225,1.61,มีแนวโน้มเพิ่มขึ้นเล็กน้อย (ยังไม่ชัดเจนพอ),False,32.901,False,False,False,False,3,False,False,0.0,0.0,14,0.0,0.00055,,0.0,RESIDENTIAL,PVC,2026-08-13 08:45:24
DM-06-06-06-02,DM-06-06-06-02,B,watch,CUSUM สะสมเป็นบวกต่อเนื่อง (ยังไม่ Step-up ฉับพลัน),02:30,04:30,133.75,106.067,4.135,114.338,110.203,1.073,มีแนวโน้มเพิ่มขึ้นเล็กน้อย (ยังไม่ชัดเจนพอ),False,16.541,True,False,False,True,11,False,False,22.308,535.38,14,0.0,3e-05,ใกล้ RTU สัมพัทธ์ (< 2 กม. โดยประมาณ),535.38,RESIDENTIAL,PVC,2026-08-13 08:45:24
DM-06-06-06-03,DM-06-06-06-03,C,ok,เคยมีสัญญาณผิดปกติ (Mann-Kendall/CUSUM สะสม) แต่ MNF ล่าสุด (143.9) ลดลงมาต่ำกว่า 70% ของพีคล่าสุด (158.9) แล้ว — น่าจะเป็นเหตุการณ์ที่จบไปแล้ว/ซ่อมเสร็จแล้ว จึงไม่ขึ้นเตือน,00:00,02:00,143.875,135.317,11.412,158.142,146.729,1.706,เพิ่มขึ้นต่อเนื่อง (มีนัยสำคัญ),True,45.649,False,False,False,False,2,False,False,8.849,212.38,14,0.0,0.00349,,212.38,RESIDENTIAL,PVC,2026-08-13 08:45:24
DM-06-06-06-04,DM-06-06-06-04,C,ok,ไม่พบสัญญาณผิดปกติเชิงสถิติ (ใช้น้ำตามพฤติกรรมปกติ),00:45,02:45,81.125,101.808,12.411,126.63,114.219,0.894,มีแนวโน้มเพิ่มขึ้นเล็กน้อย (ยังไม่ชัดเจนพอ),False,49.644,False,False,False,False,1,True,False,0.442,10.62,14,0.0,0.1,,10.62,RESIDENTIAL,PVC,2026-08-13 08:45:24
DM-06-06-07-03,DM-06-06-07-03,A,alert,Flow สูงกว่าเกณฑ์ต่อเนื่อง 10 intervals + CUSUM ขยับฐานฉับพลันใน 1-2 วันล่าสุด + แรงดันตกยืนยัน,00:15,02:15,361.375,277.433,13.45,304.333,290.883,1.968,เพิ่มขึ้นต่อเนื่อง (มีนัยสำคัญ),True,53.8,True,False,True,True,10,True,False,70.359,1688.62,14,0.0,4e-05,ใกล้ RTU สัมพัทธ์ (< 2 กม. โดยประมาณ),1688.62,RESIDENTIAL,PVC,2026-08-13 08:45:24
DM-06-06-08-01,DM-06-06-08-01,B,watch,Flow สูงกว่าเกณฑ์ต่อเนื่อง 8 intervals พร้อมแรงดันตก แต่ไม่ใช่การเปลี่ยนแปลงฉับพลันใน 1-2 วัน (น่าจะเป็นรั่วที่ดำเนินมาระยะหนึ่งแล้วและขยายจนคงที่) — ควรตรวจสอบโดยเร็วแต่ไม่ใช่เหตุฉุกเฉินแบบท่อแตกใหม่,21:45,23:45,126.625,126.643,8.104,142.851,134.747,0.0,ไม่มีแนวโน้มชัดเจน,False,32.417,False,False,False,True,8,True,False,6.399,153.57,14,0.0,0.00145,ใกล้ RTU สัมพัทธ์ (< 2 กม. โดยประมาณ),153.57,RESIDENTIAL,PVC,2026-08-13 08:45:24
DM-06-06-08-03,DM-06-06-08-03,C,ok,เคยมีสัญญาณผิดปกติ (Mann-Kendall/CUSUM สะสม) แต่ MNF ล่าสุด (70.5) ลดลงมาต่ำกว่า 70% ของพีคล่าสุด (76.8) แล้ว — น่าจะเป็นเหตุการณ์ที่จบไปแล้ว/ซ่อมเสร็จแล้ว จึงไม่ขึ้นเตือน,22:30,00:30,70.5,53.143,20.879,94.9,74.022,2.326,เพิ่มขึ้นต่อเนื่อง (มีนัยสำคัญ),True,83.515,False,False,False,False,0,False,False,18.19,436.57,14,0.0,0.00139,,436.57,RESIDENTIAL,PVC,2026-08-13 08:45:24
DM-06-06-09-02,DM-06-06-09-02,C,ok,ไม่พบสัญญาณผิดปกติเชิงสถิติ (ใช้น้ำตามพฤติกรรมปกติ),23:45,01:45,18.875,115.17,11.782,138.734,126.952,-0.894,ไม่มีแนวโน้มชัดเจน,False,47.129,False,False,False,False,3,False,False,0.0,0.0,14,0.0,0.1,,0.0,RESIDENTIAL,PVC,2026-08-13 08:45:24
DM-06-06-10-02,DM-06-06-10-02,C,ok,เคยมีสัญญาณผิดปกติ (Mann-Kendall/CUSUM สะสม) แต่ MNF ล่าสุด (39.2) ลดลงมาต่ำกว่า 70% ของพีคล่าสุด (46.8) แล้ว — น่าจะเป็นเหตุการณ์ที่จบไปแล้ว/ซ่อมเสร็จแล้ว จึงไม่ขึ้นเตือน,23:30,01:30,39.25,35.714,5.593,46.901,41.308,2.683,เพิ่มขึ้นต่อเนื่อง (มีนัยสำคัญ),True,22.374,False,False,False,False,3,True,False,6.161,147.86,14,0.0,0.0006,,147.86,RESIDENTIAL,PVC,2026-08-13 08:45:24
DM-06-06-11-01,DM-06-06-11-01,C,ok,ไม่พบสัญญาณผิดปกติเชิงสถิติ (ใช้น้ำตามพฤติกรรมปกติ),23:45,01:45,55.25,42.17,12.565,67.299,54.734,0.0,ไม่มีแนวโน้มชัดเจน,False,50.259,False,False,False,False,0,False,False,10.705,256.93,14,0.0,0.1,,256.93,RESIDENTIAL,PVC,2026-08-13 08:45:24
DM-06-06-12-01,DM-06-06-12-01,A,alert,Flow สูงกว่าเกณฑ์ต่อเนื่อง 16 intervals + CUSUM ขยับฐานฉับพลันใน 1-2 วันล่าสุด + แรงดันตกยืนยัน,23:00,01:00,61.875,45.268,8.18,61.628,53.448,1.61,มีแนวโน้มเพิ่มขึ้นเล็กน้อย (ยังไม่ชัดเจนพอ),False,32.721,True,True,True,True,16,True,False,19.357,464.57,14,0.0,0.1,ไกลจาก RTU สัมพัทธ์ / ปลายสาย (> 2 กม. โดยประมาณ),464.57,RESIDENTIAL,PVC,2026-08-13 08:45:24
DM-07-01-07-03,DM-07-01-07-03,C,ok,ไม่พบสัญญาณผิดปกติเชิงสถิติ (ใช้น้ำตามพฤติกรรมปกติ),02:00,04:00,115.312,115.519,0.975,117.47,116.494,0.0,ไม่มีแนวโน้มชัดเจน,False,3.901,False,False,False,False,0,False,False,0.0,0.0,14,0.0,0.1,,0.0,RESIDENTIAL,PVC,2026-08-13 08:45:24
DM-07-01-08-01,DM-07-01-08-01,C,ok,ไม่พบสัญญาณผิดปกติเชิงสถิติ (ใช้น้ำตามพฤติกรรมปกติ),02:15,04:15,113.438,113.438,5.672,124.781,119.109,0.0,ไม่มีแนวโน้มชัดเจน,False,22.688,False,False,False,False,0,False,False,0.0,0.0,14,0.0,0.1,,0.0,RESIDENTIAL,PVC,2026-08-13 08:45:24
DM-07-04-03-02,DM-07-04-03-02,C,ok,ไม่พบสัญญาณผิดปกติเชิงสถิติ (ใช้น้ำตามพฤติกรรมปกติ),00:45,02:45,20.0,20.0,1.0,22.0,21.0,0.0,ไม่มีแนวโน้มชัดเจน,False,4.0,False,False,False,False,0,False,False,0.0,0.0,14,0.0,0.1,,0.0,RESIDENTIAL,PVC,2026-08-13 08:45:24
DM-07-05-02-03,DM-07-05-02-03,B,watch,Mann-Kendall ยืนยันแนวโน้มขึ้นต่อเนื่อง,02:15,04:15,33.5,29.538,2.018,33.575,31.557,1.706,เพิ่มขึ้นต่อเนื่อง (มีนัยสำคัญ),True,8.073,False,False,False,False,3,False,False,2.42,58.08,14,0.0,0.00071,ใกล้ RTU สัมพัทธ์ (< 2 กม. โดยประมาณ),58.08,RESIDENTIAL,PVC,2026-08-13 08:45:24
DM-07-05-07-01,DM-07-05-07-01,B,watch,Flow สูงกว่าเกณฑ์ต่อเนื่อง 9 intervals พร้อมแรงดันตก แต่ไม่ใช่การเปลี่ยนแปลงฉับพลันใน 1-2 วัน (น่าจะเป็นรั่วที่ดำเนินมาระยะหนึ่งแล้วและขยายจนคงที่) — ควรตรวจสอบโดยเร็วแต่ไม่ใช่เหตุฉุกเฉินแบบท่อแตกใหม่,01:30,03:30,131.875,110.067,7.589,125.246,117.657,1.347,มีแนวโน้มเพิ่มขึ้นเล็กน้อย (ยังไม่ชัดเจนพอ),False,30.358,False,False,False,True,9,True,False,9.599,230.38,14,0.0,4e-05,ใกล้ RTU สัมพัทธ์ (< 2 กม. โดยประมาณ),230.38,RESIDENTIAL,PVC,2026-08-13 08:45:24
DM-07-05-10-02,DM-07-05-10-02,B,watch,CUSUM สะสมเป็นบวกต่อเนื่อง (ยังไม่ Step-up ฉับพลัน),01:45,03:45,62.625,59.423,2.952,65.327,62.375,-1.347,ไม่มีแนวโน้มชัดเจน,False,11.807,True,False,True,False,4,False,False,1.452,34.85,14,0.0,0.1,ไกลจาก RTU สัมพัทธ์ / ปลายสาย (> 2 กม. โดยประมาณ),34.85,RESIDENTIAL,PVC,2026-08-13 08:45:24
DM-07-05-11-02,DM-07-05-11-02,C,ok,ไม่พบสัญญาณผิดปกติเชิงสถิติ (ใช้น้ำตามพฤติกรรมปกติ),01:45,03:45,67.625,64.25,6.414,77.078,70.664,0.537,มีแนวโน้มเพิ่มขึ้นเล็กน้อย (ยังไม่ชัดเจนพอ),False,25.656,False,False,False,False,4,False,False,4.958,119.0,14,0.0,0.00069,,119.0,RESIDENTIAL,PVC,2026-08-13 08:45:24
DM-07-05-12-04,DM-07-05-12-04,C,ok,ไม่พบสัญญาณผิดปกติเชิงสถิติ (ใช้น้ำตามพฤติกรรมปกติ),00:15,02:15,69.812,69.923,1.267,72.456,71.19,0.0,ไม่มีแนวโน้มชัดเจน,False,5.066,False,False,False,False,0,False,False,0.0,0.0,14,0.0,0.1,,0.0,RESIDENTIAL,PVC,2026-08-13 08:45:24
DM-07-05-15-01,DM-07-05-15-01,C,ok,ไม่พบสัญญาณผิดปกติเชิงสถิติ (ใช้น้ำตามพฤติกรรมปกติ),00:15,02:15,65.0,65.0,3.25,71.5,68.25,0.0,ไม่มีแนวโน้มชัดเจน,False,13.0,False,False,False,False,0,False,False,0.0,0.0,14,0.0,0.1,,0.0,RESIDENTIAL,PVC,2026-08-13 08:45:24
DM-11-03-01-01,DM-11-03-01-01,C,ok,ไม่พบสัญญาณผิดปกติเชิงสถิติ (ใช้น้ำตามพฤติกรรมปกติ),23:30,01:30,87.625,84.348,4.926,94.201,89.274,1.167,มีแนวโน้มเพิ่มขึ้นเล็กน้อย (ยังไม่ชัดเจนพอ),False,19.705,False,False,False,False,1,False,False,4.735,113.64,14,1e-05,0.1,,113.64,RESIDENTIAL,PVC,2026-08-13 08:45:24
DM-11-03-01-02,DM-11-03-01-02,C,ok,ไม่พบสัญญาณผิดปกติเชิงสถิติ (ใช้น้ำตามพฤติกรรมปกติ),01:45,03:45,52.75,53.183,1.455,56.093,54.638,1.347,มีแนวโน้มเพิ่มขึ้นเล็กน้อย (ยังไม่ชัดเจนพอ),False,5.82,False,False,False,False,2,False,False,1.151,27.62,14,0.0,0.04225,,27.62,RESIDENTIAL,PVC,2026-08-13 08:45:24
DM-11-03-05-01,DM-11-03-05-01,C,ok,ไม่พบสัญญาณผิดปกติเชิงสถิติ (ใช้น้ำตามพฤติกรรมปกติ),02:15,04:15,64.125,67.558,9.534,86.625,77.091,-0.179,ไม่มีแนวโน้มชัดเจน,False,38.135,False,False,False,False,3,True,False,0.0,0.0,14,0.0,0.1,,0.0,RESIDENTIAL,PVC,2026-08-13 08:45:24
DM-11-03-06-01,DM-11-03-06-01,C,ok,ไม่พบสัญญาณผิดปกติเชิงสถิติ (ใช้น้ำตามพฤติกรรมปกติ),03:00,05:00,104.625,120.519,24.482,169.484,145.002,-0.358,ไม่มีแนวโน้มชัดเจน,False,97.929,False,False,False,False,1,False,False,21.939,526.54,14,0.0,0.1,,526.54,RESIDENTIAL,PVC,2026-08-13 08:45:24
DM-11-03-32-01,DM-11-03-32-01,C,ok,ไม่พบสัญญาณผิดปกติเชิงสถิติ (ใช้น้ำตามพฤติกรรมปกติ),19:45,21:45,160.875,158.366,8.333,175.033,166.699,0.0,ไม่มีแนวโน้มชัดเจน,False,33.333,False,False,False,False,3,True,False,0.967,23.21,14,0.0,0.01298,,23.21,RESIDENTIAL,PVC,2026-08-13 08:45:24
DM-11-03-33-01,DM-11-03-33-01,C,ok,ไม่พบสัญญาณผิดปกติเชิงสถิติ (ใช้น้ำตามพฤติกรรมปกติ),02:15,04:15,187.125,189.212,12.545,214.301,201.756,-0.537,ไม่มีแนวโน้มชัดเจน,False,50.178,False,False,False,False,0,False,False,0.0,0.0,14,0.0,0.1,,0.0,RESIDENTIAL,PVC,2026-08-13 08:45:24
DM-11-03-41-01,DM-11-03-41-01,C,ok,ไม่พบสัญญาณผิดปกติเชิงสถิติ (ใช้น้ำตามพฤติกรรมปกติ),20:45,22:45,118.25,122.393,3.311,129.015,125.704,-0.902,ไม่มีแนวโน้มชัดเจน,False,13.245,False,False,False,False,1,False,False,0.0,0.0,14,0.0,9.73626,,0.0,RESIDENTIAL,PVC,2026-08-13 08:45:24
DM-11-03-43-01,DM-11-03-43-01,C,ok,เคยมีสัญญาณผิดปกติ (Mann-Kendall/CUSUM สะสม) แต่ MNF ล่าสุด (84.8) ลดลงมาต่ำกว่า 70% ของพีคล่าสุด (92.2) แล้ว — น่าจะเป็นเหตุการณ์ที่จบไปแล้ว/ซ่อมเสร็จแล้ว จึงไม่ขึ้นเตือน,02:00,04:00,84.75,96.673,6.94,110.552,103.613,-1.789,ลดลงต่อเนื่อง (มีนัยสำคัญ),True,27.758,False,False,False,False,0,False,False,0.0,0.0,14,1e-05,9.87088,,0.0,RESIDENTIAL,PVC,2026-08-13 08:45:24
DM-11-03-43-02,DM-11-03-43-02,B,watch,Mann-Kendall ยืนยันแนวโน้มขึ้นต่อเนื่อง,02:00,04:00,125.0,119.365,2.217,123.8,121.583,1.968,เพิ่มขึ้นต่อเนื่อง (มีนัยสำคัญ),True,8.87,True,True,True,False,2,False,False,4.468,107.23,14,0.0,0.1,ไกลจาก RTU สัมพัทธ์ / ปลายสาย (> 2 กม. โดยประมาณ),107.23,RESIDENTIAL,PVC,2026-08-13 08:45:24
DM-11-05-26-01,DM-11-05-26-01,C,ok,ไม่พบสัญญาณผิดปกติเชิงสถิติ (ใช้น้ำตามพฤติกรรมปกติ),02:15,04:15,101.75,108.721,3.165,115.051,111.886,0.358,มีแนวโน้มเพิ่มขึ้นเล็กน้อย (ยังไม่ชัดเจนพอ),False,12.66,False,False,False,False,1,False,False,0.0,0.0,14,0.0,14.0,,0.0,RESIDENTIAL,PVC,2026-08-13 08:45:24
DM-11-05-29-01,DM-11-05-29-01,C,ok,ไม่พบสัญญาณผิดปกติเชิงสถิติ (ใช้น้ำตามพฤติกรรมปกติ),23:15,01:15,65.375,74.801,15.486,105.773,90.287,-0.358,ไม่มีแนวโน้มชัดเจน,False,61.945,False,False,False,False,2,True,False,0.366,8.79,14,0.0,0.1,,8.79,RESIDENTIAL,PVC,2026-08-13 08:45:24
DM-11-05-30-02,DM-11-05-30-02,B,watch,Mann-Kendall ยืนยันแนวโน้มขึ้นต่อเนื่อง,23:45,01:45,34.25,30.42,2.818,36.056,33.238,2.525,เพิ่มขึ้นต่อเนื่อง (มีนัยสำคัญ),True,11.274,False,False,False,False,6,True,False,0.33,7.93,14,0.00021,0.06996,ไกลจาก RTU สัมพัทธ์ / ปลายสาย (> 2 กม. โดยประมาณ),7.93,RESIDENTIAL,PVC,2026-08-13 08:45:24
DM-11-05-31-01,DM-11-05-31-01,B,watch,CUSUM สะสมเป็นบวกต่อเนื่อง (ยังไม่ Step-up ฉับพลัน),23:15,01:15,71.5,61.964,4.1,70.164,66.064,0.09,มีแนวโน้มเพิ่มขึ้นเล็กน้อย (ยังไม่ชัดเจนพอ),False,16.4,True,False,False,False,5,True,False,9.536,228.86,14,3e-05,0.01967,ไกลจาก RTU สัมพัทธ์ / ปลายสาย (> 2 กม. โดยประมาณ),228.86,RESIDENTIAL,PVC,2026-08-13 08:45:24
DM-11-06-09-01,DM-11-06-09-01,A,alert,Flow สูงกว่าเกณฑ์ต่อเนื่อง 23 intervals + CUSUM ขยับฐานฉับพลันใน 1-2 วันล่าสุด,22:00,00:00,325.75,200.375,10.266,220.907,210.641,1.968,เพิ่มขึ้นต่อเนื่อง (มีนัยสำคัญ),True,41.064,True,True,True,True,23,False,False,42.167,1012.0,14,0.0,0.0051,ใกล้ RTU สัมพัทธ์ (< 2 กม. โดยประมาณ),1012.0,RESIDENTIAL,PVC,2026-08-13 08:45:24
DM-11-06-09-02,DM-11-06-09-02,C,ok,ไม่พบสัญญาณผิดปกติเชิงสถิติ (ใช้น้ำตามพฤติกรรมปกติ),23:45,01:45,145.75,182.438,8.98,200.397,191.417,-0.716,ไม่มีแนวโน้มชัดเจน,False,35.919,False,False,False,False,0,False,False,0.0,0.0,14,2e-05,106.81868,,0.0,RESIDENTIAL,PVC,2026-08-13 08:45:24
DM-11-06-09-04,DM-11-06-09-04,C,ok,เคยมีสัญญาณผิดปกติ (Mann-Kendall/CUSUM สะสม) แต่ MNF ล่าสุด (72.6) ลดลงมาต่ำกว่า 70% ของพีคล่าสุด (78.1) แล้ว — น่าจะเป็นเหตุการณ์ที่จบไปแล้ว/ซ่อมเสร็จแล้ว จึงไม่ขึ้นเตือน,23:30,01:30,72.625,71.5,3.551,78.601,75.051,-0.988,ไม่มีแนวโน้มชัดเจน,False,14.203,True,True,False,True,8,False,False,1.625,39.0,14,3e-05,0.00885,,39.0,RESIDENTIAL,PVC,2026-08-13 08:45:24
DM-11-06-10-01,DM-11-06-10-01,C,ok,ไม่พบสัญญาณผิดปกติเชิงสถิติ (ใช้น้ำตามพฤติกรรมปกติ),02:00,04:00,96.875,104.567,4.869,114.305,109.436,-0.179,ไม่มีแนวโน้มชัดเจน,False,19.474,False,False,False,False,0,False,False,0.0,0.0,14,0.0,13.78571,,0.0,RESIDENTIAL,PVC,2026-08-13 08:45:24
DM-11-06-15-01,DM-11-06-15-01,C,ok,ไม่พบสัญญาณผิดปกติเชิงสถิติ (ใช้น้ำตามพฤติกรรมปกติ),20:15,22:15,156.25,182.473,6.551,195.575,189.024,-0.269,ไม่มีแนวโน้มชัดเจน,False,26.203,False,False,False,False,0,False,False,0.0,0.0,14,2e-05,121.71429,,0.0,RESIDENTIAL,PVC,2026-08-13 08:45:24
DM-11-06-18-01,DM-11-06-18-01,C,ok,เคยมีสัญญาณผิดปกติ (Mann-Kendall/CUSUM สะสม) แต่ MNF ล่าสุด (55.9) ลดลงมาต่ำกว่า 70% ของพีคล่าสุด (57.6) แล้ว — น่าจะเป็นเหตุการณ์ที่จบไปแล้ว/ซ่อมเสร็จแล้ว จึงไม่ขึ้นเตือน,22:30,00:30,55.875,60.83,4.313,69.456,65.143,-1.886,ลดลงต่อเนื่อง (มีนัยสำคัญ),True,17.252,False,False,False,False,2,False,False,0.0,0.0,14,3e-05,21.0,,0.0,RESIDENTIAL,PVC,2026-08-13 08:45:24
DM-11-06-19-01,DM-11-06-19-01,C,ok,ไม่พบสัญญาณผิดปกติเชิงสถิติ (ใช้น้ำตามพฤติกรรมปกติ),02:00,04:00,38.5,43.029,3.823,50.676,46.852,-1.527,ไม่มีแนวโน้มชัดเจน,False,15.293,False,False,False,False,1,True,False,0.0,0.0,14,4e-05,19.53571,,0.0,RESIDENTIAL,PVC,2026-08-13 08:45:24
DM-11-06-19-02,DM-11-06-19-02,C,ok,เคยมีสัญญาณผิดปกติ (Mann-Kendall/CUSUM สะสม) แต่ MNF ล่าสุด (93.8) ลดลงมาต่ำกว่า 70% ของพีคล่าสุด (105.8) แล้ว — น่าจะเป็นเหตุการณ์ที่จบไปแล้ว/ซ่อมเสร็จแล้ว จึงไม่ขึ้นเตือน,22:30,00:30,93.75,122.015,6.892,135.798,128.907,-1.789,ลดลงต่อเนื่อง (มีนัยสำคัญ),True,27.567,False,False,False,False,0,False,False,0.0,0.0,14,1e-05,17.50549,,0.0,RESIDENTIAL,PVC,2026-08-13 08:45:24
DM-11-06-25-01,DM-11-06-25-01,C,ok,ไม่พบสัญญาณผิดปกติเชิงสถิติ (ใช้น้ำตามพฤติกรรมปกติ),22:30,00:30,243.125,244.214,7.105,258.425,251.319,0.358,มีแนวโน้มเพิ่มขึ้นเล็กน้อย (ยังไม่ชัดเจนพอ),False,28.421,False,False,False,False,3,False,False,0.0,0.0,14,0.0,0.1,,0.0,RESIDENTIAL,PVC,2026-08-13 08:45:24
DM-11-07-47-01,DM-11-07-47-01,C,ok,ไม่พบสัญญาณผิดปกติเชิงสถิติ (ใช้น้ำตามพฤติกรรมปกติ),02:15,04:15,87.5,93.356,3.343,100.041,96.698,0.0,ไม่มีแนวโน้มชัดเจน,False,13.37,False,False,False,False,1,False,False,0.0,0.0,14,1e-05,14.42308,,0.0,RESIDENTIAL,PVC,2026-08-13 08:45:24
DM-11-07-47-02,DM-11-07-47-02,C,ok,ไม่พบสัญญาณผิดปกติเชิงสถิติ (ใช้น้ำตามพฤติกรรมปกติ),02:15,04:15,71.375,76.365,5.533,87.432,81.899,-0.179,ไม่มีแนวโน้มชัดเจน,False,22.133,False,False,False,False,0,False,False,0.0,0.0,14,0.0,0.1,,0.0,RESIDENTIAL,PVC,2026-08-13 08:45:24
DM-11-07-50-01,DM-11-07-50-01,C,ok,เคยมีสัญญาณผิดปกติ (Mann-Kendall/CUSUM สะสม) แต่ MNF ล่าสุด (122.9) ลดลงมาต่ำกว่า 70% ของพีคล่าสุด (137.9) แล้ว — น่าจะเป็นเหตุการณ์ที่จบไปแล้ว/ซ่อมเสร็จแล้ว จึงไม่ขึ้นเตือน,22:45,00:45,122.875,142.246,3.363,148.973,145.61,-2.862,ลดลงต่อเนื่อง (มีนัยสำคัญ),True,13.454,False,False,False,False,0,False,False,0.0,0.0,14,0.0,0.1,,0.0,RESIDENTIAL,PVC,2026-08-13 08:45:24
DM-11-07-52-01,DM-11-07-52-01,C,ok,ไม่พบสัญญาณผิดปกติเชิงสถิติ (ใช้น้ำตามพฤติกรรมปกติ),22:30,00:30,111.0,113.979,4.164,122.307,118.143,-1.073,ไม่มีแนวโน้มชัดเจน,False,16.656,False,False,False,False,2,False,False,0.0,0.0,14,0.0,14.81593,,0.0,RESIDENTIAL,PVC,2026-08-13 08:45:24
DM-11-07-52-02,DM-11-07-52-02,C,ok,เคยมีสัญญาณผิดปกติ (Mann-Kendall/CUSUM สะสม) แต่ MNF ล่าสุด (62.5) ลดลงมาต่ำกว่า 70% ของพีคล่าสุด (91.6) แล้ว — น่าจะเป็นเหตุการณ์ที่จบไปแล้ว/ซ่อมเสร็จแล้ว จึงไม่ขึ้นเตือน,01:15,03:15,62.5,47.615,25.479,98.574,73.095,1.968,เพิ่มขึ้นต่อเนื่อง (มีนัยสำคัญ),True,101.917,False,False,False,False,1,False,False,14.551,349.23,14,0.0,0.1,,349.23,RESIDENTIAL,PVC,2026-08-13 08:45:24
DM-11-07-53-03,DM-11-07-53-03,C,ok,ไม่พบสัญญาณผิดปกติเชิงสถิติ (ใช้น้ำตามพฤติกรรมปกติ),23:30,01:30,141.125,161.045,8.703,178.451,169.748,0.269,มีแนวโน้มเพิ่มขึ้นเล็กน้อย (ยังไม่ชัดเจนพอ),False,34.813,False,False,False,False,0,False,False,0.0,0.0,14,0.0,0.1,,0.0,RESIDENTIAL,PVC,2026-08-13 08:45:24
DM-11-07-53-05,DM-11-07-53-05,C,ok,ไม่พบสัญญาณผิดปกติเชิงสถิติ (ใช้น้ำตามพฤติกรรมปกติ),02:15,04:15,75.75,87.058,8.864,104.786,95.922,-0.716,ไม่มีแนวโน้มชัดเจน,False,35.457,False,False,False,False,0,False,False,0.0,0.0,14,0.0,0.1,,0.0,RESIDENTIAL,PVC,2026-08-13 08:45:24
DM-11-07-54-01,DM-11-07-54-01,C,ok,ไม่พบสัญญาณผิดปกติเชิงสถิติ (ใช้น้ำตามพฤติกรรมปกติ),23:15,01:15,18.5,19.274,0.636,20.545,19.909,-0.988,ไม่มีแนวโน้มชัดเจน,False,2.542,False,False,False,False,3,False,False,0.0,0.0,14,0.00016,39.34615,,0.0,RESIDENTIAL,PVC,2026-08-13 08:45:24
DM-11-07-54-02,DM-11-07-54-02,C,ok,ไม่พบสัญญาณผิดปกติเชิงสถิติ (ใช้น้ำตามพฤติกรรมปกติ),02:00,04:00,79.25,83.385,2.363,88.111,85.748,-0.988,ไม่มีแนวโน้มชัดเจน,False,9.453,False,False,False,False,2,False,False,0.0,0.0,14,1e-05,22.67857,,0.0,RESIDENTIAL,PVC,2026-08-13 08:45:24
DM-11-07-57-01,DM-11-07-57-01,C,ok,เคยมีสัญญาณผิดปกติ (Mann-Kendall/CUSUM สะสม) แต่ MNF ล่าสุด (60.4) ลดลงมาต่ำกว่า 70% ของพีคล่าสุด (64.6) แล้ว — น่าจะเป็นเหตุการณ์ที่จบไปแล้ว/ซ่อมเสร็จแล้ว จึงไม่ขึ้นเตือน,02:00,04:00,60.375,59.404,1.556,62.516,60.96,0.894,มีแนวโน้มเพิ่มขึ้นเล็กน้อย (ยังไม่ชัดเจนพอ),False,6.224,True,True,False,False,3,True,False,2.138,51.31,14,5e-05,0.21561,,51.31,RESIDENTIAL,PVC,2026-08-13 08:45:24
DM-11-08-08-02,DM-11-08-08-02,C,ok,เคยมีสัญญาณผิดปกติ (Mann-Kendall/CUSUM สะสม) แต่ MNF ล่าสุด (17.8) ลดลงมาต่ำกว่า 70% ของพีคล่าสุด (17.8) แล้ว — น่าจะเป็นเหตุการณ์ที่จบไปแล้ว/ซ่อมเสร็จแล้ว จึงไม่ขึ้นเตือน,23:45,01:45,17.75,18.688,1.412,21.512,20.1,2.425,เพิ่มขึ้นต่อเนื่อง (มีนัยสำคัญ),True,5.65,False,False,False,False,4,True,False,0.0,0.0,14,0.00011,26.52198,,0.0,RESIDENTIAL,PVC,2026-08-13 08:45:24
DM-11-08-08-03,DM-11-08-08-03,C,ok,เคยมีสัญญาณผิดปกติ (Mann-Kendall/CUSUM สะสม) แต่ MNF ล่าสุด (28.6) ลดลงมาต่ำกว่า 70% ของพีคล่าสุด (172.6) แล้ว — น่าจะเป็นเหตุการณ์ที่จบไปแล้ว/ซ่อมเสร็จแล้ว จึงไม่ขึ้นเตือน,02:15,04:15,28.625,171.298,8.557,188.412,179.855,-1.789,ลดลงต่อเนื่อง (มีนัยสำคัญ),True,34.227,False,False,False,False,0,False,False,0.0,0.0,14,0.0,0.1,,0.0,RESIDENTIAL,PVC,2026-08-13 08:45:24
DM-11-08-12-02,DM-11-08-12-02,C,ok,ไม่พบสัญญาณผิดปกติเชิงสถิติ (ใช้น้ำตามพฤติกรรมปกติ),22:45,00:45,86.375,91.418,2.808,97.034,94.226,-0.808,ไม่มีแนวโน้มชัดเจน,False,11.232,False,False,False,False,3,False,False,0.0,0.0,14,1e-05,16.11538,,0.0,RESIDENTIAL,PVC,2026-08-13 08:45:24
DM-11-08-13-02,DM-11-08-13-02,C,ok,เคยมีสัญญาณผิดปกติ (Mann-Kendall/CUSUM สะสม) แต่ MNF ล่าสุด (35.1) ลดลงมาต่ำกว่า 70% ของพีคล่าสุด (41.0) แล้ว — น่าจะเป็นเหตุการณ์ที่จบไปแล้ว/ซ่อมเสร็จแล้ว จึงไม่ขึ้นเตือน,00:00,02:00,35.125,46.606,6.137,58.88,52.743,-2.147,ลดลงต่อเนื่อง (มีนัยสำคัญ),True,24.549,False,False,False,False,1,False,False,0.0,0.0,14,2e-05,0.87508,,0.0,RESIDENTIAL,PVC,2026-08-13 08:45:24
DM-11-08-14-01,DM-11-08-14-01,C,ok,ไม่พบสัญญาณผิดปกติเชิงสถิติ (ใช้น้ำตามพฤติกรรมปกติ),22:15,00:15,170.75,185.495,5.783,197.062,191.278,-1.527,ไม่มีแนวโน้มชัดเจน,False,23.134,False,False,False,False,4,False,False,0.0,0.0,14,0.0,29.32143,,0.0,RESIDENTIAL,PVC,2026-08-13 08:45:24
DM-11-08-20-01,DM-11-08-20-01,C,ok,ไม่พบสัญญาณผิดปกติเชิงสถิติ (ใช้น้ำตามพฤติกรรมปกติ),02:00,04:00,94.5,93.221,4.652,102.524,97.873,1.527,มีแนวโน้มเพิ่มขึ้นเล็กน้อย (ยังไม่ชัดเจนพอ),False,18.606,False,False,False,False,2,False,False,0.696,16.69,14,1e-05,7.83778,,16.69,RESIDENTIAL,PVC,2026-08-13 08:45:24
DM-11-08-22-01,DM-11-08-22-01,C,ok,ไม่พบสัญญาณผิดปกติเชิงสถิติ (ใช้น้ำตามพฤติกรรมปกติ),22:15,00:15,91.125,91.793,1.959,95.711,93.752,0.0,ไม่มีแนวโน้มชัดเจน,False,7.836,False,False,False,False,4,False,False,0.0,0.0,14,2e-05,35.28571,,0.0,RESIDENTIAL,PVC,2026-08-13 08:45:24
DM-11-10-58-01,DM-11-10-58-01,C,ok,ไม่พบสัญญาณผิดปกติเชิงสถิติ (ใช้น้ำตามพฤติกรรมปกติ),23:00,01:00,50.125,50.92,1.923,54.766,52.843,0.537,มีแนวโน้มเพิ่มขึ้นเล็กน้อย (ยังไม่ชัดเจนพอ),False,7.692,False,False,False,False,5,False,False,0.0,0.0,14,1e-05,0.19278,,0.0,RESIDENTIAL,PVC,2026-08-13 08:45:24
DM-11-10-58-02,DM-11-10-58-02,C,ok,ไม่พบสัญญาณผิดปกติเชิงสถิติ (ใช้น้ำตามพฤติกรรมปกติ),02:00,04:00,114.25,114.346,3.104,120.554,117.45,0.358,มีแนวโน้มเพิ่มขึ้นเล็กน้อย (ยังไม่ชัดเจนพอ),False,12.416,False,False,False,False,4,False,False,0.0,0.0,14,0.0,0.1,,0.0,RESIDENTIAL,PVC,2026-08-13 08:45:24
DM-11-10-62-01,DM-11-10-62-01,C,ok,ไม่พบสัญญาณผิดปกติเชิงสถิติ (ใช้น้ำตามพฤติกรรมปกติ),02:30,04:30,114.375,120.577,3.719,128.014,124.296,-0.09,ไม่มีแนวโน้มชัดเจน,False,14.875,False,False,False,False,0,False,False,0.0,0.0,14,0.0,3.78571,,0.0,RESIDENTIAL,PVC,2026-08-13 08:45:24
DM-11-10-63-01,DM-11-10-63-01,C,ok,ไม่พบสัญญาณผิดปกติเชิงสถิติ (ใช้น้ำตามพฤติกรรมปกติ),02:00,04:00,107.875,106.24,5.134,116.508,111.374,0.0,ไม่มีแนวโน้มชัดเจน,False,20.535,False,False,False,False,1,False,False,2.843,68.23,14,0.0,0.1,,68.23,RESIDENTIAL,PVC,2026-08-13 08:45:24
DM-11-10-64-01,DM-11-10-64-01,A,alert,Flow สูงกว่าเกณฑ์ต่อเนื่อง 55 intervals + CUSUM ขยับฐานฉับพลันใน 1-2 วันล่าสุด + แรงดันตกยืนยัน,23:00,01:00,57.25,41.277,3.139,47.555,44.416,1.443,มีแนวโน้มเพิ่มขึ้นเล็กน้อย (ยังไม่ชัดเจนพอ),False,12.556,True,False,True,True,55,True,False,17.057,409.36,14,2e-05,0.00021,ใกล้ RTU สัมพัทธ์ (< 2 กม. โดยประมาณ),409.36,RESIDENTIAL,PVC,2026-08-13 08:45:24
DM-11-10-65-01,DM-11-10-65-01,C,ok,ไม่พบสัญญาณผิดปกติเชิงสถิติ (ใช้น้ำตามพฤติกรรมปกติ),02:00,04:00,126.75,131.385,2.647,136.679,134.032,-0.537,ไม่มีแนวโน้มชัดเจน,False,10.589,False,False,False,False,1,False,False,0.0,0.0,14,0.0,4.43956,,0.0,RESIDENTIAL,PVC,2026-08-13 08:45:24
DM-11-10-69-01,DM-11-10-69-01,C,ok,ไม่พบสัญญาณผิดปกติเชิงสถิติ (ใช้น้ำตามพฤติกรรมปกติ),23:15,01:15,29.25,34.033,2.332,38.698,36.365,-0.179,ไม่มีแนวโน้มชัดเจน,False,9.33,False,False,False,False,4,False,False,0.0,0.0,14,4e-05,0.09368,,0.0,RESIDENTIAL,PVC,2026-08-13 08:45:24
DM-11-10-69-02,DM-11-10-69-02,C,ok,ไม่พบสัญญาณผิดปกติเชิงสถิติ (ใช้น้ำตามพฤติกรรมปกติ),03:15,05:15,57.125,102.548,15.609,133.766,118.157,-0.537,ไม่มีแนวโน้มชัดเจน,False,62.435,False,False,False,False,0,False,False,0.0,0.0,14,0.0,3.14286,,0.0,RESIDENTIAL,PVC,2026-08-13 08:45:24
DM-11-10-71-01,DM-11-10-71-01,C,ok,ไม่พบสัญญาณผิดปกติเชิงสถิติ (ใช้น้ำตามพฤติกรรมปกติ),02:15,04:15,48.75,65.442,16.681,98.805,82.124,-0.537,ไม่มีแนวโน้มชัดเจน,False,66.726,False,False,False,False,0,False,False,0.0,0.0,14,1e-05,13.96429,,0.0,RESIDENTIAL,PVC,2026-08-13 08:45:24
DM-11-10-71-02,DM-11-10-71-02,C,ok,ไม่พบสัญญาณผิดปกติเชิงสถิติ (ใช้น้ำตามพฤติกรรมปกติ),00:00,02:00,33.875,33.231,2.162,37.554,35.392,0.629,มีแนวโน้มเพิ่มขึ้นเล็กน้อย (ยังไม่ชัดเจนพอ),False,8.647,False,False,False,False,6,True,False,1.228,29.46,14,0.00016,69.90934,,29.46,RESIDENTIAL,PVC,2026-08-13 08:45:24
DM-11-10-72-02,DM-11-10-72-02,B,watch,CUSUM สะสมเป็นบวกต่อเนื่อง (ยังไม่ Step-up ฉับพลัน),00:00,02:00,61.125,41.173,13.145,67.464,54.318,-0.449,ไม่มีแนวโน้มชัดเจน,False,52.582,True,False,False,False,3,False,False,20.41,489.85,14,0.0,0.0,ใกล้ RTU สัมพัทธ์ (< 2 กม. โดยประมาณ),489.85,RESIDENTIAL,PVC,2026-08-13 08:45:24
DM-12-01-01-02,DM-12-01-01-02,C,ok,ไม่พบสัญญาณผิดปกติเชิงสถิติ (ใช้น้ำตามพฤติกรรมปกติ),22:00,00:00,96.0,97.955,2.546,103.047,100.501,0.449,มีแนวโน้มเพิ่มขึ้นเล็กน้อย (ยังไม่ชัดเจนพอ),False,10.183,False,False,False,False,1,False,False,0.0,0.0,14,0.0,0.1,,0.0,RESIDENTIAL,PVC,2026-08-13 08:45:24
DM-12-01-03-02,DM-12-01-03-02,C,ok,เคยมีสัญญาณผิดปกติ (Mann-Kendall/CUSUM สะสม) แต่ MNF ล่าสุด (93.1) ลดลงมาต่ำกว่า 70% ของพีคล่าสุด (99.9) แล้ว — น่าจะเป็นเหตุการณ์ที่จบไปแล้ว/ซ่อมเสร็จแล้ว จึงไม่ขึ้นเตือน,00:45,02:45,93.125,90.385,3.912,98.209,94.297,0.716,มีแนวโน้มเพิ่มขึ้นเล็กน้อย (ยังไม่ชัดเจนพอ),False,15.649,True,True,False,False,4,True,False,6.824,163.77,14,0.0,0.00482,,163.77,RESIDENTIAL,PVC,2026-08-13 08:45:24
DM-12-01-05-01,DM-12-01-05-01,C,ok,ไม่พบสัญญาณผิดปกติเชิงสถิติ (ใช้น้ำตามพฤติกรรมปกติ),01:45,03:45,114.75,120.692,4.352,129.396,125.044,-1.61,ไม่มีแนวโน้มชัดเจน,False,17.408,False,False,False,False,0,False,False,0.0,0.0,14,0.0,0.1,,0.0,RESIDENTIAL,PVC,2026-08-13 08:45:24
DM-12-01-06-01,DM-12-01-06-01,C,ok,เคยมีสัญญาณผิดปกติ (Mann-Kendall/CUSUM สะสม) แต่ MNF ล่าสุด (29.2) ลดลงมาต่ำกว่า 70% ของพีคล่าสุด (34.2) แล้ว — น่าจะเป็นเหตุการณ์ที่จบไปแล้ว/ซ่อมเสร็จแล้ว จึงไม่ขึ้นเตือน,23:30,01:30,29.25,28.527,1.201,30.929,29.728,2.425,เพิ่มขึ้นต่อเนื่อง (มีนัยสำคัญ),True,4.804,True,True,True,False,3,True,False,2.682,64.36,14,3e-05,0.1,,64.36,RESIDENTIAL,PVC,2026-08-13 08:45:24
DM-12-01-07-01,DM-12-01-07-01,C,ok,ไม่พบสัญญาณผิดปกติเชิงสถิติ (ใช้น้ำตามพฤติกรรมปกติ),02:30,04:30,53.25,85.654,22.38,130.414,108.034,0.269,มีแนวโน้มเพิ่มขึ้นเล็กน้อย (ยังไม่ชัดเจนพอ),False,89.521,False,False,False,False,0,False,False,0.0,0.0,14,1e-05,4.54121,,0.0,RESIDENTIAL,PVC,2026-08-13 08:45:24
DM-12-02-01-02,DM-12-02-01-02,C,ok,เคยมีสัญญาณผิดปกติ (Mann-Kendall/CUSUM สะสม) แต่ MNF ล่าสุด (84.9) ลดลงมาต่ำกว่า 70% ของพีคล่าสุด (100.0) แล้ว — น่าจะเป็นเหตุการณ์ที่จบไปแล้ว/ซ่อมเสร็จแล้ว จึงไม่ขึ้นเตือน,23:45,01:45,84.875,94.268,4.404,103.075,98.672,-2.147,ลดลงต่อเนื่อง (มีนัยสำคัญ),True,17.615,False,False,False,False,3,False,False,0.0,0.0,14,0.0,0.1,,0.0,RESIDENTIAL,PVC,2026-08-13 08:45:24
DM-12-02-06-01,DM-12-02-06-01,B,watch,Flow สูงกว่าเกณฑ์ต่อเนื่อง 16 intervals พร้อมแรงดันตก แต่ไม่ใช่การเปลี่ยนแปลงฉับพลันใน 1-2 วัน (น่าจะเป็นรั่วที่ดำเนินมาระยะหนึ่งแล้วและขยายจนคงที่) — ควรตรวจสอบโดยเร็วแต่ไม่ใช่เหตุฉุกเฉินแบบท่อแตกใหม่,02:00,04:00,126.25,100.202,7.157,114.516,107.359,1.61,มีแนวโน้มเพิ่มขึ้นเล็กน้อย (ยังไม่ชัดเจนพอ),False,28.627,True,False,False,True,16,True,False,26.173,628.15,14,0.0,5e-05,ใกล้ RTU สัมพัทธ์ (< 2 กม. โดยประมาณ),628.15,RESIDENTIAL,PVC,2026-08-13 08:45:24
DM-12-02-07-01,DM-12-02-07-01,C,ok,ไม่พบสัญญาณผิดปกติเชิงสถิติ (ใช้น้ำตามพฤติกรรมปกติ),22:45,00:45,115.125,149.484,14.07,177.623,163.553,-0.716,ไม่มีแนวโน้มชัดเจน,False,56.278,False,False,False,False,0,False,False,0.0,0.0,14,0.0,0.1,,0.0,RESIDENTIAL,PVC,2026-08-13 08:45:24
DM-12-02-07-02,DM-12-02-07-02,C,ok,ไม่พบสัญญาณผิดปกติเชิงสถิติ (ใช้น้ำตามพฤติกรรมปกติ),02:15,04:15,108.75,139.74,14.123,167.986,153.863,0.0,ไม่มีแนวโน้มชัดเจน,False,56.491,False,False,False,False,0,False,False,0.0,0.0,14,0.0,0.1,,0.0,RESIDENTIAL,PVC,2026-08-13 08:45:24
DM-12-02-08-02,DM-12-02-08-02,B,watch,CUSUM สะสมเป็นบวกต่อเนื่อง (ยังไม่ Step-up ฉับพลัน),02:15,04:15,83.25,77.721,3.315,84.351,81.036,0.894,มีแนวโน้มเพิ่มขึ้นเล็กน้อย (ยังไม่ชัดเจนพอ),False,13.259,True,False,True,False,1,True,False,8.779,210.69,14,0.0,0.1,ไกลจาก RTU สัมพัทธ์ / ปลายสาย (> 2 กม. โดยประมาณ),210.69,RESIDENTIAL,PVC,2026-08-13 08:45:24
DM-12-03-01-02,DM-12-03-01-02,C,ok,ไม่พบสัญญาณผิดปกติเชิงสถิติ (ใช้น้ำตามพฤติกรรมปกติ),23:45,01:45,92.875,93.223,3.111,99.445,96.334,0.0,ไม่มีแนวโน้มชัดเจน,False,12.443,False,False,False,False,2,True,False,1.818,43.64,14,0.0,0.00691,,43.64,RESIDENTIAL,PVC,2026-08-13 08:45:24
DM-12-03-04-01,DM-12-03-04-01,C,ok,ไม่พบสัญญาณผิดปกติเชิงสถิติ (ใช้น้ำตามพฤติกรรมปกติ),01:30,03:30,25.25,27.779,2.99,33.759,30.769,0.269,มีแนวโน้มเพิ่มขึ้นเล็กน้อย (ยังไม่ชัดเจนพอ),False,11.96,False,False,False,False,0,False,False,0.0,0.0,14,0.0,0.1,,0.0,RESIDENTIAL,PVC,2026-08-13 08:45:24
DM-12-03-04-02,DM-12-03-04-02,C,ok,ไม่พบสัญญาณผิดปกติเชิงสถิติ (ใช้น้ำตามพฤติกรรมปกติ),22:15,00:15,85.5,86.619,2.473,91.564,89.091,0.0,ไม่มีแนวโน้มชัดเจน,False,9.891,False,False,False,False,1,False,False,0.0,0.0,14,0.0,0.1,,0.0,RESIDENTIAL,PVC,2026-08-13 08:45:24
DM-12-03-05-01,DM-12-03-05-01,C,ok,เคยมีสัญญาณผิดปกติ (Mann-Kendall/CUSUM สะสม) แต่ MNF ล่าสุด (80.5) ลดลงมาต่ำกว่า 70% ของพีคล่าสุด (105.2) แล้ว — น่าจะเป็นเหตุการณ์ที่จบไปแล้ว/ซ่อมเสร็จแล้ว จึงไม่ขึ้นเตือน,17:30,19:30,80.5,86.688,8.14,102.967,94.827,-2.245,ลดลงต่อเนื่อง (มีนัยสำคัญ),True,32.558,False,False,False,False,1,False,False,0.146,3.5,14,0.0,0.1,,3.5,RESIDENTIAL,PVC,2026-08-13 08:45:24
DM-12-03-07-01,DM-12-03-07-01,C,ok,ไม่พบสัญญาณผิดปกติเชิงสถิติ (ใช้น้ำตามพฤติกรรมปกติ),21:15,23:15,59.875,62.723,2.141,67.005,64.864,0.269,มีแนวโน้มเพิ่มขึ้นเล็กน้อย (ยังไม่ชัดเจนพอ),False,8.563,False,False,False,False,0,False,False,0.0,0.0,14,0.0,0.1,,0.0,RESIDENTIAL,PVC,2026-08-13 08:45:24
DM-12-03-08-01,DM-12-03-08-01,C,ok,เคยมีสัญญาณผิดปกติ (Mann-Kendall/CUSUM สะสม) แต่ MNF ล่าสุด (36.4) ลดลงมาต่ำกว่า 70% ของพีคล่าสุด (39.4) แล้ว — น่าจะเป็นเหตุการณ์ที่จบไปแล้ว/ซ่อมเสร็จแล้ว จึงไม่ขึ้นเตือน,02:00,04:00,36.375,37.433,1.392,40.216,38.824,-2.245,ลดลงต่อเนื่อง (มีนัยสำคัญ),True,5.566,False,False,False,False,1,False,False,0.0,0.0,14,0.0,0.1,,0.0,RESIDENTIAL,PVC,2026-08-13 08:45:24
DM-12-03-10-01,DM-12-03-10-01,C,ok,ไม่พบสัญญาณผิดปกติเชิงสถิติ (ใช้น้ำตามพฤติกรรมปกติ),23:00,01:00,45.125,50.0,4.054,58.108,54.054,-1.073,ไม่มีแนวโน้มชัดเจน,False,16.215,True,True,True,False,2,True,False,0.0,0.0,14,0.0,0.1,,0.0,RESIDENTIAL,PVC,2026-08-13 08:45:24
DM-12-03-11-01,DM-12-03-11-01,A,alert,Flow สูงกว่าเกณฑ์ต่อเนื่อง 96 intervals + CUSUM ขยับฐานฉับพลันใน 1-2 วันล่าสุด + แรงดันตกยืนยัน,23:15,01:15,146.125,80.679,7.931,96.54,88.609,1.968,เพิ่มขึ้นต่อเนื่อง (มีนัยสำคัญ),True,31.723,True,True,True,True,96,True,False,74.238,1781.71,14,0.0,1e-05,ใกล้ RTU สัมพัทธ์ (< 2 กม. โดยประมาณ),1781.71,RESIDENTIAL,PVC,2026-08-13 08:45:24
DM-12-04-03-01,DM-12-04-03-01,C,ok,เคยมีสัญญาณผิดปกติ (Mann-Kendall/CUSUM สะสม) แต่ MNF ล่าสุด (55.4) ลดลงมาต่ำกว่า 70% ของพีคล่าสุด (76.6) แล้ว — น่าจะเป็นเหตุการณ์ที่จบไปแล้ว/ซ่อมเสร็จแล้ว จึงไม่ขึ้นเตือน,02:15,04:15,55.375,66.798,3.784,74.365,70.582,-3.041,ลดลงต่อเนื่อง (มีนัยสำคัญ),True,15.135,True,False,True,False,1,False,False,0.0,0.0,14,0.0,0.1,,0.0,RESIDENTIAL,PVC,2026-08-13 08:45:24
DM-12-04-03-03,DM-12-04-03-03,C,ok,ไม่พบสัญญาณผิดปกติเชิงสถิติ (ใช้น้ำตามพฤติกรรมปกติ),02:00,04:00,51.625,52.0,12.911,77.822,64.911,1.073,มีแนวโน้มเพิ่มขึ้นเล็กน้อย (ยังไม่ชัดเจนพอ),False,51.644,False,False,False,False,2,False,False,0.0,0.0,14,0.0,0.1,,0.0,RESIDENTIAL,PVC,2026-08-13 08:45:24
DM-12-04-04-03,DM-12-04-04-03,C,ok,เคยมีสัญญาณผิดปกติ (Mann-Kendall/CUSUM สะสม) แต่ MNF ล่าสุด (118.8) ลดลงมาต่ำกว่า 70% ของพีคล่าสุด (130.6) แล้ว — น่าจะเป็นเหตุการณ์ที่จบไปแล้ว/ซ่อมเสร็จแล้ว จึงไม่ขึ้นเตือน,23:15,01:15,118.75,119.054,5.403,129.86,124.457,0.629,มีแนวโน้มเพิ่มขึ้นเล็กน้อย (ยังไม่ชัดเจนพอ),False,21.613,True,False,False,False,2,False,False,5.821,139.71,14,0.0,0.06219,,139.71,RESIDENTIAL,PVC,2026-08-13 08:45:24
DM-12-04-05-01,DM-12-04-05-01,C,ok,เคยมีสัญญาณผิดปกติ (Mann-Kendall/CUSUM สะสม) แต่ MNF ล่าสุด (148.4) ลดลงมาต่ำกว่า 70% ของพีคล่าสุด (159.1) แล้ว — น่าจะเป็นเหตุการณ์ที่จบไปแล้ว/ซ่อมเสร็จแล้ว จึงไม่ขึ้นเตือน,02:30,04:30,148.375,150.173,2.743,155.659,152.916,0.716,มีแนวโน้มเพิ่มขึ้นเล็กน้อย (ยังไม่ชัดเจนพอ),False,10.971,True,True,False,False,3,False,False,4.244,101.85,14,0.0,0.00296,,101.85,RESIDENTIAL,PVC,2026-08-13 08:45:24
DM-12-04-05-02,DM-12-04-05-02,C,ok,เคยมีสัญญาณผิดปกติ (Mann-Kendall/CUSUM สะสม) แต่ MNF ล่าสุด (203.6) ลดลงมาต่ำกว่า 70% ของพีคล่าสุด (223.1) แล้ว — น่าจะเป็นเหตุการณ์ที่จบไปแล้ว/ซ่อมเสร็จแล้ว จึงไม่ขึ้นเตือน,02:00,04:00,203.625,210.298,5.482,221.262,215.78,0.894,มีแนวโน้มเพิ่มขึ้นเล็กน้อย (ยังไม่ชัดเจนพอ),False,21.928,True,True,False,True,8,False,False,4.369,104.85,14,0.0,0.00597,,104.85,RESIDENTIAL,PVC,2026-08-13 08:45:24
DM-12-04-07-01,DM-12-04-07-01,C,ok,เคยมีสัญญาณผิดปกติ (Mann-Kendall/CUSUM สะสม) แต่ MNF ล่าสุด (157.5) ลดลงมาต่ำกว่า 70% ของพีคล่าสุด (171.5) แล้ว — น่าจะเป็นเหตุการณ์ที่จบไปแล้ว/ซ่อมเสร็จแล้ว จึงไม่ขึ้นเตือน,02:45,04:45,157.5,155.212,4.617,164.445,159.828,-0.537,ไม่มีแนวโน้มชัดเจน,False,18.467,True,False,True,False,0,False,False,5.455,130.92,14,0.0,0.1,,130.92,RESIDENTIAL,PVC,2026-08-13 08:45:24
DM-12-04-07-02,DM-12-04-07-02,C,ok,ไม่พบสัญญาณผิดปกติเชิงสถิติ (ใช้น้ำตามพฤติกรรมปกติ),20:45,22:45,118.25,133.973,19.157,172.287,153.13,-0.894,ไม่มีแนวโน้มชัดเจน,False,76.629,False,False,False,False,1,False,False,0.0,0.0,14,1e-05,0.1,,0.0,RESIDENTIAL,PVC,2026-08-13 08:45:24
DM-12-04-09-01,DM-12-04-09-01,C,ok,ไม่พบสัญญาณผิดปกติเชิงสถิติ (ใช้น้ำตามพฤติกรรมปกติ),21:45,23:45,34.5,43.366,9.746,62.858,53.112,-1.252,ไม่มีแนวโน้มชัดเจน,False,38.984,False,False,False,False,0,False,False,0.0,0.0,14,0.0,0.1,,0.0,RESIDENTIAL,PVC,2026-08-13 08:45:24
DM-12-05-01-01,DM-12-05-01-01,C,ok,ไม่พบสัญญาณผิดปกติเชิงสถิติ (ใช้น้ำตามพฤติกรรมปกติ),02:15,04:15,87.125,87.298,7.421,102.14,94.719,0.902,มีแนวโน้มเพิ่มขึ้นเล็กน้อย (ยังไม่ชัดเจนพอ),False,29.683,False,False,False,False,2,False,False,0.0,0.0,14,0.0,0.1,,0.0,RESIDENTIAL,PVC,2026-08-13 08:45:24
DM-12-05-03-01,DM-12-05-03-01,C,ok,ไม่พบสัญญาณผิดปกติเชิงสถิติ (ใช้น้ำตามพฤติกรรมปกติ),23:45,01:45,115.875,116.411,5.435,127.28,121.845,-0.894,ไม่มีแนวโน้มชัดเจน,False,21.738,False,False,False,False,2,False,False,2.339,56.14,14,0.0,0.1,,56.14,RESIDENTIAL,PVC,2026-08-13 08:45:24
DM-12-05-04-01,DM-12-05-04-01,C,ok,ไม่พบสัญญาณผิดปกติเชิงสถิติ (ใช้น้ำตามพฤติกรรมปกติ),23:30,01:30,31.5,32.384,1.366,35.117,33.75,0.729,มีแนวโน้มเพิ่มขึ้นเล็กน้อย (ยังไม่ชัดเจนพอ),False,5.466,False,False,False,False,4,False,False,0.241,5.79,14,0.0,0.1,,5.79,RESIDENTIAL,PVC,2026-08-13 08:45:24
DM-12-05-05-02,DM-12-05-05-02,C,ok,ไม่พบสัญญาณผิดปกติเชิงสถิติ (ใช้น้ำตามพฤติกรรมปกติ),03:15,05:15,3.75,5.663,3.57,12.803,9.233,0.0,ไม่มีแนวโน้มชัดเจน,False,14.279,False,False,False,False,1,False,False,0.0,0.0,14,0.0,0.00274,,0.0,RESIDENTIAL,PVC,2026-08-13 08:45:24
DM-12-05-06-02,DM-12-05-06-02,C,ok,ไม่พบสัญญาณผิดปกติเชิงสถิติ (ใช้น้ำตามพฤติกรรมปกติ),19:30,21:30,93.625,89.018,3.904,96.826,92.922,1.347,มีแนวโน้มเพิ่มขึ้นเล็กน้อย (ยังไม่ชัดเจนพอ),False,15.617,False,False,False,False,1,False,False,2.399,57.57,14,0.0,0.1,,57.57,RESIDENTIAL,PVC,2026-08-13 08:45:24
DM-12-05-09-01,DM-12-05-09-01,C,ok,ไม่พบสัญญาณผิดปกติเชิงสถิติ (ใช้น้ำตามพฤติกรรมปกติ),20:15,22:15,92.5,95.232,18.487,132.206,113.719,1.073,มีแนวโน้มเพิ่มขึ้นเล็กน้อย (ยังไม่ชัดเจนพอ),False,73.948,False,False,False,False,0,False,False,0.0,0.0,14,0.0,0.1,,0.0,RESIDENTIAL,PVC,2026-08-13 08:45:24
DM-12-05-10-01,DM-12-05-10-01,C,ok,เคยมีสัญญาณผิดปกติ (Mann-Kendall/CUSUM สะสม) แต่ MNF ล่าสุด (111.4) ลดลงมาต่ำกว่า 70% ของพีคล่าสุด (117.9) แล้ว — น่าจะเป็นเหตุการณ์ที่จบไปแล้ว/ซ่อมเสร็จแล้ว จึงไม่ขึ้นเตือน,23:30,01:30,111.375,110.929,3.17,117.268,114.098,-2.147,ลดลงต่อเนื่อง (มีนัยสำคัญ),True,12.678,True,False,False,False,3,False,False,1.28,30.71,14,0.0,0.02428,,30.71,RESIDENTIAL,PVC,2026-08-13 08:45:24
DM-12-06-01-01,DM-12-06-01-01,C,ok,ไม่พบสัญญาณผิดปกติเชิงสถิติ (ใช้น้ำตามพฤติกรรมปกติ),23:45,01:45,113.25,123.232,21.799,166.829,145.031,1.347,มีแนวโน้มเพิ่มขึ้นเล็กน้อย (ยังไม่ชัดเจนพอ),False,87.194,False,False,False,False,0,False,False,0.0,0.0,14,0.0,0.1,,0.0,RESIDENTIAL,PVC,2026-08-13 08:45:24
DM-12-06-02-01,DM-12-06-02-01,C,ok,เคยมีสัญญาณผิดปกติ (Mann-Kendall/CUSUM สะสม) แต่ MNF ล่าสุด (29.5) ลดลงมาต่ำกว่า 70% ของพีคล่าสุด (34.6) แล้ว — น่าจะเป็นเหตุการณ์ที่จบไปแล้ว/ซ่อมเสร็จแล้ว จึงไม่ขึ้นเตือน,01:30,03:30,29.5,28.317,2.561,33.439,30.878,-2.604,ลดลงต่อเนื่อง (มีนัยสำคัญ),True,10.242,True,False,False,False,5,True,False,2.474,59.38,14,0.0,0.02836,,59.38,RESIDENTIAL,PVC,2026-08-13 08:45:24
DM-12-06-03-02,DM-12-06-03-02,B,watch,CUSUM สะสมเป็นบวกต่อเนื่อง (ยังไม่ Step-up ฉับพลัน),02:00,04:00,92.5,82.337,8.02,98.377,90.357,0.358,มีแนวโน้มเพิ่มขึ้นเล็กน้อย (ยังไม่ชัดเจนพอ),False,32.081,True,True,False,False,1,False,False,11.455,274.92,14,0.0,0.00402,ใกล้ RTU สัมพัทธ์ (< 2 กม. โดยประมาณ),274.92,RESIDENTIAL,PVC,2026-08-13 08:45:24
DM-12-06-04-01,DM-12-06-04-01,C,ok,ไม่พบสัญญาณผิดปกติเชิงสถิติ (ใช้น้ำตามพฤติกรรมปกติ),00:45,02:45,70.875,68.837,5.654,80.144,74.49,0.179,มีแนวโน้มเพิ่มขึ้นเล็กน้อย (ยังไม่ชัดเจนพอ),False,22.615,False,False,False,False,1,True,False,0.0,0.0,14,0.00047,624.61538,,0.0,RESIDENTIAL,PVC,2026-08-13 08:45:24
DM-12-06-05-01,DM-12-06-05-01,A,alert,Flow สูงกว่าเกณฑ์ต่อเนื่อง 11 intervals + CUSUM ขยับฐานฉับพลันใน 1-2 วันล่าสุด + แรงดันตกยืนยัน,14:00,16:00,137.375,84.589,5.268,95.125,89.857,0.894,มีแนวโน้มเพิ่มขึ้นเล็กน้อย (ยังไม่ชัดเจนพอ),False,21.071,True,False,True,True,11,True,False,33.494,803.86,14,0.0,0.00015,ใกล้ RTU สัมพัทธ์ (< 2 กม. โดยประมาณ),803.86,RESIDENTIAL,PVC,2026-08-13 08:45:24
DM-12-06-07-01,DM-12-06-07-01,C,ok,ไม่พบสัญญาณผิดปกติเชิงสถิติ (ใช้น้ำตามพฤติกรรมปกติ),23:00,01:00,41.875,38.562,2.677,43.917,41.24,1.347,มีแนวโน้มเพิ่มขึ้นเล็กน้อย (ยังไม่ชัดเจนพอ),False,10.708,False,False,False,False,1,True,False,2.021,48.5,14,0.0,0.1,,48.5,RESIDENTIAL,PVC,2026-08-13 08:45:24
DM-12-07-03-01,DM-12-07-03-01,C,ok,ไม่พบสัญญาณผิดปกติเชิงสถิติ (ใช้น้ำตามพฤติกรรมปกติ),00:00,02:00,92.25,90.385,8.421,107.227,98.806,0.0,ไม่มีแนวโน้มชัดเจน,False,33.685,False,False,False,False,3,False,False,0.282,6.77,14,0.0,0.1,,6.77,RESIDENTIAL,PVC,2026-08-13 08:45:24
DM-12-07-03-02,DM-12-07-03-02,C,ok,ไม่พบสัญญาณผิดปกติเชิงสถิติ (ใช้น้ำตามพฤติกรรมปกติ),02:00,04:00,55.5,59.577,3.711,66.999,63.288,-0.537,ไม่มีแนวโน้มชัดเจน,False,14.843,False,False,False,False,3,False,False,0.0,0.0,14,0.0,0.1,,0.0,RESIDENTIAL,PVC,2026-08-13 08:45:24
DM-12-07-04-01,DM-12-07-04-01,C,ok,ไม่พบสัญญาณผิดปกติเชิงสถิติ (ใช้น้ำตามพฤติกรรมปกติ),02:15,04:15,24.875,29.327,3.302,35.931,32.629,-0.537,ไม่มีแนวโน้มชัดเจน,False,13.208,False,False,False,False,0,False,False,0.0,0.0,14,0.0,0.1,,0.0,RESIDENTIAL,PVC,2026-08-13 08:45:24
DM-12-07-04-02,DM-12-07-04-02,C,ok,ไม่พบสัญญาณผิดปกติเชิงสถิติ (ใช้น้ำตามพฤติกรรมปกติ),02:45,04:45,89.75,117.702,21.237,160.175,138.938,-0.449,ไม่มีแนวโน้มชัดเจน,False,84.946,False,False,False,False,3,False,False,0.0,0.0,14,0.0,0.0026,,0.0,RESIDENTIAL,PVC,2026-08-13 08:45:24
DM-12-07-05-01,DM-12-07-05-01,C,ok,ไม่พบสัญญาณผิดปกติเชิงสถิติ (ใช้น้ำตามพฤติกรรมปกติ),21:30,23:30,125.625,125.491,6.286,138.064,131.777,-0.894,ไม่มีแนวโน้มชัดเจน,False,25.146,False,False,False,False,5,False,False,0.0,0.0,14,0.0,0.1,,0.0,RESIDENTIAL,PVC,2026-08-13 08:45:24
DM-12-07-08-01,DM-12-07-08-01,C,ok,ไม่พบสัญญาณผิดปกติเชิงสถิติ (ใช้น้ำตามพฤติกรรมปกติ),22:30,00:30,41.875,43.545,1.399,46.342,44.943,-0.18,ไม่มีแนวโน้มชัดเจน,False,5.595,False,False,False,False,1,False,False,0.0,0.0,14,0.0,0.1,,0.0,RESIDENTIAL,PVC,2026-08-13 08:45:24
DM-12-07-09-01,DM-12-07-09-01,C,ok,เคยมีสัญญาณผิดปกติ (Mann-Kendall/CUSUM สะสม) แต่ MNF ล่าสุด (71.9) ลดลงมาต่ำกว่า 70% ของพีคล่าสุด (79.9) แล้ว — น่าจะเป็นเหตุการณ์ที่จบไปแล้ว/ซ่อมเสร็จแล้ว จึงไม่ขึ้นเตือน,23:15,01:15,71.875,74.247,1.166,76.579,75.413,-1.789,ลดลงต่อเนื่อง (มีนัยสำคัญ),True,4.664,True,False,True,False,1,False,False,0.0,0.0,14,0.0,0.1,,0.0,RESIDENTIAL,PVC,2026-08-13 08:45:24
DM-13-01-04-02,DM-13-01-04-02,C,ok,เคยมีสัญญาณผิดปกติ (Mann-Kendall/CUSUM สะสม) แต่ MNF ล่าสุด (151.8) ลดลงมาต่ำกว่า 70% ของพีคล่าสุด (157.5) แล้ว — น่าจะเป็นเหตุการณ์ที่จบไปแล้ว/ซ่อมเสร็จแล้ว จึงไม่ขึ้นเตือน,02:15,04:15,151.75,149.519,2.712,154.943,152.231,1.431,มีแนวโน้มเพิ่มขึ้นเล็กน้อย (ยังไม่ชัดเจนพอ),False,10.848,True,True,False,False,5,False,False,5.272,126.54,14,0.0,0.1,,126.54,RESIDENTIAL,PVC,2026-08-13 08:45:24
DM-13-02-05-03,DM-13-02-05-03,C,ok,ไม่พบสัญญาณผิดปกติเชิงสถิติ (ใช้น้ำตามพฤติกรรมปกติ),04:45,06:45,25.75,24.625,5.229,35.084,29.854,0.0,ไม่มีแนวโน้มชัดเจน,False,15.688,False,False,False,False,0,False,False,1.125,27.0,14,0.0,0.00175,,27.0,RESIDENTIAL,PVC,2026-08-13 08:45:24
DM-13-02-06-04,DM-13-02-06-04,C,ok,ไม่พบสัญญาณผิดปกติเชิงสถิติ (ใช้น้ำตามพฤติกรรมปกติ),01:45,03:45,190.875,204.567,5.018,214.604,209.586,0.0,ไม่มีแนวโน้มชัดเจน,False,20.074,False,False,False,False,0,False,False,0.0,0.0,14,0.0,0.1,,0.0,RESIDENTIAL,PVC,2026-08-13 08:45:24
DM-13-03-02-03,DM-13-03-02-03,C,ok,ไม่พบสัญญาณผิดปกติเชิงสถิติ (ใช้น้ำตามพฤติกรรมปกติ),00:45,02:45,59.0,59.596,1.112,61.82,60.708,0.0,ไม่มีแนวโน้มชัดเจน,False,4.447,False,False,False,False,0,False,False,0.0,0.0,14,0.0,0.1,,0.0,RESIDENTIAL,PVC,2026-08-13 08:45:24
DM-13-03-07-03,DM-13-03-07-03,C,ok,ไม่พบสัญญาณผิดปกติเชิงสถิติ (ใช้น้ำตามพฤติกรรมปกติ),06:15,08:15,66.625,66.625,3.331,73.287,69.956,0.0,ไม่มีแนวโน้มชัดเจน,False,13.325,False,False,False,False,0,False,False,0.0,0.0,14,0.0,0.1,,0.0,RESIDENTIAL,PVC,2026-08-13 08:45:24
DM-13-04-08-03,DM-13-04-08-03,C,ok,ไม่พบสัญญาณผิดปกติเชิงสถิติ (ใช้น้ำตามพฤติกรรมปกติ),02:45,04:45,100.875,98.99,3.634,106.259,102.625,0.0,ไม่มีแนวโน้มชัดเจน,False,14.537,False,False,False,False,0,False,False,1.885,45.23,14,0.0,8e-05,,45.23,RESIDENTIAL,PVC,2026-08-13 08:45:24
DM-13-05-04-04,DM-13-05-04-04,C,ok,ไม่พบสัญญาณผิดปกติเชิงสถิติ (ใช้น้ำตามพฤติกรรมปกติ),02:00,04:00,60.688,61.106,0.895,62.897,62.001,0.0,ไม่มีแนวโน้มชัดเจน,False,3.582,False,False,False,False,0,False,False,0.0,0.0,14,0.0,0.00332,,0.0,RESIDENTIAL,PVC,2026-08-13 08:45:24
DM-13-05-05-02,DM-13-05-05-02,C,ok,ไม่พบสัญญาณผิดปกติเชิงสถิติ (ใช้น้ำตามพฤติกรรมปกติ),02:45,04:45,22.75,23.173,0.941,25.056,24.114,0.0,ไม่มีแนวโน้มชัดเจน,False,3.765,False,False,False,False,0,False,False,0.0,0.0,14,0.0,0.1,,0.0,RESIDENTIAL,PVC,2026-08-13 08:45:24
DM-13-06-01-04,DM-13-06-01-04,C,ok,ไม่พบสัญญาณผิดปกติเชิงสถิติ (ใช้น้ำตามพฤติกรรมปกติ),02:45,04:45,45.625,46.173,3.016,52.205,49.189,0.0,ไม่มีแนวโน้มชัดเจน,False,12.063,False,False,False,False,0,False,False,0.0,0.0,14,0.0,0.21154,,0.0,RESIDENTIAL,PVC,2026-08-13 08:45:24
DM-13-06-04-04,DM-13-06-04-04,C,ok,เคยมีสัญญาณผิดปกติ (Mann-Kendall/CUSUM สะสม) แต่ MNF ล่าสุด (26.2) ลดลงมาต่ำกว่า 70% ของพีคล่าสุด (39.1) แล้ว — น่าจะเป็นเหตุการณ์ที่จบไปแล้ว/ซ่อมเสร็จแล้ว จึงไม่ขึ้นเตือน,02:00,04:00,26.25,34.346,2.702,39.751,37.049,-2.451,ลดลงต่อเนื่อง (มีนัยสำคัญ),True,10.81,False,False,False,False,0,False,False,0.0,0.0,14,1e-05,7.21429,,0.0,RESIDENTIAL,PVC,2026-08-13 08:45:24
DM-13-07-02-02,DM-13-07-02-02,C,ok,ไม่พบสัญญาณผิดปกติเชิงสถิติ (ใช้น้ำตามพฤติกรรมปกติ),00:00,02:00,54.0,53.308,1.385,56.077,54.692,0.0,ไม่มีแนวโน้มชัดเจน,False,5.539,False,False,False,False,0,False,False,0.692,16.62,14,0.0,0.00253,,16.62,RESIDENTIAL,PVC,2026-08-13 08:45:24
DM-13-07-05-03,DM-13-07-05-03,B,watch,CUSUM สะสมเป็นบวกต่อเนื่อง (ยังไม่ Step-up ฉับพลัน),02:15,04:15,387.5,381.192,5.654,392.501,386.847,0.0,ไม่มีแนวโน้มชัดเจน,False,22.617,True,True,True,False,7,False,False,6.683,160.38,14,0.0,0.0,ใกล้ RTU สัมพัทธ์ (< 2 กม. โดยประมาณ),160.38,RESIDENTIAL,PVC,2026-08-13 08:45:24
DM-14-05-01-02,DM-14-05-01-02,C,ok,ไม่พบสัญญาณผิดปกติเชิงสถิติ (ใช้น้ำตามพฤติกรรมปกติ),02:00,04:00,153.75,167.49,8.362,184.214,175.852,-1.167,ไม่มีแนวโน้มชัดเจน,False,33.448,False,False,False,False,1,False,False,0.0,0.0,14,1e-05,43.21978,,0.0,RESIDENTIAL,PVC,2026-08-13 08:45:24
DM-14-05-02-01,DM-14-05-02-01,B,watch,Flow สูงกว่าเกณฑ์ต่อเนื่อง 29 intervals พร้อมแรงดันตก แต่ไม่ใช่การเปลี่ยนแปลงฉับพลันใน 1-2 วัน (น่าจะเป็นรั่วที่ดำเนินมาระยะหนึ่งแล้วและขยายจนคงที่) — ควรตรวจสอบโดยเร็วแต่ไม่ใช่เหตุฉุกเฉินแบบท่อแตกใหม่,01:45,03:45,332.375,196.385,4.286,204.956,200.67,1.431,มีแนวโน้มเพิ่มขึ้นเล็กน้อย (ยังไม่ชัดเจนพอ),False,17.142,True,True,False,True,29,True,False,45.657,1095.77,14,1e-05,0.00024,ใกล้ RTU สัมพัทธ์ (< 2 กม. โดยประมาณ),1095.77,RESIDENTIAL,PVC,2026-08-13 08:45:24
DM-14-05-03-01,DM-14-05-03-01,C,ok,ไม่พบสัญญาณผิดปกติเชิงสถิติ (ใช้น้ำตามพฤติกรรมปกติ),22:45,00:45,73.75,75.052,1.987,79.025,77.039,0.18,มีแนวโน้มเพิ่มขึ้นเล็กน้อย (ยังไม่ชัดเจนพอ),False,7.947,False,False,False,False,0,False,False,0.0,0.0,14,5e-05,92.46429,,0.0,RESIDENTIAL,PVC,2026-08-13 08:45:24
DM-14-05-06-01,DM-14-05-06-01,B,watch,Flow สูงกว่าเกณฑ์ต่อเนื่อง 29 intervals พร้อมแรงดันตก แต่ไม่ใช่การเปลี่ยนแปลงฉับพลันใน 1-2 วัน (น่าจะเป็นรั่วที่ดำเนินมาระยะหนึ่งแล้วและขยายจนคงที่) — ควรตรวจสอบโดยเร็วแต่ไม่ใช่เหตุฉุกเฉินแบบท่อแตกใหม่,01:15,03:15,138.0,143.5,4.958,153.416,148.458,-1.252,ไม่มีแนวโน้มชัดเจน,False,19.832,False,False,False,True,29,True,False,0.0,0.0,14,0.0,0.1,ไกลจาก RTU สัมพัทธ์ / ปลายสาย (> 2 กม. โดยประมาณ),0.0,RESIDENTIAL,PVC,2026-08-13 08:45:24
DM-14-05-07-01,DM-14-05-07-01,C,ok,ไม่พบสัญญาณผิดปกติเชิงสถิติ (ใช้น้ำตามพฤติกรรมปกติ),02:00,04:00,168.25,174.712,3.742,182.195,178.453,0.0,ไม่มีแนวโน้มชัดเจน,False,14.967,False,False,False,False,1,False,False,0.0,0.0,14,0.0,19.16758,,0.0,RESIDENTIAL,PVC,2026-08-13 08:45:24
DM-14-06-01-01,DM-14-06-01-01,C,ok,ไม่พบสัญญาณผิดปกติเชิงสถิติ (ใช้น้ำตามพฤติกรรมปกติ),01:45,03:45,49.125,47.548,1.629,50.807,49.178,0.716,มีแนวโน้มเพิ่มขึ้นเล็กน้อย (ยังไม่ชัดเจนพอ),False,6.518,False,False,False,False,1,False,False,0.994,23.85,14,0.0,0.1,,23.85,RESIDENTIAL,PVC,2026-08-13 08:45:24
DM-14-06-01-02,DM-14-06-01-02,C,ok,ไม่พบสัญญาณผิดปกติเชิงสถิติ (ใช้น้ำตามพฤติกรรมปกติ),01:15,03:15,25.25,25.952,0.827,27.606,26.779,0.0,ไม่มีแนวโน้มชัดเจน,False,3.308,False,False,False,False,1,False,False,0.0,0.0,14,3e-05,0.1817,,0.0,RESIDENTIAL,PVC,2026-08-13 08:45:24
DM-14-06-04-01,DM-14-06-04-01,C,ok,ไม่พบสัญญาณผิดปกติเชิงสถิติ (ใช้น้ำตามพฤติกรรมปกติ),21:30,23:30,108.75,102.054,28.282,158.618,130.336,0.09,มีแนวโน้มเพิ่มขึ้นเล็กน้อย (ยังไม่ชัดเจนพอ),False,113.13,False,False,False,False,0,False,False,4.071,97.71,14,0.0,0.1,,97.71,RESIDENTIAL,PVC,2026-08-13 08:45:24
DM-14-06-04-03,DM-14-06-04-03,B,watch,Flow สูงกว่าเกณฑ์ต่อเนื่อง 11 intervals พร้อมแรงดันตก แต่ไม่ใช่การเปลี่ยนแปลงฉับพลันใน 1-2 วัน (น่าจะเป็นรั่วที่ดำเนินมาระยะหนึ่งแล้วและขยายจนคงที่) — ควรตรวจสอบโดยเร็วแต่ไม่ใช่เหตุฉุกเฉินแบบท่อแตกใหม่,01:30,03:30,93.5,84.673,7.144,98.961,91.817,-0.894,ไม่มีแนวโน้มชัดเจน,False,28.575,False,False,False,True,11,True,False,4.702,112.85,14,1e-05,0.00056,ใกล้ RTU สัมพัทธ์ (< 2 กม. โดยประมาณ),112.85,RESIDENTIAL,PVC,2026-08-13 08:45:24
DM-14-06-04-04,DM-14-06-04-04,C,ok,ไม่พบสัญญาณผิดปกติเชิงสถิติ (ใช้น้ำตามพฤติกรรมปกติ),01:30,03:30,112.625,112.625,5.631,123.888,118.256,0.0,ไม่มีแนวโน้มชัดเจน,False,22.525,False,False,False,False,0,False,False,0.0,0.0,14,0.0,0.1,,0.0,RESIDENTIAL,PVC,2026-08-13 08:45:24
DM-14-06-05-01,DM-14-06-05-01,C,ok,ไม่พบสัญญาณผิดปกติเชิงสถิติ (ใช้น้ำตามพฤติกรรมปกติ),21:15,23:15,81.75,83.643,2.501,88.645,86.144,0.537,มีแนวโน้มเพิ่มขึ้นเล็กน้อย (ยังไม่ชัดเจนพอ),False,10.005,False,False,False,False,3,False,False,0.0,0.0,14,0.0,0.1,,0.0,RESIDENTIAL,PVC,2026-08-13 08:45:24
DM-14-06-06-02,DM-14-06-06-02,B,watch,Mann-Kendall ยืนยันแนวโน้มขึ้นต่อเนื่อง,01:15,03:15,58.25,56.24,1.844,59.928,58.084,1.886,เพิ่มขึ้นต่อเนื่อง (มีนัยสำคัญ),True,7.376,False,False,False,False,4,False,False,1.968,47.23,14,0.0,0.1,ไกลจาก RTU สัมพัทธ์ / ปลายสาย (> 2 กม. โดยประมาณ),47.23,RESIDENTIAL,PVC,2026-08-13 08:45:24
DM-14-07-01-02,DM-14-07-01-02,C,ok,ไม่พบสัญญาณผิดปกติเชิงสถิติ (ใช้น้ำตามพฤติกรรมปกติ),01:45,03:45,31.5,28.462,4.522,37.507,32.984,1.167,มีแนวโน้มเพิ่มขึ้นเล็กน้อย (ยังไม่ชัดเจนพอ),False,18.09,False,False,False,False,3,False,False,0.0,0.0,14,0.0,0.1,,0.0,RESIDENTIAL,PVC,2026-08-13 08:45:24
DM-14-07-01-03,DM-14-07-01-03,C,ok,เคยมีสัญญาณผิดปกติ (Mann-Kendall/CUSUM สะสม) แต่ MNF ล่าสุด (36.2) ลดลงมาต่ำกว่า 70% ของพีคล่าสุด (52.6) แล้ว — น่าจะเป็นเหตุการณ์ที่จบไปแล้ว/ซ่อมเสร็จแล้ว จึงไม่ขึ้นเตือน,00:00,02:00,36.25,38.394,3.795,45.983,42.189,-1.082,ไม่มีแนวโน้มชัดเจน,False,15.178,True,False,False,False,0,False,False,0.0,0.0,14,0.0,0.1,,0.0,RESIDENTIAL,PVC,2026-08-13 08:45:24
DM-14-07-03-02,DM-14-07-03-02,C,ok,ไม่พบสัญญาณผิดปกติเชิงสถิติ (ใช้น้ำตามพฤติกรรมปกติ),15:00,17:00,63.5,67.045,10.44,87.925,77.485,-0.449,ไม่มีแนวโน้มชัดเจน,False,41.76,False,False,False,False,2,False,False,0.0,0.0,14,0.0,0.1,,0.0,RESIDENTIAL,PVC,2026-08-13 08:45:24
DM-14-07-03-04,DM-14-07-03-04,C,ok,ไม่พบสัญญาณผิดปกติเชิงสถิติ (ใช้น้ำตามพฤติกรรมปกติ),21:30,23:30,85.875,73.92,25.77,125.459,99.689,-0.894,ไม่มีแนวโน้มชัดเจน,False,103.079,False,False,False,False,0,False,False,0.0,0.0,14,0.0,3e-05,,0.0,RESIDENTIAL,PVC,2026-08-13 08:45:24
DM-14-07-04-01,DM-14-07-04-01,B,watch,CUSUM สะสมเป็นบวกต่อเนื่อง (ยังไม่ Step-up ฉับพลัน),21:30,23:30,181.375,173.545,7.47,188.485,181.015,0.894,มีแนวโน้มเพิ่มขึ้นเล็กน้อย (ยังไม่ชัดเจนพอ),False,29.88,True,True,False,False,3,False,False,4.164,99.93,14,0.0,0.00012,ใกล้ RTU สัมพัทธ์ (< 2 กม. โดยประมาณ),99.93,RESIDENTIAL,PVC,2026-08-13 08:45:24
DM-14-07-05-01,DM-14-07-05-01,C,ok,ไม่พบสัญญาณผิดปกติเชิงสถิติ (ใช้น้ำตามพฤติกรรมปกติ),01:15,03:15,87.125,106.663,10.575,127.813,117.238,-1.073,ไม่มีแนวโน้มชัดเจน,False,42.298,False,False,False,False,0,False,False,0.0,0.0,14,0.0,0.1,,0.0,RESIDENTIAL,PVC,2026-08-13 08:45:24
DM-14-07-07-01,DM-14-07-07-01,C,ok,ไม่พบสัญญาณผิดปกติเชิงสถิติ (ใช้น้ำตามพฤติกรรมปกติ),01:15,03:15,123.75,125.5,4.289,134.079,129.789,1.073,มีแนวโน้มเพิ่มขึ้นเล็กน้อย (ยังไม่ชัดเจนพอ),False,17.158,False,False,False,False,0,False,False,0.0,0.0,14,0.0,0.1,,0.0,RESIDENTIAL,PVC,2026-08-13 08:45:24
DM-14-07-07-02,DM-14-07-07-02,C,ok,ไม่พบสัญญาณผิดปกติเชิงสถิติ (ใช้น้ำตามพฤติกรรมปกติ),01:15,03:15,153.875,153.625,2.149,157.923,155.774,0.0,ไม่มีแนวโน้มชัดเจน,False,8.596,False,False,False,False,0,False,False,0.25,6.0,14,0.0,0.00087,,6.0,RESIDENTIAL,PVC,2026-08-13 08:45:24
DM-14-09-01-01,DM-14-09-01-01,C,ok,เคยมีสัญญาณผิดปกติ (Mann-Kendall/CUSUM สะสม) แต่ MNF ล่าสุด (119.9) ลดลงมาต่ำกว่า 70% ของพีคล่าสุด (125.1) แล้ว — น่าจะเป็นเหตุการณ์ที่จบไปแล้ว/ซ่อมเสร็จแล้ว จึงไม่ขึ้นเตือน,21:45,23:45,119.875,120.357,3.001,126.36,123.359,-1.706,ลดลงต่อเนื่อง (มีนัยสำคัญ),True,12.006,True,True,False,False,1,False,False,0.0,0.0,14,0.0,0.1,,0.0,RESIDENTIAL,PVC,2026-08-13 08:45:24
DM-14-09-02-01,DM-14-09-02-01,C,ok,ไม่พบสัญญาณผิดปกติเชิงสถิติ (ใช้น้ำตามพฤติกรรมปกติ),01:30,03:30,192.375,207.5,4.296,216.093,211.796,-1.082,ไม่มีแนวโน้มชัดเจน,False,17.186,False,False,False,False,0,False,False,0.0,0.0,14,0.0,0.1,,0.0,RESIDENTIAL,PVC,2026-08-13 08:45:24
DM-14-09-02-02,DM-14-09-02-02,A,alert,Flow สูงกว่าเกณฑ์ต่อเนื่อง 50 intervals + CUSUM ขยับฐานฉับพลันใน 1-2 วันล่าสุด + แรงดันตกยืนยัน,02:00,04:00,84.625,67.885,2.726,73.337,70.611,-0.716,ไม่มีแนวโน้มชัดเจน,False,10.904,True,False,True,True,50,True,False,18.49,443.77,14,3e-05,0.00038,ใกล้ RTU สัมพัทธ์ (< 2 กม. โดยประมาณ),443.77,RESIDENTIAL,PVC,2026-08-13 08:45:24
DM-14-09-02-03,DM-14-09-02-03,C,ok,ไม่พบสัญญาณผิดปกติเชิงสถิติ (ใช้น้ำตามพฤติกรรมปกติ),20:30,22:30,45.875,43.473,9.693,62.859,53.166,0.0,ไม่มีแนวโน้มชัดเจน,False,38.772,False,False,False,False,0,False,False,3.527,84.64,14,0.0,0.1,,84.64,RESIDENTIAL,PVC,2026-08-13 08:45:24
DM-14-09-02-04,DM-14-09-02-04,C,ok,ไม่พบสัญญาณผิดปกติเชิงสถิติ (ใช้น้ำตามพฤติกรรมปกติ),01:30,03:30,90.438,90.438,4.522,99.481,94.959,0.0,ไม่มีแนวโน้มชัดเจน,False,18.088,False,False,False,False,0,False,False,0.0,0.0,14,0.0,0.1,,0.0,RESIDENTIAL,PVC,2026-08-13 08:45:24
DM-14-10-01-01,DM-14-10-01-01,C,ok,ไม่พบสัญญาณผิดปกติเชิงสถิติ (ใช้น้ำตามพฤติกรรมปกติ),01:45,03:45,40.125,40.923,1.396,43.715,42.319,0.269,มีแนวโน้มเพิ่มขึ้นเล็กน้อย (ยังไม่ชัดเจนพอ),False,5.583,False,False,False,False,2,False,False,0.0,0.0,14,8e-05,31.74942,,0.0,RESIDENTIAL,PVC,2026-08-13 08:45:24
DM-14-10-02-01,DM-14-10-02-01,C,ok,เคยมีสัญญาณผิดปกติ (Mann-Kendall/CUSUM สะสม) แต่ MNF ล่าสุด (35.5) ลดลงมาต่ำกว่า 70% ของพีคล่าสุด (43.6) แล้ว — น่าจะเป็นเหตุการณ์ที่จบไปแล้ว/ซ่อมเสร็จแล้ว จึงไม่ขึ้นเตือน,02:00,04:00,35.5,33.125,3.141,39.407,36.266,0.358,มีแนวโน้มเพิ่มขึ้นเล็กน้อย (ยังไม่ชัดเจนพอ),False,12.564,True,True,False,False,1,True,False,2.917,70.0,14,2e-05,0.01402,,70.0,RESIDENTIAL,PVC,2026-08-13 08:45:24
DM-14-10-04-02,DM-14-10-04-02,C,ok,เคยมีสัญญาณผิดปกติ (Mann-Kendall/CUSUM สะสม) แต่ MNF ล่าสุด (49.1) ลดลงมาต่ำกว่า 70% ของพีคล่าสุด (64.5) แล้ว — น่าจะเป็นเหตุการณ์ที่จบไปแล้ว/ซ่อมเสร็จแล้ว จึงไม่ขึ้นเตือน,23:00,01:00,49.125,48.188,2.749,53.686,50.937,0.358,มีแนวโน้มเพิ่มขึ้นเล็กน้อย (ยังไม่ชัดเจนพอ),False,10.996,True,True,False,False,1,False,False,6.688,160.5,14,3e-05,0.09056,,160.5,RESIDENTIAL,PVC,2026-08-13 08:45:24
DM-14-10-05-01,DM-14-10-05-01,C,ok,เคยมีสัญญาณผิดปกติ (Mann-Kendall/CUSUM สะสม) แต่ MNF ล่าสุด (3.8) ลดลงมาต่ำกว่า 70% ของพีคล่าสุด (34.4) แล้ว — น่าจะเป็นเหตุการณ์ที่จบไปแล้ว/ซ่อมเสร็จแล้ว จึงไม่ขึ้นเตือน,02:30,04:30,3.75,6.558,2.41,11.378,8.968,-0.537,ไม่มีแนวโน้มชัดเจน,False,9.641,True,True,True,False,1,True,False,11.484,275.62,14,0.00011,0.1,,275.62,RESIDENTIAL,PVC,2026-08-13 08:45:24
DM-14-10-07-01,DM-14-10-07-01,C,ok,เคยมีสัญญาณผิดปกติ (Mann-Kendall/CUSUM สะสม) แต่ MNF ล่าสุด (33.9) ลดลงมาต่ำกว่า 70% ของพีคล่าสุด (54.8) แล้ว — น่าจะเป็นเหตุการณ์ที่จบไปแล้ว/ซ่อมเสร็จแล้ว จึงไม่ขึ้นเตือน,23:30,01:30,33.875,23.964,5.326,34.617,29.291,1.706,เพิ่มขึ้นต่อเนื่อง (มีนัยสำคัญ),True,21.305,True,True,True,False,3,False,False,7.452,178.86,14,2e-05,0.1,,178.86,RESIDENTIAL,PVC,2026-08-13 08:45:24
DM-14-10-07-02,DM-14-10-07-02,C,ok,ไม่พบสัญญาณผิดปกติเชิงสถิติ (ใช้น้ำตามพฤติกรรมปกติ),01:30,03:30,48.375,59.635,3.113,65.861,62.748,0.988,มีแนวโน้มเพิ่มขึ้นเล็กน้อย (ยังไม่ชัดเจนพอ),False,12.454,False,False,False,False,0,False,False,0.0,0.0,14,0.0,0.57143,,0.0,RESIDENTIAL,PVC,2026-08-13 08:45:24
DM-14-11-03-03,DM-14-11-03-03,C,ok,ไม่พบสัญญาณผิดปกติเชิงสถิติ (ใช้น้ำตามพฤติกรรมปกติ),14:15,16:15,1.8,1.8,0.0,1.8,1.8,0.0,ไม่มีแนวโน้มชัดเจน,False,0.0,False,False,False,False,0,False,False,0.0,0.0,14,0.0,0.1,,0.0,RESIDENTIAL,PVC,2026-08-13 08:45:24
DM-14-11-03-04,DM-14-11-03-04,C,ok,ไม่พบสัญญาณผิดปกติเชิงสถิติ (ใช้น้ำตามพฤติกรรมปกติ),01:15,03:15,21.938,21.538,0.78,23.099,22.319,0.0,ไม่มีแนวโน้มชัดเจน,False,3.12,False,False,False,False,0,False,False,0.399,9.58,14,0.0,0.0211,,9.58,RESIDENTIAL,PVC,2026-08-13 08:45:24
DM-14-11-03-05,DM-14-11-03-05,C,ok,ไม่พบสัญญาณผิดปกติเชิงสถิติ (ใช้น้ำตามพฤติกรรมปกติ),02:00,04:00,72.875,78.221,9.776,97.773,87.997,0.0,ไม่มีแนวโน้มชัดเจน,False,39.103,False,False,False,False,0,False,False,0.0,0.0,14,0.0,0.1,,0.0,RESIDENTIAL,PVC,2026-08-13 08:45:24
DM-14-17-02-01,DM-14-17-02-01,C,ok,เคยมีสัญญาณผิดปกติ (Mann-Kendall/CUSUM สะสม) แต่ MNF ล่าสุด (26.5) ลดลงมาต่ำกว่า 70% ของพีคล่าสุด (27.8) แล้ว — น่าจะเป็นเหตุการณ์ที่จบไปแล้ว/ซ่อมเสร็จแล้ว จึงไม่ขึ้นเตือน,01:30,03:30,26.5,31.933,3.203,38.339,35.136,2.147,เพิ่มขึ้นต่อเนื่อง (มีนัยสำคัญ),True,12.813,False,False,False,False,7,True,False,0.0,0.0,14,0.0,0.1,,0.0,RESIDENTIAL,PVC,2026-08-13 08:45:24
DM-14-17-02-02,DM-14-17-02-02,C,ok,เคยมีสัญญาณผิดปกติ (Mann-Kendall/CUSUM สะสม) แต่ MNF ล่าสุด (73.5) ลดลงมาต่ำกว่า 70% ของพีคล่าสุด (74.0) แล้ว — น่าจะเป็นเหตุการณ์ที่จบไปแล้ว/ซ่อมเสร็จแล้ว จึงไม่ขึ้นเตือน,22:15,00:15,73.5,82.577,4.155,90.887,86.732,1.901,เพิ่มขึ้นต่อเนื่อง (มีนัยสำคัญ),True,16.621,False,False,False,False,0,False,False,0.0,0.0,14,0.0,0.1,,0.0,RESIDENTIAL,PVC,2026-08-13 08:45:24
DM-14-17-03-01,DM-14-17-03-01,C,ok,ไม่พบสัญญาณผิดปกติเชิงสถิติ (ใช้น้ำตามพฤติกรรมปกติ),01:45,03:45,71.0,71.567,2.249,76.065,73.816,0.629,มีแนวโน้มเพิ่มขึ้นเล็กน้อย (ยังไม่ชัดเจนพอ),False,8.995,False,False,False,False,1,False,False,0.141,3.38,14,0.0,0.1,,3.38,RESIDENTIAL,PVC,2026-08-13 08:45:24
DM-14-17-03-02,DM-14-17-03-02,C,ok,ไม่พบสัญญาณผิดปกติเชิงสถิติ (ใช้น้ำตามพฤติกรรมปกติ),22:00,00:00,66.375,67.75,1.738,71.226,69.488,-0.358,ไม่มีแนวโน้มชัดเจน,False,6.951,False,False,False,False,1,True,False,0.0,0.0,14,0.0,0.20568,,0.0,RESIDENTIAL,PVC,2026-08-13 08:45:24
DM-14-17-04-01,DM-14-17-04-01,C,ok,เคยมีสัญญาณผิดปกติ (Mann-Kendall/CUSUM สะสม) แต่ MNF ล่าสุด (80.6) ลดลงมาต่ำกว่า 70% ของพีคล่าสุด (85.8) แล้ว — น่าจะเป็นเหตุการณ์ที่จบไปแล้ว/ซ่อมเสร็จแล้ว จึงไม่ขึ้นเตือน,01:15,03:15,80.625,85.885,1.231,88.347,87.116,-2.425,ลดลงต่อเนื่อง (มีนัยสำคัญ),True,4.924,False,False,False,False,0,False,False,0.0,0.0,14,0.0,0.1,,0.0,RESIDENTIAL,PVC,2026-08-13 08:45:24
DM-14-17-05-01,DM-14-17-05-01,B,watch,Flow สูงกว่าเกณฑ์ต่อเนื่อง 30 intervals พร้อมแรงดันตก แต่ไม่ใช่การเปลี่ยนแปลงฉับพลันใน 1-2 วัน (น่าจะเป็นรั่วที่ดำเนินมาระยะหนึ่งแล้วและขยายจนคงที่) — ควรตรวจสอบโดยเร็วแต่ไม่ใช่เหตุฉุกเฉินแบบท่อแตกใหม่,01:30,03:30,68.75,85.577,11.413,108.403,96.99,0.716,มีแนวโน้มเพิ่มขึ้นเล็กน้อย (ยังไม่ชัดเจนพอ),False,45.652,False,False,False,True,30,True,False,0.0,0.0,14,1e-05,0.00165,ใกล้ RTU สัมพัทธ์ (< 2 กม. โดยประมาณ),0.0,RESIDENTIAL,PVC,2026-08-13 08:45:24
DM-14-17-06-01,DM-14-17-06-01,B,watch,Flow สูงกว่าเกณฑ์ต่อเนื่อง 9 intervals พร้อมแรงดันตก แต่ไม่ใช่การเปลี่ยนแปลงฉับพลันใน 1-2 วัน (น่าจะเป็นรั่วที่ดำเนินมาระยะหนึ่งแล้วและขยายจนคงที่) — ควรตรวจสอบโดยเร็วแต่ไม่ใช่เหตุฉุกเฉินแบบท่อแตกใหม่,01:30,03:30,41.5,36.933,3.257,43.447,40.19,0.449,มีแนวโน้มเพิ่มขึ้นเล็กน้อย (ยังไม่ชัดเจนพอ),False,13.029,True,True,False,True,9,True,False,5.276,126.62,14,1e-05,0.00088,ใกล้ RTU สัมพัทธ์ (< 2 กม. โดยประมาณ),126.62,RESIDENTIAL,PVC,2026-08-13 08:45:24
DM-14-18-01-01,DM-14-18-01-01,C,ok,ไม่พบสัญญาณผิดปกติเชิงสถิติ (ใช้น้ำตามพฤติกรรมปกติ),00:15,02:15,105.75,98.49,10.724,119.938,109.214,0.269,มีแนวโน้มเพิ่มขึ้นเล็กน้อย (ยังไม่ชัดเจนพอ),False,42.895,False,False,False,False,0,False,False,0.0,0.0,14,0.0,0.1,,0.0,RESIDENTIAL,PVC,2026-08-13 08:45:24
DM-14-18-01-02,DM-14-18-01-02,C,ok,ไม่พบสัญญาณผิดปกติเชิงสถิติ (ใช้น้ำตามพฤติกรรมปกติ),00:15,02:15,11.75,68.413,4.484,77.381,72.897,-0.537,ไม่มีแนวโน้มชัดเจน,False,17.935,False,False,False,False,0,False,False,0.0,0.0,14,0.0,0.1,,0.0,RESIDENTIAL,PVC,2026-08-13 08:45:24
DM-14-18-02-02,DM-14-18-02-02,C,ok,ไม่พบสัญญาณผิดปกติเชิงสถิติ (ใช้น้ำตามพฤติกรรมปกติ),21:15,23:15,47.625,63.875,16.934,97.744,80.809,-1.527,ไม่มีแนวโน้มชัดเจน,False,67.737,False,False,False,False,0,False,False,0.0,0.0,14,0.0,0.1,,0.0,RESIDENTIAL,PVC,2026-08-13 08:45:24
DM-14-18-04-02,DM-14-18-04-02,C,ok,ไม่พบสัญญาณผิดปกติเชิงสถิติ (ใช้น้ำตามพฤติกรรมปกติ),01:15,03:15,15.0,15.875,1.823,19.52,17.698,1.262,มีแนวโน้มเพิ่มขึ้นเล็กน้อย (ยังไม่ชัดเจนพอ),False,7.291,False,False,False,True,12,False,False,0.0,0.0,14,0.0,0.1,,0.0,RESIDENTIAL,PVC,2026-08-13 08:45:24
DM-15-01-01-01,DM-15-01-01-01,C,ok,ไม่พบสัญญาณผิดปกติเชิงสถิติ (ใช้น้ำตามพฤติกรรมปกติ),00:00,02:00,29.75,40.51,7.167,54.843,47.676,-0.537,ไม่มีแนวโน้มชัดเจน,False,28.666,False,False,False,False,0,False,False,0.0,0.0,14,1e-05,0.1,,0.0,RESIDENTIAL,PVC,2026-08-13 08:45:24
DM-15-01-03-01,DM-15-01-03-01,C,ok,ไม่พบสัญญาณผิดปกติเชิงสถิติ (ใช้น้ำตามพฤติกรรมปกติ),01:45,03:45,74.75,78.115,7.806,93.728,85.922,0.0,ไม่มีแนวโน้มชัดเจน,False,31.226,False,False,False,False,0,False,False,0.0,0.0,14,0.0,0.1,,0.0,RESIDENTIAL,PVC,2026-08-13 08:45:24
DM-15-01-05-01,DM-15-01-05-01,C,ok,เคยมีสัญญาณผิดปกติ (Mann-Kendall/CUSUM สะสม) แต่ MNF ล่าสุด (111.4) ลดลงมาต่ำกว่า 70% ของพีคล่าสุด (120.6) แล้ว — น่าจะเป็นเหตุการณ์ที่จบไปแล้ว/ซ่อมเสร็จแล้ว จึงไม่ขึ้นเตือน,23:30,01:30,111.375,111.429,5.462,122.352,116.89,-1.073,ไม่มีแนวโน้มชัดเจน,False,21.847,True,True,False,False,2,True,False,0.0,0.0,14,0.0,0.00552,,0.0,RESIDENTIAL,PVC,2026-08-13 08:45:24
DM-15-01-06-01,DM-15-01-06-01,C,ok,ไม่พบสัญญาณผิดปกติเชิงสถิติ (ใช้น้ำตามพฤติกรรมปกติ),02:30,04:30,65.5,67.692,3.177,74.045,70.869,-0.179,ไม่มีแนวโน้มชัดเจน,False,12.706,False,False,False,False,0,False,False,0.0,0.0,14,1e-05,0.1067,,0.0,RESIDENTIAL,PVC,2026-08-13 08:45:24
DM-15-02-01-01,DM-15-02-01-01,B,watch,CUSUM สะสมเป็นบวกต่อเนื่อง (ยังไม่ Step-up ฉับพลัน),22:15,00:15,155.25,139.31,5.745,150.8,145.055,0.449,มีแนวโน้มเพิ่มขึ้นเล็กน้อย (ยังไม่ชัดเจนพอ),False,22.98,True,True,False,False,7,True,False,6.398,153.56,14,0.0,0.1,ไกลจาก RTU สัมพัทธ์ / ปลายสาย (> 2 กม. โดยประมาณ),153.56,RESIDENTIAL,PVC,2026-08-13 08:45:24
DM-15-02-02-01,DM-15-02-02-01,C,ok,ไม่พบสัญญาณผิดปกติเชิงสถิติ (ใช้น้ำตามพฤติกรรมปกติ),00:15,02:15,126.5,127.712,5.328,138.367,133.039,-0.988,ไม่มีแนวโน้มชัดเจน,False,21.311,False,False,False,False,3,False,False,0.0,0.0,14,0.0,0.1,,0.0,RESIDENTIAL,PVC,2026-08-13 08:45:24
DM-15-02-03-01,DM-15-02-03-01,C,ok,ไม่พบสัญญาณผิดปกติเชิงสถิติ (ใช้น้ำตามพฤติกรรมปกติ),23:00,01:00,125.375,120.938,3.401,127.74,124.339,0.716,มีแนวโน้มเพิ่มขึ้นเล็กน้อย (ยังไม่ชัดเจนพอ),False,13.605,False,False,False,False,2,False,False,4.521,108.5,14,0.0,0.1,,108.5,RESIDENTIAL,PVC,2026-08-13 08:45:24
DM-15-02-04-01,DM-15-02-04-01,C,ok,ไม่พบสัญญาณผิดปกติเชิงสถิติ (ใช้น้ำตามพฤติกรรมปกติ),02:15,04:15,116.875,113.115,10.935,134.986,124.051,-0.358,ไม่มีแนวโน้มชัดเจน,False,43.741,False,False,False,False,1,False,False,0.0,0.0,14,0.0,0.1,,0.0,RESIDENTIAL,PVC,2026-08-13 08:45:24
DM-15-02-05-01,DM-15-02-05-01,C,ok,ไม่พบสัญญาณผิดปกติเชิงสถิติ (ใช้น้ำตามพฤติกรรมปกติ),02:15,04:15,60.25,67.462,3.327,74.115,70.788,-0.537,ไม่มีแนวโน้มชัดเจน,False,13.308,False,False,False,False,1,False,False,0.0,0.0,14,0.0,0.1,,0.0,RESIDENTIAL,PVC,2026-08-13 08:45:24
DM-15-02-06-01,DM-15-02-06-01,C,ok,ไม่พบสัญญาณผิดปกติเชิงสถิติ (ใช้น้ำตามพฤติกรรมปกติ),01:45,03:45,73.875,81.433,3.621,88.675,85.054,-0.716,ไม่มีแนวโน้มชัดเจน,False,14.486,False,False,False,False,0,False,False,0.0,0.0,14,1e-05,623.14286,,0.0,RESIDENTIAL,PVC,2026-08-13 08:45:24
DM-15-03-01-01,DM-15-03-01-01,C,ok,เคยมีสัญญาณผิดปกติ (Mann-Kendall/CUSUM สะสม) แต่ MNF ล่าสุด (104.5) ลดลงมาต่ำกว่า 70% ของพีคล่าสุด (136.2) แล้ว — น่าจะเป็นเหตุการณ์ที่จบไปแล้ว/ซ่อมเสร็จแล้ว จึงไม่ขึ้นเตือน,21:45,23:45,104.5,114.893,9.194,133.281,124.087,-1.968,ลดลงต่อเนื่อง (มีนัยสำคัญ),True,36.777,False,False,False,False,2,False,False,0.0,0.0,14,0.0,0.1,,0.0,RESIDENTIAL,PVC,2026-08-13 08:45:24
DM-15-03-04-01,DM-15-03-04-01,C,ok,ไม่พบสัญญาณผิดปกติเชิงสถิติ (ใช้น้ำตามพฤติกรรมปกติ),23:15,01:15,129.75,142.994,8.227,159.449,151.221,0.0,ไม่มีแนวโน้มชัดเจน,False,32.91,False,False,False,False,0,False,False,0.0,0.0,14,0.0,0.1,,0.0,RESIDENTIAL,PVC,2026-08-13 08:45:24
DM-15-03-06-01,DM-15-03-06-01,C,ok,ไม่พบสัญญาณผิดปกติเชิงสถิติ (ใช้น้ำตามพฤติกรรมปกติ),23:30,01:30,57.875,57.634,4.68,66.994,62.314,0.0,ไม่มีแนวโน้มชัดเจน,False,18.72,False,False,False,False,3,False,False,0.0,0.0,14,0.0,0.1,,0.0,RESIDENTIAL,PVC,2026-08-13 08:45:24
DM-15-04-01-01,DM-15-04-01-01,C,ok,ไม่พบสัญญาณผิดปกติเชิงสถิติ (ใช้น้ำตามพฤติกรรมปกติ),21:45,23:45,40.25,35.161,4.932,45.024,40.092,-0.537,ไม่มีแนวโน้มชัดเจน,False,19.726,False,False,False,False,4,False,False,0.0,0.0,14,0.0,0.1,,0.0,RESIDENTIAL,PVC,2026-08-13 08:45:24
DM-15-04-02-01,DM-15-04-02-01,C,ok,ไม่พบสัญญาณผิดปกติเชิงสถิติ (ใช้น้ำตามพฤติกรรมปกติ),20:45,22:45,42.25,54.045,1.919,57.884,55.964,0.179,มีแนวโน้มเพิ่มขึ้นเล็กน้อย (ยังไม่ชัดเจนพอ),False,7.678,False,False,False,False,0,False,False,0.0,0.0,14,0.0,0.1,,0.0,RESIDENTIAL,PVC,2026-08-13 08:45:24
DM-15-04-03-01,DM-15-04-03-01,C,ok,ไม่พบสัญญาณผิดปกติเชิงสถิติ (ใช้น้ำตามพฤติกรรมปกติ),01:15,03:15,146.875,170.76,6.473,183.705,177.232,-0.358,ไม่มีแนวโน้มชัดเจน,False,25.891,False,False,False,False,0,False,False,0.0,0.0,14,0.0,3.07143,,0.0,RESIDENTIAL,PVC,2026-08-13 08:45:24
DM-15-05-01-01,DM-15-05-01-01,C,ok,เคยมีสัญญาณผิดปกติ (Mann-Kendall/CUSUM สะสม) แต่ MNF ล่าสุด (24.8) ลดลงมาต่ำกว่า 70% ของพีคล่าสุด (27.1) แล้ว — น่าจะเป็นเหตุการณ์ที่จบไปแล้ว/ซ่อมเสร็จแล้ว จึงไม่ขึ้นเตือน,01:00,03:00,24.75,25.942,1.796,29.534,27.738,1.706,เพิ่มขึ้นต่อเนื่อง (มีนัยสำคัญ),True,7.183,False,False,False,False,0,False,False,0.349,8.38,14,5e-05,2.53571,,8.38,RESIDENTIAL,PVC,2026-08-13 08:45:24
DM-15-05-02-01,DM-15-05-02-01,C,ok,ไม่พบสัญญาณผิดปกติเชิงสถิติ (ใช้น้ำตามพฤติกรรมปกติ),01:30,03:30,143.0,158.779,10.186,179.151,168.965,-0.894,ไม่มีแนวโน้มชัดเจน,False,40.745,False,False,False,False,0,False,False,0.0,0.0,14,0.0,0.1,,0.0,RESIDENTIAL,PVC,2026-08-13 08:45:24
DM-15-05-04-01,DM-15-05-04-01,C,ok,ไม่พบสัญญาณผิดปกติเชิงสถิติ (ใช้น้ำตามพฤติกรรมปกติ),01:45,03:45,61.875,65.385,4.891,75.167,70.276,-0.269,ไม่มีแนวโน้มชัดเจน,False,19.564,False,False,False,False,0,False,False,0.0,0.0,14,0.0,0.1,,0.0,RESIDENTIAL,PVC,2026-08-13 08:45:24
DM-15-06-01-01,DM-15-06-01-01,C,ok,ไม่พบสัญญาณผิดปกติเชิงสถิติ (ใช้น้ำตามพฤติกรรมปกติ),00:30,02:30,133.25,155.875,12.913,181.701,168.788,0.358,มีแนวโน้มเพิ่มขึ้นเล็กน้อย (ยังไม่ชัดเจนพอ),False,51.652,False,False,False,False,3,True,False,0.0,0.0,14,1e-05,25.07143,,0.0,RESIDENTIAL,PVC,2026-08-13 08:45:24
DM-15-06-03-01,DM-15-06-03-01,C,ok,ไม่พบสัญญาณผิดปกติเชิงสถิติ (ใช้น้ำตามพฤติกรรมปกติ),01:15,03:15,152.75,148.913,19.286,187.486,168.2,-0.537,ไม่มีแนวโน้มชัดเจน,False,77.145,False,False,False,False,2,True,False,8.837,212.08,14,1e-05,0.1,,212.08,RESIDENTIAL,PVC,2026-08-13 08:45:24
DM-15-06-04-01,DM-15-06-04-01,C,ok,ไม่พบสัญญาณผิดปกติเชิงสถิติ (ใช้น้ำตามพฤติกรรมปกติ),02:00,04:00,65.75,68.365,2.704,73.773,71.069,-1.073,ไม่มีแนวโน้มชัดเจน,False,10.816,False,False,False,False,0,False,False,0.0,0.0,14,2e-05,25.78571,,0.0,RESIDENTIAL,PVC,2026-08-13 08:45:24
DM-15-06-05-01,DM-15-06-05-01,C,ok,ไม่พบสัญญาณผิดปกติเชิงสถิติ (ใช้น้ำตามพฤติกรรมปกติ),02:00,04:00,15.25,15.25,0.763,16.775,16.012,0.0,ไม่มีแนวโน้มชัดเจน,False,3.05,False,False,False,False,0,False,False,0.0,0.0,14,0.0,0.1,,0.0,RESIDENTIAL,PVC,2026-08-13 08:45:24
DM-15-07-02-01,DM-15-07-02-01,C,ok,เคยมีสัญญาณผิดปกติ (Mann-Kendall/CUSUM สะสม) แต่ MNF ล่าสุด (143.2) ลดลงมาต่ำกว่า 70% ของพีคล่าสุด (168.0) แล้ว — น่าจะเป็นเหตุการณ์ที่จบไปแล้ว/ซ่อมเสร็จแล้ว จึงไม่ขึ้นเตือน,01:45,03:45,143.25,146.125,6.001,158.127,152.126,-1.968,ลดลงต่อเนื่อง (มีนัยสำคัญ),True,24.004,True,False,False,False,2,True,False,0.5,12.0,14,0.0,1.76923,,12.0,RESIDENTIAL,PVC,2026-08-13 08:45:24
DM-15-07-05-01,DM-15-07-05-01,C,ok,ไม่พบสัญญาณผิดปกติเชิงสถิติ (ใช้น้ำตามพฤติกรรมปกติ),02:00,04:00,48.25,47.423,5.673,58.768,53.096,-1.431,ไม่มีแนวโน้มชัดเจน,False,22.691,False,False,False,False,0,False,False,2.327,55.85,14,3e-05,0.10681,,55.85,RESIDENTIAL,PVC,2026-08-13 08:45:24
DM-15-08-01-01,DM-15-08-01-01,C,ok,เคยมีสัญญาณผิดปกติ (Mann-Kendall/CUSUM สะสม) แต่ MNF ล่าสุด (27.5) ลดลงมาต่ำกว่า 70% ของพีคล่าสุด (29.9) แล้ว — น่าจะเป็นเหตุการณ์ที่จบไปแล้ว/ซ่อมเสร็จแล้ว จึงไม่ขึ้นเตือน,23:45,01:45,27.5,27.455,0.758,28.972,28.214,-1.073,ไม่มีแนวโน้มชัดเจน,False,3.033,True,True,False,False,0,False,False,0.128,3.07,14,0.00013,0.67207,,3.07,RESIDENTIAL,PVC,2026-08-13 08:45:24
DM-15-09-01-01,DM-15-09-01-01,C,ok,ไม่พบสัญญาณผิดปกติเชิงสถิติ (ใช้น้ำตามพฤติกรรมปกติ),02:15,04:15,125.875,140.298,18.704,177.706,159.002,-1.252,ไม่มีแนวโน้มชัดเจน,False,74.817,False,False,False,False,0,False,False,0.0,0.0,14,0.0,0.1,,0.0,RESIDENTIAL,PVC,2026-08-13 08:45:24
DM-15-09-01-02,DM-15-09-01-02,C,ok,ไม่พบสัญญาณผิดปกติเชิงสถิติ (ใช้น้ำตามพฤติกรรมปกติ),20:45,22:45,17.125,16.554,2.095,20.743,18.648,0.537,มีแนวโน้มเพิ่มขึ้นเล็กน้อย (ยังไม่ชัดเจนพอ),False,8.379,False,False,False,False,0,False,False,0.0,0.0,14,0.0,0.1,,0.0,RESIDENTIAL,PVC,2026-08-13 08:45:24
DM-15-09-02-01,DM-15-09-02-01,C,ok,ไม่พบสัญญาณผิดปกติเชิงสถิติ (ใช้น้ำตามพฤติกรรมปกติ),12:45,14:45,247.25,177.866,28.059,233.985,205.925,1.073,มีแนวโน้มเพิ่มขึ้นเล็กน้อย (ยังไม่ชัดเจนพอ),False,112.238,False,False,False,False,2,True,False,35.759,858.21,14,1e-05,0.00458,,858.21,RESIDENTIAL,PVC,2026-08-13 08:45:24
DM-15-09-03-02,DM-15-09-03-02,C,ok,เคยมีสัญญาณผิดปกติ (Mann-Kendall/CUSUM สะสม) แต่ MNF ล่าสุด (87.6) ลดลงมาต่ำกว่า 70% ของพีคล่าสุด (105.4) แล้ว — น่าจะเป็นเหตุการณ์ที่จบไปแล้ว/ซ่อมเสร็จแล้ว จึงไม่ขึ้นเตือน,02:15,04:15,87.625,91.481,4.88,101.24,96.361,-1.252,ไม่มีแนวโน้มชัดเจน,False,19.519,True,False,False,False,0,False,False,0.019,0.46,14,2e-05,0.51292,,0.46,RESIDENTIAL,PVC,2026-08-13 08:45:24
DM-16-02-01-01,DM-16-02-01-01,C,ok,เคยมีสัญญาณผิดปกติ (Mann-Kendall/CUSUM สะสม) แต่ MNF ล่าสุด (116.3) ลดลงมาต่ำกว่า 70% ของพีคล่าสุด (173.4) แล้ว — น่าจะเป็นเหตุการณ์ที่จบไปแล้ว/ซ่อมเสร็จแล้ว จึงไม่ขึ้นเตือน,22:00,00:00,116.312,108.652,4.43,117.511,113.082,0.449,มีแนวโน้มเพิ่มขึ้นเล็กน้อย (ยังไม่ชัดเจนพอ),False,17.719,True,False,True,False,1,False,False,12.682,304.36,14,0.0,0.1,,304.36,RESIDENTIAL,PVC,2026-08-13 08:45:24
DM-16-02-01-02,DM-16-02-01-02,C,ok,เคยมีสัญญาณผิดปกติ (Mann-Kendall/CUSUM สะสม) แต่ MNF ล่าสุด (76.5) ลดลงมาต่ำกว่า 70% ของพีคล่าสุด (82.5) แล้ว — น่าจะเป็นเหตุการณ์ที่จบไปแล้ว/ซ่อมเสร็จแล้ว จึงไม่ขึ้นเตือน,01:45,03:45,76.5,80.106,2.941,85.987,83.047,-2.326,ลดลงต่อเนื่อง (มีนัยสำคัญ),True,11.763,False,False,False,False,0,False,False,0.0,0.0,14,0.0,0.1,,0.0,RESIDENTIAL,PVC,2026-08-13 08:45:24
DM-16-02-02-01,DM-16-02-02-01,C,ok,ไม่พบสัญญาณผิดปกติเชิงสถิติ (ใช้น้ำตามพฤติกรรมปกติ),02:30,04:30,39.0,42.077,1.856,45.788,43.933,-0.629,ไม่มีแนวโน้มชัดเจน,False,7.423,False,False,False,False,0,False,False,0.0,0.0,14,1e-05,0.88641,,0.0,RESIDENTIAL,PVC,2026-08-13 08:45:24
DM-16-02-02-02,DM-16-02-02-02,C,ok,เคยมีสัญญาณผิดปกติ (Mann-Kendall/CUSUM สะสม) แต่ MNF ล่าสุด (33.4) ลดลงมาต่ำกว่า 70% ของพีคล่าสุด (41.0) แล้ว — น่าจะเป็นเหตุการณ์ที่จบไปแล้ว/ซ่อมเสร็จแล้ว จึงไม่ขึ้นเตือน,01:15,03:15,33.375,38.346,2.873,44.093,41.219,-2.425,ลดลงต่อเนื่อง (มีนัยสำคัญ),True,11.493,False,False,False,False,0,False,False,0.0,0.0,14,0.0,0.1,,0.0,RESIDENTIAL,PVC,2026-08-13 08:45:24
DM-16-02-03-02,DM-16-02-03-02,C,ok,ไม่พบสัญญาณผิดปกติเชิงสถิติ (ใช้น้ำตามพฤติกรรมปกติ),14:30,16:30,37.0,60.179,10.949,82.076,71.127,-0.358,ไม่มีแนวโน้มชัดเจน,False,43.795,False,False,False,False,6,True,False,0.0,0.0,14,1e-05,0.1,,0.0,RESIDENTIAL,PVC,2026-08-13 08:45:24
DM-16-02-04-02,DM-16-02-04-02,C,ok,เคยมีสัญญาณผิดปกติ (Mann-Kendall/CUSUM สะสม) แต่ MNF ล่าสุด (101.8) ลดลงมาต่ำกว่า 70% ของพีคล่าสุด (113.5) แล้ว — น่าจะเป็นเหตุการณ์ที่จบไปแล้ว/ซ่อมเสร็จแล้ว จึงไม่ขึ้นเตือน,02:00,04:00,101.75,108.856,4.512,117.88,113.368,-2.344,ลดลงต่อเนื่อง (มีนัยสำคัญ),True,18.048,False,False,False,False,0,False,False,0.0,0.0,14,0.0,0.1,,0.0,RESIDENTIAL,PVC,2026-08-13 08:45:24
DM-16-02-05-01,DM-16-02-05-01,C,ok,ไม่พบสัญญาณผิดปกติเชิงสถิติ (ใช้น้ำตามพฤติกรรมปกติ),18:45,20:45,41.875,41.241,1.673,44.588,42.914,-0.629,ไม่มีแนวโน้มชัดเจน,False,6.693,True,True,False,False,0,False,False,0.009,0.21,14,2e-05,0.63141,,0.21,RESIDENTIAL,PVC,2026-08-13 08:45:24
DM-16-03-02-02,DM-16-03-02-02,C,ok,ไม่พบสัญญาณผิดปกติเชิงสถิติ (ใช้น้ำตามพฤติกรรมปกติ),18:00,20:00,76.0,76.464,5.806,88.076,82.27,-0.09,ไม่มีแนวโน้มชัดเจน,False,23.223,False,False,False,False,0,False,False,0.327,7.86,14,1e-05,6.14835,,7.86,RESIDENTIAL,PVC,2026-08-13 08:45:24
DM-16-03-03-01,DM-16-03-03-01,C,ok,เคยมีสัญญาณผิดปกติ (Mann-Kendall/CUSUM สะสม) แต่ MNF ล่าสุด (17.6) ลดลงมาต่ำกว่า 70% ของพีคล่าสุด (20.1) แล้ว — น่าจะเป็นเหตุการณ์ที่จบไปแล้ว/ซ่อมเสร็จแล้ว จึงไม่ขึ้นเตือน,23:15,01:15,17.625,20.292,1.296,22.883,21.587,-1.984,ลดลงต่อเนื่อง (มีนัยสำคัญ),True,5.183,False,False,False,False,0,False,False,0.0,0.0,14,8e-05,6.10714,,0.0,RESIDENTIAL,PVC,2026-08-13 08:45:24
DM-16-03-06-01,DM-16-03-06-01,B,watch,Flow สูงกว่าเกณฑ์ต่อเนื่อง 16 intervals พร้อมแรงดันตก แต่ไม่ใช่การเปลี่ยนแปลงฉับพลันใน 1-2 วัน (น่าจะเป็นรั่วที่ดำเนินมาระยะหนึ่งแล้วและขยายจนคงที่) — ควรตรวจสอบโดยเร็วแต่ไม่ใช่เหตุฉุกเฉินแบบท่อแตกใหม่,04:30,06:30,239.25,183.654,50.218,284.089,233.871,0.358,มีแนวโน้มเพิ่มขึ้นเล็กน้อย (ยังไม่ชัดเจนพอ),False,200.87,True,True,False,True,16,True,False,34.388,825.31,14,0.0,3e-05,ใกล้ RTU สัมพัทธ์ (< 2 กม. โดยประมาณ),825.31,RESIDENTIAL,PVC,2026-08-13 08:45:24
DM-16-03-08-01,DM-16-03-08-01,C,ok,เคยมีสัญญาณผิดปกติ (Mann-Kendall/CUSUM สะสม) แต่ MNF ล่าสุด (66.8) ลดลงมาต่ำกว่า 70% ของพีคล่าสุด (81.8) แล้ว — น่าจะเป็นเหตุการณ์ที่จบไปแล้ว/ซ่อมเสร็จแล้ว จึงไม่ขึ้นเตือน,02:15,04:15,66.75,73.269,4.26,81.789,77.529,-1.968,ลดลงต่อเนื่อง (มีนัยสำคัญ),True,17.039,True,False,False,False,0,False,False,0.0,0.0,14,0.0,0.1,,0.0,RESIDENTIAL,PVC,2026-08-13 08:45:24
DM-16-04-03-01,DM-16-04-03-01,C,ok,ไม่พบสัญญาณผิดปกติเชิงสถิติ (ใช้น้ำตามพฤติกรรมปกติ),02:30,04:30,72.75,72.327,3.554,79.436,75.881,1.347,มีแนวโน้มเพิ่มขึ้นเล็กน้อย (ยังไม่ชัดเจนพอ),False,14.217,True,False,False,False,0,False,False,0.0,0.0,14,2e-05,0.1,,0.0,RESIDENTIAL,PVC,2026-08-13 08:45:24
DM-16-04-03-02,DM-16-04-03-02,C,ok,เคยมีสัญญาณผิดปกติ (Mann-Kendall/CUSUM สะสม) แต่ MNF ล่าสุด (51.8) ลดลงมาต่ำกว่า 70% ของพีคล่าสุด (58.8) แล้ว — น่าจะเป็นเหตุการณ์ที่จบไปแล้ว/ซ่อมเสร็จแล้ว จึงไม่ขึ้นเตือน,23:30,01:30,51.75,51.955,1.66,55.275,53.615,-1.61,ไม่มีแนวโน้มชัดเจน,False,6.64,True,False,True,False,7,False,False,1.753,42.07,14,4e-05,0.36568,,42.07,RESIDENTIAL,PVC,2026-08-13 08:45:24
DM-16-04-05-01,DM-16-04-05-01,C,ok,ไม่พบสัญญาณผิดปกติเชิงสถิติ (ใช้น้ำตามพฤติกรรมปกติ),18:45,20:45,112.375,111.562,4.812,121.188,116.375,0.179,มีแนวโน้มเพิ่มขึ้นเล็กน้อย (ยังไม่ชัดเจนพอ),False,19.25,False,False,False,False,0,False,False,1.521,36.5,14,1e-05,2.93092,,36.5,RESIDENTIAL,PVC,2026-08-13 08:45:24
DM-16-04-05-02,DM-16-04-05-02,C,ok,ไม่พบสัญญาณผิดปกติเชิงสถิติ (ใช้น้ำตามพฤติกรรมปกติ),02:30,04:30,63.375,60.856,3.676,68.207,64.532,0.449,มีแนวโน้มเพิ่มขึ้นเล็กน้อย (ยังไม่ชัดเจนพอ),False,14.703,False,False,False,False,0,False,False,4.603,110.46,14,1e-05,0.11268,,110.46,RESIDENTIAL,PVC,2026-08-13 08:45:24
DM-16-04-07-01,DM-16-04-07-01,B,watch,CUSUM สะสมเป็นบวกต่อเนื่อง (ยังไม่ Step-up ฉับพลัน),02:00,04:00,19.0,18.212,0.575,19.361,18.786,0.716,มีแนวโน้มเพิ่มขึ้นเล็กน้อย (ยังไม่ชัดเจนพอ),False,2.299,True,False,False,False,1,True,False,1.413,33.92,14,3e-05,0.1,ไกลจาก RTU สัมพัทธ์ / ปลายสาย (> 2 กม. โดยประมาณ),33.92,RESIDENTIAL,PVC,2026-08-13 08:45:24
DM-16-05-01-01,DM-16-05-01-01,C,ok,ไม่พบสัญญาณผิดปกติเชิงสถิติ (ใช้น้ำตามพฤติกรรมปกติ),02:30,04:30,100.75,114.76,11.277,137.315,126.037,-0.894,ไม่มีแนวโน้มชัดเจน,False,45.11,False,False,False,False,1,True,False,0.0,0.0,14,0.0,0.1,,0.0,RESIDENTIAL,PVC,2026-08-13 08:45:24
DM-16-05-02-01,DM-16-05-02-01,A,alert,Flow สูงกว่าเกณฑ์ต่อเนื่อง 16 intervals + CUSUM ขยับฐานฉับพลันใน 1-2 วันล่าสุด + แรงดันตกยืนยัน,19:30,21:30,115.625,90.518,6.284,103.085,96.801,-0.716,ไม่มีแนวโน้มชัดเจน,False,25.135,True,False,True,True,16,True,False,18.274,438.57,14,0.0,0.00038,ใกล้ RTU สัมพัทธ์ (< 2 กม. โดยประมาณ),438.57,RESIDENTIAL,PVC,2026-08-13 08:45:24
DM-16-05-03-02,DM-16-05-03-02,C,ok,เคยมีสัญญาณผิดปกติ (Mann-Kendall/CUSUM สะสม) แต่ MNF ล่าสุด (79.8) ลดลงมาต่ำกว่า 70% ของพีคล่าสุด (91.4) แล้ว — น่าจะเป็นเหตุการณ์ที่จบไปแล้ว/ซ่อมเสร็จแล้ว จึงไม่ขึ้นเตือน,02:30,04:30,79.75,83.49,2.4,88.29,85.89,0.0,ไม่มีแนวโน้มชัดเจน,False,9.599,True,False,True,False,0,False,False,0.0,0.0,14,1e-05,11.25,,0.0,RESIDENTIAL,PVC,2026-08-13 08:45:24
DM-16-05-04-01,DM-16-05-04-01,C,ok,ไม่พบสัญญาณผิดปกติเชิงสถิติ (ใช้น้ำตามพฤติกรรมปกติ),02:00,04:00,139.375,148.577,4.626,157.829,153.203,-0.716,ไม่มีแนวโน้มชัดเจน,False,18.503,True,True,True,False,1,False,False,0.0,0.0,14,0.0,0.1,,0.0,RESIDENTIAL,PVC,2026-08-13 08:45:24
DM-16-06-01-01,DM-16-06-01-01,C,ok,ไม่พบสัญญาณผิดปกติเชิงสถิติ (ใช้น้ำตามพฤติกรรมปกติ),22:45,00:45,29.125,30.471,1.299,33.07,31.771,-0.716,ไม่มีแนวโน้มชัดเจน,False,5.197,False,False,False,False,0,False,False,0.0,0.0,14,1e-05,2.0,,0.0,RESIDENTIAL,PVC,2026-08-13 08:45:24
DM-16-06-01-02,DM-16-06-01-02,C,ok,เคยมีสัญญาณผิดปกติ (Mann-Kendall/CUSUM สะสม) แต่ MNF ล่าสุด (130.6) ลดลงมาต่ำกว่า 70% ของพีคล่าสุด (138.4) แล้ว — น่าจะเป็นเหตุการณ์ที่จบไปแล้ว/ซ่อมเสร็จแล้ว จึงไม่ขึ้นเตือน,22:15,00:15,130.625,123.523,8.088,139.699,131.611,0.0,ไม่มีแนวโน้มชัดเจน,False,32.353,True,False,False,False,0,False,False,5.519,132.45,14,1e-05,0.00343,,132.45,RESIDENTIAL,PVC,2026-08-13 08:45:24
DM-16-06-02-01,DM-16-06-02-01,C,ok,ไม่พบสัญญาณผิดปกติเชิงสถิติ (ใช้น้ำตามพฤติกรรมปกติ),20:30,22:30,75.625,106.714,7.049,120.812,113.763,-1.252,ไม่มีแนวโน้มชัดเจน,False,28.196,False,False,False,False,0,False,False,0.0,0.0,14,0.0,4.69231,,0.0,RESIDENTIAL,PVC,2026-08-13 08:45:24
DM-16-06-04-01,DM-16-06-04-01,C,ok,เคยมีสัญญาณผิดปกติ (Mann-Kendall/CUSUM สะสม) แต่ MNF ล่าสุด (35.4) ลดลงมาต่ำกว่า 70% ของพีคล่าสุด (48.9) แล้ว — น่าจะเป็นเหตุการณ์ที่จบไปแล้ว/ซ่อมเสร็จแล้ว จึงไม่ขึ้นเตือน,02:30,04:30,35.375,42.846,2.394,47.635,45.241,-1.968,ลดลงต่อเนื่อง (มีนัยสำคัญ),True,9.578,False,False,False,False,0,False,False,0.0,0.0,14,1e-05,5.45055,,0.0,RESIDENTIAL,PVC,2026-08-13 08:45:24
DM-16-06-05-01,DM-16-06-05-01,C,ok,เคยมีสัญญาณผิดปกติ (Mann-Kendall/CUSUM สะสม) แต่ MNF ล่าสุด (62.5) ลดลงมาต่ำกว่า 70% ของพีคล่าสุด (69.0) แล้ว — น่าจะเป็นเหตุการณ์ที่จบไปแล้ว/ซ่อมเสร็จแล้ว จึงไม่ขึ้นเตือน,02:15,04:15,62.5,66.577,1.761,70.1,68.338,-1.706,ลดลงต่อเนื่อง (มีนัยสำคัญ),True,7.045,True,False,True,False,0,False,False,0.0,0.0,14,1e-05,0.1,,0.0,RESIDENTIAL,PVC,2026-08-13 08:45:24
DM-16-07-01-01,DM-16-07-01-01,C,ok,ไม่พบสัญญาณผิดปกติเชิงสถิติ (ใช้น้ำตามพฤติกรรมปกติ),20:15,22:15,106.375,130.25,10.133,150.517,140.383,1.431,มีแนวโน้มเพิ่มขึ้นเล็กน้อย (ยังไม่ชัดเจนพอ),False,40.533,False,False,False,False,3,True,False,0.0,0.0,14,0.0,0.1,,0.0,RESIDENTIAL,PVC,2026-08-13 08:45:24
DM-16-07-02-01,DM-16-07-02-01,C,ok,ไม่พบสัญญาณผิดปกติเชิงสถิติ (ใช้น้ำตามพฤติกรรมปกติ),23:30,01:30,149.25,152.884,6.889,166.662,159.773,-0.179,ไม่มีแนวโน้มชัดเจน,False,27.557,False,False,False,False,2,False,False,0.0,0.0,14,1e-05,16.65385,,0.0,RESIDENTIAL,PVC,2026-08-13 08:45:24
DM-16-07-04-01,DM-16-07-04-01,C,ok,ไม่พบสัญญาณผิดปกติเชิงสถิติ (ใช้น้ำตามพฤติกรรมปกติ),23:30,01:30,17.625,19.705,3.053,25.811,22.758,-1.167,ไม่มีแนวโน้มชัดเจน,False,12.212,True,False,True,False,0,False,False,0.0,0.0,14,0.00015,0.1,,0.0,RESIDENTIAL,PVC,2026-08-13 08:45:24
DM-16-07-06-02,DM-16-07-06-02,C,ok,ไม่พบสัญญาณผิดปกติเชิงสถิติ (ใช้น้ำตามพฤติกรรมปกติ),02:15,04:15,87.625,89.288,4.507,98.303,93.796,-0.902,ไม่มีแนวโน้มชัดเจน,False,18.028,False,False,False,False,2,False,False,0.0,0.0,14,0.0,0.1,,0.0,RESIDENTIAL,PVC,2026-08-13 08:45:24
DM-16-07-09-01,DM-16-07-09-01,C,ok,ไม่พบสัญญาณผิดปกติเชิงสถิติ (ใช้น้ำตามพฤติกรรมปกติ),02:00,04:00,81.625,89.933,4.288,98.509,94.221,-0.269,ไม่มีแนวโน้มชัดเจน,False,17.153,False,False,False,False,0,False,False,0.0,0.0,14,0.0,0.1,,0.0,RESIDENTIAL,PVC,2026-08-13 08:45:24
DM-16-08-01-01,DM-16-08-01-01,C,ok,ไม่พบสัญญาณผิดปกติเชิงสถิติ (ใช้น้ำตามพฤติกรรมปกติ),23:15,01:15,92.0,97.542,16.436,130.413,113.977,-1.262,ไม่มีแนวโน้มชัดเจน,False,65.743,False,False,False,False,0,False,False,0.0,0.0,14,0.0,0.1,,0.0,RESIDENTIAL,PVC,2026-08-13 08:45:24
DM-16-08-03-01,DM-16-08-03-01,C,ok,ไม่พบสัญญาณผิดปกติเชิงสถิติ (ใช้น้ำตามพฤติกรรมปกติ),22:15,00:15,75.875,68.934,9.033,87.001,77.967,0.182,มีแนวโน้มเพิ่มขึ้นเล็กน้อย (ยังไม่ชัดเจนพอ),False,36.134,False,False,False,False,0,False,False,6.9,165.59,14,0.0,0.00096,,165.59,RESIDENTIAL,PVC,2026-08-13 08:45:24
DM-16-08-04-01,DM-16-08-04-01,C,ok,เคยมีสัญญาณผิดปกติ (Mann-Kendall/CUSUM สะสม) แต่ MNF ล่าสุด (91.8) ลดลงมาต่ำกว่า 70% ของพีคล่าสุด (109.5) แล้ว — น่าจะเป็นเหตุการณ์ที่จบไปแล้ว/ซ่อมเสร็จแล้ว จึงไม่ขึ้นเตือน,02:15,04:15,91.75,110.721,7.352,125.426,118.074,-1.968,ลดลงต่อเนื่อง (มีนัยสำคัญ),True,29.41,False,False,False,False,0,False,False,0.0,0.0,14,0.0,8.60714,,0.0,RESIDENTIAL,PVC,2026-08-13 08:45:24
DM-16-08-04-02,DM-16-08-04-02,C,ok,ไม่พบสัญญาณผิดปกติเชิงสถิติ (ใช้น้ำตามพฤติกรรมปกติ),01:00,03:00,61.25,73.058,18.353,109.764,91.411,-0.358,ไม่มีแนวโน้มชัดเจน,False,73.413,False,False,False,False,0,False,False,0.0,0.0,14,0.0,0.1,,0.0,RESIDENTIAL,PVC,2026-08-13 08:45:24
DM-17-07-09-05,DM-17-07-09-05,C,ok,ไม่พบสัญญาณผิดปกติเชิงสถิติ (ใช้น้ำตามพฤติกรรมปกติ),02:00,04:00,67.438,68.077,1.528,71.133,69.605,0.0,ไม่มีแนวโน้มชัดเจน,False,6.112,False,False,False,False,0,False,False,0.0,0.0,14,1e-05,7.25,,0.0,RESIDENTIAL,PVC,2026-08-13 08:45:24
DM-17-09-07-01,DM-17-09-07-01,C,ok,ไม่พบสัญญาณผิดปกติเชิงสถิติ (ใช้น้ำตามพฤติกรรมปกติ),02:30,04:30,78.625,78.615,0.242,79.1,78.858,0.0,ไม่มีแนวโน้มชัดเจน,False,0.97,False,False,False,False,0,False,False,0.01,0.23,14,0.0,0.1,,0.23,RESIDENTIAL,PVC,2026-08-13 08:45:24
DM-53-01-01-05,DM-53-01-01-05,C,ok,ไม่พบสัญญาณผิดปกติเชิงสถิติ (ใช้น้ำตามพฤติกรรมปกติ),23:15,01:15,16.375,45.122,4.162,53.446,49.284,0.541,มีแนวโน้มเพิ่มขึ้นเล็กน้อย (ยังไม่ชัดเจนพอ),False,16.648,False,False,False,True,26,False,False,0.0,0.0,14,4e-05,0.1,,0.0,RESIDENTIAL,PVC,2026-08-13 08:45:24
DM-53-01-03-01,DM-53-01-03-01,C,ok,เคยมีสัญญาณผิดปกติ (Mann-Kendall/CUSUM สะสม) แต่ MNF ล่าสุด (67.5) ลดลงมาต่ำกว่า 70% ของพีคล่าสุด (91.8) แล้ว — น่าจะเป็นเหตุการณ์ที่จบไปแล้ว/ซ่อมเสร็จแล้ว จึงไม่ขึ้นเตือน,01:45,03:45,67.5,80.933,4.418,89.768,85.35,-1.968,ลดลงต่อเนื่อง (มีนัยสำคัญ),True,17.671,False,False,False,False,0,False,False,0.0,0.0,14,0.0,0.1,,0.0,RESIDENTIAL,PVC,2026-08-13 08:45:24
DM-53-01-05-04,DM-53-01-05-04,A,alert,Flow สูงกว่าเกณฑ์ต่อเนื่อง 16 intervals + CUSUM ขยับฐานฉับพลันใน 1-2 วันล่าสุด,22:30,00:30,70.375,37.119,19.862,76.844,56.981,1.984,เพิ่มขึ้นต่อเนื่อง (มีนัยสำคัญ),True,79.449,True,True,True,True,16,False,False,33.089,794.14,14,0.0,0.00015,ใกล้ RTU สัมพัทธ์ (< 2 กม. โดยประมาณ),794.14,RESIDENTIAL,PVC,2026-08-13 08:45:24
DM-53-01-08-01,DM-53-01-08-01,C,ok,ไม่พบสัญญาณผิดปกติเชิงสถิติ (ใช้น้ำตามพฤติกรรมปกติ),02:15,04:15,49.5,54.683,2.538,59.759,57.221,-1.073,ไม่มีแนวโน้มชัดเจน,False,10.152,False,False,False,False,0,False,False,0.0,0.0,14,0.0,0.1,,0.0,RESIDENTIAL,PVC,2026-08-13 08:45:24
DM-53-02-01-01,DM-53-02-01-01,B,watch,CUSUM สะสมเป็นบวกต่อเนื่อง (ยังไม่ Step-up ฉับพลัน),02:00,04:00,113.125,106.404,2.836,112.075,109.24,-0.988,ไม่มีแนวโน้มชัดเจน,False,11.343,True,False,False,False,2,True,False,4.054,97.31,14,0.0,0.01553,ไกลจาก RTU สัมพัทธ์ / ปลายสาย (> 2 กม. โดยประมาณ),97.31,RESIDENTIAL,PVC,2026-08-13 08:45:24
DM-53-02-03-02,DM-53-02-03-02,C,ok,ไม่พบสัญญาณผิดปกติเชิงสถิติ (ใช้น้ำตามพฤติกรรมปกติ),02:00,04:00,114.875,116.981,2.72,122.421,119.701,-1.073,ไม่มีแนวโน้มชัดเจน,False,10.88,True,True,True,False,1,False,False,0.0,0.0,14,0.0,0.1,,0.0,RESIDENTIAL,PVC,2026-08-13 08:45:24
DM-53-02-03-03,DM-53-02-03-03,C,ok,ไม่พบสัญญาณผิดปกติเชิงสถิติ (ใช้น้ำตามพฤติกรรมปกติ),23:00,01:00,154.75,164.955,2.944,170.844,167.9,-1.431,ไม่มีแนวโน้มชัดเจน,False,11.777,False,False,False,False,0,False,False,0.0,0.0,14,0.0,0.1,,0.0,RESIDENTIAL,PVC,2026-08-13 08:45:24
DM-53-02-04-02,DM-53-02-04-02,B,watch,Flow สูงกว่าเกณฑ์ต่อเนื่อง 11 intervals พร้อมแรงดันตก แต่ไม่ใช่การเปลี่ยนแปลงฉับพลันใน 1-2 วัน (น่าจะเป็นรั่วที่ดำเนินมาระยะหนึ่งแล้วและขยายจนคงที่) — ควรตรวจสอบโดยเร็วแต่ไม่ใช่เหตุฉุกเฉินแบบท่อแตกใหม่,02:00,04:00,82.25,73.635,2.791,79.217,76.426,0.894,มีแนวโน้มเพิ่มขึ้นเล็กน้อย (ยังไม่ชัดเจนพอ),False,11.164,True,False,False,True,11,True,False,9.032,216.77,14,1e-05,0.00111,ใกล้ RTU สัมพัทธ์ (< 2 กม. โดยประมาณ),216.77,RESIDENTIAL,PVC,2026-08-13 08:45:24
DM-53-02-05-02,DM-53-02-05-02,C,ok,ไม่พบสัญญาณผิดปกติเชิงสถิติ (ใช้น้ำตามพฤติกรรมปกติ),01:30,03:30,68.125,66.808,11.404,89.616,78.212,-1.073,ไม่มีแนวโน้มชัดเจน,False,45.617,False,False,False,False,6,True,False,0.0,0.0,14,0.0,0.1,,0.0,RESIDENTIAL,PVC,2026-08-13 08:45:24
DM-53-02-06-02,DM-53-02-06-02,C,ok,เคยมีสัญญาณผิดปกติ (Mann-Kendall/CUSUM สะสม) แต่ MNF ล่าสุด (110.8) ลดลงมาต่ำกว่า 70% ของพีคล่าสุด (120.6) แล้ว — น่าจะเป็นเหตุการณ์ที่จบไปแล้ว/ซ่อมเสร็จแล้ว จึงไม่ขึ้นเตือน,23:15,01:15,110.75,116.92,5.194,127.308,122.114,-2.604,ลดลงต่อเนื่อง (มีนัยสำคัญ),True,20.777,False,False,False,False,1,False,False,0.0,0.0,14,0.0,0.1,,0.0,RESIDENTIAL,PVC,2026-08-13 08:45:24
DM-53-02-07-01,DM-53-02-07-01,C,ok,ไม่พบสัญญาณผิดปกติเชิงสถิติ (ใช้น้ำตามพฤติกรรมปกติ),02:00,04:00,133.375,147.99,11.311,170.612,159.301,-0.894,ไม่มีแนวโน้มชัดเจน,False,45.243,False,False,False,False,0,False,False,0.0,0.0,14,0.0,0.1,,0.0,RESIDENTIAL,PVC,2026-08-13 08:45:24
DM-53-02-08-01,DM-53-02-08-01,C,ok,เคยมีสัญญาณผิดปกติ (Mann-Kendall/CUSUM สะสม) แต่ MNF ล่าสุด (56.9) ลดลงมาต่ำกว่า 70% ของพีคล่าสุด (82.5) แล้ว — น่าจะเป็นเหตุการณ์ที่จบไปแล้ว/ซ่อมเสร็จแล้ว จึงไม่ขึ้นเตือน,02:00,04:00,56.875,77.087,1.767,80.621,78.854,-3.22,ลดลงต่อเนื่อง (มีนัยสำคัญ),True,7.069,True,False,False,False,0,False,False,0.0,0.0,14,0.0,0.1,,0.0,RESIDENTIAL,PVC,2026-08-13 08:45:24
DM-53-02-09-01,DM-53-02-09-01,C,ok,เคยมีสัญญาณผิดปกติ (Mann-Kendall/CUSUM สะสม) แต่ MNF ล่าสุด (20.2) ลดลงมาต่ำกว่า 70% ของพีคล่าสุด (35.1) แล้ว — น่าจะเป็นเหตุการณ์ที่จบไปแล้ว/ซ่อมเสร็จแล้ว จึงไม่ขึ้นเตือน,23:15,01:15,20.25,23.735,3.839,31.414,27.574,0.0,ไม่มีแนวโน้มชัดเจน,False,15.357,True,True,True,False,0,False,False,3.057,73.36,14,0.0,0.1,,73.36,RESIDENTIAL,PVC,2026-08-13 08:45:24
DM-53-02-09-02,DM-53-02-09-02,C,ok,เคยมีสัญญาณผิดปกติ (Mann-Kendall/CUSUM สะสม) แต่ MNF ล่าสุด (96.5) ลดลงมาต่ำกว่า 70% ของพีคล่าสุด (127.2) แล้ว — น่าจะเป็นเหตุการณ์ที่จบไปแล้ว/ซ่อมเสร็จแล้ว จึงไม่ขึ้นเตือน,01:45,03:45,96.5,97.356,3.762,104.879,101.118,1.61,มีแนวโน้มเพิ่มขึ้นเล็กน้อย (ยังไม่ชัดเจนพอ),False,15.047,True,True,True,False,2,False,False,15.769,378.46,14,0.0,0.1,,378.46,RESIDENTIAL,PVC,2026-08-13 08:45:24
DM-53-03-01-03,DM-53-03-01-03,C,ok,เคยมีสัญญาณผิดปกติ (Mann-Kendall/CUSUM สะสม) แต่ MNF ล่าสุด (61.8) ลดลงมาต่ำกว่า 70% ของพีคล่าสุด (75.9) แล้ว — น่าจะเป็นเหตุการณ์ที่จบไปแล้ว/ซ่อมเสร็จแล้ว จึงไม่ขึ้นเตือน,23:30,01:30,61.75,69.598,6.089,81.776,75.687,-2.504,ลดลงต่อเนื่อง (มีนัยสำคัญ),True,24.356,False,False,False,False,0,False,False,0.0,0.0,14,0.0,0.1,,0.0,RESIDENTIAL,PVC,2026-08-13 08:45:24
DM-53-03-01-04,DM-53-03-01-04,C,ok,ไม่พบสัญญาณผิดปกติเชิงสถิติ (ใช้น้ำตามพฤติกรรมปกติ),01:15,03:15,95.25,94.577,2.148,98.872,96.724,0.0,ไม่มีแนวโน้มชัดเจน,False,8.59,False,False,False,False,0,False,False,0.673,16.15,14,0.0,0.00194,,16.15,RESIDENTIAL,PVC,2026-08-13 08:45:24
DM-53-03-02-01,DM-53-03-02-01,C,ok,เคยมีสัญญาณผิดปกติ (Mann-Kendall/CUSUM สะสม) แต่ MNF ล่าสุด (67.4) ลดลงมาต่ำกว่า 70% ของพีคล่าสุด (74.8) แล้ว — น่าจะเป็นเหตุการณ์ที่จบไปแล้ว/ซ่อมเสร็จแล้ว จึงไม่ขึ้นเตือน,02:00,04:00,67.375,70.885,2.964,76.812,73.848,-1.706,ลดลงต่อเนื่อง (มีนัยสำคัญ),True,11.854,False,False,False,False,1,False,False,0.0,0.0,14,0.0,0.1,,0.0,RESIDENTIAL,PVC,2026-08-13 08:45:24
DM-53-03-04-02,DM-53-03-04-02,C,ok,ไม่พบสัญญาณผิดปกติเชิงสถิติ (ใช้น้ำตามพฤติกรรมปกติ),01:30,03:30,20.0,20.971,2.1,25.171,23.071,-0.721,ไม่มีแนวโน้มชัดเจน,False,8.399,False,False,False,False,0,False,False,0.0,0.0,14,0.00016,36.68132,,0.0,RESIDENTIAL,PVC,2026-08-13 08:45:24
DM-53-03-05-02,DM-53-03-05-02,C,ok,ไม่พบสัญญาณผิดปกติเชิงสถิติ (ใช้น้ำตามพฤติกรรมปกติ),23:00,01:00,150.875,160.795,7.842,176.478,168.636,-1.431,ไม่มีแนวโน้มชัดเจน,False,31.367,False,False,False,False,3,True,False,0.0,0.0,14,3e-05,301.07143,,0.0,RESIDENTIAL,PVC,2026-08-13 08:45:24
DM-53-03-06-02,DM-53-03-06-02,C,ok,ไม่พบสัญญาณผิดปกติเชิงสถิติ (ใช้น้ำตามพฤติกรรมปกติ),11:30,13:30,76.0,78.071,3.16,84.392,81.231,-0.358,ไม่มีแนวโน้มชัดเจน,False,12.64,False,False,False,False,0,False,False,0.429,10.29,14,2e-05,0.36091,,10.29,RESIDENTIAL,PVC,2026-08-13 08:45:24
DM-53-05-01-03,DM-53-05-01-03,C,ok,เคยมีสัญญาณผิดปกติ (Mann-Kendall/CUSUM สะสม) แต่ MNF ล่าสุด (51.4) ลดลงมาต่ำกว่า 70% ของพีคล่าสุด (78.1) แล้ว — น่าจะเป็นเหตุการณ์ที่จบไปแล้ว/ซ่อมเสร็จแล้ว จึงไม่ขึ้นเตือน,01:45,03:45,51.375,72.173,2.686,77.545,74.859,-1.968,ลดลงต่อเนื่อง (มีนัยสำคัญ),True,10.744,True,True,False,False,0,False,False,0.0,0.0,14,0.0,0.1,,0.0,RESIDENTIAL,PVC,2026-08-13 08:45:24
DM-53-05-01-04,DM-53-05-01-04,A,alert,Flow สูงกว่าเกณฑ์ต่อเนื่อง 14 intervals + CUSUM ขยับฐานฉับพลันใน 1-2 วันล่าสุด + แรงดันตกยืนยัน,22:15,00:15,96.0,85.458,2.111,89.679,87.568,1.431,มีแนวโน้มเพิ่มขึ้นเล็กน้อย (ยังไม่ชัดเจนพอ),False,8.442,True,False,True,True,14,True,False,11.084,266.01,14,0.0,0.00012,ใกล้ RTU สัมพัทธ์ (< 2 กม. โดยประมาณ),266.01,RESIDENTIAL,PVC,2026-08-13 08:45:24
DM-53-05-03-03,DM-53-05-03-03,C,ok,ไม่พบสัญญาณผิดปกติเชิงสถิติ (ใช้น้ำตามพฤติกรรมปกติ),00:00,02:00,71.625,103.76,9.184,122.129,112.944,-1.252,ไม่มีแนวโน้มชัดเจน,False,36.738,False,False,False,False,0,False,False,0.0,0.0,14,1e-05,14.28571,,0.0,RESIDENTIAL,PVC,2026-08-13 08:45:24
DM-53-05-03-04,DM-53-05-03-04,C,ok,เคยมีสัญญาณผิดปกติ (Mann-Kendall/CUSUM สะสม) แต่ MNF ล่าสุด (76.8) ลดลงมาต่ำกว่า 70% ของพีคล่าสุด (97.5) แล้ว — น่าจะเป็นเหตุการณ์ที่จบไปแล้ว/ซ่อมเสร็จแล้ว จึงไม่ขึ้นเตือน,01:45,03:45,76.75,82.0,3.793,89.586,85.793,-1.61,ไม่มีแนวโน้มชัดเจน,False,15.172,True,False,False,False,0,False,False,2.75,66.0,14,0.0,0.1,,66.0,RESIDENTIAL,PVC,2026-08-13 08:45:24
DM-53-05-04-01,DM-53-05-04-01,B,watch,CUSUM สะสมเป็นบวกต่อเนื่อง (ยังไม่ Step-up ฉับพลัน),01:30,03:30,46.5,42.298,1.651,45.601,43.95,-1.167,ไม่มีแนวโน้มชัดเจน,False,6.606,True,False,False,False,2,True,False,1.577,37.85,14,0.0,0.1,ไกลจาก RTU สัมพัทธ์ / ปลายสาย (> 2 กม. โดยประมาณ),37.85,RESIDENTIAL,PVC,2026-08-13 08:45:24
DM-53-05-05-01,DM-53-05-05-01,C,ok,ไม่พบสัญญาณผิดปกติเชิงสถิติ (ใช้น้ำตามพฤติกรรมปกติ),01:15,03:15,30.875,46.587,13.798,74.183,60.385,0.894,มีแนวโน้มเพิ่มขึ้นเล็กน้อย (ยังไม่ชัดเจนพอ),False,55.194,False,False,False,False,1,False,False,0.0,0.0,14,0.0,0.1,,0.0,RESIDENTIAL,PVC,2026-08-13 08:45:24
DM-53-05-06-01,DM-53-05-06-01,C,ok,ไม่พบสัญญาณผิดปกติเชิงสถิติ (ใช้น้ำตามพฤติกรรมปกติ),02:00,04:00,15.375,10.731,1.672,14.075,12.403,0.179,มีแนวโน้มเพิ่มขึ้นเล็กน้อย (ยังไม่ชัดเจนพอ),False,6.688,False,False,False,False,3,True,False,1.061,25.46,14,0.0,0.00203,,25.46,RESIDENTIAL,PVC,2026-08-13 08:45:24
DM-53-05-09-02,DM-53-05-09-02,C,ok,เคยมีสัญญาณผิดปกติ (Mann-Kendall/CUSUM สะสม) แต่ MNF ล่าสุด (88.1) ลดลงมาต่ำกว่า 70% ของพีคล่าสุด (88.1) แล้ว — น่าจะเป็นเหตุการณ์ที่จบไปแล้ว/ซ่อมเสร็จแล้ว จึงไม่ขึ้นเตือน,22:45,00:45,88.125,83.407,5.983,95.374,89.391,1.968,เพิ่มขึ้นต่อเนื่อง (มีนัยสำคัญ),True,23.934,False,False,False,False,5,False,False,2.468,59.23,14,0.0,0.1,,59.23,RESIDENTIAL,PVC,2026-08-13 08:45:24
DM-53-05-10-01,DM-53-05-10-01,B,watch,CUSUM สะสมเป็นบวกต่อเนื่อง (ยังไม่ Step-up ฉับพลัน),22:45,00:45,29.375,28.414,0.725,29.865,29.14,0.358,มีแนวโน้มเพิ่มขึ้นเล็กน้อย (ยังไม่ชัดเจนพอ),False,2.902,True,False,False,False,1,True,False,0.127,3.06,14,0.0,0.1,ไกลจาก RTU สัมพัทธ์ / ปลายสาย (> 2 กม. โดยประมาณ),3.06,RESIDENTIAL,PVC,2026-08-13 08:45:24
DM-53-06-01-01,DM-53-06-01-01,C,ok,ไม่พบสัญญาณผิดปกติเชิงสถิติ (ใช้น้ำตามพฤติกรรมปกติ),01:45,03:45,19.0,20.788,1.906,24.601,22.695,0.449,มีแนวโน้มเพิ่มขึ้นเล็กน้อย (ยังไม่ชัดเจนพอ),False,7.624,False,False,False,False,2,True,False,0.0,0.0,14,0.0001,0.30429,,0.0,RESIDENTIAL,PVC,2026-08-13 08:45:24
DM-53-06-01-02,DM-53-06-01-02,C,ok,ไม่พบสัญญาณผิดปกติเชิงสถิติ (ใช้น้ำตามพฤติกรรมปกติ),02:00,04:00,151.5,147.615,13.521,174.657,161.136,1.431,มีแนวโน้มเพิ่มขึ้นเล็กน้อย (ยังไม่ชัดเจนพอ),False,54.084,False,False,False,False,0,False,False,2.093,50.23,14,0.0,0.1,,50.23,RESIDENTIAL,PVC,2026-08-13 08:45:24
DM-53-06-02-01,DM-53-06-02-01,B,watch,CUSUM สะสมเป็นบวกต่อเนื่อง (ยังไม่ Step-up ฉับพลัน),02:00,04:00,62.125,60.5,1.586,63.671,62.086,-0.449,ไม่มีแนวโน้มชัดเจน,False,6.343,True,False,False,False,2,True,False,2.583,62.0,14,0.0,0.1,ไกลจาก RTU สัมพัทธ์ / ปลายสาย (> 2 กม. โดยประมาณ),62.0,RESIDENTIAL,PVC,2026-08-13 08:45:24
DM-53-06-05-02,DM-53-06-05-02,A,alert,Flow สูงกว่าเกณฑ์ต่อเนื่อง 12 intervals + CUSUM ขยับฐานฉับพลันใน 1-2 วันล่าสุด + แรงดันตกยืนยัน,23:00,01:00,108.375,92.866,3.01,98.886,95.876,0.537,มีแนวโน้มเพิ่มขึ้นเล็กน้อย (ยังไม่ชัดเจนพอ),False,12.039,True,False,True,True,12,True,False,13.676,328.21,14,0.0,0.00143,ใกล้ RTU สัมพัทธ์ (< 2 กม. โดยประมาณ),328.21,RESIDENTIAL,PVC,2026-08-13 08:45:24
DM-53-06-06-01,DM-53-06-06-01,C,ok,เคยมีสัญญาณผิดปกติ (Mann-Kendall/CUSUM สะสม) แต่ MNF ล่าสุด (135.9) ลดลงมาต่ำกว่า 70% ของพีคล่าสุด (178.4) แล้ว — น่าจะเป็นเหตุการณ์ที่จบไปแล้ว/ซ่อมเสร็จแล้ว จึงไม่ขึ้นเตือน,02:00,04:00,135.875,155.625,7.587,170.799,163.212,-2.862,ลดลงต่อเนื่อง (มีนัยสำคัญ),True,30.347,True,False,True,False,0,False,False,0.0,0.0,14,0.0,0.1,,0.0,RESIDENTIAL,PVC,2026-08-13 08:45:24
DM-53-08-01-02,DM-53-08-01-02,C,ok,ไม่พบสัญญาณผิดปกติเชิงสถิติ (ใช้น้ำตามพฤติกรรมปกติ),16:15,18:15,0.625,4.616,13.433,31.481,18.049,0.18,มีแนวโน้มเพิ่มขึ้นเล็กน้อย (ยังไม่ชัดเจนพอ),False,53.73,False,False,False,False,0,False,False,0.0,0.0,14,0.00057,55.92308,,0.0,RESIDENTIAL,PVC,2026-08-13 08:45:24
DM-53-09-05-01,DM-53-09-05-01,C,ok,เคยมีสัญญาณผิดปกติ (Mann-Kendall/CUSUM สะสม) แต่ MNF ล่าสุด (50.9) ลดลงมาต่ำกว่า 70% ของพีคล่าสุด (61.6) แล้ว — น่าจะเป็นเหตุการณ์ที่จบไปแล้ว/ซ่อมเสร็จแล้ว จึงไม่ขึ้นเตือน,01:00,03:00,50.875,66.933,24.333,115.599,91.266,-2.604,ลดลงต่อเนื่อง (มีนัยสำคัญ),True,97.333,False,False,False,False,0,False,False,0.0,0.0,14,0.0,0.1,,0.0,RESIDENTIAL,PVC,2026-08-13 08:45:24
DM-54-01-04-01,DM-54-01-04-01,B,watch,Mann-Kendall ยืนยันแนวโน้มขึ้นต่อเนื่อง,21:00,23:00,52.75,49.732,2.019,53.77,51.751,2.065,เพิ่มขึ้นต่อเนื่อง (มีนัยสำคัญ),True,8.075,True,True,False,False,6,True,False,4.31,103.43,14,0.0,0.1,ไกลจาก RTU สัมพัทธ์ / ปลายสาย (> 2 กม. โดยประมาณ),103.43,RESIDENTIAL,PVC,2026-08-13 08:45:24
DM-54-02-02-02,DM-54-02-02-02,B,watch,CUSUM สะสมเป็นบวกต่อเนื่อง (ยังไม่ Step-up ฉับพลัน),00:45,02:45,31.125,25.423,2.384,30.19,27.807,1.61,มีแนวโน้มเพิ่มขึ้นเล็กน้อย (ยังไม่ชัดเจนพอ),False,9.534,True,False,False,False,6,False,False,7.035,168.85,14,1e-05,0.00255,ใกล้ RTU สัมพัทธ์ (< 2 กม. โดยประมาณ),168.85,RESIDENTIAL,PVC,2026-08-13 08:45:24
DM-54-02-05-01,DM-54-02-05-01,B,watch,CUSUM สะสมเป็นบวกต่อเนื่อง (ยังไม่ Step-up ฉับพลัน),22:30,00:30,126.25,122.342,3.072,128.486,125.414,1.167,มีแนวโน้มเพิ่มขึ้นเล็กน้อย (ยังไม่ชัดเจนพอ),False,12.288,True,False,True,False,4,False,False,2.824,67.79,14,0.0,0.1,ไกลจาก RTU สัมพัทธ์ / ปลายสาย (> 2 กม. โดยประมาณ),67.79,RESIDENTIAL,PVC,2026-08-13 08:45:24
DM-54-02-05-02,DM-54-02-05-02,C,ok,ไม่พบสัญญาณผิดปกติเชิงสถิติ (ใช้น้ำตามพฤติกรรมปกติ),00:30,02:30,27.125,27.654,3.173,33.999,30.826,-0.629,ไม่มีแนวโน้มชัดเจน,False,12.69,False,False,False,False,0,False,False,1.721,41.31,14,2e-05,5.26923,,41.31,RESIDENTIAL,PVC,2026-08-13 08:45:24
DM-54-02-05-03,DM-54-02-05-03,C,ok,ไม่พบสัญญาณผิดปกติเชิงสถิติ (ใช้น้ำตามพฤติกรรมปกติ),01:00,03:00,34.25,70.615,9.292,89.199,79.907,0.716,มีแนวโน้มเพิ่มขึ้นเล็กน้อย (ยังไม่ชัดเจนพอ),False,37.168,False,False,False,True,24,False,False,0.0,0.0,14,0.0,0.01179,,0.0,RESIDENTIAL,PVC,2026-08-13 08:45:24
DM-54-03-01-02,DM-54-03-01-02,A,alert,Flow สูงกว่าเกณฑ์ต่อเนื่อง 19 intervals + CUSUM ขยับฐานฉับพลันใน 1-2 วันล่าสุด,18:00,20:00,126.812,80.491,2.01,84.511,82.501,1.968,เพิ่มขึ้นต่อเนื่อง (มีนัยสำคัญ),True,8.039,True,False,True,True,19,False,False,71.905,1725.71,14,0.0,0.1,ไกลจาก RTU สัมพัทธ์ / ปลายสาย (> 2 กม. โดยประมาณ),1725.71,RESIDENTIAL,PVC,2026-08-13 08:45:24
DM-54-03-01-03,DM-54-03-01-03,C,ok,เคยมีสัญญาณผิดปกติ (Mann-Kendall/CUSUM สะสม) แต่ MNF ล่าสุด (38.0) ลดลงมาต่ำกว่า 70% ของพีคล่าสุด (41.0) แล้ว — น่าจะเป็นเหตุการณ์ที่จบไปแล้ว/ซ่อมเสร็จแล้ว จึงไม่ขึ้นเตือน,22:30,00:30,38.0,36.271,2.696,41.662,38.966,-0.179,ไม่มีแนวโน้มชัดเจน,False,10.782,True,False,False,False,0,False,False,1.063,25.5,14,1e-05,0.1,,25.5,RESIDENTIAL,PVC,2026-08-13 08:45:24
DM-54-03-02-01,DM-54-03-02-01,C,ok,ไม่พบสัญญาณผิดปกติเชิงสถิติ (ใช้น้ำตามพฤติกรรมปกติ),01:00,03:00,34.75,36.702,2.486,41.674,39.188,-0.988,ไม่มีแนวโน้มชัดเจน,False,9.945,False,False,False,False,0,False,False,0.0,0.0,14,1e-05,6.26923,,0.0,RESIDENTIAL,PVC,2026-08-13 08:45:24
DM-54-03-02-02,DM-54-03-02-02,C,ok,ไม่พบสัญญาณผิดปกติเชิงสถิติ (ใช้น้ำตามพฤติกรรมปกติ),01:15,03:15,128.5,128.087,11.866,151.818,139.952,-0.179,ไม่มีแนวโน้มชัดเจน,False,47.463,False,False,False,False,0,False,False,3.872,92.92,14,0.0,0.1,,92.92,RESIDENTIAL,PVC,2026-08-13 08:45:24
DM-54-03-02-03,DM-54-03-02-03,C,ok,ไม่พบสัญญาณผิดปกติเชิงสถิติ (ใช้น้ำตามพฤติกรรมปกติ),01:15,03:15,116.75,119.471,8.645,136.761,128.116,0.0,ไม่มีแนวโน้มชัดเจน,False,34.581,False,False,False,False,0,False,False,0.0,0.0,14,0.0,2.80769,,0.0,RESIDENTIAL,PVC,2026-08-13 08:45:24
DM-54-04-01-01,DM-54-04-01-01,C,ok,ไม่พบสัญญาณผิดปกติเชิงสถิติ (ใช้น้ำตามพฤติกรรมปกติ),01:15,03:15,31.875,33.269,1.574,36.418,34.843,-0.902,ไม่มีแนวโน้มชัดเจน,False,6.297,False,False,False,False,0,False,False,0.0,0.0,14,1e-05,4.76374,,0.0,RESIDENTIAL,PVC,2026-08-13 08:45:24
DM-54-04-02-01,DM-54-04-02-01,C,ok,เคยมีสัญญาณผิดปกติ (Mann-Kendall/CUSUM สะสม) แต่ MNF ล่าสุด (46.5) ลดลงมาต่ำกว่า 70% ของพีคล่าสุด (52.4) แล้ว — น่าจะเป็นเหตุการณ์ที่จบไปแล้ว/ซ่อมเสร็จแล้ว จึงไม่ขึ้นเตือน,01:00,03:00,46.5,46.452,1.687,49.825,48.139,0.269,มีแนวโน้มเพิ่มขึ้นเล็กน้อย (ยังไม่ชัดเจนพอ),False,6.747,True,True,False,False,1,True,False,1.715,41.15,14,2e-05,5.73077,,41.15,RESIDENTIAL,PVC,2026-08-13 08:45:24
DM-54-05-01-02,DM-54-05-01-02,C,ok,ไม่พบสัญญาณผิดปกติเชิงสถิติ (ใช้น้ำตามพฤติกรรมปกติ),22:30,00:30,110.125,117.003,14.116,145.234,131.119,0.0,ไม่มีแนวโน้มชัดเจน,False,56.463,False,False,False,False,0,False,False,6.705,160.93,14,0.0,3.67857,,160.93,RESIDENTIAL,PVC,2026-08-13 08:45:24
DM-54-06-04-03,DM-54-06-04-03,C,ok,ไม่พบสัญญาณผิดปกติเชิงสถิติ (ใช้น้ำตามพฤติกรรมปกติ),22:30,00:30,30.125,29.839,2.154,34.148,31.994,0.269,มีแนวโน้มเพิ่มขึ้นเล็กน้อย (ยังไม่ชัดเจนพอ),False,8.618,False,False,False,False,1,False,False,0.619,14.86,14,0.0,2.24215,,14.86,RESIDENTIAL,PVC,2026-08-13 08:45:24
DM-54-07-03-01,DM-54-07-03-01,C,ok,ไม่พบสัญญาณผิดปกติเชิงสถิติ (ใช้น้ำตามพฤติกรรมปกติ),01:00,03:00,104.875,95.712,16.463,128.637,112.174,-0.179,ไม่มีแนวโน้มชัดเจน,False,65.851,False,False,False,False,0,False,False,10.288,246.92,14,0.0,0.00851,,246.92,RESIDENTIAL,PVC,2026-08-13 08:45:24
DM-54-08-03-01,DM-54-08-03-01,C,ok,เคยมีสัญญาณผิดปกติ (Mann-Kendall/CUSUM สะสม) แต่ MNF ล่าสุด (246.4) ลดลงมาต่ำกว่า 70% ของพีคล่าสุด (475.5) แล้ว — น่าจะเป็นเหตุการณ์ที่จบไปแล้ว/ซ่อมเสร็จแล้ว จึงไม่ขึ้นเตือน,23:15,01:15,246.375,280.039,44.953,369.945,324.992,-1.789,ลดลงต่อเนื่อง (มีนัยสำคัญ),True,179.813,True,False,False,False,1,True,False,3.586,86.07,14,0.0,0.00082,,86.07,RESIDENTIAL,PVC,2026-08-13 08:45:24
DM-54-09-01-01,DM-54-09-01-01,B,watch,Mann-Kendall ยืนยันแนวโน้มขึ้นต่อเนื่อง,22:30,00:30,77.125,68.586,3.952,76.491,72.539,2.683,เพิ่มขึ้นต่อเนื่อง (มีนัยสำคัญ),True,15.81,False,False,False,False,2,False,False,6.122,146.93,14,1e-05,0.72802,ไกลจาก RTU สัมพัทธ์ / ปลายสาย (> 2 กม. โดยประมาณ),146.93,RESIDENTIAL,PVC,2026-08-13 08:45:24
DM-54-09-01-02,DM-54-09-01-02,C,ok,ไม่พบสัญญาณผิดปกติเชิงสถิติ (ใช้น้ำตามพฤติกรรมปกติ),20:15,22:15,35.375,29.723,9.892,49.508,39.616,0.0,ไม่มีแนวโน้มชัดเจน,False,39.57,False,False,False,True,12,False,False,5.652,135.64,14,0.0,0.00989,,135.64,RESIDENTIAL,PVC,2026-08-13 08:45:24
DM-54-09-02-01,DM-54-09-02-01,B,watch,CUSUM สะสมเป็นบวกต่อเนื่อง (ยังไม่ Step-up ฉับพลัน),22:30,00:30,100.125,95.015,3.199,101.412,98.213,0.894,มีแนวโน้มเพิ่มขึ้นเล็กน้อย (ยังไม่ชัดเจนพอ),False,12.794,True,False,True,False,7,False,False,6.068,145.64,14,0.0,0.00918,ไกลจาก RTU สัมพัทธ์ / ปลายสาย (> 2 กม. โดยประมาณ),145.64,RESIDENTIAL,PVC,2026-08-13 08:45:24
DM-55-01-01-01,DM-55-01-01-01,C,ok,ไม่พบสัญญาณผิดปกติเชิงสถิติ (ใช้น้ำตามพฤติกรรมปกติ),01:45,03:45,96.625,100.76,2.331,105.422,103.091,-1.167,ไม่มีแนวโน้มชัดเจน,False,9.324,False,False,False,False,0,False,False,0.0,0.0,14,0.0,0.1,,0.0,RESIDENTIAL,PVC,2026-08-13 08:45:24
DM-55-01-02-01,DM-55-01-02-01,B,watch,CUSUM สะสมเป็นบวกต่อเนื่อง (ยังไม่ Step-up ฉับพลัน),23:30,01:30,70.25,66.643,2.665,71.974,69.308,-0.358,ไม่มีแนวโน้มชัดเจน,False,10.662,True,True,False,False,2,True,False,0.274,6.57,14,0.0,0.1,ไกลจาก RTU สัมพัทธ์ / ปลายสาย (> 2 กม. โดยประมาณ),6.57,RESIDENTIAL,PVC,2026-08-13 08:45:24
DM-55-02-02-01,DM-55-02-02-01,C,ok,ไม่พบสัญญาณผิดปกติเชิงสถิติ (ใช้น้ำตามพฤติกรรมปกติ),21:00,23:00,101.375,90.929,17.284,125.496,108.212,0.894,มีแนวโน้มเพิ่มขึ้นเล็กน้อย (ยังไม่ชัดเจนพอ),False,69.135,False,False,False,False,1,False,False,0.0,0.0,14,0.0,0.1,,0.0,RESIDENTIAL,PVC,2026-08-13 08:45:24
DM-55-02-03-01,DM-55-02-03-01,C,ok,เคยมีสัญญาณผิดปกติ (Mann-Kendall/CUSUM สะสม) แต่ MNF ล่าสุด (104.1) ลดลงมาต่ำกว่า 70% ของพีคล่าสุด (116.1) แล้ว — น่าจะเป็นเหตุการณ์ที่จบไปแล้ว/ซ่อมเสร็จแล้ว จึงไม่ขึ้นเตือน,02:00,04:00,104.125,113.346,4.526,122.399,117.873,-1.789,ลดลงต่อเนื่อง (มีนัยสำคัญ),True,18.106,False,False,False,False,4,False,False,0.0,0.0,14,0.0,0.1,,0.0,RESIDENTIAL,PVC,2026-08-13 08:45:24
DM-55-03-02-01,DM-55-03-02-01,B,watch,Mann-Kendall ยืนยันแนวโน้มขึ้นต่อเนื่อง,22:30,00:30,223.375,99.887,32.525,164.936,132.412,1.984,เพิ่มขึ้นต่อเนื่อง (มีนัยสำคัญ),True,130.099,True,False,False,True,20,False,False,70.905,1701.71,14,0.0,4e-05,ใกล้ RTU สัมพัทธ์ (< 2 กม. โดยประมาณ),1701.71,RESIDENTIAL,PVC,2026-08-13 08:45:24
DM-55-03-03-01,DM-55-03-03-01,C,ok,ไม่พบสัญญาณผิดปกติเชิงสถิติ (ใช้น้ำตามพฤติกรรมปกติ),02:00,04:00,182.5,189.452,5.25,199.953,194.702,-1.252,ไม่มีแนวโน้มชัดเจน,False,21.001,False,False,False,False,3,False,False,0.0,0.0,14,0.0,0.1,,0.0,RESIDENTIAL,PVC,2026-08-13 08:45:24
DM-55-04-01-04,DM-55-04-01-04,C,ok,เคยมีสัญญาณผิดปกติ (Mann-Kendall/CUSUM สะสม) แต่ MNF ล่าสุด (10.6) ลดลงมาต่ำกว่า 70% ของพีคล่าสุด (35.0) แล้ว — น่าจะเป็นเหตุการณ์ที่จบไปแล้ว/ซ่อมเสร็จแล้ว จึงไม่ขึ้นเตือน,01:30,03:30,10.625,32.519,2.717,37.953,35.236,-2.245,ลดลงต่อเนื่อง (มีนัยสำคัญ),True,10.868,False,False,False,False,0,False,False,0.0,0.0,14,0.0,0.1,,0.0,RESIDENTIAL,PVC,2026-08-13 08:45:24
DM-55-04-01-06,DM-55-04-01-06,C,ok,เคยมีสัญญาณผิดปกติ (Mann-Kendall/CUSUM สะสม) แต่ MNF ล่าสุด (9.6) ลดลงมาต่ำกว่า 70% ของพีคล่าสุด (12.8) แล้ว — น่าจะเป็นเหตุการณ์ที่จบไปแล้ว/ซ่อมเสร็จแล้ว จึงไม่ขึ้นเตือน,02:15,04:15,9.625,10.192,0.945,12.083,11.137,0.0,ไม่มีแนวโน้มชัดเจน,False,3.781,True,True,False,False,0,False,False,0.141,3.38,14,0.0,0.1,,3.38,RESIDENTIAL,PVC,2026-08-13 08:45:24
DM-55-04-02-02,DM-55-04-02-02,C,ok,ไม่พบสัญญาณผิดปกติเชิงสถิติ (ใช้น้ำตามพฤติกรรมปกติ),19:45,21:45,31.25,34.723,1.96,38.642,36.683,-0.537,ไม่มีแนวโน้มชัดเจน,False,7.838,False,False,False,False,0,False,False,0.0,0.0,14,2e-05,0.40633,,0.0,RESIDENTIAL,PVC,2026-08-13 08:45:24
DM-55-04-03-04,DM-55-04-03-04,C,ok,เคยมีสัญญาณผิดปกติ (Mann-Kendall/CUSUM สะสม) แต่ MNF ล่าสุด (66.4) ลดลงมาต่ำกว่า 70% ของพีคล่าสุด (81.5) แล้ว — น่าจะเป็นเหตุการณ์ที่จบไปแล้ว/ซ่อมเสร็จแล้ว จึงไม่ขึ้นเตือน,03:45,05:45,66.375,66.942,5.748,78.438,72.69,1.789,เพิ่มขึ้นต่อเนื่อง (มีนัยสำคัญ),True,22.992,True,True,False,False,0,False,False,7.224,173.38,14,1e-05,0.1,,173.38,RESIDENTIAL,PVC,2026-08-13 08:45:24
DM-55-04-03-05,DM-55-04-03-05,C,ok,ไม่พบสัญญาณผิดปกติเชิงสถิติ (ใช้น้ำตามพฤติกรรมปกติ),02:15,04:15,83.625,101.288,6.512,114.312,107.8,-0.537,ไม่มีแนวโน้มชัดเจน,False,26.047,False,False,False,False,1,False,False,0.0,0.0,14,1e-05,0.1,,0.0,RESIDENTIAL,PVC,2026-08-13 08:45:24
DM-55-04-04-01,DM-55-04-04-01,C,ok,ไม่พบสัญญาณผิดปกติเชิงสถิติ (ใช้น้ำตามพฤติกรรมปกติ),22:15,00:15,106.375,109.483,2.415,114.313,111.898,-1.431,ไม่มีแนวโน้มชัดเจน,False,9.66,True,False,True,False,6,False,False,0.0,0.0,14,1e-05,0.17933,,0.0,RESIDENTIAL,PVC,2026-08-13 08:45:24
DM-55-05-02-01,DM-55-05-02-01,B,watch,Flow สูงกว่าเกณฑ์ต่อเนื่อง 11 intervals พร้อมแรงดันตก แต่ไม่ใช่การเปลี่ยนแปลงฉับพลันใน 1-2 วัน (น่าจะเป็นรั่วที่ดำเนินมาระยะหนึ่งแล้วและขยายจนคงที่) — ควรตรวจสอบโดยเร็วแต่ไม่ใช่เหตุฉุกเฉินแบบท่อแตกใหม่,22:15,00:15,90.375,84.111,3.725,91.561,87.836,2.504,เพิ่มขึ้นต่อเนื่อง (มีนัยสำคัญ),True,14.9,True,True,False,True,11,True,False,4.639,111.34,14,0.0,0.1,ไกลจาก RTU สัมพัทธ์ / ปลายสาย (> 2 กม. โดยประมาณ),111.34,RESIDENTIAL,PVC,2026-08-13 08:45:24
DM-55-05-04-01,DM-55-05-04-01,C,ok,เคยมีสัญญาณผิดปกติ (Mann-Kendall/CUSUM สะสม) แต่ MNF ล่าสุด (25.6) ลดลงมาต่ำกว่า 70% ของพีคล่าสุด (47.4) แล้ว — น่าจะเป็นเหตุการณ์ที่จบไปแล้ว/ซ่อมเสร็จแล้ว จึงไม่ขึ้นเตือน,01:45,03:45,25.625,22.529,5.568,33.664,28.097,-1.431,ไม่มีแนวโน้มชัดเจน,False,22.271,True,False,True,False,1,False,False,0.0,0.0,14,0.0,0.1,,0.0,RESIDENTIAL,PVC,2026-08-13 08:45:24
DM-55-05-05-01,DM-55-05-05-01,B,watch,CUSUM สะสมเป็นบวกต่อเนื่อง (ยังไม่ Step-up ฉับพลัน),01:00,03:00,16.375,14.115,1.773,17.661,15.888,-0.988,ไม่มีแนวโน้มชัดเจน,False,7.091,True,False,True,False,6,True,False,1.218,29.23,14,0.0,0.1,ไกลจาก RTU สัมพัทธ์ / ปลายสาย (> 2 กม. โดยประมาณ),29.23,RESIDENTIAL,PVC,2026-08-13 08:45:24
DM-55-06-01-02,DM-55-06-01-02,C,ok,เคยมีสัญญาณผิดปกติ (Mann-Kendall/CUSUM สะสม) แต่ MNF ล่าสุด (65.4) ลดลงมาต่ำกว่า 70% ของพีคล่าสุด (100.2) แล้ว — น่าจะเป็นเหตุการณ์ที่จบไปแล้ว/ซ่อมเสร็จแล้ว จึงไม่ขึ้นเตือน,01:00,03:00,65.375,44.567,16.582,77.731,61.149,-0.537,ไม่มีแนวโน้มชัดเจน,False,66.328,True,True,False,False,2,True,False,0.0,0.0,14,0.0,0.0004,,0.0,RESIDENTIAL,PVC,2026-08-13 08:45:24
DM-55-06-03-01,DM-55-06-03-01,B,watch,CUSUM สะสมเป็นบวกต่อเนื่อง (ยังไม่ Step-up ฉับพลัน),22:45,00:45,40.0,37.598,1.869,41.335,39.467,0.449,มีแนวโน้มเพิ่มขึ้นเล็กน้อย (ยังไม่ชัดเจนพอ),False,7.474,True,True,False,False,4,False,False,0.0,0.0,14,0.0,0.1,ไกลจาก RTU สัมพัทธ์ / ปลายสาย (> 2 กม. โดยประมาณ),0.0,RESIDENTIAL,PVC,2026-08-13 08:45:24
DM-55-06-03-02,DM-55-06-03-02,C,ok,เคยมีสัญญาณผิดปกติ (Mann-Kendall/CUSUM สะสม) แต่ MNF ล่าสุด (30.6) ลดลงมาต่ำกว่า 70% ของพีคล่าสุด (35.4) แล้ว — น่าจะเป็นเหตุการณ์ที่จบไปแล้ว/ซ่อมเสร็จแล้ว จึงไม่ขึ้นเตือน,01:45,03:45,30.625,31.856,2.015,35.887,33.871,-2.326,ลดลงต่อเนื่อง (มีนัยสำคัญ),True,8.062,False,False,False,False,1,False,False,0.0,0.0,14,0.0,0.1,,0.0,RESIDENTIAL,PVC,2026-08-13 08:45:24
DM-55-06-03-04,DM-55-06-03-04,C,ok,ไม่พบสัญญาณผิดปกติเชิงสถิติ (ใช้น้ำตามพฤติกรรมปกติ),01:45,03:45,62.5,63.663,2.726,69.116,66.389,0.537,มีแนวโน้มเพิ่มขึ้นเล็กน้อย (ยังไม่ชัดเจนพอ),False,10.904,False,False,False,False,7,False,False,1.378,33.08,14,0.0,0.1,,33.08,RESIDENTIAL,PVC,2026-08-13 08:45:24
DM-55-06-04-03,DM-55-06-04-03,C,ok,ไม่พบสัญญาณผิดปกติเชิงสถิติ (ใช้น้ำตามพฤติกรรมปกติ),00:15,02:15,15.0,15.062,1.114,17.291,16.177,0.0,ไม่มีแนวโน้มชัดเจน,False,4.457,False,False,False,False,0,False,False,0.0,0.0,14,0.0,0.1,,0.0,RESIDENTIAL,PVC,2026-08-13 08:45:24
DM-55-07-01-02,DM-55-07-01-02,C,ok,เคยมีสัญญาณผิดปกติ (Mann-Kendall/CUSUM สะสม) แต่ MNF ล่าสุด (142.6) ลดลงมาต่ำกว่า 70% ของพีคล่าสุด (213.4) แล้ว — น่าจะเป็นเหตุการณ์ที่จบไปแล้ว/ซ่อมเสร็จแล้ว จึงไม่ขึ้นเตือน,02:15,04:15,142.625,156.721,6.58,169.882,163.301,0.0,ไม่มีแนวโน้มชัดเจน,False,26.321,True,True,True,False,0,False,False,12.571,301.69,14,0.0,29.46154,,301.69,RESIDENTIAL,PVC,2026-08-13 08:45:24
DM-55-07-03-01,DM-55-07-03-01,C,ok,เคยมีสัญญาณผิดปกติ (Mann-Kendall/CUSUM สะสม) แต่ MNF ล่าสุด (61.8) ลดลงมาต่ำกว่า 70% ของพีคล่าสุด (108.2) แล้ว — น่าจะเป็นเหตุการณ์ที่จบไปแล้ว/ซ่อมเสร็จแล้ว จึงไม่ขึ้นเตือน,03:30,05:30,61.75,83.904,8.407,100.717,92.31,-2.147,ลดลงต่อเนื่อง (มีนัยสำคัญ),True,33.626,True,True,False,False,1,True,False,0.0,0.0,14,0.0,0.00594,,0.0,RESIDENTIAL,PVC,2026-08-13 08:45:24
DM-55-07-03-02,DM-55-07-03-02,A,alert,Flow สูงกว่าเกณฑ์ต่อเนื่อง 15 intervals + CUSUM ขยับฐานฉับพลันใน 1-2 วันล่าสุด + แรงดันตกยืนยัน,22:45,00:45,47.25,36.139,3.655,43.449,39.794,0.0,ไม่มีแนวโน้มชัดเจน,False,14.619,True,False,True,True,15,True,False,4.902,117.66,14,0.0,0.00012,ใกล้ RTU สัมพัทธ์ (< 2 กม. โดยประมาณ),117.66,RESIDENTIAL,PVC,2026-08-13 08:45:24
DM-55-07-05-02,DM-55-07-05-02,B,watch,Flow สูงกว่าเกณฑ์ต่อเนื่อง 14 intervals พร้อมแรงดันตก แต่ไม่ใช่การเปลี่ยนแปลงฉับพลันใน 1-2 วัน (น่าจะเป็นรั่วที่ดำเนินมาระยะหนึ่งแล้วและขยายจนคงที่) — ควรตรวจสอบโดยเร็วแต่ไม่ใช่เหตุฉุกเฉินแบบท่อแตกใหม่,20:00,22:00,61.5,31.812,11.472,54.756,43.284,2.784,เพิ่มขึ้นต่อเนื่อง (มีนัยสำคัญ),True,45.887,True,False,False,True,14,True,False,25.146,603.5,14,0.0,0.0005,ใกล้ RTU สัมพัทธ์ (< 2 กม. โดยประมาณ),603.5,RESIDENTIAL,PVC,2026-08-13 08:45:24
DM-55-07-05-03,DM-55-07-05-03,C,ok,ไม่พบสัญญาณผิดปกติเชิงสถิติ (ใช้น้ำตามพฤติกรรมปกติ),01:45,03:45,37.875,40.25,1.639,43.527,41.889,-0.358,ไม่มีแนวโน้มชัดเจน,False,6.555,False,False,False,False,0,False,False,0.0,0.0,14,0.0,0.1,,0.0,RESIDENTIAL,PVC,2026-08-13 08:45:24
DM-55-08-01-02,DM-55-08-01-02,B,watch,Flow สูงกว่าเกณฑ์ต่อเนื่อง 12 intervals พร้อมแรงดันตก แต่ไม่ใช่การเปลี่ยนแปลงฉับพลันใน 1-2 วัน (น่าจะเป็นรั่วที่ดำเนินมาระยะหนึ่งแล้วและขยายจนคงที่) — ควรตรวจสอบโดยเร็วแต่ไม่ใช่เหตุฉุกเฉินแบบท่อแตกใหม่,23:15,01:15,149.5,149.595,3.279,156.153,152.874,-0.716,ไม่มีแนวโน้มชัดเจน,False,13.116,False,False,False,True,12,True,False,0.0,0.0,14,0.0,3.92907,ไกลจาก RTU สัมพัทธ์ / ปลายสาย (> 2 กม. โดยประมาณ),0.0,RESIDENTIAL,PVC,2026-08-13 08:45:24
DM-55-08-02-01,DM-55-08-02-01,C,ok,ไม่พบสัญญาณผิดปกติเชิงสถิติ (ใช้น้ำตามพฤติกรรมปกติ),23:30,01:30,97.875,100.223,3.124,106.472,103.348,-1.252,ไม่มีแนวโน้มชัดเจน,False,12.497,False,False,False,False,0,False,False,0.0,0.0,14,1e-05,16.17857,,0.0,RESIDENTIAL,PVC,2026-08-13 08:45:24
DM-55-08-02-02,DM-55-08-02-02,C,ok,เคยมีสัญญาณผิดปกติ (Mann-Kendall/CUSUM สะสม) แต่ MNF ล่าสุด (128.8) ลดลงมาต่ำกว่า 70% ของพีคล่าสุด (183.1) แล้ว — น่าจะเป็นเหตุการณ์ที่จบไปแล้ว/ซ่อมเสร็จแล้ว จึงไม่ขึ้นเตือน,18:45,20:45,128.75,136.339,10.428,157.196,146.767,-0.716,ไม่มีแนวโน้มชัดเจน,False,41.713,True,True,True,False,1,False,False,0.0,0.0,14,1e-05,28.03571,,0.0,RESIDENTIAL,PVC,2026-08-13 08:45:24
DM-55-08-03-01,DM-55-08-03-01,C,ok,ไม่พบสัญญาณผิดปกติเชิงสถิติ (ใช้น้ำตามพฤติกรรมปกติ),02:30,04:30,54.125,38.702,8.589,55.88,47.291,-0.902,ไม่มีแนวโน้มชัดเจน,False,34.357,False,False,False,False,2,True,False,2.756,66.15,14,0.0,0.00208,,66.15,RESIDENTIAL,PVC,2026-08-13 08:45:24
DM-55-09-02-01,DM-55-09-02-01,C,ok,เคยมีสัญญาณผิดปกติ (Mann-Kendall/CUSUM สะสม) แต่ MNF ล่าสุด (129.2) ลดลงมาต่ำกว่า 70% ของพีคล่าสุด (175.6) แล้ว — น่าจะเป็นเหตุการณ์ที่จบไปแล้ว/ซ่อมเสร็จแล้ว จึงไม่ขึ้นเตือน,23:30,01:30,129.25,134.982,27.497,189.976,162.479,-1.968,ลดลงต่อเนื่อง (มีนัยสำคัญ),True,109.988,True,True,False,False,0,False,False,0.0,0.0,14,1e-05,67.96154,,0.0,RESIDENTIAL,PVC,2026-08-13 08:45:24
DM-56-01-02-01,DM-56-01-02-01,C,ok,เคยมีสัญญาณผิดปกติ (Mann-Kendall/CUSUM สะสม) แต่ MNF ล่าสุด (137.1) ลดลงมาต่ำกว่า 70% ของพีคล่าสุด (137.5) แล้ว — น่าจะเป็นเหตุการณ์ที่จบไปแล้ว/ซ่อมเสร็จแล้ว จึงไม่ขึ้นเตือน,01:45,03:45,137.125,134.5,3.999,142.499,138.499,2.326,เพิ่มขึ้นต่อเนื่อง (มีนัยสำคัญ),True,15.998,False,False,False,False,0,False,False,1.917,46.0,14,0.0,3.16019,,46.0,RESIDENTIAL,PVC,2026-08-13 08:45:24
DM-56-01-03-02,DM-56-01-03-02,B,watch,Mann-Kendall ยืนยันแนวโน้มขึ้นต่อเนื่อง,20:45,22:45,101.75,96.821,3.313,103.447,100.134,2.065,เพิ่มขึ้นต่อเนื่อง (มีนัยสำคัญ),True,13.251,False,False,False,False,1,True,False,2.679,64.29,14,1e-05,16.35714,ไกลจาก RTU สัมพัทธ์ / ปลายสาย (> 2 กม. โดยประมาณ),64.29,RESIDENTIAL,PVC,2026-08-13 08:45:24
DM-56-01-05-01,DM-56-01-05-01,C,ok,ไม่พบสัญญาณผิดปกติเชิงสถิติ (ใช้น้ำตามพฤติกรรมปกติ),01:15,03:15,244.5,244.471,5.215,254.901,249.686,0.0,ไม่มีแนวโน้มชัดเจน,False,20.86,False,False,False,False,0,False,False,1.946,46.69,14,0.0,72.57143,,46.69,RESIDENTIAL,PVC,2026-08-13 08:45:24
DM-56-02-01-01,DM-56-02-01-01,C,ok,เคยมีสัญญาณผิดปกติ (Mann-Kendall/CUSUM สะสม) แต่ MNF ล่าสุด (159.6) ลดลงมาต่ำกว่า 70% ของพีคล่าสุด (177.2) แล้ว — น่าจะเป็นเหตุการณ์ที่จบไปแล้ว/ซ่อมเสร็จแล้ว จึงไม่ขึ้นเตือน,02:15,04:15,159.625,153.769,8.237,170.243,162.006,1.623,มีแนวโน้มเพิ่มขึ้นเล็กน้อย (ยังไม่ชัดเจนพอ),False,32.947,True,True,True,False,2,False,False,14.314,343.54,14,0.0,29.28571,,343.54,RESIDENTIAL,PVC,2026-08-13 08:45:24
DM-56-02-03-01,DM-56-02-03-01,C,ok,เคยมีสัญญาณผิดปกติ (Mann-Kendall/CUSUM สะสม) แต่ MNF ล่าสุด (57.0) ลดลงมาต่ำกว่า 70% ของพีคล่าสุด (61.8) แล้ว — น่าจะเป็นเหตุการณ์ที่จบไปแล้ว/ซ่อมเสร็จแล้ว จึงไม่ขึ้นเตือน,01:30,03:30,57.0,58.779,1.476,61.731,60.255,0.537,มีแนวโน้มเพิ่มขึ้นเล็กน้อย (ยังไม่ชัดเจนพอ),False,5.904,True,True,True,False,0,False,False,0.679,16.31,14,2e-05,15.60714,,16.31,RESIDENTIAL,PVC,2026-08-13 08:45:24
DM-56-02-05-01,DM-56-02-05-01,A,alert,Flow สูงกว่าเกณฑ์ต่อเนื่อง 12 intervals + CUSUM ขยับฐานฉับพลันใน 1-2 วันล่าสุด + แรงดันตกยืนยัน,22:15,00:15,64.25,74.367,1.652,77.672,76.02,0.269,มีแนวโน้มเพิ่มขึ้นเล็กน้อย (ยังไม่ชัดเจนพอ),False,6.609,True,False,True,True,12,True,False,0.0,0.0,14,1e-05,11.57418,ไกลจาก RTU สัมพัทธ์ / ปลายสาย (> 2 กม. โดยประมาณ),0.0,RESIDENTIAL,PVC,2026-08-13 08:45:24
DM-56-02-07-01,DM-56-02-07-01,C,ok,ไม่พบสัญญาณผิดปกติเชิงสถิติ (ใช้น้ำตามพฤติกรรมปกติ),22:45,00:45,92.75,95.905,2.854,101.613,98.759,0.09,มีแนวโน้มเพิ่มขึ้นเล็กน้อย (ยังไม่ชัดเจนพอ),False,11.415,False,False,False,False,0,False,False,0.0,0.0,14,0.0,0.1,,0.0,RESIDENTIAL,PVC,2026-08-13 08:45:24
DM-56-02-09-01,DM-56-02-09-01,C,ok,ไม่พบสัญญาณผิดปกติเชิงสถิติ (ใช้น้ำตามพฤติกรรมปกติ),01:15,03:15,47.5,46.817,2.482,51.782,49.3,0.0,ไม่มีแนวโน้มชัดเจน,False,9.93,False,False,False,False,1,False,False,2.766,66.38,14,2e-05,29.21429,,66.38,RESIDENTIAL,PVC,2026-08-13 08:45:24
DM-56-02-10-01,DM-56-02-10-01,C,ok,ไม่พบสัญญาณผิดปกติเชิงสถิติ (ใช้น้ำตามพฤติกรรมปกติ),01:30,03:30,22.0,30.346,2.84,36.025,33.186,-1.431,ไม่มีแนวโน้มชัดเจน,False,11.358,False,False,False,False,0,False,False,0.0,0.0,14,0.00012,27.14286,,0.0,RESIDENTIAL,PVC,2026-08-13 08:45:24
DM-56-03-01-01,DM-56-03-01-01,B,watch,CUSUM สะสมเป็นบวกต่อเนื่อง (ยังไม่ Step-up ฉับพลัน),01:15,03:15,111.5,105.442,2.94,111.322,108.382,0.716,มีแนวโน้มเพิ่มขึ้นเล็กน้อย (ยังไม่ชัดเจนพอ),False,11.76,True,False,False,False,3,False,False,8.224,197.38,14,1e-05,31.10714,ไกลจาก RTU สัมพัทธ์ / ปลายสาย (> 2 กม. โดยประมาณ),197.38,RESIDENTIAL,PVC,2026-08-13 08:45:24
DM-56-03-02-01,DM-56-03-02-01,C,ok,ไม่พบสัญญาณผิดปกติเชิงสถิติ (ใช้น้ำตามพฤติกรรมปกติ),01:15,03:15,92.625,98.702,5.23,109.161,103.932,0.0,ไม่มีแนวโน้มชัดเจน,False,20.919,False,False,False,False,0,False,False,0.0,0.0,14,1e-05,49.35714,,0.0,RESIDENTIAL,PVC,2026-08-13 08:45:24
DM-56-03-03-01,DM-56-03-03-01,C,ok,ไม่พบสัญญาณผิดปกติเชิงสถิติ (ใช้น้ำตามพฤติกรรมปกติ),22:15,00:15,57.0,61.26,2.484,66.229,63.745,0.0,ไม่มีแนวโน้มชัดเจน,False,9.937,False,False,False,False,0,False,False,0.0,0.0,14,2e-05,23.46703,,0.0,RESIDENTIAL,PVC,2026-08-13 08:45:24
DM-56-03-05-01,DM-56-03-05-01,A,alert,Flow สูงกว่าเกณฑ์ต่อเนื่อง 21 intervals + CUSUM ขยับฐานฉับพลันใน 1-2 วันล่าสุด,19:30,21:30,338.75,140.107,8.208,156.524,148.315,1.073,มีแนวโน้มเพิ่มขึ้นเล็กน้อย (ยังไม่ชัดเจนพอ),False,32.833,True,False,True,True,21,False,False,190.81,4579.43,14,1e-05,0.08078,ไกลจาก RTU สัมพัทธ์ / ปลายสาย (> 2 กม. โดยประมาณ),4579.43,RESIDENTIAL,PVC,2026-08-13 08:45:24
DM-56-03-06-01,DM-56-03-06-01,C,ok,ไม่พบสัญญาณผิดปกติเชิงสถิติ (ใช้น้ำตามพฤติกรรมปกติ),01:00,03:00,62.625,61.817,1.579,64.976,63.397,0.0,ไม่มีแนวโน้มชัดเจน,False,6.317,False,False,False,False,0,False,False,0.808,19.38,14,0.0,0.1,,19.38,RESIDENTIAL,PVC,2026-08-13 08:45:24
DM-56-03-06-02,DM-56-03-06-02,C,ok,ไม่พบสัญญาณผิดปกติเชิงสถิติ (ใช้น้ำตามพฤติกรรมปกติ),01:15,03:15,68.75,69.375,2.086,73.547,71.461,-0.358,ไม่มีแนวโน้มชัดเจน,False,8.344,False,False,False,False,1,False,False,0.75,18.0,14,2e-05,12.15385,,18.0,RESIDENTIAL,PVC,2026-08-13 08:45:24
DM-56-04-02-01,DM-56-04-02-01,C,ok,เคยมีสัญญาณผิดปกติ (Mann-Kendall/CUSUM สะสม) แต่ MNF ล่าสุด (88.1) ลดลงมาต่ำกว่า 70% ของพีคล่าสุด (98.2) แล้ว — น่าจะเป็นเหตุการณ์ที่จบไปแล้ว/ซ่อมเสร็จแล้ว จึงไม่ขึ้นเตือน,01:15,03:15,88.125,88.702,2.413,93.527,91.115,-0.449,ไม่มีแนวโน้มชัดเจน,False,9.651,True,False,True,False,1,False,False,2.006,48.15,14,1e-05,72.18407,,48.15,RESIDENTIAL,PVC,2026-08-13 08:45:24
DM-56-04-04-01,DM-56-04-04-01,C,ok,ไม่พบสัญญาณผิดปกติเชิงสถิติ (ใช้น้ำตามพฤติกรรมปกติ),01:15,03:15,50.0,51.625,4.898,61.421,56.523,0.361,มีแนวโน้มเพิ่มขึ้นเล็กน้อย (ยังไม่ชัดเจนพอ),False,19.593,False,False,False,False,0,False,False,1.292,31.0,14,4e-05,53.11538,,31.0,RESIDENTIAL,PVC,2026-08-13 08:45:24
DM-56-04-04-02,DM-56-04-04-02,B,watch,Flow สูงกว่าเกณฑ์ต่อเนื่อง 16 intervals พร้อมแรงดันตก แต่ไม่ใช่การเปลี่ยนแปลงฉับพลันใน 1-2 วัน (น่าจะเป็นรั่วที่ดำเนินมาระยะหนึ่งแล้วและขยายจนคงที่) — ควรตรวจสอบโดยเร็วแต่ไม่ใช่เหตุฉุกเฉินแบบท่อแตกใหม่,01:15,03:15,66.125,59.058,3.644,66.345,62.701,1.073,มีแนวโน้มเพิ่มขึ้นเล็กน้อย (ยังไม่ชัดเจนพอ),False,14.574,True,False,False,True,16,True,False,8.609,206.62,14,3e-05,0.00567,ใกล้ RTU สัมพัทธ์ (< 2 กม. โดยประมาณ),206.62,RESIDENTIAL,PVC,2026-08-13 08:45:24
DM-56-04-05-02,DM-56-04-05-02,C,ok,เคยมีสัญญาณผิดปกติ (Mann-Kendall/CUSUM สะสม) แต่ MNF ล่าสุด (66.5) ลดลงมาต่ำกว่า 70% ของพีคล่าสุด (67.9) แล้ว — น่าจะเป็นเหตุการณ์ที่จบไปแล้ว/ซ่อมเสร็จแล้ว จึงไม่ขึ้นเตือน,01:15,03:15,66.5,66.596,0.636,67.868,67.232,1.706,เพิ่มขึ้นต่อเนื่อง (มีนัยสำคัญ),True,2.543,False,False,False,False,0,False,False,0.404,9.69,14,4e-05,41.52473,,9.69,RESIDENTIAL,PVC,2026-08-13 08:45:24
DM-56-05-02-01,DM-56-05-02-01,C,ok,ไม่พบสัญญาณผิดปกติเชิงสถิติ (ใช้น้ำตามพฤติกรรมปกติ),01:15,03:15,76.875,80.298,2.808,85.914,83.106,-0.541,ไม่มีแนวโน้มชัดเจน,False,11.233,False,False,False,False,0,False,False,0.0,0.0,14,1e-05,22.46154,,0.0,RESIDENTIAL,PVC,2026-08-13 08:45:24
DM-56-05-03-01,DM-56-05-03-01,B,watch,Mann-Kendall ยืนยันแนวโน้มขึ้นต่อเนื่อง,20:45,22:45,110.75,105.732,4.716,115.165,110.449,1.789,เพิ่มขึ้นต่อเนื่อง (มีนัยสำคัญ),True,18.866,False,False,False,False,0,False,False,4.518,108.43,14,0.0,0.1,ไกลจาก RTU สัมพัทธ์ / ปลายสาย (> 2 กม. โดยประมาณ),108.43,RESIDENTIAL,PVC,2026-08-13 08:45:24
DM-56-05-04-01,DM-56-05-04-01,C,ok,ไม่พบสัญญาณผิดปกติเชิงสถิติ (ใช้น้ำตามพฤติกรรมปกติ),01:15,03:15,90.75,88.808,3.072,94.951,91.879,1.073,มีแนวโน้มเพิ่มขึ้นเล็กน้อย (ยังไม่ชัดเจนพอ),False,12.286,False,False,False,False,0,False,False,3.359,80.62,14,0.0,0.1,,80.62,RESIDENTIAL,PVC,2026-08-13 08:45:24
DM-56-05-06-01,DM-56-05-06-01,C,ok,ไม่พบสัญญาณผิดปกติเชิงสถิติ (ใช้น้ำตามพฤติกรรมปกติ),01:00,03:00,39.5,44.875,3.92,52.715,48.795,-0.179,ไม่มีแนวโน้มชัดเจน,False,15.681,False,False,False,False,0,False,False,0.0,0.0,14,0.0,1.43462,,0.0,RESIDENTIAL,PVC,2026-08-13 08:45:24
DM-56-07-01-01,DM-56-07-01-01,B,watch,Mann-Kendall ยืนยันแนวโน้มขึ้นต่อเนื่อง,21:00,23:00,224.375,192.018,7.188,206.393,199.206,1.789,เพิ่มขึ้นต่อเนื่อง (มีนัยสำคัญ),True,28.751,True,False,False,False,7,False,False,26.482,635.57,14,0.0,6.73352,ไกลจาก RTU สัมพัทธ์ / ปลายสาย (> 2 กม. โดยประมาณ),635.57,RESIDENTIAL,PVC,2026-08-13 08:45:24
DM-56-07-02-01,DM-56-07-02-01,C,ok,ไม่พบสัญญาณผิดปกติเชิงสถิติ (ใช้น้ำตามพฤติกรรมปกติ),22:30,00:30,190.75,195.562,3.571,202.704,199.133,-1.527,ไม่มีแนวโน้มชัดเจน,False,14.284,False,False,False,False,0,False,False,0.0,0.0,14,0.0,33.41758,,0.0,RESIDENTIAL,PVC,2026-08-13 08:45:24
DM-56-07-04-01,DM-56-07-04-01,B,watch,Flow สูงกว่าเกณฑ์ต่อเนื่อง 26 intervals พร้อมแรงดันตก แต่ไม่ใช่การเปลี่ยนแปลงฉับพลันใน 1-2 วัน (น่าจะเป็นรั่วที่ดำเนินมาระยะหนึ่งแล้วและขยายจนคงที่) — ควรตรวจสอบโดยเร็วแต่ไม่ใช่เหตุฉุกเฉินแบบท่อแตกใหม่,01:15,03:15,80.5,56.683,2.111,60.906,58.794,3.22,เพิ่มขึ้นต่อเนื่อง (มีนัยสำคัญ),True,8.446,True,False,False,True,26,True,False,24.234,581.62,14,0.0,0.0,ใกล้ RTU สัมพัทธ์ (< 2 กม. โดยประมาณ),581.62,RESIDENTIAL,PVC,2026-08-13 08:45:24
DM-56-07-04-02,DM-56-07-04-02,C,ok,ไม่พบสัญญาณผิดปกติเชิงสถิติ (ใช้น้ำตามพฤติกรรมปกติ),01:00,03:00,191.0,198.606,7.906,214.417,206.511,-0.179,ไม่มีแนวโน้มชัดเจน,False,31.622,False,False,False,False,0,False,False,0.0,0.0,14,0.0,16.69231,,0.0,RESIDENTIAL,PVC,2026-08-13 08:45:24
DM-56-07-05-01,DM-56-07-05-01,C,ok,เคยมีสัญญาณผิดปกติ (Mann-Kendall/CUSUM สะสม) แต่ MNF ล่าสุด (150.9) ลดลงมาต่ำกว่า 70% ของพีคล่าสุด (158.2) แล้ว — น่าจะเป็นเหตุการณ์ที่จบไปแล้ว/ซ่อมเสร็จแล้ว จึงไม่ขึ้นเตือน,01:15,03:15,150.875,148.202,3.863,155.928,152.065,1.789,เพิ่มขึ้นต่อเนื่อง (มีนัยสำคัญ),True,15.453,False,False,False,False,1,False,False,5.298,127.15,14,0.0,22.3544,,127.15,RESIDENTIAL,PVC,2026-08-13 08:45:24
DM-56-07-05-02,DM-56-07-05-02,B,watch,Flow สูงกว่าเกณฑ์ต่อเนื่อง 13 intervals พร้อมแรงดันตก แต่ไม่ใช่การเปลี่ยนแปลงฉับพลันใน 1-2 วัน (น่าจะเป็นรั่วที่ดำเนินมาระยะหนึ่งแล้วและขยายจนคงที่) — ควรตรวจสอบโดยเร็วแต่ไม่ใช่เหตุฉุกเฉินแบบท่อแตกใหม่,19:30,21:30,130.0,104.375,6.004,116.382,110.379,1.789,เพิ่มขึ้นต่อเนื่อง (มีนัยสำคัญ),True,24.014,True,False,False,True,13,True,False,24.333,584.0,14,1e-05,0.00154,ใกล้ RTU สัมพัทธ์ (< 2 กม. โดยประมาณ),584.0,RESIDENTIAL,PVC,2026-08-13 08:45:24
